[0m18:21:33.060139 [debug] [MainThread]: Sending event: {'category': 'dbt', 'action': 'invocation', 'label': 'start', 'context': [<snowplow_tracker.self_describing_json.SelfDescribingJson object at 0x000001A4677ABC10>, <snowplow_tracker.self_describing_json.SelfDescribingJson object at 0x000001A46AD17450>, <snowplow_tracker.self_describing_json.SelfDescribingJson object at 0x000001A46C086C10>]}


============================== 18:21:33.065199 | 3c90da3d-3ea3-4fb9-85b9-81f30987001d ==============================
[0m18:21:33.065199 [info ] [MainThread]: Running with dbt=1.11.7
[0m18:21:33.065658 [debug] [MainThread]: running dbt with arguments {'version_check': 'True', 'no_print': 'None', 'static_parser': 'True', 'warn_error_options': 'WarnErrorOptionsV2(error=[], warn=[], silence=[])', 'target_path': 'None', 'printer_width': '80', 'write_json': 'True', 'empty': 'None', 'log_cache_events': 'False', 'introspect': 'True', 'cache_selected_only': 'False', 'fail_fast': 'False', 'debug': 'False', 'log_format': 'default', 'profiles_dir': 'C:\\Users\\HP\\.dbt', 'send_anonymous_usage_stats': 'True', 'quiet': 'False', 'warn_error': 'None', 'partial_parse': 'True', 'indirect_selection': 'eager', 'use_colors': 'True', 'invocation_command': 'dbt init dbt_project', 'use_experimental_parser': 'False', 'log_path': 'logs'}
[0m18:21:33.080296 [info ] [MainThread]: Creating dbt configuration folder at C:\Users\HP\.dbt
[0m18:21:33.082296 [debug] [MainThread]: Starter project path: C:\Users\HP\OneDrive\Desktop\Capstone\food_del_pipeline\venv\Lib\site-packages\dbt\include\starter_project
[0m18:21:33.138098 [info ] [MainThread]: 
Your new dbt project "dbt_project" was created!

For more information on how to configure the profiles.yml file,
please consult the dbt documentation here:

  https://docs.getdbt.com/docs/configure-your-profile

One more thing:

Need help? Don't hesitate to reach out to us via GitHub issues or on Slack:

  https://community.getdbt.com/

Happy modeling!

[0m18:21:33.138098 [info ] [MainThread]: Setting up your profile.
[0m18:21:40.429332 [info ] [MainThread]: Profile dbt_project written to C:\Users\HP\.dbt\profiles.yml using target's sample configuration. Once updated, you'll be able to start developing with dbt.
[0m18:21:40.430832 [debug] [MainThread]: Command `dbt init` succeeded at 18:21:40.430832 after 7.44 seconds
[0m18:21:40.430832 [debug] [MainThread]: Sending event: {'category': 'dbt', 'action': 'invocation', 'label': 'end', 'context': [<snowplow_tracker.self_describing_json.SelfDescribingJson object at 0x000001A464255690>, <snowplow_tracker.self_describing_json.SelfDescribingJson object at 0x000001A464255A10>, <snowplow_tracker.self_describing_json.SelfDescribingJson object at 0x000001A46C1A8290>]}
[0m18:21:40.430832 [debug] [MainThread]: Flushing usage events
[0m18:21:42.359189 [debug] [MainThread]: An error was encountered while trying to flush usage events
[0m18:22:21.899481 [debug] [MainThread]: Sending event: {'category': 'dbt', 'action': 'invocation', 'label': 'start', 'context': [<snowplow_tracker.self_describing_json.SelfDescribingJson object at 0x000002369C5F0A10>, <snowplow_tracker.self_describing_json.SelfDescribingJson object at 0x000002369D887110>, <snowplow_tracker.self_describing_json.SelfDescribingJson object at 0x000002369D887810>]}


============================== 18:22:21.901920 | 35fc970b-e766-424e-87d3-a8de33c22203 ==============================
[0m18:22:21.901920 [info ] [MainThread]: Running with dbt=1.11.7
[0m18:22:21.902915 [debug] [MainThread]: running dbt with arguments {'static_parser': 'True', 'no_print': 'None', 'version_check': 'True', 'warn_error_options': 'WarnErrorOptionsV2(error=[], warn=[], silence=[])', 'target_path': 'None', 'printer_width': '80', 'write_json': 'True', 'introspect': 'True', 'log_cache_events': 'False', 'empty': 'None', 'cache_selected_only': 'False', 'fail_fast': 'False', 'debug': 'False', 'log_format': 'default', 'partial_parse': 'True', 'send_anonymous_usage_stats': 'True', 'quiet': 'False', 'warn_error': 'None', 'profiles_dir': 'C:\\Users\\HP\\.dbt', 'indirect_selection': 'eager', 'use_colors': 'True', 'invocation_command': 'dbt debug', 'use_experimental_parser': 'False', 'log_path': 'logs'}
[0m18:22:21.915362 [info ] [MainThread]: dbt version: 1.11.7
[0m18:22:21.915362 [info ] [MainThread]: python version: 3.11.9
[0m18:22:21.916361 [info ] [MainThread]: python path: C:\Users\HP\OneDrive\Desktop\Capstone\food_del_pipeline\venv\Scripts\python.exe
[0m18:22:21.917361 [info ] [MainThread]: os info: Windows-10-10.0.26100-SP0
[0m18:22:21.996203 [info ] [MainThread]: Using profiles dir at C:\Users\HP\.dbt
[0m18:22:21.996203 [info ] [MainThread]: Using profiles.yml file at C:\Users\HP\.dbt\profiles.yml
[0m18:22:21.997225 [info ] [MainThread]: Using dbt_project.yml file at C:\Users\HP\OneDrive\Desktop\Capstone\food_del_pipeline\dbt_project.yml
[0m18:22:21.999219 [info ] [MainThread]: adapter type: duckdb
[0m18:22:21.999219 [info ] [MainThread]: adapter version: 1.10.1
[0m18:22:22.000218 [info ] [MainThread]: Configuration:
[0m18:22:22.000218 [info ] [MainThread]:   profiles.yml file [[32mOK found and valid[0m]
[0m18:22:22.001378 [info ] [MainThread]:   dbt_project.yml file [[31mERROR not found[0m]
[0m18:22:22.001378 [info ] [MainThread]: Required dependencies:
[0m18:22:22.002382 [debug] [MainThread]: Executing "git --help"
[0m18:22:22.034382 [debug] [MainThread]: STDOUT: "b"usage: git [-v | --version] [-h | --help] [-C <path>] [-c <name>=<value>]\n           [--exec-path[=<path>]] [--html-path] [--man-path] [--info-path]\n           [-p | --paginate | -P | --no-pager] [--no-replace-objects] [--no-lazy-fetch]\n           [--no-optional-locks] [--no-advice] [--bare] [--git-dir=<path>]\n           [--work-tree=<path>] [--namespace=<name>] [--config-env=<name>=<envvar>]\n           <command> [<args>]\n\nThese are common Git commands used in various situations:\n\nstart a working area (see also: git help tutorial)\n   clone      Clone a repository into a new directory\n   init       Create an empty Git repository or reinitialize an existing one\n\nwork on the current change (see also: git help everyday)\n   add        Add file contents to the index\n   mv         Move or rename a file, a directory, or a symlink\n   restore    Restore working tree files\n   rm         Remove files from the working tree and from the index\n\nexamine the history and state (see also: git help revisions)\n   bisect     Use binary search to find the commit that introduced a bug\n   diff       Show changes between commits, commit and working tree, etc\n   grep       Print lines matching a pattern\n   log        Show commit logs\n   show       Show various types of objects\n   status     Show the working tree status\n\ngrow, mark and tweak your common history\n   backfill   Download missing objects in a partial clone\n   branch     List, create, or delete branches\n   commit     Record changes to the repository\n   merge      Join two or more development histories together\n   rebase     Reapply commits on top of another base tip\n   reset      Set `HEAD` or the index to a known state\n   switch     Switch branches\n   tag        Create, list, delete or verify tags\n\ncollaborate (see also: git help workflows)\n   fetch      Download objects and refs from another repository\n   pull       Fetch from and integrate with another repository or a local branch\n   push       Update remote refs along with associated objects\n\n'git help -a' and 'git help -g' list available subcommands and some\nconcept guides. See 'git help <command>' or 'git help <concept>'\nto read about a specific subcommand or concept.\nSee 'git help git' for an overview of the system.\n""
[0m18:22:22.035383 [debug] [MainThread]: STDERR: "b''"
[0m18:22:22.035383 [info ] [MainThread]:  - git [[32mOK found[0m]

[0m18:22:22.036401 [info ] [MainThread]: Connection:
[0m18:22:22.036401 [info ] [MainThread]:   database: dev
[0m18:22:22.037588 [info ] [MainThread]:   schema: main
[0m18:22:22.037588 [info ] [MainThread]:   path: dev.duckdb
[0m18:22:22.038597 [info ] [MainThread]:   config_options: None
[0m18:22:22.038597 [info ] [MainThread]:   extensions: None
[0m18:22:22.038597 [info ] [MainThread]:   settings: {}
[0m18:22:22.039597 [info ] [MainThread]:   external_root: .
[0m18:22:22.039597 [info ] [MainThread]:   use_credential_provider: None
[0m18:22:22.040596 [info ] [MainThread]:   attach: None
[0m18:22:22.040596 [info ] [MainThread]:   filesystems: None
[0m18:22:22.041596 [info ] [MainThread]:   remote: None
[0m18:22:22.041596 [info ] [MainThread]:   plugins: None
[0m18:22:22.042597 [info ] [MainThread]:   disable_transactions: False
[0m18:22:22.042597 [info ] [MainThread]: Registered adapter: duckdb=1.10.1
[0m18:22:22.185099 [debug] [MainThread]: Acquiring new duckdb connection 'debug'
[0m18:22:26.237635 [debug] [MainThread]: Using duckdb connection "debug"
[0m18:22:26.237635 [debug] [MainThread]: On debug: select 1 as id
[0m18:22:26.237635 [debug] [MainThread]: Opening a new connection, currently in state init
[0m18:22:26.314045 [debug] [MainThread]: SQL status: OK in 0.075 seconds
[0m18:22:26.316046 [debug] [MainThread]: On debug: Close
[0m18:22:26.317046 [info ] [MainThread]:   Connection test: [[32mOK connection ok[0m]

[0m18:22:26.318045 [info ] [MainThread]: [31m1 check failed:[0m
[0m18:22:26.319109 [info ] [MainThread]: Project loading failed for the following reason:
 project path <C:\Users\HP\OneDrive\Desktop\Capstone\food_del_pipeline\dbt_project.yml> not found

[0m18:22:26.321043 [debug] [MainThread]: Command `dbt debug` failed at 18:22:26.321043 after 4.50 seconds
[0m18:22:26.321043 [debug] [MainThread]: Connection 'debug' was properly closed.
[0m18:22:26.321043 [debug] [MainThread]: Sending event: {'category': 'dbt', 'action': 'invocation', 'label': 'end', 'context': [<snowplow_tracker.self_describing_json.SelfDescribingJson object at 0x000002369D957890>, <snowplow_tracker.self_describing_json.SelfDescribingJson object at 0x0000023695A65AD0>, <snowplow_tracker.self_describing_json.SelfDescribingJson object at 0x000002369D95D510>]}
[0m18:22:26.322042 [debug] [MainThread]: Flushing usage events
[0m18:22:27.851235 [debug] [MainThread]: An error was encountered while trying to flush usage events
[0m18:36:17.427616 [debug] [MainThread]: Sending event: {'category': 'dbt', 'action': 'invocation', 'label': 'start', 'context': [<snowplow_tracker.self_describing_json.SelfDescribingJson object at 0x000001CC46ADAE50>, <snowplow_tracker.self_describing_json.SelfDescribingJson object at 0x000001CC4A150610>, <snowplow_tracker.self_describing_json.SelfDescribingJson object at 0x000001CC4A3ABB90>]}


============================== 18:36:17.431632 | efa7d9c0-9894-4f2f-bbf7-350ba15ebed6 ==============================
[0m18:36:17.431632 [info ] [MainThread]: Running with dbt=1.11.7
[0m18:36:17.431632 [debug] [MainThread]: running dbt with arguments {'static_parser': 'True', 'no_print': 'None', 'version_check': 'True', 'warn_error_options': 'WarnErrorOptionsV2(error=[], warn=[], silence=[])', 'target_path': 'None', 'printer_width': '80', 'write_json': 'True', 'empty': 'False', 'log_cache_events': 'False', 'introspect': 'True', 'cache_selected_only': 'False', 'fail_fast': 'False', 'debug': 'False', 'log_format': 'default', 'partial_parse': 'True', 'send_anonymous_usage_stats': 'True', 'quiet': 'False', 'warn_error': 'None', 'profiles_dir': 'C:\\Users\\HP\\.dbt', 'use_colors': 'True', 'invocation_command': 'dbt run', 'indirect_selection': 'eager', 'use_experimental_parser': 'False', 'log_path': 'logs'}
[0m18:36:17.432621 [error] [MainThread]: Encountered an error:
Runtime Error
  No dbt_project.yml found at expected path C:\Users\HP\OneDrive\Desktop\Capstone\food_del_pipeline\dbt_project.yml
  Verify that each entry within packages.yml (and their transitive dependencies) contains a file named dbt_project.yml
  
[0m18:36:17.432621 [debug] [MainThread]: Command `dbt run` failed at 18:36:17.432621 after 0.10 seconds
[0m18:36:17.433649 [debug] [MainThread]: Sending event: {'category': 'dbt', 'action': 'invocation', 'label': 'end', 'context': [<snowplow_tracker.self_describing_json.SelfDescribingJson object at 0x000001CC4A150890>, <snowplow_tracker.self_describing_json.SelfDescribingJson object at 0x000001CC4A14A790>, <snowplow_tracker.self_describing_json.SelfDescribingJson object at 0x000001CC4A3AA450>]}
[0m18:36:17.433649 [debug] [MainThread]: Flushing usage events
[0m18:36:18.887784 [debug] [MainThread]: An error was encountered while trying to flush usage events
[0m11:42:03.621769 [debug] [MainThread]: Sending event: {'category': 'dbt', 'action': 'invocation', 'label': 'start', 'context': [<snowplow_tracker.self_describing_json.SelfDescribingJson object at 0x0000022B66D39D90>, <snowplow_tracker.self_describing_json.SelfDescribingJson object at 0x0000022B66D39E10>, <snowplow_tracker.self_describing_json.SelfDescribingJson object at 0x0000022B6247B050>]}


============================== 11:42:03.627774 | aaec25d3-2be9-45a3-a406-325a2e7a8e46 ==============================
[0m11:42:03.627774 [info ] [MainThread]: Running with dbt=1.11.7
[0m11:42:03.629769 [debug] [MainThread]: running dbt with arguments {'static_parser': 'True', 'no_print': 'None', 'version_check': 'True', 'warn_error_options': 'WarnErrorOptionsV2(error=[], warn=[], silence=[])', 'target_path': 'None', 'printer_width': '80', 'write_json': 'True', 'empty': 'False', 'log_cache_events': 'False', 'introspect': 'True', 'cache_selected_only': 'False', 'fail_fast': 'False', 'debug': 'False', 'log_format': 'default', 'partial_parse': 'True', 'send_anonymous_usage_stats': 'True', 'quiet': 'False', 'warn_error': 'None', 'profiles_dir': 'C:\\Users\\HP\\.dbt', 'invocation_command': 'dbt run --select stg_orders', 'indirect_selection': 'eager', 'use_colors': 'True', 'use_experimental_parser': 'False', 'log_path': 'logs'}
[0m11:42:03.629769 [error] [MainThread]: Encountered an error:
Runtime Error
  No dbt_project.yml found at expected path C:\Users\HP\OneDrive\Desktop\Capstone\food_del_pipeline\dbt_project.yml
  Verify that each entry within packages.yml (and their transitive dependencies) contains a file named dbt_project.yml
  
[0m11:42:03.630771 [debug] [MainThread]: Command `dbt run` failed at 11:42:03.630771 after 0.12 seconds
[0m11:42:03.631769 [debug] [MainThread]: Sending event: {'category': 'dbt', 'action': 'invocation', 'label': 'end', 'context': [<snowplow_tracker.self_describing_json.SelfDescribingJson object at 0x0000022B66D67ED0>, <snowplow_tracker.self_describing_json.SelfDescribingJson object at 0x0000022B5F005950>, <snowplow_tracker.self_describing_json.SelfDescribingJson object at 0x0000022B65D2A750>]}
[0m11:42:03.631769 [debug] [MainThread]: Flushing usage events
[0m11:42:05.585318 [debug] [MainThread]: An error was encountered while trying to flush usage events
[0m12:58:13.905438 [debug] [MainThread]: Sending event: {'category': 'dbt', 'action': 'invocation', 'label': 'start', 'context': [<snowplow_tracker.self_describing_json.SelfDescribingJson object at 0x0000013B92F5DE50>, <snowplow_tracker.self_describing_json.SelfDescribingJson object at 0x0000013B9A79D9D0>, <snowplow_tracker.self_describing_json.SelfDescribingJson object at 0x0000013B9A7D7590>]}


============================== 12:58:13.916990 | 7933f502-9b1d-4c28-9b13-a3ed7fa72ffd ==============================
[0m12:58:13.916990 [info ] [MainThread]: Running with dbt=1.11.7
[0m12:58:13.917512 [debug] [MainThread]: running dbt with arguments {'version_check': 'True', 'no_print': 'None', 'static_parser': 'True', 'warn_error_options': 'WarnErrorOptionsV2(error=[], warn=[], silence=[])', 'target_path': 'None', 'printer_width': '80', 'write_json': 'True', 'introspect': 'True', 'log_cache_events': 'False', 'empty': 'False', 'cache_selected_only': 'False', 'fail_fast': 'False', 'debug': 'False', 'log_format': 'default', 'profiles_dir': 'C:\\Users\\HP\\.dbt', 'send_anonymous_usage_stats': 'True', 'quiet': 'False', 'warn_error': 'None', 'partial_parse': 'True', 'indirect_selection': 'eager', 'invocation_command': 'dbt run', 'use_colors': 'True', 'use_experimental_parser': 'False', 'log_path': 'logs'}
[0m12:58:13.919534 [error] [MainThread]: Encountered an error:
Runtime Error
  No dbt_project.yml found at expected path C:\DE_projects\food_del_pipeline\dbt_project.yml
  Verify that each entry within packages.yml (and their transitive dependencies) contains a file named dbt_project.yml
  
[0m12:58:13.920526 [debug] [MainThread]: Command `dbt run` failed at 12:58:13.920526 after 0.09 seconds
[0m12:58:13.921545 [debug] [MainThread]: Sending event: {'category': 'dbt', 'action': 'invocation', 'label': 'end', 'context': [<snowplow_tracker.self_describing_json.SelfDescribingJson object at 0x0000013B9979CF90>, <snowplow_tracker.self_describing_json.SelfDescribingJson object at 0x0000013B9979FF50>, <snowplow_tracker.self_describing_json.SelfDescribingJson object at 0x0000013B9979FE10>]}
[0m12:58:13.921545 [debug] [MainThread]: Flushing usage events
[0m12:58:15.631948 [debug] [MainThread]: An error was encountered while trying to flush usage events
[0m12:59:16.036316 [debug] [MainThread]: Sending event: {'category': 'dbt', 'action': 'invocation', 'label': 'start', 'context': [<snowplow_tracker.self_describing_json.SelfDescribingJson object at 0x000001B76BE50390>, <snowplow_tracker.self_describing_json.SelfDescribingJson object at 0x000001B76F6CCC90>, <snowplow_tracker.self_describing_json.SelfDescribingJson object at 0x000001B76F6CDDD0>]}


============================== 12:59:16.040312 | ec9fb4ea-5505-4d5a-b24c-b99f174d36ea ==============================
[0m12:59:16.040312 [info ] [MainThread]: Running with dbt=1.11.7
[0m12:59:16.041312 [debug] [MainThread]: running dbt with arguments {'static_parser': 'True', 'no_print': 'None', 'version_check': 'True', 'warn_error_options': 'WarnErrorOptionsV2(error=[], warn=[], silence=[])', 'target_path': 'None', 'printer_width': '80', 'write_json': 'True', 'empty': 'False', 'log_cache_events': 'False', 'introspect': 'True', 'cache_selected_only': 'False', 'log_format': 'default', 'debug': 'False', 'fail_fast': 'False', 'partial_parse': 'True', 'send_anonymous_usage_stats': 'True', 'quiet': 'False', 'warn_error': 'None', 'profiles_dir': 'C:\\Users\\HP\\.dbt', 'indirect_selection': 'eager', 'use_colors': 'True', 'invocation_command': 'dbt run', 'use_experimental_parser': 'False', 'log_path': 'logs'}
[0m12:59:16.041312 [error] [MainThread]: Encountered an error:
Runtime Error
  No dbt_project.yml found at expected path C:\DE_projects\food_del_pipeline\dbt_project.yml
  Verify that each entry within packages.yml (and their transitive dependencies) contains a file named dbt_project.yml
  
[0m12:59:16.042311 [debug] [MainThread]: Command `dbt run` failed at 12:59:16.042311 after 0.08 seconds
[0m12:59:16.043312 [debug] [MainThread]: Sending event: {'category': 'dbt', 'action': 'invocation', 'label': 'end', 'context': [<snowplow_tracker.self_describing_json.SelfDescribingJson object at 0x000001B76F6CF950>, <snowplow_tracker.self_describing_json.SelfDescribingJson object at 0x000001B76F6CD290>, <snowplow_tracker.self_describing_json.SelfDescribingJson object at 0x000001B76F6CFC10>]}
[0m12:59:16.043312 [debug] [MainThread]: Flushing usage events
[0m12:59:17.993915 [debug] [MainThread]: An error was encountered while trying to flush usage events
[0m13:03:58.159918 [debug] [MainThread]: Sending event: {'category': 'dbt', 'action': 'invocation', 'label': 'start', 'context': [<snowplow_tracker.self_describing_json.SelfDescribingJson object at 0x000001F3049AF1D0>, <snowplow_tracker.self_describing_json.SelfDescribingJson object at 0x000001F3059E6D90>, <snowplow_tracker.self_describing_json.SelfDescribingJson object at 0x000001F3049AEDD0>]}


============================== 13:03:58.163487 | 8a1a2801-c869-40b3-b00f-2206fe68a15e ==============================
[0m13:03:58.163487 [info ] [MainThread]: Running with dbt=1.11.7
[0m13:03:58.163487 [debug] [MainThread]: running dbt with arguments {'static_parser': 'True', 'no_print': 'None', 'version_check': 'True', 'target_path': 'None', 'warn_error_options': 'WarnErrorOptionsV2(error=[], warn=[], silence=[])', 'printer_width': '80', 'write_json': 'True', 'empty': 'False', 'log_cache_events': 'False', 'introspect': 'True', 'cache_selected_only': 'False', 'log_format': 'default', 'debug': 'False', 'fail_fast': 'False', 'partial_parse': 'True', 'send_anonymous_usage_stats': 'True', 'quiet': 'False', 'warn_error': 'None', 'profiles_dir': 'C:\\Users\\HP\\.dbt', 'use_colors': 'True', 'indirect_selection': 'eager', 'invocation_command': 'dbt run', 'use_experimental_parser': 'False', 'log_path': 'C:\\DE_projects\\food_del_pipeline\\logs'}
[0m13:03:58.360987 [debug] [MainThread]: Sending event: {'category': 'dbt', 'action': 'project_id', 'label': '8a1a2801-c869-40b3-b00f-2206fe68a15e', 'context': [<snowplow_tracker.self_describing_json.SelfDescribingJson object at 0x000001F305C47E90>]}
[0m13:03:58.411299 [debug] [MainThread]: Sending event: {'category': 'dbt', 'action': 'adapter_info', 'label': '8a1a2801-c869-40b3-b00f-2206fe68a15e', 'context': [<snowplow_tracker.self_describing_json.SelfDescribingJson object at 0x000001F30118EE10>]}
[0m13:03:58.413269 [info ] [MainThread]: Registered adapter: duckdb=1.10.1
[0m13:03:58.582367 [debug] [MainThread]: checksum: b80718358155fc17c3559352095564dd56ada1cc1a1c0ef2e62c857e71583775, vars: {}, profile: , target: , version: 1.11.7
[0m13:03:58.583408 [info ] [MainThread]: Unable to do partial parsing because saved manifest not found. Starting full parse.
[0m13:03:58.584370 [debug] [MainThread]: Sending event: {'category': 'dbt', 'action': 'partial_parser', 'label': '8a1a2801-c869-40b3-b00f-2206fe68a15e', 'context': [<snowplow_tracker.self_describing_json.SelfDescribingJson object at 0x000001F305E16B50>]}
[0m13:03:59.528934 [debug] [MainThread]: Sending event: {'category': 'dbt', 'action': 'load_project', 'label': '8a1a2801-c869-40b3-b00f-2206fe68a15e', 'context': [<snowplow_tracker.self_describing_json.SelfDescribingJson object at 0x000001F30601BE50>]}
[0m13:03:59.578827 [debug] [MainThread]: Wrote artifact WritableManifest to C:\DE_projects\food_del_pipeline\target\manifest.json
[0m13:03:59.587258 [debug] [MainThread]: Wrote artifact SemanticManifest to C:\DE_projects\food_del_pipeline\target\semantic_manifest.json
[0m13:03:59.610296 [debug] [MainThread]: Sending event: {'category': 'dbt', 'action': 'resource_counts', 'label': '8a1a2801-c869-40b3-b00f-2206fe68a15e', 'context': [<snowplow_tracker.self_describing_json.SelfDescribingJson object at 0x000001F306348E50>]}
[0m13:03:59.611532 [info ] [MainThread]: Found 2 models, 3 sources, 474 macros
[0m13:03:59.611532 [debug] [MainThread]: Sending event: {'category': 'dbt', 'action': 'runnable_timing', 'label': '8a1a2801-c869-40b3-b00f-2206fe68a15e', 'context': [<snowplow_tracker.self_describing_json.SelfDescribingJson object at 0x000001F306035ED0>]}
[0m13:03:59.613540 [info ] [MainThread]: 
[0m13:03:59.614538 [info ] [MainThread]: Concurrency: 1 threads (target='dev')
[0m13:03:59.615539 [info ] [MainThread]: 
[0m13:03:59.616567 [debug] [MainThread]: Acquiring new duckdb connection 'master'
[0m13:03:59.620539 [debug] [ThreadPool]: Acquiring new duckdb connection 'list_dev'
[0m13:03:59.674539 [debug] [ThreadPool]: Using duckdb connection "list_dev"
[0m13:03:59.674539 [debug] [ThreadPool]: On list_dev: /* {"app": "dbt", "dbt_version": "1.11.7", "profile_name": "dbt_project", "target_name": "dev", "connection_name": "list_dev"} */

    
    select schema_name
    from system.information_schema.schemata
    
    where lower(catalog_name) = '"dev"'
    
  
  
[0m13:03:59.675574 [debug] [ThreadPool]: Opening a new connection, currently in state init
[0m13:03:59.692237 [debug] [ThreadPool]: SQL status: OK in 0.017 seconds
[0m13:03:59.694238 [debug] [ThreadPool]: On list_dev: Close
[0m13:03:59.694238 [debug] [ThreadPool]: Re-using an available connection from the pool (formerly list_dev, now create_dev_main)
[0m13:03:59.695238 [debug] [ThreadPool]: Creating schema "database: "dev"
schema: "main"
"
[0m13:03:59.700237 [debug] [ThreadPool]: Using duckdb connection "create_dev_main"
[0m13:03:59.701238 [debug] [ThreadPool]: On create_dev_main: /* {"app": "dbt", "dbt_version": "1.11.7", "profile_name": "dbt_project", "target_name": "dev", "connection_name": "create_dev_main"} */

    
        select type from duckdb_databases()
        where lower(database_name)='dev'
        and type='sqlite'
    
  
[0m13:03:59.701238 [debug] [ThreadPool]: Opening a new connection, currently in state closed
[0m13:03:59.702239 [debug] [ThreadPool]: SQL status: OK in 0.001 seconds
[0m13:03:59.703239 [debug] [ThreadPool]: Using duckdb connection "create_dev_main"
[0m13:03:59.703239 [debug] [ThreadPool]: On create_dev_main: BEGIN
[0m13:03:59.704239 [debug] [ThreadPool]: SQL status: OK in 0.000 seconds
[0m13:03:59.704239 [debug] [ThreadPool]: Using duckdb connection "create_dev_main"
[0m13:03:59.704239 [debug] [ThreadPool]: On create_dev_main: /* {"app": "dbt", "dbt_version": "1.11.7", "profile_name": "dbt_project", "target_name": "dev", "connection_name": "create_dev_main"} */

    
    
        create schema if not exists "dev"."main"
    
[0m13:03:59.705238 [debug] [ThreadPool]: SQL status: OK in 0.000 seconds
[0m13:03:59.706265 [debug] [ThreadPool]: On create_dev_main: COMMIT
[0m13:03:59.706265 [debug] [ThreadPool]: Using duckdb connection "create_dev_main"
[0m13:03:59.706265 [debug] [ThreadPool]: On create_dev_main: COMMIT
[0m13:03:59.707250 [debug] [ThreadPool]: SQL status: OK in 0.000 seconds
[0m13:03:59.707250 [debug] [ThreadPool]: On create_dev_main: Close
[0m13:03:59.708324 [debug] [ThreadPool]: Acquiring new duckdb connection 'list_dev_main'
[0m13:03:59.712331 [debug] [ThreadPool]: Using duckdb connection "list_dev_main"
[0m13:03:59.713332 [debug] [ThreadPool]: On list_dev_main: BEGIN
[0m13:03:59.713332 [debug] [ThreadPool]: Opening a new connection, currently in state init
[0m13:03:59.713332 [debug] [ThreadPool]: SQL status: OK in 0.000 seconds
[0m13:03:59.714331 [debug] [ThreadPool]: Using duckdb connection "list_dev_main"
[0m13:03:59.714331 [debug] [ThreadPool]: On list_dev_main: /* {"app": "dbt", "dbt_version": "1.11.7", "profile_name": "dbt_project", "target_name": "dev", "connection_name": "list_dev_main"} */
select
      'dev' as database,
      table_name as name,
      table_schema as schema,
      CASE table_type
        WHEN 'BASE TABLE' THEN 'table'
        WHEN 'VIEW' THEN 'view'
        WHEN 'LOCAL TEMPORARY' THEN 'table'
        END as type
    from system.information_schema.tables
    where lower(table_schema) = 'main'
    and lower(table_catalog) = 'dev'
  
[0m13:03:59.717330 [debug] [ThreadPool]: SQL status: OK in 0.002 seconds
[0m13:03:59.718332 [debug] [ThreadPool]: On list_dev_main: ROLLBACK
[0m13:03:59.718332 [debug] [ThreadPool]: Failed to rollback 'list_dev_main'
[0m13:03:59.719332 [debug] [ThreadPool]: On list_dev_main: Close
[0m13:03:59.720330 [debug] [MainThread]: Sending event: {'category': 'dbt', 'action': 'runnable_timing', 'label': '8a1a2801-c869-40b3-b00f-2206fe68a15e', 'context': [<snowplow_tracker.self_describing_json.SelfDescribingJson object at 0x000001F30606D110>]}
[0m13:03:59.720330 [debug] [MainThread]: Using duckdb connection "master"
[0m13:03:59.720330 [debug] [MainThread]: On master: BEGIN
[0m13:03:59.721331 [debug] [MainThread]: Opening a new connection, currently in state init
[0m13:03:59.721331 [debug] [MainThread]: SQL status: OK in 0.000 seconds
[0m13:03:59.721331 [debug] [MainThread]: On master: COMMIT
[0m13:03:59.722332 [debug] [MainThread]: Using duckdb connection "master"
[0m13:03:59.722332 [debug] [MainThread]: On master: COMMIT
[0m13:03:59.722332 [debug] [MainThread]: SQL status: OK in 0.000 seconds
[0m13:03:59.723331 [debug] [MainThread]: On master: Close
[0m13:03:59.725330 [debug] [Thread-1 (]: Began running node model.dbt_project.stg_orders
[0m13:03:59.726331 [info ] [Thread-1 (]: 1 of 2 START sql view model main.stg_orders .................................... [RUN]
[0m13:03:59.727341 [debug] [Thread-1 (]: Acquiring new duckdb connection 'model.dbt_project.stg_orders'
[0m13:03:59.727341 [debug] [Thread-1 (]: Began compiling node model.dbt_project.stg_orders
[0m13:03:59.731970 [debug] [Thread-1 (]: Writing injected SQL for node "model.dbt_project.stg_orders"
[0m13:03:59.733868 [debug] [Thread-1 (]: Began executing node model.dbt_project.stg_orders
[0m13:03:59.758882 [debug] [Thread-1 (]: Writing runtime sql for node "model.dbt_project.stg_orders"
[0m13:03:59.761188 [debug] [Thread-1 (]: Using duckdb connection "model.dbt_project.stg_orders"
[0m13:03:59.761188 [debug] [Thread-1 (]: On model.dbt_project.stg_orders: BEGIN
[0m13:03:59.762202 [debug] [Thread-1 (]: Opening a new connection, currently in state init
[0m13:03:59.762202 [debug] [Thread-1 (]: SQL status: OK in 0.001 seconds
[0m13:03:59.762202 [debug] [Thread-1 (]: Using duckdb connection "model.dbt_project.stg_orders"
[0m13:03:59.763683 [debug] [Thread-1 (]: On model.dbt_project.stg_orders: /* {"app": "dbt", "dbt_version": "1.11.7", "profile_name": "dbt_project", "target_name": "dev", "node_id": "model.dbt_project.stg_orders"} */

  
  create view "dev"."main"."stg_orders__dbt_tmp" as (
    select *
from read_parquet('../data/bronze/orders.parquet')
  );

[0m13:03:59.764691 [debug] [Thread-1 (]: DuckDB adapter: duckdb error: IO Error: No files found that match the pattern "../data/bronze/orders.parquet"

LINE 6: from read_parquet('../data/bronze/orders.parquet')
             ^
[0m13:03:59.765690 [debug] [Thread-1 (]: DuckDB adapter: Error running SQL: /* {"app": "dbt", "dbt_version": "1.11.7", "profile_name": "dbt_project", "target_name": "dev", "node_id": "model.dbt_project.stg_orders"} */

  
  create view "dev"."main"."stg_orders__dbt_tmp" as (
    select *
from read_parquet('../data/bronze/orders.parquet')
  );

[0m13:03:59.765690 [debug] [Thread-1 (]: DuckDB adapter: Rolling back transaction.
[0m13:03:59.765690 [debug] [Thread-1 (]: On model.dbt_project.stg_orders: ROLLBACK
[0m13:03:59.767690 [debug] [Thread-1 (]: Failed to rollback 'model.dbt_project.stg_orders'
[0m13:03:59.767690 [debug] [Thread-1 (]: On model.dbt_project.stg_orders: Close
[0m13:03:59.812915 [debug] [Thread-1 (]: Runtime Error in model stg_orders (dbt_project/models\staging\stg_orders.sql)
  IO Error: No files found that match the pattern "../data/bronze/orders.parquet"
  
  LINE 6: from read_parquet('../data/bronze/orders.parquet')
               ^
[0m13:03:59.815344 [debug] [Thread-1 (]: Sending event: {'category': 'dbt', 'action': 'run_model', 'label': '8a1a2801-c869-40b3-b00f-2206fe68a15e', 'context': [<snowplow_tracker.self_describing_json.SelfDescribingJson object at 0x000001F30632D710>]}
[0m13:03:59.816399 [error] [Thread-1 (]: 1 of 2 ERROR creating sql view model main.stg_orders ........................... [[31mERROR[0m in 0.09s]
[0m13:03:59.817476 [debug] [Thread-1 (]: Finished running node model.dbt_project.stg_orders
[0m13:03:59.818578 [debug] [Thread-1 (]: Began running node model.dbt_project.test_bronze_orders
[0m13:03:59.818578 [debug] [Thread-4 (]: Marking all children of 'model.dbt_project.stg_orders' to be skipped because of status 'error'.  Reason: Runtime Error in model stg_orders (dbt_project/models\staging\stg_orders.sql)
  IO Error: No files found that match the pattern "../data/bronze/orders.parquet"
  
  LINE 6: from read_parquet('../data/bronze/orders.parquet')
               ^.
[0m13:03:59.819524 [info ] [Thread-1 (]: 2 of 2 START sql view model main.test_bronze_orders ............................ [RUN]
[0m13:03:59.820484 [debug] [Thread-1 (]: Re-using an available connection from the pool (formerly model.dbt_project.stg_orders, now model.dbt_project.test_bronze_orders)
[0m13:03:59.821582 [debug] [Thread-1 (]: Began compiling node model.dbt_project.test_bronze_orders
[0m13:03:59.823585 [debug] [Thread-1 (]: Writing injected SQL for node "model.dbt_project.test_bronze_orders"
[0m13:03:59.824832 [debug] [Thread-1 (]: Began executing node model.dbt_project.test_bronze_orders
[0m13:03:59.826944 [debug] [Thread-1 (]: Writing runtime sql for node "model.dbt_project.test_bronze_orders"
[0m13:03:59.827838 [debug] [Thread-1 (]: Using duckdb connection "model.dbt_project.test_bronze_orders"
[0m13:03:59.828854 [debug] [Thread-1 (]: On model.dbt_project.test_bronze_orders: BEGIN
[0m13:03:59.828854 [debug] [Thread-1 (]: Opening a new connection, currently in state closed
[0m13:03:59.828854 [debug] [Thread-1 (]: SQL status: OK in 0.001 seconds
[0m13:03:59.830050 [debug] [Thread-1 (]: Using duckdb connection "model.dbt_project.test_bronze_orders"
[0m13:03:59.830050 [debug] [Thread-1 (]: On model.dbt_project.test_bronze_orders: /* {"app": "dbt", "dbt_version": "1.11.7", "profile_name": "dbt_project", "target_name": "dev", "node_id": "model.dbt_project.test_bronze_orders"} */

  
  create view "dev"."main"."test_bronze_orders__dbt_tmp" as (
    select *
from read_parquet('../data/bronze/orders.parquet')
limit 5
  );

[0m13:03:59.831441 [debug] [Thread-1 (]: DuckDB adapter: duckdb error: IO Error: No files found that match the pattern "../data/bronze/orders.parquet"

LINE 6: from read_parquet('../data/bronze/orders.parquet')
             ^
[0m13:03:59.831441 [debug] [Thread-1 (]: DuckDB adapter: Error running SQL: /* {"app": "dbt", "dbt_version": "1.11.7", "profile_name": "dbt_project", "target_name": "dev", "node_id": "model.dbt_project.test_bronze_orders"} */

  
  create view "dev"."main"."test_bronze_orders__dbt_tmp" as (
    select *
from read_parquet('../data/bronze/orders.parquet')
limit 5
  );

[0m13:03:59.831441 [debug] [Thread-1 (]: DuckDB adapter: Rolling back transaction.
[0m13:03:59.832451 [debug] [Thread-1 (]: On model.dbt_project.test_bronze_orders: ROLLBACK
[0m13:03:59.832451 [debug] [Thread-1 (]: Failed to rollback 'model.dbt_project.test_bronze_orders'
[0m13:03:59.833691 [debug] [Thread-1 (]: On model.dbt_project.test_bronze_orders: Close
[0m13:03:59.834698 [debug] [Thread-1 (]: Runtime Error in model test_bronze_orders (dbt_project/models\example\test_bronze_orders.sql)
  IO Error: No files found that match the pattern "../data/bronze/orders.parquet"
  
  LINE 6: from read_parquet('../data/bronze/orders.parquet')
               ^
[0m13:03:59.835698 [debug] [Thread-1 (]: Sending event: {'category': 'dbt', 'action': 'run_model', 'label': '8a1a2801-c869-40b3-b00f-2206fe68a15e', 'context': [<snowplow_tracker.self_describing_json.SelfDescribingJson object at 0x000001F3066F1E10>]}
[0m13:03:59.836699 [error] [Thread-1 (]: 2 of 2 ERROR creating sql view model main.test_bronze_orders ................... [[31mERROR[0m in 0.02s]
[0m13:03:59.837698 [debug] [Thread-1 (]: Finished running node model.dbt_project.test_bronze_orders
[0m13:03:59.837698 [debug] [Thread-4 (]: Marking all children of 'model.dbt_project.test_bronze_orders' to be skipped because of status 'error'.  Reason: Runtime Error in model test_bronze_orders (dbt_project/models\example\test_bronze_orders.sql)
  IO Error: No files found that match the pattern "../data/bronze/orders.parquet"
  
  LINE 6: from read_parquet('../data/bronze/orders.parquet')
               ^.
[0m13:03:59.838698 [debug] [MainThread]: Using duckdb connection "master"
[0m13:03:59.839699 [debug] [MainThread]: On master: BEGIN
[0m13:03:59.839699 [debug] [MainThread]: Opening a new connection, currently in state closed
[0m13:03:59.840699 [debug] [MainThread]: SQL status: OK in 0.001 seconds
[0m13:03:59.840699 [debug] [MainThread]: On master: COMMIT
[0m13:03:59.840699 [debug] [MainThread]: Using duckdb connection "master"
[0m13:03:59.841699 [debug] [MainThread]: On master: COMMIT
[0m13:03:59.841699 [debug] [MainThread]: SQL status: OK in 0.000 seconds
[0m13:03:59.841699 [debug] [MainThread]: On master: Close
[0m13:03:59.842699 [debug] [MainThread]: Connection 'master' was properly closed.
[0m13:03:59.842699 [debug] [MainThread]: Connection 'create_dev_main' was properly closed.
[0m13:03:59.843698 [debug] [MainThread]: Connection 'list_dev_main' was properly closed.
[0m13:03:59.844731 [debug] [MainThread]: Connection 'model.dbt_project.test_bronze_orders' was properly closed.
[0m13:03:59.844731 [info ] [MainThread]: 
[0m13:03:59.845738 [info ] [MainThread]: Finished running 2 view models in 0 hours 0 minutes and 0.23 seconds (0.23s).
[0m13:03:59.846739 [debug] [MainThread]: Command end result
[0m13:03:59.864738 [debug] [MainThread]: Wrote artifact WritableManifest to C:\DE_projects\food_del_pipeline\target\manifest.json
[0m13:03:59.867162 [debug] [MainThread]: Wrote artifact SemanticManifest to C:\DE_projects\food_del_pipeline\target\semantic_manifest.json
[0m13:03:59.873166 [debug] [MainThread]: Wrote artifact RunExecutionResult to C:\DE_projects\food_del_pipeline\target\run_results.json
[0m13:03:59.873166 [info ] [MainThread]: 
[0m13:03:59.874161 [info ] [MainThread]: [31mCompleted with 2 errors, 0 partial successes, and 0 warnings:[0m
[0m13:03:59.875160 [info ] [MainThread]: 
[0m13:03:59.875160 [error] [MainThread]: [31mFailure in model stg_orders (dbt_project/models\staging\stg_orders.sql)[0m
[0m13:03:59.876286 [error] [MainThread]:   Runtime Error in model stg_orders (dbt_project/models\staging\stg_orders.sql)
  IO Error: No files found that match the pattern "../data/bronze/orders.parquet"
  
  LINE 6: from read_parquet('../data/bronze/orders.parquet')
               ^
[0m13:03:59.876286 [info ] [MainThread]: 
[0m13:03:59.877302 [info ] [MainThread]:   compiled code at target\compiled\dbt_project\dbt_project/models\staging\stg_orders.sql
[0m13:03:59.877302 [info ] [MainThread]: 
[0m13:03:59.878302 [error] [MainThread]: [31mFailure in model test_bronze_orders (dbt_project/models\example\test_bronze_orders.sql)[0m
[0m13:03:59.879301 [error] [MainThread]:   Runtime Error in model test_bronze_orders (dbt_project/models\example\test_bronze_orders.sql)
  IO Error: No files found that match the pattern "../data/bronze/orders.parquet"
  
  LINE 6: from read_parquet('../data/bronze/orders.parquet')
               ^
[0m13:03:59.879301 [info ] [MainThread]: 
[0m13:03:59.880300 [info ] [MainThread]:   compiled code at target\compiled\dbt_project\dbt_project/models\example\test_bronze_orders.sql
[0m13:03:59.881301 [info ] [MainThread]: 
[0m13:03:59.882302 [info ] [MainThread]: Done. PASS=0 WARN=0 ERROR=2 SKIP=0 NO-OP=0 TOTAL=2
[0m13:03:59.883301 [debug] [MainThread]: Command `dbt run` failed at 13:03:59.883301 after 1.79 seconds
[0m13:03:59.883301 [debug] [MainThread]: Sending event: {'category': 'dbt', 'action': 'invocation', 'label': 'end', 'context': [<snowplow_tracker.self_describing_json.SelfDescribingJson object at 0x000001F37DE838D0>, <snowplow_tracker.self_describing_json.SelfDescribingJson object at 0x000001F3059EECD0>, <snowplow_tracker.self_describing_json.SelfDescribingJson object at 0x000001F3049AF150>]}
[0m13:03:59.884303 [debug] [MainThread]: Flushing usage events
[0m13:04:01.956120 [debug] [MainThread]: An error was encountered while trying to flush usage events
[0m13:04:27.211848 [debug] [MainThread]: Sending event: {'category': 'dbt', 'action': 'invocation', 'label': 'start', 'context': [<snowplow_tracker.self_describing_json.SelfDescribingJson object at 0x000002385FF57390>, <snowplow_tracker.self_describing_json.SelfDescribingJson object at 0x0000023860F58650>, <snowplow_tracker.self_describing_json.SelfDescribingJson object at 0x0000023860F59E10>]}


============================== 13:04:27.215235 | bec277f5-d16f-42f4-81d3-2c7dddae5236 ==============================
[0m13:04:27.215235 [info ] [MainThread]: Running with dbt=1.11.7
[0m13:04:27.216205 [debug] [MainThread]: running dbt with arguments {'version_check': 'True', 'no_print': 'None', 'static_parser': 'True', 'target_path': 'None', 'warn_error_options': 'WarnErrorOptionsV2(error=[], warn=[], silence=[])', 'printer_width': '80', 'write_json': 'True', 'empty': 'False', 'log_cache_events': 'False', 'introspect': 'True', 'cache_selected_only': 'False', 'fail_fast': 'False', 'debug': 'False', 'log_format': 'default', 'profiles_dir': 'C:\\Users\\HP\\.dbt', 'send_anonymous_usage_stats': 'True', 'quiet': 'False', 'warn_error': 'None', 'partial_parse': 'True', 'use_colors': 'True', 'indirect_selection': 'eager', 'invocation_command': 'dbt run', 'use_experimental_parser': 'False', 'log_path': 'C:\\DE_projects\\food_del_pipeline\\logs'}
[0m13:04:27.403668 [debug] [MainThread]: Sending event: {'category': 'dbt', 'action': 'project_id', 'label': 'bec277f5-d16f-42f4-81d3-2c7dddae5236', 'context': [<snowplow_tracker.self_describing_json.SelfDescribingJson object at 0x00000238611905D0>]}
[0m13:04:27.452668 [debug] [MainThread]: Sending event: {'category': 'dbt', 'action': 'adapter_info', 'label': 'bec277f5-d16f-42f4-81d3-2c7dddae5236', 'context': [<snowplow_tracker.self_describing_json.SelfDescribingJson object at 0x000002385C6AD250>]}
[0m13:04:27.454788 [info ] [MainThread]: Registered adapter: duckdb=1.10.1
[0m13:04:27.612724 [debug] [MainThread]: checksum: b80718358155fc17c3559352095564dd56ada1cc1a1c0ef2e62c857e71583775, vars: {}, profile: , target: , version: 1.11.7
[0m13:04:27.723124 [debug] [MainThread]: Partial parsing enabled: 0 files deleted, 0 files added, 2 files changed.
[0m13:04:27.763507 [debug] [MainThread]: Partial parsing: updated file: dbt_project://dbt_project/models\staging\stg_orders.sql
[0m13:04:27.765499 [debug] [MainThread]: Partial parsing: updated file: dbt_project://dbt_project/models\example\test_bronze_orders.sql
[0m13:04:27.968206 [debug] [MainThread]: Sending event: {'category': 'dbt', 'action': 'load_project', 'label': 'bec277f5-d16f-42f4-81d3-2c7dddae5236', 'context': [<snowplow_tracker.self_describing_json.SelfDescribingJson object at 0x0000023861677590>]}
[0m13:04:28.066520 [debug] [MainThread]: Wrote artifact WritableManifest to C:\DE_projects\food_del_pipeline\target\manifest.json
[0m13:04:28.068527 [debug] [MainThread]: Wrote artifact SemanticManifest to C:\DE_projects\food_del_pipeline\target\semantic_manifest.json
[0m13:04:28.091411 [debug] [MainThread]: Sending event: {'category': 'dbt', 'action': 'resource_counts', 'label': 'bec277f5-d16f-42f4-81d3-2c7dddae5236', 'context': [<snowplow_tracker.self_describing_json.SelfDescribingJson object at 0x0000023861077410>]}
[0m13:04:28.092412 [info ] [MainThread]: Found 2 models, 3 sources, 474 macros
[0m13:04:28.092412 [debug] [MainThread]: Sending event: {'category': 'dbt', 'action': 'runnable_timing', 'label': 'bec277f5-d16f-42f4-81d3-2c7dddae5236', 'context': [<snowplow_tracker.self_describing_json.SelfDescribingJson object at 0x000002385FDA6650>]}
[0m13:04:28.094891 [info ] [MainThread]: 
[0m13:04:28.094891 [info ] [MainThread]: Concurrency: 1 threads (target='dev')
[0m13:04:28.095901 [info ] [MainThread]: 
[0m13:04:28.096901 [debug] [MainThread]: Acquiring new duckdb connection 'master'
[0m13:04:28.100905 [debug] [ThreadPool]: Acquiring new duckdb connection 'list_dev'
[0m13:04:28.152435 [debug] [ThreadPool]: Using duckdb connection "list_dev"
[0m13:04:28.152435 [debug] [ThreadPool]: On list_dev: /* {"app": "dbt", "dbt_version": "1.11.7", "profile_name": "dbt_project", "target_name": "dev", "connection_name": "list_dev"} */

    
    select schema_name
    from system.information_schema.schemata
    
    where lower(catalog_name) = '"dev"'
    
  
  
[0m13:04:28.153435 [debug] [ThreadPool]: Opening a new connection, currently in state init
[0m13:04:28.166190 [debug] [ThreadPool]: SQL status: OK in 0.013 seconds
[0m13:04:28.167191 [debug] [ThreadPool]: On list_dev: Close
[0m13:04:28.168163 [debug] [ThreadPool]: Re-using an available connection from the pool (formerly list_dev, now create_dev_main)
[0m13:04:28.168163 [debug] [ThreadPool]: Creating schema "database: "dev"
schema: "main"
"
[0m13:04:28.174324 [debug] [ThreadPool]: Using duckdb connection "create_dev_main"
[0m13:04:28.174324 [debug] [ThreadPool]: On create_dev_main: /* {"app": "dbt", "dbt_version": "1.11.7", "profile_name": "dbt_project", "target_name": "dev", "connection_name": "create_dev_main"} */

    
        select type from duckdb_databases()
        where lower(database_name)='dev'
        and type='sqlite'
    
  
[0m13:04:28.175237 [debug] [ThreadPool]: Opening a new connection, currently in state closed
[0m13:04:28.175237 [debug] [ThreadPool]: SQL status: OK in 0.001 seconds
[0m13:04:28.177213 [debug] [ThreadPool]: Using duckdb connection "create_dev_main"
[0m13:04:28.177213 [debug] [ThreadPool]: On create_dev_main: BEGIN
[0m13:04:28.177213 [debug] [ThreadPool]: SQL status: OK in 0.000 seconds
[0m13:04:28.177213 [debug] [ThreadPool]: Using duckdb connection "create_dev_main"
[0m13:04:28.178689 [debug] [ThreadPool]: On create_dev_main: /* {"app": "dbt", "dbt_version": "1.11.7", "profile_name": "dbt_project", "target_name": "dev", "connection_name": "create_dev_main"} */

    
    
        create schema if not exists "dev"."main"
    
[0m13:04:28.178689 [debug] [ThreadPool]: SQL status: OK in 0.000 seconds
[0m13:04:28.179738 [debug] [ThreadPool]: On create_dev_main: COMMIT
[0m13:04:28.179738 [debug] [ThreadPool]: Using duckdb connection "create_dev_main"
[0m13:04:28.179738 [debug] [ThreadPool]: On create_dev_main: COMMIT
[0m13:04:28.181214 [debug] [ThreadPool]: SQL status: OK in 0.000 seconds
[0m13:04:28.181214 [debug] [ThreadPool]: On create_dev_main: Close
[0m13:04:28.182220 [debug] [ThreadPool]: Acquiring new duckdb connection 'list_dev_main'
[0m13:04:28.186328 [debug] [ThreadPool]: Using duckdb connection "list_dev_main"
[0m13:04:28.187326 [debug] [ThreadPool]: On list_dev_main: BEGIN
[0m13:04:28.187326 [debug] [ThreadPool]: Opening a new connection, currently in state init
[0m13:04:28.188321 [debug] [ThreadPool]: SQL status: OK in 0.001 seconds
[0m13:04:28.188321 [debug] [ThreadPool]: Using duckdb connection "list_dev_main"
[0m13:04:28.188321 [debug] [ThreadPool]: On list_dev_main: /* {"app": "dbt", "dbt_version": "1.11.7", "profile_name": "dbt_project", "target_name": "dev", "connection_name": "list_dev_main"} */
select
      'dev' as database,
      table_name as name,
      table_schema as schema,
      CASE table_type
        WHEN 'BASE TABLE' THEN 'table'
        WHEN 'VIEW' THEN 'view'
        WHEN 'LOCAL TEMPORARY' THEN 'table'
        END as type
    from system.information_schema.tables
    where lower(table_schema) = 'main'
    and lower(table_catalog) = 'dev'
  
[0m13:04:28.192220 [debug] [ThreadPool]: SQL status: OK in 0.003 seconds
[0m13:04:28.192220 [debug] [ThreadPool]: On list_dev_main: ROLLBACK
[0m13:04:28.193345 [debug] [ThreadPool]: Failed to rollback 'list_dev_main'
[0m13:04:28.194357 [debug] [ThreadPool]: On list_dev_main: Close
[0m13:04:28.194357 [debug] [MainThread]: Sending event: {'category': 'dbt', 'action': 'runnable_timing', 'label': 'bec277f5-d16f-42f4-81d3-2c7dddae5236', 'context': [<snowplow_tracker.self_describing_json.SelfDescribingJson object at 0x000002385FCFA8D0>]}
[0m13:04:28.195356 [debug] [MainThread]: Using duckdb connection "master"
[0m13:04:28.195356 [debug] [MainThread]: On master: BEGIN
[0m13:04:28.195356 [debug] [MainThread]: Opening a new connection, currently in state init
[0m13:04:28.195356 [debug] [MainThread]: SQL status: OK in 0.000 seconds
[0m13:04:28.196617 [debug] [MainThread]: On master: COMMIT
[0m13:04:28.196617 [debug] [MainThread]: Using duckdb connection "master"
[0m13:04:28.196617 [debug] [MainThread]: On master: COMMIT
[0m13:04:28.197761 [debug] [MainThread]: SQL status: OK in 0.000 seconds
[0m13:04:28.197761 [debug] [MainThread]: On master: Close
[0m13:04:28.200424 [debug] [Thread-1 (]: Began running node model.dbt_project.stg_orders
[0m13:04:28.200424 [info ] [Thread-1 (]: 1 of 2 START sql view model main.stg_orders .................................... [RUN]
[0m13:04:28.201419 [debug] [Thread-1 (]: Acquiring new duckdb connection 'model.dbt_project.stg_orders'
[0m13:04:28.201419 [debug] [Thread-1 (]: Began compiling node model.dbt_project.stg_orders
[0m13:04:28.206462 [debug] [Thread-1 (]: Writing injected SQL for node "model.dbt_project.stg_orders"
[0m13:04:28.207464 [debug] [Thread-1 (]: Began executing node model.dbt_project.stg_orders
[0m13:04:28.231470 [debug] [Thread-1 (]: Writing runtime sql for node "model.dbt_project.stg_orders"
[0m13:04:28.233602 [debug] [Thread-1 (]: Using duckdb connection "model.dbt_project.stg_orders"
[0m13:04:28.233602 [debug] [Thread-1 (]: On model.dbt_project.stg_orders: BEGIN
[0m13:04:28.234614 [debug] [Thread-1 (]: Opening a new connection, currently in state init
[0m13:04:28.234614 [debug] [Thread-1 (]: SQL status: OK in 0.001 seconds
[0m13:04:28.235792 [debug] [Thread-1 (]: Using duckdb connection "model.dbt_project.stg_orders"
[0m13:04:28.235792 [debug] [Thread-1 (]: On model.dbt_project.stg_orders: /* {"app": "dbt", "dbt_version": "1.11.7", "profile_name": "dbt_project", "target_name": "dev", "node_id": "model.dbt_project.stg_orders"} */

  
  create view "dev"."main"."stg_orders__dbt_tmp" as (
    select *
from read_parquet('data/bronze/orders.parquet')
  );

[0m13:04:28.237048 [debug] [Thread-1 (]: SQL status: OK in 0.001 seconds
[0m13:04:28.241667 [debug] [Thread-1 (]: Using duckdb connection "model.dbt_project.stg_orders"
[0m13:04:28.242663 [debug] [Thread-1 (]: On model.dbt_project.stg_orders: /* {"app": "dbt", "dbt_version": "1.11.7", "profile_name": "dbt_project", "target_name": "dev", "node_id": "model.dbt_project.stg_orders"} */
alter view "dev"."main"."stg_orders__dbt_tmp" rename to "stg_orders"
[0m13:04:28.242663 [debug] [Thread-1 (]: SQL status: OK in 0.000 seconds
[0m13:04:28.251092 [debug] [Thread-1 (]: On model.dbt_project.stg_orders: COMMIT
[0m13:04:28.251092 [debug] [Thread-1 (]: Using duckdb connection "model.dbt_project.stg_orders"
[0m13:04:28.251092 [debug] [Thread-1 (]: On model.dbt_project.stg_orders: COMMIT
[0m13:04:28.259712 [debug] [Thread-1 (]: SQL status: OK in 0.008 seconds
[0m13:04:28.263707 [debug] [Thread-1 (]: Using duckdb connection "model.dbt_project.stg_orders"
[0m13:04:28.264711 [debug] [Thread-1 (]: On model.dbt_project.stg_orders: /* {"app": "dbt", "dbt_version": "1.11.7", "profile_name": "dbt_project", "target_name": "dev", "node_id": "model.dbt_project.stg_orders"} */

      drop view if exists "dev"."main"."stg_orders__dbt_backup" cascade
    
[0m13:04:28.264711 [debug] [Thread-1 (]: SQL status: OK in 0.000 seconds
[0m13:04:28.266709 [debug] [Thread-1 (]: On model.dbt_project.stg_orders: Close
[0m13:04:28.268704 [debug] [Thread-1 (]: Sending event: {'category': 'dbt', 'action': 'run_model', 'label': 'bec277f5-d16f-42f4-81d3-2c7dddae5236', 'context': [<snowplow_tracker.self_describing_json.SelfDescribingJson object at 0x0000023861A13B10>]}
[0m13:04:28.269692 [info ] [Thread-1 (]: 1 of 2 OK created sql view model main.stg_orders ............................... [[32mOK[0m in 0.07s]
[0m13:04:28.270636 [debug] [Thread-1 (]: Finished running node model.dbt_project.stg_orders
[0m13:04:28.270636 [debug] [Thread-1 (]: Began running node model.dbt_project.test_bronze_orders
[0m13:04:28.271610 [info ] [Thread-1 (]: 2 of 2 START sql view model main.test_bronze_orders ............................ [RUN]
[0m13:04:28.271610 [debug] [Thread-1 (]: Re-using an available connection from the pool (formerly model.dbt_project.stg_orders, now model.dbt_project.test_bronze_orders)
[0m13:04:28.272618 [debug] [Thread-1 (]: Began compiling node model.dbt_project.test_bronze_orders
[0m13:04:28.274059 [debug] [Thread-1 (]: Writing injected SQL for node "model.dbt_project.test_bronze_orders"
[0m13:04:28.275066 [debug] [Thread-1 (]: Began executing node model.dbt_project.test_bronze_orders
[0m13:04:28.278257 [debug] [Thread-1 (]: Writing runtime sql for node "model.dbt_project.test_bronze_orders"
[0m13:04:28.279259 [debug] [Thread-1 (]: Using duckdb connection "model.dbt_project.test_bronze_orders"
[0m13:04:28.279259 [debug] [Thread-1 (]: On model.dbt_project.test_bronze_orders: BEGIN
[0m13:04:28.279259 [debug] [Thread-1 (]: Opening a new connection, currently in state closed
[0m13:04:28.280657 [debug] [Thread-1 (]: SQL status: OK in 0.001 seconds
[0m13:04:28.281708 [debug] [Thread-1 (]: Using duckdb connection "model.dbt_project.test_bronze_orders"
[0m13:04:28.281708 [debug] [Thread-1 (]: On model.dbt_project.test_bronze_orders: /* {"app": "dbt", "dbt_version": "1.11.7", "profile_name": "dbt_project", "target_name": "dev", "node_id": "model.dbt_project.test_bronze_orders"} */

  
  create view "dev"."main"."test_bronze_orders__dbt_tmp" as (
    select *
from read_parquet('data/bronze/orders.parquet')
limit 5
  );

[0m13:04:28.282767 [debug] [Thread-1 (]: SQL status: OK in 0.001 seconds
[0m13:04:28.285706 [debug] [Thread-1 (]: Using duckdb connection "model.dbt_project.test_bronze_orders"
[0m13:04:28.285706 [debug] [Thread-1 (]: On model.dbt_project.test_bronze_orders: /* {"app": "dbt", "dbt_version": "1.11.7", "profile_name": "dbt_project", "target_name": "dev", "node_id": "model.dbt_project.test_bronze_orders"} */
alter view "dev"."main"."test_bronze_orders__dbt_tmp" rename to "test_bronze_orders"
[0m13:04:28.286673 [debug] [Thread-1 (]: SQL status: OK in 0.000 seconds
[0m13:04:28.287677 [debug] [Thread-1 (]: On model.dbt_project.test_bronze_orders: COMMIT
[0m13:04:28.288667 [debug] [Thread-1 (]: Using duckdb connection "model.dbt_project.test_bronze_orders"
[0m13:04:28.288667 [debug] [Thread-1 (]: On model.dbt_project.test_bronze_orders: COMMIT
[0m13:04:28.291667 [debug] [Thread-1 (]: SQL status: OK in 0.002 seconds
[0m13:04:28.294667 [debug] [Thread-1 (]: Using duckdb connection "model.dbt_project.test_bronze_orders"
[0m13:04:28.295773 [debug] [Thread-1 (]: On model.dbt_project.test_bronze_orders: /* {"app": "dbt", "dbt_version": "1.11.7", "profile_name": "dbt_project", "target_name": "dev", "node_id": "model.dbt_project.test_bronze_orders"} */

      drop view if exists "dev"."main"."test_bronze_orders__dbt_backup" cascade
    
[0m13:04:28.296951 [debug] [Thread-1 (]: SQL status: OK in 0.000 seconds
[0m13:04:28.298047 [debug] [Thread-1 (]: On model.dbt_project.test_bronze_orders: Close
[0m13:04:28.299060 [debug] [Thread-1 (]: Sending event: {'category': 'dbt', 'action': 'run_model', 'label': 'bec277f5-d16f-42f4-81d3-2c7dddae5236', 'context': [<snowplow_tracker.self_describing_json.SelfDescribingJson object at 0x0000023861A95790>]}
[0m13:04:28.299060 [info ] [Thread-1 (]: 2 of 2 OK created sql view model main.test_bronze_orders ....................... [[32mOK[0m in 0.03s]
[0m13:04:28.300052 [debug] [Thread-1 (]: Finished running node model.dbt_project.test_bronze_orders
[0m13:04:28.301956 [debug] [MainThread]: Using duckdb connection "master"
[0m13:04:28.301956 [debug] [MainThread]: On master: BEGIN
[0m13:04:28.302952 [debug] [MainThread]: Opening a new connection, currently in state closed
[0m13:04:28.303957 [debug] [MainThread]: SQL status: OK in 0.001 seconds
[0m13:04:28.303957 [debug] [MainThread]: On master: COMMIT
[0m13:04:28.303957 [debug] [MainThread]: Using duckdb connection "master"
[0m13:04:28.304952 [debug] [MainThread]: On master: COMMIT
[0m13:04:28.304952 [debug] [MainThread]: SQL status: OK in 0.000 seconds
[0m13:04:28.306020 [debug] [MainThread]: On master: Close
[0m13:04:28.306020 [debug] [MainThread]: Connection 'master' was properly closed.
[0m13:04:28.307075 [debug] [MainThread]: Connection 'create_dev_main' was properly closed.
[0m13:04:28.307075 [debug] [MainThread]: Connection 'list_dev_main' was properly closed.
[0m13:04:28.307075 [debug] [MainThread]: Connection 'model.dbt_project.test_bronze_orders' was properly closed.
[0m13:04:28.308111 [info ] [MainThread]: 
[0m13:04:28.309028 [info ] [MainThread]: Finished running 2 view models in 0 hours 0 minutes and 0.21 seconds (0.21s).
[0m13:04:28.310086 [debug] [MainThread]: Command end result
[0m13:04:28.327033 [debug] [MainThread]: Wrote artifact WritableManifest to C:\DE_projects\food_del_pipeline\target\manifest.json
[0m13:04:28.330034 [debug] [MainThread]: Wrote artifact SemanticManifest to C:\DE_projects\food_del_pipeline\target\semantic_manifest.json
[0m13:04:28.335075 [debug] [MainThread]: Wrote artifact RunExecutionResult to C:\DE_projects\food_del_pipeline\target\run_results.json
[0m13:04:28.335075 [info ] [MainThread]: 
[0m13:04:28.336129 [info ] [MainThread]: [32mCompleted successfully[0m
[0m13:04:28.337028 [info ] [MainThread]: 
[0m13:04:28.337028 [info ] [MainThread]: Done. PASS=2 WARN=0 ERROR=0 SKIP=0 NO-OP=0 TOTAL=2
[0m13:04:28.339438 [debug] [MainThread]: Command `dbt run` succeeded at 13:04:28.338386 after 1.19 seconds
[0m13:04:28.339438 [debug] [MainThread]: Sending event: {'category': 'dbt', 'action': 'invocation', 'label': 'end', 'context': [<snowplow_tracker.self_describing_json.SelfDescribingJson object at 0x0000023860F96790>, <snowplow_tracker.self_describing_json.SelfDescribingJson object at 0x0000023860F972D0>, <snowplow_tracker.self_describing_json.SelfDescribingJson object at 0x00000238593AD3D0>]}
[0m13:04:28.340495 [debug] [MainThread]: Flushing usage events
[0m13:04:30.275853 [debug] [MainThread]: An error was encountered while trying to flush usage events
[0m13:05:00.081332 [debug] [MainThread]: Sending event: {'category': 'dbt', 'action': 'invocation', 'label': 'start', 'context': [<snowplow_tracker.self_describing_json.SelfDescribingJson object at 0x000002058D89FE90>, <snowplow_tracker.self_describing_json.SelfDescribingJson object at 0x000002058E898A50>, <snowplow_tracker.self_describing_json.SelfDescribingJson object at 0x000002058D89EA10>]}


============================== 13:05:00.085472 | e8e00a4c-7d49-4a62-b6da-010732396130 ==============================
[0m13:05:00.085472 [info ] [MainThread]: Running with dbt=1.11.7
[0m13:05:00.086470 [debug] [MainThread]: running dbt with arguments {'static_parser': 'True', 'no_print': 'None', 'version_check': 'True', 'warn_error_options': 'WarnErrorOptionsV2(error=[], warn=[], silence=[])', 'target_path': 'None', 'printer_width': '80', 'write_json': 'True', 'empty': 'False', 'log_cache_events': 'False', 'introspect': 'True', 'cache_selected_only': 'False', 'fail_fast': 'False', 'debug': 'False', 'log_format': 'default', 'partial_parse': 'True', 'send_anonymous_usage_stats': 'True', 'quiet': 'False', 'warn_error': 'None', 'profiles_dir': 'C:\\Users\\HP\\.dbt', 'indirect_selection': 'eager', 'invocation_command': 'dbt run', 'use_colors': 'True', 'use_experimental_parser': 'False', 'log_path': 'C:\\DE_projects\\food_del_pipeline\\logs'}
[0m13:05:00.270849 [debug] [MainThread]: Sending event: {'category': 'dbt', 'action': 'project_id', 'label': 'e8e00a4c-7d49-4a62-b6da-010732396130', 'context': [<snowplow_tracker.self_describing_json.SelfDescribingJson object at 0x000002058D08F350>]}
[0m13:05:00.318950 [debug] [MainThread]: Sending event: {'category': 'dbt', 'action': 'adapter_info', 'label': 'e8e00a4c-7d49-4a62-b6da-010732396130', 'context': [<snowplow_tracker.self_describing_json.SelfDescribingJson object at 0x000002058C88A9D0>]}
[0m13:05:00.319954 [info ] [MainThread]: Registered adapter: duckdb=1.10.1
[0m13:05:00.481088 [debug] [MainThread]: checksum: b80718358155fc17c3559352095564dd56ada1cc1a1c0ef2e62c857e71583775, vars: {}, profile: , target: , version: 1.11.7
[0m13:05:00.587377 [debug] [MainThread]: Partial parsing enabled: 0 files deleted, 0 files added, 0 files changed.
[0m13:05:00.587377 [debug] [MainThread]: Nothing changed, skipping partial parsing.
[0m13:05:00.588363 [debug] [MainThread]: Partial parsing enabled, no changes found, skipping parsing
[0m13:05:00.612464 [debug] [MainThread]: Sending event: {'category': 'dbt', 'action': 'load_project', 'label': 'e8e00a4c-7d49-4a62-b6da-010732396130', 'context': [<snowplow_tracker.self_describing_json.SelfDescribingJson object at 0x000002058EE61650>]}
[0m13:05:00.663644 [debug] [MainThread]: Wrote artifact WritableManifest to C:\DE_projects\food_del_pipeline\target\manifest.json
[0m13:05:00.665590 [debug] [MainThread]: Wrote artifact SemanticManifest to C:\DE_projects\food_del_pipeline\target\semantic_manifest.json
[0m13:05:00.692804 [debug] [MainThread]: Sending event: {'category': 'dbt', 'action': 'resource_counts', 'label': 'e8e00a4c-7d49-4a62-b6da-010732396130', 'context': [<snowplow_tracker.self_describing_json.SelfDescribingJson object at 0x000002058EDA0490>]}
[0m13:05:00.693830 [info ] [MainThread]: Found 2 models, 3 sources, 474 macros
[0m13:05:00.694836 [debug] [MainThread]: Sending event: {'category': 'dbt', 'action': 'runnable_timing', 'label': 'e8e00a4c-7d49-4a62-b6da-010732396130', 'context': [<snowplow_tracker.self_describing_json.SelfDescribingJson object at 0x000002058ED4C910>]}
[0m13:05:00.695837 [info ] [MainThread]: 
[0m13:05:00.696838 [info ] [MainThread]: Concurrency: 1 threads (target='dev')
[0m13:05:00.697839 [info ] [MainThread]: 
[0m13:05:00.698836 [debug] [MainThread]: Acquiring new duckdb connection 'master'
[0m13:05:00.702880 [debug] [ThreadPool]: Acquiring new duckdb connection 'list_dev'
[0m13:05:00.796284 [debug] [ThreadPool]: Using duckdb connection "list_dev"
[0m13:05:00.796284 [debug] [ThreadPool]: On list_dev: /* {"app": "dbt", "dbt_version": "1.11.7", "profile_name": "dbt_project", "target_name": "dev", "connection_name": "list_dev"} */

    
    select schema_name
    from system.information_schema.schemata
    
    where lower(catalog_name) = '"dev"'
    
  
  
[0m13:05:00.797304 [debug] [ThreadPool]: Opening a new connection, currently in state init
[0m13:05:00.823677 [debug] [ThreadPool]: SQL status: OK in 0.026 seconds
[0m13:05:00.824677 [debug] [ThreadPool]: On list_dev: Close
[0m13:05:00.826214 [debug] [ThreadPool]: Re-using an available connection from the pool (formerly list_dev, now create_dev_main)
[0m13:05:00.826214 [debug] [ThreadPool]: Creating schema "database: "dev"
schema: "main"
"
[0m13:05:00.831323 [debug] [ThreadPool]: Using duckdb connection "create_dev_main"
[0m13:05:00.832321 [debug] [ThreadPool]: On create_dev_main: /* {"app": "dbt", "dbt_version": "1.11.7", "profile_name": "dbt_project", "target_name": "dev", "connection_name": "create_dev_main"} */

    
        select type from duckdb_databases()
        where lower(database_name)='dev'
        and type='sqlite'
    
  
[0m13:05:00.832321 [debug] [ThreadPool]: Opening a new connection, currently in state closed
[0m13:05:00.833767 [debug] [ThreadPool]: SQL status: OK in 0.001 seconds
[0m13:05:00.834809 [debug] [ThreadPool]: Using duckdb connection "create_dev_main"
[0m13:05:00.834809 [debug] [ThreadPool]: On create_dev_main: BEGIN
[0m13:05:00.834809 [debug] [ThreadPool]: SQL status: OK in 0.000 seconds
[0m13:05:00.835782 [debug] [ThreadPool]: Using duckdb connection "create_dev_main"
[0m13:05:00.835782 [debug] [ThreadPool]: On create_dev_main: /* {"app": "dbt", "dbt_version": "1.11.7", "profile_name": "dbt_project", "target_name": "dev", "connection_name": "create_dev_main"} */

    
    
        create schema if not exists "dev"."main"
    
[0m13:05:00.835782 [debug] [ThreadPool]: SQL status: OK in 0.000 seconds
[0m13:05:00.837308 [debug] [ThreadPool]: On create_dev_main: COMMIT
[0m13:05:00.837308 [debug] [ThreadPool]: Using duckdb connection "create_dev_main"
[0m13:05:00.837308 [debug] [ThreadPool]: On create_dev_main: COMMIT
[0m13:05:00.838348 [debug] [ThreadPool]: SQL status: OK in 0.000 seconds
[0m13:05:00.838348 [debug] [ThreadPool]: On create_dev_main: Close
[0m13:05:00.839323 [debug] [ThreadPool]: Acquiring new duckdb connection 'list_dev_main'
[0m13:05:00.844339 [debug] [ThreadPool]: Using duckdb connection "list_dev_main"
[0m13:05:00.844339 [debug] [ThreadPool]: On list_dev_main: BEGIN
[0m13:05:00.844339 [debug] [ThreadPool]: Opening a new connection, currently in state init
[0m13:05:00.845357 [debug] [ThreadPool]: SQL status: OK in 0.001 seconds
[0m13:05:00.845357 [debug] [ThreadPool]: Using duckdb connection "list_dev_main"
[0m13:05:00.845357 [debug] [ThreadPool]: On list_dev_main: /* {"app": "dbt", "dbt_version": "1.11.7", "profile_name": "dbt_project", "target_name": "dev", "connection_name": "list_dev_main"} */
select
      'dev' as database,
      table_name as name,
      table_schema as schema,
      CASE table_type
        WHEN 'BASE TABLE' THEN 'table'
        WHEN 'VIEW' THEN 'view'
        WHEN 'LOCAL TEMPORARY' THEN 'table'
        END as type
    from system.information_schema.tables
    where lower(table_schema) = 'main'
    and lower(table_catalog) = 'dev'
  
[0m13:05:00.848339 [debug] [ThreadPool]: SQL status: OK in 0.002 seconds
[0m13:05:00.850324 [debug] [ThreadPool]: On list_dev_main: ROLLBACK
[0m13:05:00.850324 [debug] [ThreadPool]: Failed to rollback 'list_dev_main'
[0m13:05:00.851324 [debug] [ThreadPool]: On list_dev_main: Close
[0m13:05:00.852384 [debug] [MainThread]: Sending event: {'category': 'dbt', 'action': 'runnable_timing', 'label': 'e8e00a4c-7d49-4a62-b6da-010732396130', 'context': [<snowplow_tracker.self_describing_json.SelfDescribingJson object at 0x000002058E93FB90>]}
[0m13:05:00.852384 [debug] [MainThread]: Using duckdb connection "master"
[0m13:05:00.852384 [debug] [MainThread]: On master: BEGIN
[0m13:05:00.853400 [debug] [MainThread]: Opening a new connection, currently in state init
[0m13:05:00.853400 [debug] [MainThread]: SQL status: OK in 0.000 seconds
[0m13:05:00.853400 [debug] [MainThread]: On master: COMMIT
[0m13:05:00.854507 [debug] [MainThread]: Using duckdb connection "master"
[0m13:05:00.854507 [debug] [MainThread]: On master: COMMIT
[0m13:05:00.854507 [debug] [MainThread]: SQL status: OK in 0.000 seconds
[0m13:05:00.855546 [debug] [MainThread]: On master: Close
[0m13:05:00.858377 [debug] [Thread-1 (]: Began running node model.dbt_project.stg_orders
[0m13:05:00.858377 [info ] [Thread-1 (]: 1 of 2 START sql view model main.stg_orders .................................... [RUN]
[0m13:05:00.859386 [debug] [Thread-1 (]: Acquiring new duckdb connection 'model.dbt_project.stg_orders'
[0m13:05:00.859386 [debug] [Thread-1 (]: Began compiling node model.dbt_project.stg_orders
[0m13:05:00.865384 [debug] [Thread-1 (]: Writing injected SQL for node "model.dbt_project.stg_orders"
[0m13:05:00.865384 [debug] [Thread-1 (]: Began executing node model.dbt_project.stg_orders
[0m13:05:00.890383 [debug] [Thread-1 (]: Writing runtime sql for node "model.dbt_project.stg_orders"
[0m13:05:00.892388 [debug] [Thread-1 (]: Using duckdb connection "model.dbt_project.stg_orders"
[0m13:05:00.893383 [debug] [Thread-1 (]: On model.dbt_project.stg_orders: BEGIN
[0m13:05:00.893383 [debug] [Thread-1 (]: Opening a new connection, currently in state init
[0m13:05:00.893383 [debug] [Thread-1 (]: SQL status: OK in 0.001 seconds
[0m13:05:00.894864 [debug] [Thread-1 (]: Using duckdb connection "model.dbt_project.stg_orders"
[0m13:05:00.894864 [debug] [Thread-1 (]: On model.dbt_project.stg_orders: /* {"app": "dbt", "dbt_version": "1.11.7", "profile_name": "dbt_project", "target_name": "dev", "node_id": "model.dbt_project.stg_orders"} */

  
  create view "dev"."main"."stg_orders__dbt_tmp" as (
    select *
from read_parquet('data/bronze/orders.parquet')
  );

[0m13:05:00.895985 [debug] [Thread-1 (]: SQL status: OK in 0.001 seconds
[0m13:05:00.900872 [debug] [Thread-1 (]: Using duckdb connection "model.dbt_project.stg_orders"
[0m13:05:00.901872 [debug] [Thread-1 (]: On model.dbt_project.stg_orders: /* {"app": "dbt", "dbt_version": "1.11.7", "profile_name": "dbt_project", "target_name": "dev", "node_id": "model.dbt_project.stg_orders"} */
alter view "dev"."main"."stg_orders" rename to "stg_orders__dbt_backup"
[0m13:05:00.901872 [debug] [Thread-1 (]: SQL status: OK in 0.000 seconds
[0m13:05:00.904872 [debug] [Thread-1 (]: Using duckdb connection "model.dbt_project.stg_orders"
[0m13:05:00.904872 [debug] [Thread-1 (]: On model.dbt_project.stg_orders: /* {"app": "dbt", "dbt_version": "1.11.7", "profile_name": "dbt_project", "target_name": "dev", "node_id": "model.dbt_project.stg_orders"} */
alter view "dev"."main"."stg_orders__dbt_tmp" rename to "stg_orders"
[0m13:05:00.905871 [debug] [Thread-1 (]: SQL status: OK in 0.000 seconds
[0m13:05:00.913970 [debug] [Thread-1 (]: On model.dbt_project.stg_orders: COMMIT
[0m13:05:00.914977 [debug] [Thread-1 (]: Using duckdb connection "model.dbt_project.stg_orders"
[0m13:05:00.914977 [debug] [Thread-1 (]: On model.dbt_project.stg_orders: COMMIT
[0m13:05:00.923723 [debug] [Thread-1 (]: SQL status: OK in 0.008 seconds
[0m13:05:00.927756 [debug] [Thread-1 (]: Using duckdb connection "model.dbt_project.stg_orders"
[0m13:05:00.927756 [debug] [Thread-1 (]: On model.dbt_project.stg_orders: /* {"app": "dbt", "dbt_version": "1.11.7", "profile_name": "dbt_project", "target_name": "dev", "node_id": "model.dbt_project.stg_orders"} */

      drop view if exists "dev"."main"."stg_orders__dbt_backup" cascade
    
[0m13:05:00.930403 [debug] [Thread-1 (]: SQL status: OK in 0.001 seconds
[0m13:05:00.931392 [debug] [Thread-1 (]: On model.dbt_project.stg_orders: Close
[0m13:05:00.933280 [debug] [Thread-1 (]: Sending event: {'category': 'dbt', 'action': 'run_model', 'label': 'e8e00a4c-7d49-4a62-b6da-010732396130', 'context': [<snowplow_tracker.self_describing_json.SelfDescribingJson object at 0x000002058F2B0E90>]}
[0m13:05:00.934279 [info ] [Thread-1 (]: 1 of 2 OK created sql view model main.stg_orders ............................... [[32mOK[0m in 0.07s]
[0m13:05:00.935275 [debug] [Thread-1 (]: Finished running node model.dbt_project.stg_orders
[0m13:05:00.935275 [debug] [Thread-1 (]: Began running node model.dbt_project.test_bronze_orders
[0m13:05:00.936279 [info ] [Thread-1 (]: 2 of 2 START sql view model main.test_bronze_orders ............................ [RUN]
[0m13:05:00.936279 [debug] [Thread-1 (]: Re-using an available connection from the pool (formerly model.dbt_project.stg_orders, now model.dbt_project.test_bronze_orders)
[0m13:05:00.937696 [debug] [Thread-1 (]: Began compiling node model.dbt_project.test_bronze_orders
[0m13:05:00.938704 [debug] [Thread-1 (]: Writing injected SQL for node "model.dbt_project.test_bronze_orders"
[0m13:05:00.939703 [debug] [Thread-1 (]: Began executing node model.dbt_project.test_bronze_orders
[0m13:05:00.941703 [debug] [Thread-1 (]: Writing runtime sql for node "model.dbt_project.test_bronze_orders"
[0m13:05:00.942703 [debug] [Thread-1 (]: Using duckdb connection "model.dbt_project.test_bronze_orders"
[0m13:05:00.942703 [debug] [Thread-1 (]: On model.dbt_project.test_bronze_orders: BEGIN
[0m13:05:00.942703 [debug] [Thread-1 (]: Opening a new connection, currently in state closed
[0m13:05:00.943703 [debug] [Thread-1 (]: SQL status: OK in 0.000 seconds
[0m13:05:00.943703 [debug] [Thread-1 (]: Using duckdb connection "model.dbt_project.test_bronze_orders"
[0m13:05:00.944703 [debug] [Thread-1 (]: On model.dbt_project.test_bronze_orders: /* {"app": "dbt", "dbt_version": "1.11.7", "profile_name": "dbt_project", "target_name": "dev", "node_id": "model.dbt_project.test_bronze_orders"} */

  
  create view "dev"."main"."test_bronze_orders__dbt_tmp" as (
    select *
from read_parquet('data/bronze/orders.parquet')
limit 5
  );

[0m13:05:00.945704 [debug] [Thread-1 (]: SQL status: OK in 0.001 seconds
[0m13:05:00.947703 [debug] [Thread-1 (]: Using duckdb connection "model.dbt_project.test_bronze_orders"
[0m13:05:00.947703 [debug] [Thread-1 (]: On model.dbt_project.test_bronze_orders: /* {"app": "dbt", "dbt_version": "1.11.7", "profile_name": "dbt_project", "target_name": "dev", "node_id": "model.dbt_project.test_bronze_orders"} */
alter view "dev"."main"."test_bronze_orders" rename to "test_bronze_orders__dbt_backup"
[0m13:05:00.948703 [debug] [Thread-1 (]: SQL status: OK in 0.000 seconds
[0m13:05:00.950702 [debug] [Thread-1 (]: Using duckdb connection "model.dbt_project.test_bronze_orders"
[0m13:05:00.950702 [debug] [Thread-1 (]: On model.dbt_project.test_bronze_orders: /* {"app": "dbt", "dbt_version": "1.11.7", "profile_name": "dbt_project", "target_name": "dev", "node_id": "model.dbt_project.test_bronze_orders"} */
alter view "dev"."main"."test_bronze_orders__dbt_tmp" rename to "test_bronze_orders"
[0m13:05:00.951703 [debug] [Thread-1 (]: SQL status: OK in 0.000 seconds
[0m13:05:00.952704 [debug] [Thread-1 (]: On model.dbt_project.test_bronze_orders: COMMIT
[0m13:05:00.953703 [debug] [Thread-1 (]: Using duckdb connection "model.dbt_project.test_bronze_orders"
[0m13:05:00.953703 [debug] [Thread-1 (]: On model.dbt_project.test_bronze_orders: COMMIT
[0m13:05:00.955707 [debug] [Thread-1 (]: SQL status: OK in 0.002 seconds
[0m13:05:00.958703 [debug] [Thread-1 (]: Using duckdb connection "model.dbt_project.test_bronze_orders"
[0m13:05:00.958703 [debug] [Thread-1 (]: On model.dbt_project.test_bronze_orders: /* {"app": "dbt", "dbt_version": "1.11.7", "profile_name": "dbt_project", "target_name": "dev", "node_id": "model.dbt_project.test_bronze_orders"} */

      drop view if exists "dev"."main"."test_bronze_orders__dbt_backup" cascade
    
[0m13:05:00.961112 [debug] [Thread-1 (]: SQL status: OK in 0.002 seconds
[0m13:05:00.962127 [debug] [Thread-1 (]: On model.dbt_project.test_bronze_orders: Close
[0m13:05:00.963121 [debug] [Thread-1 (]: Sending event: {'category': 'dbt', 'action': 'run_model', 'label': 'e8e00a4c-7d49-4a62-b6da-010732396130', 'context': [<snowplow_tracker.self_describing_json.SelfDescribingJson object at 0x000002058F21A490>]}
[0m13:05:00.964121 [info ] [Thread-1 (]: 2 of 2 OK created sql view model main.test_bronze_orders ....................... [[32mOK[0m in 0.03s]
[0m13:05:00.965119 [debug] [Thread-1 (]: Finished running node model.dbt_project.test_bronze_orders
[0m13:05:00.966118 [debug] [MainThread]: Using duckdb connection "master"
[0m13:05:00.966118 [debug] [MainThread]: On master: BEGIN
[0m13:05:00.967123 [debug] [MainThread]: Opening a new connection, currently in state closed
[0m13:05:00.967123 [debug] [MainThread]: SQL status: OK in 0.001 seconds
[0m13:05:00.968311 [debug] [MainThread]: On master: COMMIT
[0m13:05:00.968311 [debug] [MainThread]: Using duckdb connection "master"
[0m13:05:00.968311 [debug] [MainThread]: On master: COMMIT
[0m13:05:00.969318 [debug] [MainThread]: SQL status: OK in 0.000 seconds
[0m13:05:00.969318 [debug] [MainThread]: On master: Close
[0m13:05:00.970318 [debug] [MainThread]: Connection 'master' was properly closed.
[0m13:05:00.970318 [debug] [MainThread]: Connection 'create_dev_main' was properly closed.
[0m13:05:00.970318 [debug] [MainThread]: Connection 'list_dev_main' was properly closed.
[0m13:05:00.971346 [debug] [MainThread]: Connection 'model.dbt_project.test_bronze_orders' was properly closed.
[0m13:05:00.971346 [info ] [MainThread]: 
[0m13:05:00.971346 [info ] [MainThread]: Finished running 2 view models in 0 hours 0 minutes and 0.27 seconds (0.27s).
[0m13:05:00.972318 [debug] [MainThread]: Command end result
[0m13:05:00.994316 [debug] [MainThread]: Wrote artifact WritableManifest to C:\DE_projects\food_del_pipeline\target\manifest.json
[0m13:05:00.997319 [debug] [MainThread]: Wrote artifact SemanticManifest to C:\DE_projects\food_del_pipeline\target\semantic_manifest.json
[0m13:05:01.002318 [debug] [MainThread]: Wrote artifact RunExecutionResult to C:\DE_projects\food_del_pipeline\target\run_results.json
[0m13:05:01.003722 [info ] [MainThread]: 
[0m13:05:01.003722 [info ] [MainThread]: [32mCompleted successfully[0m
[0m13:05:01.005065 [info ] [MainThread]: 
[0m13:05:01.006075 [info ] [MainThread]: Done. PASS=2 WARN=0 ERROR=0 SKIP=0 NO-OP=0 TOTAL=2
[0m13:05:01.007072 [debug] [MainThread]: Command `dbt run` succeeded at 13:05:01.007072 after 0.99 seconds
[0m13:05:01.007072 [debug] [MainThread]: Sending event: {'category': 'dbt', 'action': 'invocation', 'label': 'end', 'context': [<snowplow_tracker.self_describing_json.SelfDescribingJson object at 0x000002058E898A50>, <snowplow_tracker.self_describing_json.SelfDescribingJson object at 0x0000020586D43890>, <snowplow_tracker.self_describing_json.SelfDescribingJson object at 0x0000020586D43E90>]}
[0m13:05:01.008339 [debug] [MainThread]: Flushing usage events
[0m13:05:02.460429 [debug] [MainThread]: An error was encountered while trying to flush usage events
[0m17:07:13.038616 [debug] [MainThread]: Sending event: {'category': 'dbt', 'action': 'invocation', 'label': 'start', 'context': [<snowplow_tracker.self_describing_json.SelfDescribingJson object at 0x00000159876E7F90>, <snowplow_tracker.self_describing_json.SelfDescribingJson object at 0x00000159876E7890>, <snowplow_tracker.self_describing_json.SelfDescribingJson object at 0x00000159866A6A50>]}


============================== 17:07:13.044630 | 0726c7c2-a9f2-4901-b2c6-4a45c6ebd6b8 ==============================
[0m17:07:13.044630 [info ] [MainThread]: Running with dbt=1.11.7
[0m17:07:13.045615 [debug] [MainThread]: running dbt with arguments {'static_parser': 'True', 'no_print': 'None', 'version_check': 'True', 'target_path': 'None', 'warn_error_options': 'WarnErrorOptionsV2(error=[], warn=[], silence=[])', 'printer_width': '80', 'write_json': 'True', 'empty': 'False', 'log_cache_events': 'False', 'introspect': 'True', 'cache_selected_only': 'False', 'fail_fast': 'False', 'debug': 'False', 'log_format': 'default', 'profiles_dir': 'C:\\Users\\HP\\.dbt', 'send_anonymous_usage_stats': 'True', 'quiet': 'False', 'warn_error': 'None', 'partial_parse': 'True', 'use_colors': 'True', 'indirect_selection': 'eager', 'invocation_command': 'dbt run', 'use_experimental_parser': 'False', 'log_path': 'C:\\DE_projects\\food_del_pipeline\\logs'}
[0m17:07:13.429383 [debug] [MainThread]: Sending event: {'category': 'dbt', 'action': 'project_id', 'label': '0726c7c2-a9f2-4901-b2c6-4a45c6ebd6b8', 'context': [<snowplow_tracker.self_describing_json.SelfDescribingJson object at 0x000001598773FD10>]}
[0m17:07:13.470934 [debug] [MainThread]: Sending event: {'category': 'dbt', 'action': 'adapter_info', 'label': '0726c7c2-a9f2-4901-b2c6-4a45c6ebd6b8', 'context': [<snowplow_tracker.self_describing_json.SelfDescribingJson object at 0x0000015982DFCD10>]}
[0m17:07:13.503612 [info ] [MainThread]: Registered adapter: duckdb=1.10.1
[0m17:07:13.900491 [debug] [MainThread]: checksum: b80718358155fc17c3559352095564dd56ada1cc1a1c0ef2e62c857e71583775, vars: {}, profile: , target: , version: 1.11.7
[0m17:07:14.726070 [debug] [MainThread]: Partial parsing enabled: 1 files deleted, 2 files added, 1 files changed.
[0m17:07:14.727071 [debug] [MainThread]: Partial parsing: added file: dbt_project://dbt_project/models\staging\stg_order_facts.sql
[0m17:07:14.727071 [debug] [MainThread]: Partial parsing: added file: dbt_project://dbt_project/models\staging\stg_delivery_timeline.sql
[0m17:07:14.727071 [debug] [MainThread]: Partial parsing: deleted file: dbt_project://dbt_project/models\example\test_bronze_orders.sql
[0m17:07:14.728072 [debug] [MainThread]: Partial parsing: updated file: dbt_project://dbt_project/models\staging\stg_orders.sql
[0m17:07:14.894143 [warn ] [MainThread]: [[33mWARNING[0m]: Configuration paths exist in your dbt_project.yml file which do not apply to any resources.
There are 1 unused configuration paths:
- models.dbt_project.example
[0m17:07:14.903186 [debug] [MainThread]: Sending event: {'category': 'dbt', 'action': 'load_project', 'label': '0726c7c2-a9f2-4901-b2c6-4a45c6ebd6b8', 'context': [<snowplow_tracker.self_describing_json.SelfDescribingJson object at 0x00000159878F0B10>]}
[0m17:07:14.996612 [debug] [MainThread]: Wrote artifact WritableManifest to C:\DE_projects\food_del_pipeline\target\manifest.json
[0m17:07:15.001510 [debug] [MainThread]: Wrote artifact SemanticManifest to C:\DE_projects\food_del_pipeline\target\semantic_manifest.json
[0m17:07:15.040696 [debug] [MainThread]: Sending event: {'category': 'dbt', 'action': 'resource_counts', 'label': '0726c7c2-a9f2-4901-b2c6-4a45c6ebd6b8', 'context': [<snowplow_tracker.self_describing_json.SelfDescribingJson object at 0x00000159876EC810>]}
[0m17:07:15.040696 [info ] [MainThread]: Found 3 models, 3 sources, 474 macros
[0m17:07:15.042039 [debug] [MainThread]: Sending event: {'category': 'dbt', 'action': 'runnable_timing', 'label': '0726c7c2-a9f2-4901-b2c6-4a45c6ebd6b8', 'context': [<snowplow_tracker.self_describing_json.SelfDescribingJson object at 0x0000015987F12710>]}
[0m17:07:15.043284 [info ] [MainThread]: 
[0m17:07:15.043284 [info ] [MainThread]: Concurrency: 1 threads (target='dev')
[0m17:07:15.044291 [info ] [MainThread]: 
[0m17:07:15.044291 [debug] [MainThread]: Acquiring new duckdb connection 'master'
[0m17:07:15.048289 [debug] [ThreadPool]: Acquiring new duckdb connection 'list_dev'
[0m17:07:16.750062 [debug] [ThreadPool]: Using duckdb connection "list_dev"
[0m17:07:16.751060 [debug] [ThreadPool]: On list_dev: /* {"app": "dbt", "dbt_version": "1.11.7", "profile_name": "dbt_project", "target_name": "dev", "connection_name": "list_dev"} */

    
    select schema_name
    from system.information_schema.schemata
    
    where lower(catalog_name) = '"dev"'
    
  
  
[0m17:07:16.751060 [debug] [ThreadPool]: Opening a new connection, currently in state init
[0m17:07:16.790769 [debug] [ThreadPool]: SQL status: OK in 0.039 seconds
[0m17:07:16.791770 [debug] [ThreadPool]: On list_dev: Close
[0m17:07:16.792785 [debug] [ThreadPool]: Re-using an available connection from the pool (formerly list_dev, now create_dev_main)
[0m17:07:16.793773 [debug] [ThreadPool]: Creating schema "database: "dev"
schema: "main"
"
[0m17:07:16.798786 [debug] [ThreadPool]: Using duckdb connection "create_dev_main"
[0m17:07:16.799770 [debug] [ThreadPool]: On create_dev_main: /* {"app": "dbt", "dbt_version": "1.11.7", "profile_name": "dbt_project", "target_name": "dev", "connection_name": "create_dev_main"} */

    
        select type from duckdb_databases()
        where lower(database_name)='dev'
        and type='sqlite'
    
  
[0m17:07:16.799770 [debug] [ThreadPool]: Opening a new connection, currently in state closed
[0m17:07:16.800770 [debug] [ThreadPool]: SQL status: OK in 0.001 seconds
[0m17:07:16.801769 [debug] [ThreadPool]: Using duckdb connection "create_dev_main"
[0m17:07:16.802770 [debug] [ThreadPool]: On create_dev_main: BEGIN
[0m17:07:16.802770 [debug] [ThreadPool]: SQL status: OK in 0.000 seconds
[0m17:07:16.803783 [debug] [ThreadPool]: Using duckdb connection "create_dev_main"
[0m17:07:16.803783 [debug] [ThreadPool]: On create_dev_main: /* {"app": "dbt", "dbt_version": "1.11.7", "profile_name": "dbt_project", "target_name": "dev", "connection_name": "create_dev_main"} */

    
    
        create schema if not exists "dev"."main"
    
[0m17:07:16.804999 [debug] [ThreadPool]: SQL status: OK in 0.001 seconds
[0m17:07:16.804999 [debug] [ThreadPool]: On create_dev_main: COMMIT
[0m17:07:16.806037 [debug] [ThreadPool]: Using duckdb connection "create_dev_main"
[0m17:07:16.806037 [debug] [ThreadPool]: On create_dev_main: COMMIT
[0m17:07:16.806037 [debug] [ThreadPool]: SQL status: OK in 0.000 seconds
[0m17:07:16.807004 [debug] [ThreadPool]: On create_dev_main: Close
[0m17:07:16.808019 [debug] [ThreadPool]: Acquiring new duckdb connection 'list_dev_main'
[0m17:07:16.812022 [debug] [ThreadPool]: Using duckdb connection "list_dev_main"
[0m17:07:16.812022 [debug] [ThreadPool]: On list_dev_main: BEGIN
[0m17:07:16.812022 [debug] [ThreadPool]: Opening a new connection, currently in state init
[0m17:07:16.812022 [debug] [ThreadPool]: SQL status: OK in 0.000 seconds
[0m17:07:16.812022 [debug] [ThreadPool]: Using duckdb connection "list_dev_main"
[0m17:07:16.813488 [debug] [ThreadPool]: On list_dev_main: /* {"app": "dbt", "dbt_version": "1.11.7", "profile_name": "dbt_project", "target_name": "dev", "connection_name": "list_dev_main"} */
select
      'dev' as database,
      table_name as name,
      table_schema as schema,
      CASE table_type
        WHEN 'BASE TABLE' THEN 'table'
        WHEN 'VIEW' THEN 'view'
        WHEN 'LOCAL TEMPORARY' THEN 'table'
        END as type
    from system.information_schema.tables
    where lower(table_schema) = 'main'
    and lower(table_catalog) = 'dev'
  
[0m17:07:16.819478 [debug] [ThreadPool]: SQL status: OK in 0.006 seconds
[0m17:07:16.820551 [debug] [ThreadPool]: On list_dev_main: ROLLBACK
[0m17:07:16.841567 [debug] [ThreadPool]: Failed to rollback 'list_dev_main'
[0m17:07:16.841567 [debug] [ThreadPool]: On list_dev_main: Close
[0m17:07:16.843429 [debug] [MainThread]: Sending event: {'category': 'dbt', 'action': 'runnable_timing', 'label': '0726c7c2-a9f2-4901-b2c6-4a45c6ebd6b8', 'context': [<snowplow_tracker.self_describing_json.SelfDescribingJson object at 0x00000159876CC750>]}
[0m17:07:16.843429 [debug] [MainThread]: Using duckdb connection "master"
[0m17:07:16.843429 [debug] [MainThread]: On master: BEGIN
[0m17:07:16.844456 [debug] [MainThread]: Opening a new connection, currently in state init
[0m17:07:16.844456 [debug] [MainThread]: SQL status: OK in 0.000 seconds
[0m17:07:16.844456 [debug] [MainThread]: On master: COMMIT
[0m17:07:16.845448 [debug] [MainThread]: Using duckdb connection "master"
[0m17:07:16.845448 [debug] [MainThread]: On master: COMMIT
[0m17:07:16.845448 [debug] [MainThread]: SQL status: OK in 0.000 seconds
[0m17:07:16.846589 [debug] [MainThread]: On master: Close
[0m17:07:16.850858 [debug] [Thread-1 (]: Began running node model.dbt_project.stg_delivery_timeline
[0m17:07:16.851864 [info ] [Thread-1 (]: 1 of 3 START sql view model main.stg_delivery_timeline ......................... [RUN]
[0m17:07:16.851864 [debug] [Thread-1 (]: Acquiring new duckdb connection 'model.dbt_project.stg_delivery_timeline'
[0m17:07:16.852866 [debug] [Thread-1 (]: Began compiling node model.dbt_project.stg_delivery_timeline
[0m17:07:16.856868 [debug] [Thread-1 (]: Writing injected SQL for node "model.dbt_project.stg_delivery_timeline"
[0m17:07:16.857866 [debug] [Thread-1 (]: Began executing node model.dbt_project.stg_delivery_timeline
[0m17:07:16.880816 [debug] [Thread-1 (]: Writing runtime sql for node "model.dbt_project.stg_delivery_timeline"
[0m17:07:16.881816 [debug] [Thread-1 (]: Using duckdb connection "model.dbt_project.stg_delivery_timeline"
[0m17:07:16.881816 [debug] [Thread-1 (]: On model.dbt_project.stg_delivery_timeline: BEGIN
[0m17:07:16.882816 [debug] [Thread-1 (]: Opening a new connection, currently in state init
[0m17:07:16.883817 [debug] [Thread-1 (]: SQL status: OK in 0.001 seconds
[0m17:07:16.883817 [debug] [Thread-1 (]: Using duckdb connection "model.dbt_project.stg_delivery_timeline"
[0m17:07:16.884841 [debug] [Thread-1 (]: On model.dbt_project.stg_delivery_timeline: /* {"app": "dbt", "dbt_version": "1.11.7", "profile_name": "dbt_project", "target_name": "dev", "node_id": "model.dbt_project.stg_delivery_timeline"} */

  
  create view "dev"."main"."stg_delivery_timeline__dbt_tmp" as (
    select *
from read_parquet('../data/silver/delivery_timeline.parquet')
  );

[0m17:07:16.889435 [debug] [Thread-1 (]: SQL status: OK in 0.004 seconds
[0m17:07:16.894435 [debug] [Thread-1 (]: Using duckdb connection "model.dbt_project.stg_delivery_timeline"
[0m17:07:16.894435 [debug] [Thread-1 (]: On model.dbt_project.stg_delivery_timeline: /* {"app": "dbt", "dbt_version": "1.11.7", "profile_name": "dbt_project", "target_name": "dev", "node_id": "model.dbt_project.stg_delivery_timeline"} */
alter view "dev"."main"."stg_delivery_timeline__dbt_tmp" rename to "stg_delivery_timeline"
[0m17:07:16.895434 [debug] [Thread-1 (]: SQL status: OK in 0.000 seconds
[0m17:07:16.901433 [debug] [Thread-1 (]: On model.dbt_project.stg_delivery_timeline: COMMIT
[0m17:07:16.901433 [debug] [Thread-1 (]: Using duckdb connection "model.dbt_project.stg_delivery_timeline"
[0m17:07:16.901433 [debug] [Thread-1 (]: On model.dbt_project.stg_delivery_timeline: COMMIT
[0m17:07:16.903856 [debug] [Thread-1 (]: SQL status: OK in 0.002 seconds
[0m17:07:16.909862 [debug] [Thread-1 (]: Using duckdb connection "model.dbt_project.stg_delivery_timeline"
[0m17:07:16.909862 [debug] [Thread-1 (]: On model.dbt_project.stg_delivery_timeline: /* {"app": "dbt", "dbt_version": "1.11.7", "profile_name": "dbt_project", "target_name": "dev", "node_id": "model.dbt_project.stg_delivery_timeline"} */

      drop view if exists "dev"."main"."stg_delivery_timeline__dbt_backup" cascade
    
[0m17:07:16.910862 [debug] [Thread-1 (]: SQL status: OK in 0.000 seconds
[0m17:07:16.912860 [debug] [Thread-1 (]: On model.dbt_project.stg_delivery_timeline: Close
[0m17:07:16.914861 [debug] [Thread-1 (]: Sending event: {'category': 'dbt', 'action': 'run_model', 'label': '0726c7c2-a9f2-4901-b2c6-4a45c6ebd6b8', 'context': [<snowplow_tracker.self_describing_json.SelfDescribingJson object at 0x00000159878E3610>]}
[0m17:07:16.914861 [info ] [Thread-1 (]: 1 of 3 OK created sql view model main.stg_delivery_timeline .................... [[32mOK[0m in 0.06s]
[0m17:07:16.915963 [debug] [Thread-1 (]: Finished running node model.dbt_project.stg_delivery_timeline
[0m17:07:16.915963 [debug] [Thread-1 (]: Began running node model.dbt_project.stg_order_facts
[0m17:07:16.916868 [info ] [Thread-1 (]: 2 of 3 START sql view model main.stg_order_facts ............................... [RUN]
[0m17:07:16.917862 [debug] [Thread-1 (]: Re-using an available connection from the pool (formerly model.dbt_project.stg_delivery_timeline, now model.dbt_project.stg_order_facts)
[0m17:07:16.917862 [debug] [Thread-1 (]: Began compiling node model.dbt_project.stg_order_facts
[0m17:07:16.919882 [debug] [Thread-1 (]: Writing injected SQL for node "model.dbt_project.stg_order_facts"
[0m17:07:16.919882 [debug] [Thread-1 (]: Began executing node model.dbt_project.stg_order_facts
[0m17:07:16.922861 [debug] [Thread-1 (]: Writing runtime sql for node "model.dbt_project.stg_order_facts"
[0m17:07:16.923861 [debug] [Thread-1 (]: Using duckdb connection "model.dbt_project.stg_order_facts"
[0m17:07:16.924861 [debug] [Thread-1 (]: On model.dbt_project.stg_order_facts: BEGIN
[0m17:07:16.924861 [debug] [Thread-1 (]: Opening a new connection, currently in state closed
[0m17:07:16.924861 [debug] [Thread-1 (]: SQL status: OK in 0.001 seconds
[0m17:07:16.925907 [debug] [Thread-1 (]: Using duckdb connection "model.dbt_project.stg_order_facts"
[0m17:07:16.925907 [debug] [Thread-1 (]: On model.dbt_project.stg_order_facts: /* {"app": "dbt", "dbt_version": "1.11.7", "profile_name": "dbt_project", "target_name": "dev", "node_id": "model.dbt_project.stg_order_facts"} */

  
  create view "dev"."main"."stg_order_facts__dbt_tmp" as (
    select *
from read_parquet('../data/silver/order_facts.parquet')
  );

[0m17:07:16.926861 [debug] [Thread-1 (]: SQL status: OK in 0.001 seconds
[0m17:07:16.928863 [debug] [Thread-1 (]: Using duckdb connection "model.dbt_project.stg_order_facts"
[0m17:07:16.929926 [debug] [Thread-1 (]: On model.dbt_project.stg_order_facts: /* {"app": "dbt", "dbt_version": "1.11.7", "profile_name": "dbt_project", "target_name": "dev", "node_id": "model.dbt_project.stg_order_facts"} */
alter view "dev"."main"."stg_order_facts__dbt_tmp" rename to "stg_order_facts"
[0m17:07:16.929926 [debug] [Thread-1 (]: SQL status: OK in 0.000 seconds
[0m17:07:16.930862 [debug] [Thread-1 (]: On model.dbt_project.stg_order_facts: COMMIT
[0m17:07:16.930862 [debug] [Thread-1 (]: Using duckdb connection "model.dbt_project.stg_order_facts"
[0m17:07:16.931955 [debug] [Thread-1 (]: On model.dbt_project.stg_order_facts: COMMIT
[0m17:07:16.932863 [debug] [Thread-1 (]: SQL status: OK in 0.001 seconds
[0m17:07:16.935148 [debug] [Thread-1 (]: Using duckdb connection "model.dbt_project.stg_order_facts"
[0m17:07:16.935148 [debug] [Thread-1 (]: On model.dbt_project.stg_order_facts: /* {"app": "dbt", "dbt_version": "1.11.7", "profile_name": "dbt_project", "target_name": "dev", "node_id": "model.dbt_project.stg_order_facts"} */

      drop view if exists "dev"."main"."stg_order_facts__dbt_backup" cascade
    
[0m17:07:16.936305 [debug] [Thread-1 (]: SQL status: OK in 0.000 seconds
[0m17:07:16.937318 [debug] [Thread-1 (]: On model.dbt_project.stg_order_facts: Close
[0m17:07:16.937318 [debug] [Thread-1 (]: Sending event: {'category': 'dbt', 'action': 'run_model', 'label': '0726c7c2-a9f2-4901-b2c6-4a45c6ebd6b8', 'context': [<snowplow_tracker.self_describing_json.SelfDescribingJson object at 0x00000159877C0890>]}
[0m17:07:16.938311 [info ] [Thread-1 (]: 2 of 3 OK created sql view model main.stg_order_facts .......................... [[32mOK[0m in 0.02s]
[0m17:07:16.939311 [debug] [Thread-1 (]: Finished running node model.dbt_project.stg_order_facts
[0m17:07:16.939311 [debug] [Thread-1 (]: Began running node model.dbt_project.stg_orders
[0m17:07:16.940318 [info ] [Thread-1 (]: 3 of 3 START sql view model main.stg_orders .................................... [RUN]
[0m17:07:16.940318 [debug] [Thread-1 (]: Re-using an available connection from the pool (formerly model.dbt_project.stg_order_facts, now model.dbt_project.stg_orders)
[0m17:07:16.940318 [debug] [Thread-1 (]: Began compiling node model.dbt_project.stg_orders
[0m17:07:16.942316 [debug] [Thread-1 (]: Writing injected SQL for node "model.dbt_project.stg_orders"
[0m17:07:16.942316 [debug] [Thread-1 (]: Began executing node model.dbt_project.stg_orders
[0m17:07:16.945327 [debug] [Thread-1 (]: Writing runtime sql for node "model.dbt_project.stg_orders"
[0m17:07:16.945327 [debug] [Thread-1 (]: Using duckdb connection "model.dbt_project.stg_orders"
[0m17:07:16.946310 [debug] [Thread-1 (]: On model.dbt_project.stg_orders: BEGIN
[0m17:07:16.946310 [debug] [Thread-1 (]: Opening a new connection, currently in state closed
[0m17:07:16.947379 [debug] [Thread-1 (]: SQL status: OK in 0.001 seconds
[0m17:07:16.947379 [debug] [Thread-1 (]: Using duckdb connection "model.dbt_project.stg_orders"
[0m17:07:16.947379 [debug] [Thread-1 (]: On model.dbt_project.stg_orders: /* {"app": "dbt", "dbt_version": "1.11.7", "profile_name": "dbt_project", "target_name": "dev", "node_id": "model.dbt_project.stg_orders"} */

  
  create view "dev"."main"."stg_orders__dbt_tmp" as (
    select *
from read_parquet('../data/silver/orders.parquet')
  );

[0m17:07:16.948762 [debug] [Thread-1 (]: SQL status: OK in 0.001 seconds
[0m17:07:16.952880 [debug] [Thread-1 (]: Using duckdb connection "model.dbt_project.stg_orders"
[0m17:07:16.952880 [debug] [Thread-1 (]: On model.dbt_project.stg_orders: /* {"app": "dbt", "dbt_version": "1.11.7", "profile_name": "dbt_project", "target_name": "dev", "node_id": "model.dbt_project.stg_orders"} */
alter view "dev"."main"."stg_orders" rename to "stg_orders__dbt_backup"
[0m17:07:16.953886 [debug] [Thread-1 (]: SQL status: OK in 0.000 seconds
[0m17:07:16.955864 [debug] [Thread-1 (]: Using duckdb connection "model.dbt_project.stg_orders"
[0m17:07:16.956861 [debug] [Thread-1 (]: On model.dbt_project.stg_orders: /* {"app": "dbt", "dbt_version": "1.11.7", "profile_name": "dbt_project", "target_name": "dev", "node_id": "model.dbt_project.stg_orders"} */
alter view "dev"."main"."stg_orders__dbt_tmp" rename to "stg_orders"
[0m17:07:16.956861 [debug] [Thread-1 (]: SQL status: OK in 0.000 seconds
[0m17:07:16.960085 [debug] [Thread-1 (]: On model.dbt_project.stg_orders: COMMIT
[0m17:07:16.960085 [debug] [Thread-1 (]: Using duckdb connection "model.dbt_project.stg_orders"
[0m17:07:16.960085 [debug] [Thread-1 (]: On model.dbt_project.stg_orders: COMMIT
[0m17:07:16.961959 [debug] [Thread-1 (]: SQL status: OK in 0.001 seconds
[0m17:07:16.963964 [debug] [Thread-1 (]: Using duckdb connection "model.dbt_project.stg_orders"
[0m17:07:16.964966 [debug] [Thread-1 (]: On model.dbt_project.stg_orders: /* {"app": "dbt", "dbt_version": "1.11.7", "profile_name": "dbt_project", "target_name": "dev", "node_id": "model.dbt_project.stg_orders"} */

      drop view if exists "dev"."main"."stg_orders__dbt_backup" cascade
    
[0m17:07:16.965964 [debug] [Thread-1 (]: SQL status: OK in 0.001 seconds
[0m17:07:16.966966 [debug] [Thread-1 (]: On model.dbt_project.stg_orders: Close
[0m17:07:16.967982 [debug] [Thread-1 (]: Sending event: {'category': 'dbt', 'action': 'run_model', 'label': '0726c7c2-a9f2-4901-b2c6-4a45c6ebd6b8', 'context': [<snowplow_tracker.self_describing_json.SelfDescribingJson object at 0x0000015982EFAD50>]}
[0m17:07:16.967982 [info ] [Thread-1 (]: 3 of 3 OK created sql view model main.stg_orders ............................... [[32mOK[0m in 0.03s]
[0m17:07:16.969046 [debug] [Thread-1 (]: Finished running node model.dbt_project.stg_orders
[0m17:07:16.970967 [debug] [MainThread]: Using duckdb connection "master"
[0m17:07:16.971964 [debug] [MainThread]: On master: BEGIN
[0m17:07:16.971964 [debug] [MainThread]: Opening a new connection, currently in state closed
[0m17:07:16.972965 [debug] [MainThread]: SQL status: OK in 0.001 seconds
[0m17:07:16.972965 [debug] [MainThread]: On master: COMMIT
[0m17:07:16.972965 [debug] [MainThread]: Using duckdb connection "master"
[0m17:07:16.973967 [debug] [MainThread]: On master: COMMIT
[0m17:07:16.973967 [debug] [MainThread]: SQL status: OK in 0.000 seconds
[0m17:07:16.973967 [debug] [MainThread]: On master: Close
[0m17:07:16.974964 [debug] [MainThread]: Connection 'master' was properly closed.
[0m17:07:16.974964 [debug] [MainThread]: Connection 'create_dev_main' was properly closed.
[0m17:07:16.974964 [debug] [MainThread]: Connection 'list_dev_main' was properly closed.
[0m17:07:16.974964 [debug] [MainThread]: Connection 'model.dbt_project.stg_orders' was properly closed.
[0m17:07:16.975963 [info ] [MainThread]: 
[0m17:07:16.975963 [info ] [MainThread]: Finished running 3 view models in 0 hours 0 minutes and 1.93 seconds (1.93s).
[0m17:07:16.976964 [debug] [MainThread]: Command end result
[0m17:07:16.994979 [debug] [MainThread]: Wrote artifact WritableManifest to C:\DE_projects\food_del_pipeline\target\manifest.json
[0m17:07:16.996969 [debug] [MainThread]: Wrote artifact SemanticManifest to C:\DE_projects\food_del_pipeline\target\semantic_manifest.json
[0m17:07:17.001965 [debug] [MainThread]: Wrote artifact RunExecutionResult to C:\DE_projects\food_del_pipeline\target\run_results.json
[0m17:07:17.002977 [info ] [MainThread]: 
[0m17:07:17.003967 [info ] [MainThread]: [32mCompleted successfully[0m
[0m17:07:17.003967 [info ] [MainThread]: 
[0m17:07:17.004963 [info ] [MainThread]: Done. PASS=3 WARN=0 ERROR=0 SKIP=0 NO-OP=0 TOTAL=3
[0m17:07:17.005964 [debug] [MainThread]: Command `dbt run` succeeded at 17:07:17.005964 after 4.05 seconds
[0m17:07:17.005964 [debug] [MainThread]: Sending event: {'category': 'dbt', 'action': 'invocation', 'label': 'end', 'context': [<snowplow_tracker.self_describing_json.SelfDescribingJson object at 0x00000159FFA53E90>, <snowplow_tracker.self_describing_json.SelfDescribingJson object at 0x00000159FF9D6C50>, <snowplow_tracker.self_describing_json.SelfDescribingJson object at 0x00000159FF9D7DD0>]}
[0m17:07:17.006964 [debug] [MainThread]: Flushing usage events
[0m17:07:18.830246 [debug] [MainThread]: An error was encountered while trying to flush usage events
[0m17:12:23.453708 [debug] [MainThread]: Sending event: {'category': 'dbt', 'action': 'invocation', 'label': 'start', 'context': [<snowplow_tracker.self_describing_json.SelfDescribingJson object at 0x0000018E94E66990>, <snowplow_tracker.self_describing_json.SelfDescribingJson object at 0x0000018E94E6E3D0>, <snowplow_tracker.self_describing_json.SelfDescribingJson object at 0x0000018E94E6EC50>]}


============================== 17:12:23.457733 | 922c7fee-453f-4fb3-8fcc-095e9f4c24fe ==============================
[0m17:12:23.457733 [info ] [MainThread]: Running with dbt=1.11.7
[0m17:12:23.457733 [debug] [MainThread]: running dbt with arguments {'static_parser': 'True', 'no_print': 'None', 'version_check': 'True', 'target_path': 'None', 'warn_error_options': 'WarnErrorOptionsV2(error=[], warn=[], silence=[])', 'printer_width': '80', 'write_json': 'True', 'empty': 'None', 'log_cache_events': 'False', 'introspect': 'True', 'cache_selected_only': 'False', 'fail_fast': 'False', 'debug': 'False', 'log_format': 'default', 'partial_parse': 'True', 'send_anonymous_usage_stats': 'True', 'quiet': 'False', 'warn_error': 'None', 'profiles_dir': 'C:\\Users\\HP\\.dbt', 'invocation_command': 'dbt ls', 'indirect_selection': 'eager', 'use_colors': 'True', 'use_experimental_parser': 'False', 'log_path': 'C:\\DE_projects\\food_del_pipeline\\logs'}
[0m17:12:23.621650 [debug] [MainThread]: Sending event: {'category': 'dbt', 'action': 'project_id', 'label': '922c7fee-453f-4fb3-8fcc-095e9f4c24fe', 'context': [<snowplow_tracker.self_describing_json.SelfDescribingJson object at 0x0000018E96043A10>]}
[0m17:12:23.664653 [debug] [MainThread]: Sending event: {'category': 'dbt', 'action': 'adapter_info', 'label': '922c7fee-453f-4fb3-8fcc-095e9f4c24fe', 'context': [<snowplow_tracker.self_describing_json.SelfDescribingJson object at 0x0000018E93E5AD10>]}
[0m17:12:23.666638 [info ] [MainThread]: Registered adapter: duckdb=1.10.1
[0m17:12:23.812814 [debug] [MainThread]: checksum: b80718358155fc17c3559352095564dd56ada1cc1a1c0ef2e62c857e71583775, vars: {}, profile: , target: , version: 1.11.7
[0m17:12:23.919289 [debug] [MainThread]: Partial parsing enabled: 0 files deleted, 0 files added, 0 files changed.
[0m17:12:23.919289 [debug] [MainThread]: Nothing changed, skipping partial parsing.
[0m17:12:23.919289 [debug] [MainThread]: Partial parsing enabled, no changes found, skipping parsing
[0m17:12:23.924279 [warn ] [MainThread]: [[33mWARNING[0m]: Configuration paths exist in your dbt_project.yml file which do not apply to any resources.
There are 1 unused configuration paths:
- models.dbt_project.example
[0m17:12:23.943332 [debug] [MainThread]: Sending event: {'category': 'dbt', 'action': 'load_project', 'label': '922c7fee-453f-4fb3-8fcc-095e9f4c24fe', 'context': [<snowplow_tracker.self_describing_json.SelfDescribingJson object at 0x0000018E945F8850>]}
[0m17:12:23.993558 [debug] [MainThread]: Wrote artifact WritableManifest to C:\DE_projects\food_del_pipeline\target\manifest.json
[0m17:12:23.995559 [debug] [MainThread]: Wrote artifact SemanticManifest to C:\DE_projects\food_del_pipeline\target\semantic_manifest.json
[0m17:12:24.020806 [debug] [MainThread]: Sending event: {'category': 'dbt', 'action': 'resource_counts', 'label': '922c7fee-453f-4fb3-8fcc-095e9f4c24fe', 'context': [<snowplow_tracker.self_describing_json.SelfDescribingJson object at 0x0000018E9630A5D0>]}
[0m17:12:24.021840 [info ] [MainThread]: Found 3 models, 3 sources, 474 macros
[0m17:12:24.021840 [debug] [MainThread]: Sending event: {'category': 'dbt', 'action': 'runnable_timing', 'label': '922c7fee-453f-4fb3-8fcc-095e9f4c24fe', 'context': [<snowplow_tracker.self_describing_json.SelfDescribingJson object at 0x0000018E96106890>]}
[0m17:12:24.022788 [info ] [MainThread]: dbt_project.staging.stg_delivery_timeline
[0m17:12:24.022788 [info ] [MainThread]: dbt_project.staging.stg_order_facts
[0m17:12:24.022788 [info ] [MainThread]: dbt_project.staging.stg_orders
[0m17:12:24.024202 [info ] [MainThread]: source:dbt_project.bronze.delivery_events
[0m17:12:24.024202 [info ] [MainThread]: source:dbt_project.bronze.orders
[0m17:12:24.024202 [info ] [MainThread]: source:dbt_project.bronze.refunds
[0m17:12:24.025206 [debug] [MainThread]: Command `dbt ls` succeeded at 17:12:24.025206 after 0.63 seconds
[0m17:12:24.025206 [debug] [MainThread]: Sending event: {'category': 'dbt', 'action': 'invocation', 'label': 'end', 'context': [<snowplow_tracker.self_describing_json.SelfDescribingJson object at 0x0000018E94C07250>, <snowplow_tracker.self_describing_json.SelfDescribingJson object at 0x0000018E94C06610>, <snowplow_tracker.self_describing_json.SelfDescribingJson object at 0x0000018E8E3D3E90>]}
[0m17:12:24.026207 [debug] [MainThread]: Flushing usage events
[0m17:12:25.479489 [debug] [MainThread]: An error was encountered while trying to flush usage events
[0m17:25:01.231266 [debug] [MainThread]: Sending event: {'category': 'dbt', 'action': 'invocation', 'label': 'start', 'context': [<snowplow_tracker.self_describing_json.SelfDescribingJson object at 0x0000025FA0926790>, <snowplow_tracker.self_describing_json.SelfDescribingJson object at 0x0000025FA1929A50>, <snowplow_tracker.self_describing_json.SelfDescribingJson object at 0x0000025FA1929E50>]}


============================== 17:25:01.234823 | d72d8e84-e69a-4680-b57e-70d10953cdae ==============================
[0m17:25:01.234823 [info ] [MainThread]: Running with dbt=1.11.7
[0m17:25:01.235799 [debug] [MainThread]: running dbt with arguments {'version_check': 'True', 'no_print': 'None', 'static_parser': 'True', 'warn_error_options': 'WarnErrorOptionsV2(error=[], warn=[], silence=[])', 'target_path': 'None', 'printer_width': '80', 'write_json': 'True', 'empty': 'False', 'log_cache_events': 'False', 'introspect': 'True', 'cache_selected_only': 'False', 'fail_fast': 'False', 'debug': 'False', 'log_format': 'default', 'partial_parse': 'True', 'send_anonymous_usage_stats': 'True', 'quiet': 'False', 'warn_error': 'None', 'profiles_dir': 'C:\\Users\\HP\\.dbt', 'invocation_command': 'dbt run', 'use_colors': 'True', 'indirect_selection': 'eager', 'use_experimental_parser': 'False', 'log_path': 'C:\\DE_projects\\food_del_pipeline\\logs'}
[0m17:25:01.392484 [debug] [MainThread]: Sending event: {'category': 'dbt', 'action': 'project_id', 'label': 'd72d8e84-e69a-4680-b57e-70d10953cdae', 'context': [<snowplow_tracker.self_describing_json.SelfDescribingJson object at 0x0000025FA19CEB10>]}
[0m17:25:01.432958 [debug] [MainThread]: Sending event: {'category': 'dbt', 'action': 'adapter_info', 'label': 'd72d8e84-e69a-4680-b57e-70d10953cdae', 'context': [<snowplow_tracker.self_describing_json.SelfDescribingJson object at 0x0000025F9F91AA90>]}
[0m17:25:01.435065 [info ] [MainThread]: Registered adapter: duckdb=1.10.1
[0m17:25:01.575955 [debug] [MainThread]: checksum: b80718358155fc17c3559352095564dd56ada1cc1a1c0ef2e62c857e71583775, vars: {}, profile: , target: , version: 1.11.7
[0m17:25:01.689037 [debug] [MainThread]: Partial parsing enabled: 0 files deleted, 3 files added, 3 files changed.
[0m17:25:01.690025 [debug] [MainThread]: Partial parsing: added file: dbt_project://dbt_project/models\intermediate\int_restaurants_metrics.sql
[0m17:25:01.690669 [debug] [MainThread]: Partial parsing: added file: dbt_project://dbt_project/models\intermediate\int_sla_metrics.sql
[0m17:25:01.690669 [debug] [MainThread]: Partial parsing: added file: dbt_project://dbt_project/models\intermediate\int_rider_metrics.sql
[0m17:25:01.690669 [debug] [MainThread]: Partial parsing: updated file: dbt_project://dbt_project/models\staging\stg_orders.sql
[0m17:25:01.691687 [debug] [MainThread]: Partial parsing: updated file: dbt_project://dbt_project/models\staging\stg_order_facts.sql
[0m17:25:01.691687 [debug] [MainThread]: Partial parsing: updated file: dbt_project://dbt_project/models\staging\stg_delivery_timeline.sql
[0m17:25:01.903557 [warn ] [MainThread]: [[33mWARNING[0m]: Configuration paths exist in your dbt_project.yml file which do not apply to any resources.
There are 1 unused configuration paths:
- models.dbt_project.example
[0m17:25:01.913557 [debug] [MainThread]: Sending event: {'category': 'dbt', 'action': 'load_project', 'label': 'd72d8e84-e69a-4680-b57e-70d10953cdae', 'context': [<snowplow_tracker.self_describing_json.SelfDescribingJson object at 0x0000025FA20CF590>]}
[0m17:25:01.959554 [debug] [MainThread]: Wrote artifact WritableManifest to C:\DE_projects\food_del_pipeline\target\manifest.json
[0m17:25:01.961133 [debug] [MainThread]: Wrote artifact SemanticManifest to C:\DE_projects\food_del_pipeline\target\semantic_manifest.json
[0m17:25:01.979531 [debug] [MainThread]: Sending event: {'category': 'dbt', 'action': 'resource_counts', 'label': 'd72d8e84-e69a-4680-b57e-70d10953cdae', 'context': [<snowplow_tracker.self_describing_json.SelfDescribingJson object at 0x0000025FA201F190>]}
[0m17:25:01.979531 [info ] [MainThread]: Found 6 models, 3 sources, 474 macros
[0m17:25:01.980534 [debug] [MainThread]: Sending event: {'category': 'dbt', 'action': 'runnable_timing', 'label': 'd72d8e84-e69a-4680-b57e-70d10953cdae', 'context': [<snowplow_tracker.self_describing_json.SelfDescribingJson object at 0x0000025FA0863810>]}
[0m17:25:01.981798 [info ] [MainThread]: 
[0m17:25:01.981798 [info ] [MainThread]: Concurrency: 1 threads (target='dev')
[0m17:25:01.982808 [info ] [MainThread]: 
[0m17:25:01.982808 [debug] [MainThread]: Acquiring new duckdb connection 'master'
[0m17:25:01.986680 [debug] [ThreadPool]: Acquiring new duckdb connection 'list_dev'
[0m17:25:02.033263 [debug] [ThreadPool]: Using duckdb connection "list_dev"
[0m17:25:02.033263 [debug] [ThreadPool]: On list_dev: /* {"app": "dbt", "dbt_version": "1.11.7", "profile_name": "dbt_project", "target_name": "dev", "connection_name": "list_dev"} */

    
    select schema_name
    from system.information_schema.schemata
    
    where lower(catalog_name) = '"dev"'
    
  
  
[0m17:25:02.034264 [debug] [ThreadPool]: Opening a new connection, currently in state init
[0m17:25:02.045263 [debug] [ThreadPool]: SQL status: OK in 0.012 seconds
[0m17:25:02.046265 [debug] [ThreadPool]: On list_dev: Close
[0m17:25:02.047265 [debug] [ThreadPool]: Re-using an available connection from the pool (formerly list_dev, now create_dev_main)
[0m17:25:02.047265 [debug] [ThreadPool]: Creating schema "database: "dev"
schema: "main"
"
[0m17:25:02.052264 [debug] [ThreadPool]: Using duckdb connection "create_dev_main"
[0m17:25:02.052264 [debug] [ThreadPool]: On create_dev_main: /* {"app": "dbt", "dbt_version": "1.11.7", "profile_name": "dbt_project", "target_name": "dev", "connection_name": "create_dev_main"} */

    
        select type from duckdb_databases()
        where lower(database_name)='dev'
        and type='sqlite'
    
  
[0m17:25:02.052264 [debug] [ThreadPool]: Opening a new connection, currently in state closed
[0m17:25:02.053264 [debug] [ThreadPool]: SQL status: OK in 0.001 seconds
[0m17:25:02.054265 [debug] [ThreadPool]: Using duckdb connection "create_dev_main"
[0m17:25:02.054265 [debug] [ThreadPool]: On create_dev_main: BEGIN
[0m17:25:02.055264 [debug] [ThreadPool]: SQL status: OK in 0.000 seconds
[0m17:25:02.055264 [debug] [ThreadPool]: Using duckdb connection "create_dev_main"
[0m17:25:02.055264 [debug] [ThreadPool]: On create_dev_main: /* {"app": "dbt", "dbt_version": "1.11.7", "profile_name": "dbt_project", "target_name": "dev", "connection_name": "create_dev_main"} */

    
    
        create schema if not exists "dev"."main"
    
[0m17:25:02.056264 [debug] [ThreadPool]: SQL status: OK in 0.000 seconds
[0m17:25:02.056264 [debug] [ThreadPool]: On create_dev_main: COMMIT
[0m17:25:02.057376 [debug] [ThreadPool]: Using duckdb connection "create_dev_main"
[0m17:25:02.057376 [debug] [ThreadPool]: On create_dev_main: COMMIT
[0m17:25:02.057376 [debug] [ThreadPool]: SQL status: OK in 0.000 seconds
[0m17:25:02.057376 [debug] [ThreadPool]: On create_dev_main: Close
[0m17:25:02.059316 [debug] [ThreadPool]: Acquiring new duckdb connection 'list_dev_main'
[0m17:25:02.063266 [debug] [ThreadPool]: Using duckdb connection "list_dev_main"
[0m17:25:02.063266 [debug] [ThreadPool]: On list_dev_main: BEGIN
[0m17:25:02.064266 [debug] [ThreadPool]: Opening a new connection, currently in state init
[0m17:25:02.064266 [debug] [ThreadPool]: SQL status: OK in 0.001 seconds
[0m17:25:02.064266 [debug] [ThreadPool]: Using duckdb connection "list_dev_main"
[0m17:25:02.064266 [debug] [ThreadPool]: On list_dev_main: /* {"app": "dbt", "dbt_version": "1.11.7", "profile_name": "dbt_project", "target_name": "dev", "connection_name": "list_dev_main"} */
select
      'dev' as database,
      table_name as name,
      table_schema as schema,
      CASE table_type
        WHEN 'BASE TABLE' THEN 'table'
        WHEN 'VIEW' THEN 'view'
        WHEN 'LOCAL TEMPORARY' THEN 'table'
        END as type
    from system.information_schema.tables
    where lower(table_schema) = 'main'
    and lower(table_catalog) = 'dev'
  
[0m17:25:02.067766 [debug] [ThreadPool]: SQL status: OK in 0.002 seconds
[0m17:25:02.067766 [debug] [ThreadPool]: On list_dev_main: ROLLBACK
[0m17:25:02.069271 [debug] [ThreadPool]: Failed to rollback 'list_dev_main'
[0m17:25:02.069271 [debug] [ThreadPool]: On list_dev_main: Close
[0m17:25:02.070278 [debug] [MainThread]: Sending event: {'category': 'dbt', 'action': 'runnable_timing', 'label': 'd72d8e84-e69a-4680-b57e-70d10953cdae', 'context': [<snowplow_tracker.self_describing_json.SelfDescribingJson object at 0x0000025FA19B4310>]}
[0m17:25:02.071284 [debug] [MainThread]: Using duckdb connection "master"
[0m17:25:02.071284 [debug] [MainThread]: On master: BEGIN
[0m17:25:02.071284 [debug] [MainThread]: Opening a new connection, currently in state init
[0m17:25:02.072347 [debug] [MainThread]: SQL status: OK in 0.000 seconds
[0m17:25:02.072347 [debug] [MainThread]: On master: COMMIT
[0m17:25:02.072347 [debug] [MainThread]: Using duckdb connection "master"
[0m17:25:02.072347 [debug] [MainThread]: On master: COMMIT
[0m17:25:02.073357 [debug] [MainThread]: SQL status: OK in 0.000 seconds
[0m17:25:02.073357 [debug] [MainThread]: On master: Close
[0m17:25:02.076352 [debug] [Thread-1 (]: Began running node model.dbt_project.stg_delivery_timeline
[0m17:25:02.076352 [info ] [Thread-1 (]: 1 of 6 START sql view model main.stg_delivery_timeline ......................... [RUN]
[0m17:25:02.077352 [debug] [Thread-1 (]: Acquiring new duckdb connection 'model.dbt_project.stg_delivery_timeline'
[0m17:25:02.077352 [debug] [Thread-1 (]: Began compiling node model.dbt_project.stg_delivery_timeline
[0m17:25:02.082353 [debug] [Thread-1 (]: Writing injected SQL for node "model.dbt_project.stg_delivery_timeline"
[0m17:25:02.083353 [debug] [Thread-1 (]: Began executing node model.dbt_project.stg_delivery_timeline
[0m17:25:02.102366 [debug] [Thread-1 (]: Writing runtime sql for node "model.dbt_project.stg_delivery_timeline"
[0m17:25:02.103366 [debug] [Thread-1 (]: Using duckdb connection "model.dbt_project.stg_delivery_timeline"
[0m17:25:02.104352 [debug] [Thread-1 (]: On model.dbt_project.stg_delivery_timeline: BEGIN
[0m17:25:02.104352 [debug] [Thread-1 (]: Opening a new connection, currently in state init
[0m17:25:02.105354 [debug] [Thread-1 (]: SQL status: OK in 0.001 seconds
[0m17:25:02.105354 [debug] [Thread-1 (]: Using duckdb connection "model.dbt_project.stg_delivery_timeline"
[0m17:25:02.105354 [debug] [Thread-1 (]: On model.dbt_project.stg_delivery_timeline: /* {"app": "dbt", "dbt_version": "1.11.7", "profile_name": "dbt_project", "target_name": "dev", "node_id": "model.dbt_project.stg_delivery_timeline"} */

  
  create view "dev"."main"."stg_delivery_timeline__dbt_tmp" as (
    SELECT *
FROM read_parquet('../data/silver/delivery_timeline.parquet')
  );

[0m17:25:02.106790 [debug] [Thread-1 (]: SQL status: OK in 0.001 seconds
[0m17:25:02.111809 [debug] [Thread-1 (]: Using duckdb connection "model.dbt_project.stg_delivery_timeline"
[0m17:25:02.111809 [debug] [Thread-1 (]: On model.dbt_project.stg_delivery_timeline: /* {"app": "dbt", "dbt_version": "1.11.7", "profile_name": "dbt_project", "target_name": "dev", "node_id": "model.dbt_project.stg_delivery_timeline"} */
alter view "dev"."main"."stg_delivery_timeline" rename to "stg_delivery_timeline__dbt_backup"
[0m17:25:02.111809 [debug] [Thread-1 (]: SQL status: OK in 0.000 seconds
[0m17:25:02.114082 [debug] [Thread-1 (]: Using duckdb connection "model.dbt_project.stg_delivery_timeline"
[0m17:25:02.115060 [debug] [Thread-1 (]: On model.dbt_project.stg_delivery_timeline: /* {"app": "dbt", "dbt_version": "1.11.7", "profile_name": "dbt_project", "target_name": "dev", "node_id": "model.dbt_project.stg_delivery_timeline"} */
alter view "dev"."main"."stg_delivery_timeline__dbt_tmp" rename to "stg_delivery_timeline"
[0m17:25:02.115617 [debug] [Thread-1 (]: SQL status: OK in 0.000 seconds
[0m17:25:02.122625 [debug] [Thread-1 (]: On model.dbt_project.stg_delivery_timeline: COMMIT
[0m17:25:02.122625 [debug] [Thread-1 (]: Using duckdb connection "model.dbt_project.stg_delivery_timeline"
[0m17:25:02.123626 [debug] [Thread-1 (]: On model.dbt_project.stg_delivery_timeline: COMMIT
[0m17:25:02.132101 [debug] [Thread-1 (]: SQL status: OK in 0.008 seconds
[0m17:25:02.135014 [debug] [Thread-1 (]: Using duckdb connection "model.dbt_project.stg_delivery_timeline"
[0m17:25:02.136009 [debug] [Thread-1 (]: On model.dbt_project.stg_delivery_timeline: /* {"app": "dbt", "dbt_version": "1.11.7", "profile_name": "dbt_project", "target_name": "dev", "node_id": "model.dbt_project.stg_delivery_timeline"} */

      drop view if exists "dev"."main"."stg_delivery_timeline__dbt_backup" cascade
    
[0m17:25:02.138023 [debug] [Thread-1 (]: SQL status: OK in 0.002 seconds
[0m17:25:02.139017 [debug] [Thread-1 (]: On model.dbt_project.stg_delivery_timeline: Close
[0m17:25:02.141114 [debug] [Thread-1 (]: Sending event: {'category': 'dbt', 'action': 'run_model', 'label': 'd72d8e84-e69a-4680-b57e-70d10953cdae', 'context': [<snowplow_tracker.self_describing_json.SelfDescribingJson object at 0x0000025FA1946A10>]}
[0m17:25:02.141114 [info ] [Thread-1 (]: 1 of 6 OK created sql view model main.stg_delivery_timeline .................... [[32mOK[0m in 0.06s]
[0m17:25:02.142129 [debug] [Thread-1 (]: Finished running node model.dbt_project.stg_delivery_timeline
[0m17:25:02.142129 [debug] [Thread-1 (]: Began running node model.dbt_project.stg_order_facts
[0m17:25:02.143120 [info ] [Thread-1 (]: 2 of 6 START sql view model main.stg_order_facts ............................... [RUN]
[0m17:25:02.144074 [debug] [Thread-1 (]: Re-using an available connection from the pool (formerly model.dbt_project.stg_delivery_timeline, now model.dbt_project.stg_order_facts)
[0m17:25:02.144074 [debug] [Thread-1 (]: Began compiling node model.dbt_project.stg_order_facts
[0m17:25:02.145115 [debug] [Thread-1 (]: Writing injected SQL for node "model.dbt_project.stg_order_facts"
[0m17:25:02.146120 [debug] [Thread-1 (]: Began executing node model.dbt_project.stg_order_facts
[0m17:25:02.148120 [debug] [Thread-1 (]: Writing runtime sql for node "model.dbt_project.stg_order_facts"
[0m17:25:02.149117 [debug] [Thread-1 (]: Using duckdb connection "model.dbt_project.stg_order_facts"
[0m17:25:02.149117 [debug] [Thread-1 (]: On model.dbt_project.stg_order_facts: BEGIN
[0m17:25:02.149117 [debug] [Thread-1 (]: Opening a new connection, currently in state closed
[0m17:25:02.150116 [debug] [Thread-1 (]: SQL status: OK in 0.000 seconds
[0m17:25:02.150116 [debug] [Thread-1 (]: Using duckdb connection "model.dbt_project.stg_order_facts"
[0m17:25:02.150116 [debug] [Thread-1 (]: On model.dbt_project.stg_order_facts: /* {"app": "dbt", "dbt_version": "1.11.7", "profile_name": "dbt_project", "target_name": "dev", "node_id": "model.dbt_project.stg_order_facts"} */

  
  create view "dev"."main"."stg_order_facts__dbt_tmp" as (
    SELECT *
FROM read_parquet('../data/silver/order_facts.parquet')
  );

[0m17:25:02.151114 [debug] [Thread-1 (]: SQL status: OK in 0.001 seconds
[0m17:25:02.154115 [debug] [Thread-1 (]: Using duckdb connection "model.dbt_project.stg_order_facts"
[0m17:25:02.154115 [debug] [Thread-1 (]: On model.dbt_project.stg_order_facts: /* {"app": "dbt", "dbt_version": "1.11.7", "profile_name": "dbt_project", "target_name": "dev", "node_id": "model.dbt_project.stg_order_facts"} */
alter view "dev"."main"."stg_order_facts" rename to "stg_order_facts__dbt_backup"
[0m17:25:02.155115 [debug] [Thread-1 (]: SQL status: OK in 0.000 seconds
[0m17:25:02.157115 [debug] [Thread-1 (]: Using duckdb connection "model.dbt_project.stg_order_facts"
[0m17:25:02.157115 [debug] [Thread-1 (]: On model.dbt_project.stg_order_facts: /* {"app": "dbt", "dbt_version": "1.11.7", "profile_name": "dbt_project", "target_name": "dev", "node_id": "model.dbt_project.stg_order_facts"} */
alter view "dev"."main"."stg_order_facts__dbt_tmp" rename to "stg_order_facts"
[0m17:25:02.159015 [debug] [Thread-1 (]: SQL status: OK in 0.001 seconds
[0m17:25:02.160111 [debug] [Thread-1 (]: On model.dbt_project.stg_order_facts: COMMIT
[0m17:25:02.162014 [debug] [Thread-1 (]: Using duckdb connection "model.dbt_project.stg_order_facts"
[0m17:25:02.162014 [debug] [Thread-1 (]: On model.dbt_project.stg_order_facts: COMMIT
[0m17:25:02.165252 [debug] [Thread-1 (]: SQL status: OK in 0.002 seconds
[0m17:25:02.166353 [debug] [Thread-1 (]: Using duckdb connection "model.dbt_project.stg_order_facts"
[0m17:25:02.167362 [debug] [Thread-1 (]: On model.dbt_project.stg_order_facts: /* {"app": "dbt", "dbt_version": "1.11.7", "profile_name": "dbt_project", "target_name": "dev", "node_id": "model.dbt_project.stg_order_facts"} */

      drop view if exists "dev"."main"."stg_order_facts__dbt_backup" cascade
    
[0m17:25:02.169328 [debug] [Thread-1 (]: SQL status: OK in 0.001 seconds
[0m17:25:02.169328 [debug] [Thread-1 (]: On model.dbt_project.stg_order_facts: Close
[0m17:25:02.170613 [debug] [Thread-1 (]: Sending event: {'category': 'dbt', 'action': 'run_model', 'label': 'd72d8e84-e69a-4680-b57e-70d10953cdae', 'context': [<snowplow_tracker.self_describing_json.SelfDescribingJson object at 0x0000025FA252E790>]}
[0m17:25:02.170613 [info ] [Thread-1 (]: 2 of 6 OK created sql view model main.stg_order_facts .......................... [[32mOK[0m in 0.03s]
[0m17:25:02.171995 [debug] [Thread-1 (]: Finished running node model.dbt_project.stg_order_facts
[0m17:25:02.171995 [debug] [Thread-1 (]: Began running node model.dbt_project.stg_orders
[0m17:25:02.173003 [info ] [Thread-1 (]: 3 of 6 START sql view model main.stg_orders .................................... [RUN]
[0m17:25:02.173003 [debug] [Thread-1 (]: Re-using an available connection from the pool (formerly model.dbt_project.stg_order_facts, now model.dbt_project.stg_orders)
[0m17:25:02.174011 [debug] [Thread-1 (]: Began compiling node model.dbt_project.stg_orders
[0m17:25:02.175275 [debug] [Thread-1 (]: Writing injected SQL for node "model.dbt_project.stg_orders"
[0m17:25:02.175275 [debug] [Thread-1 (]: Began executing node model.dbt_project.stg_orders
[0m17:25:02.178311 [debug] [Thread-1 (]: Writing runtime sql for node "model.dbt_project.stg_orders"
[0m17:25:02.179388 [debug] [Thread-1 (]: Using duckdb connection "model.dbt_project.stg_orders"
[0m17:25:02.179388 [debug] [Thread-1 (]: On model.dbt_project.stg_orders: BEGIN
[0m17:25:02.179388 [debug] [Thread-1 (]: Opening a new connection, currently in state closed
[0m17:25:02.180685 [debug] [Thread-1 (]: SQL status: OK in 0.001 seconds
[0m17:25:02.180685 [debug] [Thread-1 (]: Using duckdb connection "model.dbt_project.stg_orders"
[0m17:25:02.180685 [debug] [Thread-1 (]: On model.dbt_project.stg_orders: /* {"app": "dbt", "dbt_version": "1.11.7", "profile_name": "dbt_project", "target_name": "dev", "node_id": "model.dbt_project.stg_orders"} */

  
  create view "dev"."main"."stg_orders__dbt_tmp" as (
    SELECT *
FROM read_parquet('../data/silver/orders.parquet')
  );

[0m17:25:02.182031 [debug] [Thread-1 (]: SQL status: OK in 0.001 seconds
[0m17:25:02.185063 [debug] [Thread-1 (]: Using duckdb connection "model.dbt_project.stg_orders"
[0m17:25:02.185063 [debug] [Thread-1 (]: On model.dbt_project.stg_orders: /* {"app": "dbt", "dbt_version": "1.11.7", "profile_name": "dbt_project", "target_name": "dev", "node_id": "model.dbt_project.stg_orders"} */
alter view "dev"."main"."stg_orders" rename to "stg_orders__dbt_backup"
[0m17:25:02.185063 [debug] [Thread-1 (]: SQL status: OK in 0.000 seconds
[0m17:25:02.187573 [debug] [Thread-1 (]: Using duckdb connection "model.dbt_project.stg_orders"
[0m17:25:02.187573 [debug] [Thread-1 (]: On model.dbt_project.stg_orders: /* {"app": "dbt", "dbt_version": "1.11.7", "profile_name": "dbt_project", "target_name": "dev", "node_id": "model.dbt_project.stg_orders"} */
alter view "dev"."main"."stg_orders__dbt_tmp" rename to "stg_orders"
[0m17:25:02.189024 [debug] [Thread-1 (]: SQL status: OK in 0.000 seconds
[0m17:25:02.190029 [debug] [Thread-1 (]: On model.dbt_project.stg_orders: COMMIT
[0m17:25:02.190029 [debug] [Thread-1 (]: Using duckdb connection "model.dbt_project.stg_orders"
[0m17:25:02.190029 [debug] [Thread-1 (]: On model.dbt_project.stg_orders: COMMIT
[0m17:25:02.195892 [debug] [Thread-1 (]: SQL status: OK in 0.005 seconds
[0m17:25:02.198906 [debug] [Thread-1 (]: Using duckdb connection "model.dbt_project.stg_orders"
[0m17:25:02.198906 [debug] [Thread-1 (]: On model.dbt_project.stg_orders: /* {"app": "dbt", "dbt_version": "1.11.7", "profile_name": "dbt_project", "target_name": "dev", "node_id": "model.dbt_project.stg_orders"} */

      drop view if exists "dev"."main"."stg_orders__dbt_backup" cascade
    
[0m17:25:02.204508 [debug] [Thread-1 (]: SQL status: OK in 0.005 seconds
[0m17:25:02.205534 [debug] [Thread-1 (]: On model.dbt_project.stg_orders: Close
[0m17:25:02.205534 [debug] [Thread-1 (]: Sending event: {'category': 'dbt', 'action': 'run_model', 'label': 'd72d8e84-e69a-4680-b57e-70d10953cdae', 'context': [<snowplow_tracker.self_describing_json.SelfDescribingJson object at 0x0000025FA1B4E950>]}
[0m17:25:02.206509 [info ] [Thread-1 (]: 3 of 6 OK created sql view model main.stg_orders ............................... [[32mOK[0m in 0.03s]
[0m17:25:02.207509 [debug] [Thread-1 (]: Finished running node model.dbt_project.stg_orders
[0m17:25:02.207509 [debug] [Thread-1 (]: Began running node model.dbt_project.int_restaurants_metrics
[0m17:25:02.207509 [info ] [Thread-1 (]: 4 of 6 START sql view model main.int_restaurants_metrics ....................... [RUN]
[0m17:25:02.208510 [debug] [Thread-1 (]: Re-using an available connection from the pool (formerly model.dbt_project.stg_orders, now model.dbt_project.int_restaurants_metrics)
[0m17:25:02.209509 [debug] [Thread-1 (]: Began compiling node model.dbt_project.int_restaurants_metrics
[0m17:25:02.211510 [debug] [Thread-1 (]: Writing injected SQL for node "model.dbt_project.int_restaurants_metrics"
[0m17:25:02.212545 [debug] [Thread-1 (]: Began executing node model.dbt_project.int_restaurants_metrics
[0m17:25:02.215636 [debug] [Thread-1 (]: Writing runtime sql for node "model.dbt_project.int_restaurants_metrics"
[0m17:25:02.216636 [debug] [Thread-1 (]: Using duckdb connection "model.dbt_project.int_restaurants_metrics"
[0m17:25:02.216636 [debug] [Thread-1 (]: On model.dbt_project.int_restaurants_metrics: BEGIN
[0m17:25:02.217634 [debug] [Thread-1 (]: Opening a new connection, currently in state closed
[0m17:25:02.217634 [debug] [Thread-1 (]: SQL status: OK in 0.001 seconds
[0m17:25:02.218636 [debug] [Thread-1 (]: Using duckdb connection "model.dbt_project.int_restaurants_metrics"
[0m17:25:02.218636 [debug] [Thread-1 (]: On model.dbt_project.int_restaurants_metrics: /* {"app": "dbt", "dbt_version": "1.11.7", "profile_name": "dbt_project", "target_name": "dev", "node_id": "model.dbt_project.int_restaurants_metrics"} */

  
  create view "dev"."main"."int_restaurants_metrics__dbt_tmp" as (
    SELECT
    restaurant_id,
    city,
    COUNT(order_id) AS total_orders,
    AVG(prep_delay_minutes) AS avg_prep_delay,
    AVG(delay_minutes) AS avg_delivery_delay,
    SUM(sla_breach_flag) * 1.0 / COUNT(order_id) AS breach_rate
FROM "dev"."main"."stg_order_facts"
GROUP BY restaurant_id, city
  );

[0m17:25:02.229169 [debug] [Thread-1 (]: SQL status: OK in 0.010 seconds
[0m17:25:02.231192 [debug] [Thread-1 (]: Using duckdb connection "model.dbt_project.int_restaurants_metrics"
[0m17:25:02.232211 [debug] [Thread-1 (]: On model.dbt_project.int_restaurants_metrics: /* {"app": "dbt", "dbt_version": "1.11.7", "profile_name": "dbt_project", "target_name": "dev", "node_id": "model.dbt_project.int_restaurants_metrics"} */
alter view "dev"."main"."int_restaurants_metrics__dbt_tmp" rename to "int_restaurants_metrics"
[0m17:25:02.232211 [debug] [Thread-1 (]: SQL status: OK in 0.000 seconds
[0m17:25:02.233206 [debug] [Thread-1 (]: On model.dbt_project.int_restaurants_metrics: COMMIT
[0m17:25:02.234209 [debug] [Thread-1 (]: Using duckdb connection "model.dbt_project.int_restaurants_metrics"
[0m17:25:02.234209 [debug] [Thread-1 (]: On model.dbt_project.int_restaurants_metrics: COMMIT
[0m17:25:02.239209 [debug] [Thread-1 (]: SQL status: OK in 0.005 seconds
[0m17:25:02.241195 [debug] [Thread-1 (]: Using duckdb connection "model.dbt_project.int_restaurants_metrics"
[0m17:25:02.242194 [debug] [Thread-1 (]: On model.dbt_project.int_restaurants_metrics: /* {"app": "dbt", "dbt_version": "1.11.7", "profile_name": "dbt_project", "target_name": "dev", "node_id": "model.dbt_project.int_restaurants_metrics"} */

      drop view if exists "dev"."main"."int_restaurants_metrics__dbt_backup" cascade
    
[0m17:25:02.242194 [debug] [Thread-1 (]: SQL status: OK in 0.000 seconds
[0m17:25:02.243193 [debug] [Thread-1 (]: On model.dbt_project.int_restaurants_metrics: Close
[0m17:25:02.244194 [debug] [Thread-1 (]: Sending event: {'category': 'dbt', 'action': 'run_model', 'label': 'd72d8e84-e69a-4680-b57e-70d10953cdae', 'context': [<snowplow_tracker.self_describing_json.SelfDescribingJson object at 0x0000025FA252D810>]}
[0m17:25:02.244194 [info ] [Thread-1 (]: 4 of 6 OK created sql view model main.int_restaurants_metrics .................. [[32mOK[0m in 0.04s]
[0m17:25:02.245193 [debug] [Thread-1 (]: Finished running node model.dbt_project.int_restaurants_metrics
[0m17:25:02.246192 [debug] [Thread-1 (]: Began running node model.dbt_project.int_rider_metrics
[0m17:25:02.246192 [info ] [Thread-1 (]: 5 of 6 START sql view model main.int_rider_metrics ............................. [RUN]
[0m17:25:02.247192 [debug] [Thread-1 (]: Re-using an available connection from the pool (formerly model.dbt_project.int_restaurants_metrics, now model.dbt_project.int_rider_metrics)
[0m17:25:02.247192 [debug] [Thread-1 (]: Began compiling node model.dbt_project.int_rider_metrics
[0m17:25:02.251192 [debug] [Thread-1 (]: Writing injected SQL for node "model.dbt_project.int_rider_metrics"
[0m17:25:02.252193 [debug] [Thread-1 (]: Began executing node model.dbt_project.int_rider_metrics
[0m17:25:02.254432 [debug] [Thread-1 (]: Writing runtime sql for node "model.dbt_project.int_rider_metrics"
[0m17:25:02.255415 [debug] [Thread-1 (]: Using duckdb connection "model.dbt_project.int_rider_metrics"
[0m17:25:02.255415 [debug] [Thread-1 (]: On model.dbt_project.int_rider_metrics: BEGIN
[0m17:25:02.255415 [debug] [Thread-1 (]: Opening a new connection, currently in state closed
[0m17:25:02.256838 [debug] [Thread-1 (]: SQL status: OK in 0.001 seconds
[0m17:25:02.256838 [debug] [Thread-1 (]: Using duckdb connection "model.dbt_project.int_rider_metrics"
[0m17:25:02.257846 [debug] [Thread-1 (]: On model.dbt_project.int_rider_metrics: /* {"app": "dbt", "dbt_version": "1.11.7", "profile_name": "dbt_project", "target_name": "dev", "node_id": "model.dbt_project.int_rider_metrics"} */

  
  create view "dev"."main"."int_rider_metrics__dbt_tmp" as (
    SELECT
    rider_id,
    COUNT(order_id) AS total_orders,
    SUM(sla_breach_flag) AS late_orders,
    SUM(delivery_success_flag) AS successful_orders,
    AVG(actual_delivery_minutes) AS avg_delivery_time,
    AVG(delay_minutes) AS avg_delay_minutes
FROM "dev"."main"."stg_order_facts"
WHERE rider_id IS NOT NULL
GROUP BY rider_id
  );

[0m17:25:02.259858 [debug] [Thread-1 (]: SQL status: OK in 0.001 seconds
[0m17:25:02.261847 [debug] [Thread-1 (]: Using duckdb connection "model.dbt_project.int_rider_metrics"
[0m17:25:02.261847 [debug] [Thread-1 (]: On model.dbt_project.int_rider_metrics: /* {"app": "dbt", "dbt_version": "1.11.7", "profile_name": "dbt_project", "target_name": "dev", "node_id": "model.dbt_project.int_rider_metrics"} */
alter view "dev"."main"."int_rider_metrics__dbt_tmp" rename to "int_rider_metrics"
[0m17:25:02.262846 [debug] [Thread-1 (]: SQL status: OK in 0.000 seconds
[0m17:25:02.263846 [debug] [Thread-1 (]: On model.dbt_project.int_rider_metrics: COMMIT
[0m17:25:02.263846 [debug] [Thread-1 (]: Using duckdb connection "model.dbt_project.int_rider_metrics"
[0m17:25:02.264846 [debug] [Thread-1 (]: On model.dbt_project.int_rider_metrics: COMMIT
[0m17:25:02.269124 [debug] [Thread-1 (]: SQL status: OK in 0.004 seconds
[0m17:25:02.271179 [debug] [Thread-1 (]: Using duckdb connection "model.dbt_project.int_rider_metrics"
[0m17:25:02.271179 [debug] [Thread-1 (]: On model.dbt_project.int_rider_metrics: /* {"app": "dbt", "dbt_version": "1.11.7", "profile_name": "dbt_project", "target_name": "dev", "node_id": "model.dbt_project.int_rider_metrics"} */

      drop view if exists "dev"."main"."int_rider_metrics__dbt_backup" cascade
    
[0m17:25:02.272179 [debug] [Thread-1 (]: SQL status: OK in 0.000 seconds
[0m17:25:02.273209 [debug] [Thread-1 (]: On model.dbt_project.int_rider_metrics: Close
[0m17:25:02.273209 [debug] [Thread-1 (]: Sending event: {'category': 'dbt', 'action': 'run_model', 'label': 'd72d8e84-e69a-4680-b57e-70d10953cdae', 'context': [<snowplow_tracker.self_describing_json.SelfDescribingJson object at 0x0000025FA2443750>]}
[0m17:25:02.274520 [info ] [Thread-1 (]: 5 of 6 OK created sql view model main.int_rider_metrics ........................ [[32mOK[0m in 0.03s]
[0m17:25:02.274520 [debug] [Thread-1 (]: Finished running node model.dbt_project.int_rider_metrics
[0m17:25:02.275562 [debug] [Thread-1 (]: Began running node model.dbt_project.int_sla_metrics
[0m17:25:02.275562 [info ] [Thread-1 (]: 6 of 6 START sql view model main.int_sla_metrics ............................... [RUN]
[0m17:25:02.276568 [debug] [Thread-1 (]: Re-using an available connection from the pool (formerly model.dbt_project.int_rider_metrics, now model.dbt_project.int_sla_metrics)
[0m17:25:02.276568 [debug] [Thread-1 (]: Began compiling node model.dbt_project.int_sla_metrics
[0m17:25:02.278566 [debug] [Thread-1 (]: Writing injected SQL for node "model.dbt_project.int_sla_metrics"
[0m17:25:02.280568 [debug] [Thread-1 (]: Began executing node model.dbt_project.int_sla_metrics
[0m17:25:02.282585 [debug] [Thread-1 (]: Writing runtime sql for node "model.dbt_project.int_sla_metrics"
[0m17:25:02.283962 [debug] [Thread-1 (]: Using duckdb connection "model.dbt_project.int_sla_metrics"
[0m17:25:02.283962 [debug] [Thread-1 (]: On model.dbt_project.int_sla_metrics: BEGIN
[0m17:25:02.284971 [debug] [Thread-1 (]: Opening a new connection, currently in state closed
[0m17:25:02.284971 [debug] [Thread-1 (]: SQL status: OK in 0.001 seconds
[0m17:25:02.285972 [debug] [Thread-1 (]: Using duckdb connection "model.dbt_project.int_sla_metrics"
[0m17:25:02.285972 [debug] [Thread-1 (]: On model.dbt_project.int_sla_metrics: /* {"app": "dbt", "dbt_version": "1.11.7", "profile_name": "dbt_project", "target_name": "dev", "node_id": "model.dbt_project.int_sla_metrics"} */

  
  create view "dev"."main"."int_sla_metrics__dbt_tmp" as (
    WITH base AS (
    SELECT
        order_id,
        city,
        order_hour,
        actual_delivery_minutes,
        delay_minutes,
        sla_breach_flag,
        prep_delay_minutes
    FROM "dev"."main"."stg_order_facts"
)
SELECT
    *,
    
    CASE
        WHEN order_hour BETWEEN 11 AND 14 THEN 'LUNCH'
        WHEN order_hour BETWEEN 18 AND 22 THEN 'DINNER'
        ELSE 'OFF_PEAK'
    END AS time_slot,
    CASE
        WHEN delay_minutes <= 0 THEN 'ON_TIME'
        WHEN delay_minutes <= 10 THEN 'MINOR_DELAY'
        ELSE 'MAJOR_DELAY'
    END AS delay_bucket
FROM base
  );

[0m17:25:02.289972 [debug] [Thread-1 (]: SQL status: OK in 0.004 seconds
[0m17:25:02.292969 [debug] [Thread-1 (]: Using duckdb connection "model.dbt_project.int_sla_metrics"
[0m17:25:02.292969 [debug] [Thread-1 (]: On model.dbt_project.int_sla_metrics: /* {"app": "dbt", "dbt_version": "1.11.7", "profile_name": "dbt_project", "target_name": "dev", "node_id": "model.dbt_project.int_sla_metrics"} */
alter view "dev"."main"."int_sla_metrics__dbt_tmp" rename to "int_sla_metrics"
[0m17:25:02.293970 [debug] [Thread-1 (]: SQL status: OK in 0.000 seconds
[0m17:25:02.294990 [debug] [Thread-1 (]: On model.dbt_project.int_sla_metrics: COMMIT
[0m17:25:02.294990 [debug] [Thread-1 (]: Using duckdb connection "model.dbt_project.int_sla_metrics"
[0m17:25:02.294990 [debug] [Thread-1 (]: On model.dbt_project.int_sla_metrics: COMMIT
[0m17:25:02.300337 [debug] [Thread-1 (]: SQL status: OK in 0.005 seconds
[0m17:25:02.302581 [debug] [Thread-1 (]: Using duckdb connection "model.dbt_project.int_sla_metrics"
[0m17:25:02.302581 [debug] [Thread-1 (]: On model.dbt_project.int_sla_metrics: /* {"app": "dbt", "dbt_version": "1.11.7", "profile_name": "dbt_project", "target_name": "dev", "node_id": "model.dbt_project.int_sla_metrics"} */

      drop view if exists "dev"."main"."int_sla_metrics__dbt_backup" cascade
    
[0m17:25:02.303581 [debug] [Thread-1 (]: SQL status: OK in 0.000 seconds
[0m17:25:02.304581 [debug] [Thread-1 (]: On model.dbt_project.int_sla_metrics: Close
[0m17:25:02.305581 [debug] [Thread-1 (]: Sending event: {'category': 'dbt', 'action': 'run_model', 'label': 'd72d8e84-e69a-4680-b57e-70d10953cdae', 'context': [<snowplow_tracker.self_describing_json.SelfDescribingJson object at 0x0000025FA2428210>]}
[0m17:25:02.305581 [info ] [Thread-1 (]: 6 of 6 OK created sql view model main.int_sla_metrics .......................... [[32mOK[0m in 0.03s]
[0m17:25:02.306580 [debug] [Thread-1 (]: Finished running node model.dbt_project.int_sla_metrics
[0m17:25:02.307584 [debug] [MainThread]: Using duckdb connection "master"
[0m17:25:02.307584 [debug] [MainThread]: On master: BEGIN
[0m17:25:02.308671 [debug] [MainThread]: Opening a new connection, currently in state closed
[0m17:25:02.308671 [debug] [MainThread]: SQL status: OK in 0.000 seconds
[0m17:25:02.308671 [debug] [MainThread]: On master: COMMIT
[0m17:25:02.309581 [debug] [MainThread]: Using duckdb connection "master"
[0m17:25:02.309581 [debug] [MainThread]: On master: COMMIT
[0m17:25:02.309581 [debug] [MainThread]: SQL status: OK in 0.000 seconds
[0m17:25:02.310580 [debug] [MainThread]: On master: Close
[0m17:25:02.310580 [debug] [MainThread]: Connection 'master' was properly closed.
[0m17:25:02.310580 [debug] [MainThread]: Connection 'create_dev_main' was properly closed.
[0m17:25:02.311580 [debug] [MainThread]: Connection 'list_dev_main' was properly closed.
[0m17:25:02.311580 [debug] [MainThread]: Connection 'model.dbt_project.int_sla_metrics' was properly closed.
[0m17:25:02.311580 [info ] [MainThread]: 
[0m17:25:02.312580 [info ] [MainThread]: Finished running 6 view models in 0 hours 0 minutes and 0.33 seconds (0.33s).
[0m17:25:02.313580 [debug] [MainThread]: Command end result
[0m17:25:02.329580 [debug] [MainThread]: Wrote artifact WritableManifest to C:\DE_projects\food_del_pipeline\target\manifest.json
[0m17:25:02.331604 [debug] [MainThread]: Wrote artifact SemanticManifest to C:\DE_projects\food_del_pipeline\target\semantic_manifest.json
[0m17:25:02.336598 [debug] [MainThread]: Wrote artifact RunExecutionResult to C:\DE_projects\food_del_pipeline\target\run_results.json
[0m17:25:02.336598 [info ] [MainThread]: 
[0m17:25:02.337582 [info ] [MainThread]: [32mCompleted successfully[0m
[0m17:25:02.337582 [info ] [MainThread]: 
[0m17:25:02.338582 [info ] [MainThread]: Done. PASS=6 WARN=0 ERROR=0 SKIP=0 NO-OP=0 TOTAL=6
[0m17:25:02.339581 [debug] [MainThread]: Command `dbt run` succeeded at 17:25:02.339581 after 1.20 seconds
[0m17:25:02.339581 [debug] [MainThread]: Sending event: {'category': 'dbt', 'action': 'invocation', 'label': 'end', 'context': [<snowplow_tracker.self_describing_json.SelfDescribingJson object at 0x0000025F99DDD4D0>, <snowplow_tracker.self_describing_json.SelfDescribingJson object at 0x0000025F99E53890>, <snowplow_tracker.self_describing_json.SelfDescribingJson object at 0x0000025F99E53E90>]}
[0m17:25:02.339581 [debug] [MainThread]: Flushing usage events
[0m17:25:04.157003 [debug] [MainThread]: An error was encountered while trying to flush usage events
[0m17:25:11.600588 [debug] [MainThread]: Sending event: {'category': 'dbt', 'action': 'invocation', 'label': 'start', 'context': [<snowplow_tracker.self_describing_json.SelfDescribingJson object at 0x0000022A7F176510>, <snowplow_tracker.self_describing_json.SelfDescribingJson object at 0x0000022A7F17DA50>, <snowplow_tracker.self_describing_json.SelfDescribingJson object at 0x0000022A7F17EAD0>]}


============================== 17:25:11.603606 | 828c6b97-9525-48e1-aa3f-6589b9137ddd ==============================
[0m17:25:11.603606 [info ] [MainThread]: Running with dbt=1.11.7
[0m17:25:11.604604 [debug] [MainThread]: running dbt with arguments {'static_parser': 'True', 'no_print': 'None', 'version_check': 'True', 'target_path': 'None', 'warn_error_options': 'WarnErrorOptionsV2(error=[], warn=[], silence=[])', 'printer_width': '80', 'write_json': 'True', 'introspect': 'True', 'log_cache_events': 'False', 'empty': 'None', 'cache_selected_only': 'False', 'log_format': 'default', 'debug': 'False', 'fail_fast': 'False', 'profiles_dir': 'C:\\Users\\HP\\.dbt', 'send_anonymous_usage_stats': 'True', 'quiet': 'False', 'warn_error': 'None', 'partial_parse': 'True', 'invocation_command': 'dbt ls', 'indirect_selection': 'eager', 'use_colors': 'True', 'use_experimental_parser': 'False', 'log_path': 'C:\\DE_projects\\food_del_pipeline\\logs'}
[0m17:25:11.760832 [debug] [MainThread]: Sending event: {'category': 'dbt', 'action': 'project_id', 'label': '828c6b97-9525-48e1-aa3f-6589b9137ddd', 'context': [<snowplow_tracker.self_describing_json.SelfDescribingJson object at 0x0000022A7F241190>]}
[0m17:25:11.801829 [debug] [MainThread]: Sending event: {'category': 'dbt', 'action': 'adapter_info', 'label': '828c6b97-9525-48e1-aa3f-6589b9137ddd', 'context': [<snowplow_tracker.self_describing_json.SelfDescribingJson object at 0x0000022A7B8CEFD0>]}
[0m17:25:11.804403 [info ] [MainThread]: Registered adapter: duckdb=1.10.1
[0m17:25:11.933465 [debug] [MainThread]: checksum: b80718358155fc17c3559352095564dd56ada1cc1a1c0ef2e62c857e71583775, vars: {}, profile: , target: , version: 1.11.7
[0m17:25:12.033894 [debug] [MainThread]: Partial parsing enabled: 0 files deleted, 0 files added, 0 files changed.
[0m17:25:12.034893 [debug] [MainThread]: Nothing changed, skipping partial parsing.
[0m17:25:12.034893 [debug] [MainThread]: Partial parsing enabled, no changes found, skipping parsing
[0m17:25:12.039055 [warn ] [MainThread]: [[33mWARNING[0m]: Configuration paths exist in your dbt_project.yml file which do not apply to any resources.
There are 1 unused configuration paths:
- models.dbt_project.example
[0m17:25:12.059246 [debug] [MainThread]: Sending event: {'category': 'dbt', 'action': 'load_project', 'label': '828c6b97-9525-48e1-aa3f-6589b9137ddd', 'context': [<snowplow_tracker.self_describing_json.SelfDescribingJson object at 0x0000022A7F22B390>]}
[0m17:25:12.107688 [debug] [MainThread]: Wrote artifact WritableManifest to C:\DE_projects\food_del_pipeline\target\manifest.json
[0m17:25:12.108704 [debug] [MainThread]: Wrote artifact SemanticManifest to C:\DE_projects\food_del_pipeline\target\semantic_manifest.json
[0m17:25:12.124897 [debug] [MainThread]: Sending event: {'category': 'dbt', 'action': 'resource_counts', 'label': '828c6b97-9525-48e1-aa3f-6589b9137ddd', 'context': [<snowplow_tracker.self_describing_json.SelfDescribingJson object at 0x0000022A7F8800D0>]}
[0m17:25:12.125972 [info ] [MainThread]: Found 6 models, 3 sources, 474 macros
[0m17:25:12.125972 [debug] [MainThread]: Sending event: {'category': 'dbt', 'action': 'runnable_timing', 'label': '828c6b97-9525-48e1-aa3f-6589b9137ddd', 'context': [<snowplow_tracker.self_describing_json.SelfDescribingJson object at 0x0000022A7F84B950>]}
[0m17:25:12.127305 [info ] [MainThread]: dbt_project.intermediate.int_restaurants_metrics
[0m17:25:12.127305 [info ] [MainThread]: dbt_project.intermediate.int_rider_metrics
[0m17:25:12.127305 [info ] [MainThread]: dbt_project.intermediate.int_sla_metrics
[0m17:25:12.128310 [info ] [MainThread]: dbt_project.staging.stg_delivery_timeline
[0m17:25:12.128310 [info ] [MainThread]: dbt_project.staging.stg_order_facts
[0m17:25:12.129310 [info ] [MainThread]: dbt_project.staging.stg_orders
[0m17:25:12.129310 [info ] [MainThread]: source:dbt_project.bronze.delivery_events
[0m17:25:12.129310 [info ] [MainThread]: source:dbt_project.bronze.orders
[0m17:25:12.130310 [info ] [MainThread]: source:dbt_project.bronze.refunds
[0m17:25:12.130310 [debug] [MainThread]: Command `dbt ls` succeeded at 17:25:12.130310 after 0.59 seconds
[0m17:25:12.131363 [debug] [MainThread]: Sending event: {'category': 'dbt', 'action': 'invocation', 'label': 'end', 'context': [<snowplow_tracker.self_describing_json.SelfDescribingJson object at 0x0000022A7F203D10>, <snowplow_tracker.self_describing_json.SelfDescribingJson object at 0x0000022A7F203CD0>, <snowplow_tracker.self_describing_json.SelfDescribingJson object at 0x0000022A7EF16810>]}
[0m17:25:12.131363 [debug] [MainThread]: Flushing usage events
[0m17:25:13.770894 [debug] [MainThread]: An error was encountered while trying to flush usage events
[0m17:29:29.770975 [debug] [MainThread]: Sending event: {'category': 'dbt', 'action': 'invocation', 'label': 'start', 'context': [<snowplow_tracker.self_describing_json.SelfDescribingJson object at 0x000001545D84EC10>, <snowplow_tracker.self_describing_json.SelfDescribingJson object at 0x000001545D84E3D0>, <snowplow_tracker.self_describing_json.SelfDescribingJson object at 0x000001545D84EAD0>]}


============================== 17:29:29.773977 | 8b44f310-c840-459e-af5d-b6758d4607d2 ==============================
[0m17:29:29.773977 [info ] [MainThread]: Running with dbt=1.11.7
[0m17:29:29.774995 [debug] [MainThread]: running dbt with arguments {'version_check': 'True', 'no_print': 'None', 'static_parser': 'True', 'target_path': 'None', 'warn_error_options': 'WarnErrorOptionsV2(error=[], warn=[], silence=[])', 'printer_width': '80', 'write_json': 'True', 'empty': 'None', 'log_cache_events': 'False', 'introspect': 'True', 'cache_selected_only': 'False', 'log_format': 'default', 'debug': 'False', 'fail_fast': 'False', 'partial_parse': 'True', 'send_anonymous_usage_stats': 'True', 'quiet': 'False', 'warn_error': 'None', 'profiles_dir': 'C:\\Users\\HP\\.dbt', 'invocation_command': 'dbt ls', 'indirect_selection': 'eager', 'use_colors': 'True', 'use_experimental_parser': 'False', 'log_path': 'C:\\DE_projects\\food_del_pipeline\\logs'}
[0m17:29:29.938755 [debug] [MainThread]: Sending event: {'category': 'dbt', 'action': 'project_id', 'label': '8b44f310-c840-459e-af5d-b6758d4607d2', 'context': [<snowplow_tracker.self_describing_json.SelfDescribingJson object at 0x000001545A2B2BD0>]}
[0m17:29:29.982061 [debug] [MainThread]: Sending event: {'category': 'dbt', 'action': 'adapter_info', 'label': '8b44f310-c840-459e-af5d-b6758d4607d2', 'context': [<snowplow_tracker.self_describing_json.SelfDescribingJson object at 0x000001545C83A990>]}
[0m17:29:29.984100 [info ] [MainThread]: Registered adapter: duckdb=1.10.1
[0m17:29:30.115634 [debug] [MainThread]: checksum: b80718358155fc17c3559352095564dd56ada1cc1a1c0ef2e62c857e71583775, vars: {}, profile: , target: , version: 1.11.7
[0m17:29:30.233062 [debug] [MainThread]: Partial parsing enabled: 0 files deleted, 0 files added, 1 files changed.
[0m17:29:30.234061 [debug] [MainThread]: Partial parsing: updated file: dbt_project://dbt_project/models\sources.yml
[0m17:29:30.347046 [warn ] [MainThread]: [[33mWARNING[0m]: Configuration paths exist in your dbt_project.yml file which do not apply to any resources.
There are 1 unused configuration paths:
- models.dbt_project.example
[0m17:29:30.354186 [debug] [MainThread]: Sending event: {'category': 'dbt', 'action': 'load_project', 'label': '8b44f310-c840-459e-af5d-b6758d4607d2', 'context': [<snowplow_tracker.self_describing_json.SelfDescribingJson object at 0x000001545E8D37D0>]}
[0m17:29:30.440193 [debug] [MainThread]: Wrote artifact WritableManifest to C:\DE_projects\food_del_pipeline\target\manifest.json
[0m17:29:30.441391 [debug] [MainThread]: Wrote artifact SemanticManifest to C:\DE_projects\food_del_pipeline\target\semantic_manifest.json
[0m17:29:30.458030 [debug] [MainThread]: Sending event: {'category': 'dbt', 'action': 'resource_counts', 'label': '8b44f310-c840-459e-af5d-b6758d4607d2', 'context': [<snowplow_tracker.self_describing_json.SelfDescribingJson object at 0x000001545E9791D0>]}
[0m17:29:30.459031 [info ] [MainThread]: Found 6 models, 2 sources, 474 macros
[0m17:29:30.459031 [debug] [MainThread]: Sending event: {'category': 'dbt', 'action': 'runnable_timing', 'label': '8b44f310-c840-459e-af5d-b6758d4607d2', 'context': [<snowplow_tracker.self_describing_json.SelfDescribingJson object at 0x000001545EEC59D0>]}
[0m17:29:30.460031 [info ] [MainThread]: dbt_project.intermediate.int_restaurants_metrics
[0m17:29:30.460539 [info ] [MainThread]: dbt_project.intermediate.int_rider_metrics
[0m17:29:30.460539 [info ] [MainThread]: dbt_project.intermediate.int_sla_metrics
[0m17:29:30.460539 [info ] [MainThread]: dbt_project.staging.stg_delivery_timeline
[0m17:29:30.461734 [info ] [MainThread]: dbt_project.staging.stg_order_facts
[0m17:29:30.461734 [info ] [MainThread]: dbt_project.staging.stg_orders
[0m17:29:30.461734 [info ] [MainThread]: source:dbt_project.silver.delivery_timeline
[0m17:29:30.462837 [info ] [MainThread]: source:dbt_project.silver.orders
[0m17:29:30.462837 [debug] [MainThread]: Command `dbt ls` succeeded at 17:29:30.462837 after 0.75 seconds
[0m17:29:30.463844 [debug] [MainThread]: Sending event: {'category': 'dbt', 'action': 'invocation', 'label': 'end', 'context': [<snowplow_tracker.self_describing_json.SelfDescribingJson object at 0x0000015456C76CD0>, <snowplow_tracker.self_describing_json.SelfDescribingJson object at 0x0000015456C76C50>, <snowplow_tracker.self_describing_json.SelfDescribingJson object at 0x000001545A2B0FD0>]}
[0m17:29:30.463844 [debug] [MainThread]: Flushing usage events
[0m17:29:32.014110 [debug] [MainThread]: An error was encountered while trying to flush usage events
[0m17:48:23.594097 [debug] [MainThread]: Sending event: {'category': 'dbt', 'action': 'invocation', 'label': 'start', 'context': [<snowplow_tracker.self_describing_json.SelfDescribingJson object at 0x0000026E7A17E310>, <snowplow_tracker.self_describing_json.SelfDescribingJson object at 0x0000026E7A17DA10>, <snowplow_tracker.self_describing_json.SelfDescribingJson object at 0x0000026E7A17E910>]}


============================== 17:48:23.597097 | 013840c6-1533-4ca7-969d-8569d104b7d8 ==============================
[0m17:48:23.597097 [info ] [MainThread]: Running with dbt=1.11.7
[0m17:48:23.598097 [debug] [MainThread]: running dbt with arguments {'static_parser': 'True', 'no_print': 'None', 'version_check': 'True', 'target_path': 'None', 'warn_error_options': 'WarnErrorOptionsV2(error=[], warn=[], silence=[])', 'printer_width': '80', 'write_json': 'True', 'introspect': 'True', 'log_cache_events': 'False', 'empty': 'False', 'cache_selected_only': 'False', 'log_format': 'default', 'debug': 'False', 'fail_fast': 'False', 'partial_parse': 'True', 'send_anonymous_usage_stats': 'True', 'quiet': 'False', 'warn_error': 'None', 'profiles_dir': 'C:\\Users\\HP\\.dbt', 'invocation_command': 'dbt run', 'use_colors': 'True', 'indirect_selection': 'eager', 'use_experimental_parser': 'False', 'log_path': 'C:\\DE_projects\\food_del_pipeline\\logs'}
[0m17:48:23.754649 [debug] [MainThread]: Sending event: {'category': 'dbt', 'action': 'project_id', 'label': '013840c6-1533-4ca7-969d-8569d104b7d8', 'context': [<snowplow_tracker.self_describing_json.SelfDescribingJson object at 0x0000026E7A213090>]}
[0m17:48:23.794759 [debug] [MainThread]: Sending event: {'category': 'dbt', 'action': 'adapter_info', 'label': '013840c6-1533-4ca7-969d-8569d104b7d8', 'context': [<snowplow_tracker.self_describing_json.SelfDescribingJson object at 0x0000026E758BEF10>]}
[0m17:48:23.797057 [info ] [MainThread]: Registered adapter: duckdb=1.10.1
[0m17:48:23.925978 [debug] [MainThread]: checksum: b80718358155fc17c3559352095564dd56ada1cc1a1c0ef2e62c857e71583775, vars: {}, profile: , target: , version: 1.11.7
[0m17:48:24.064975 [debug] [MainThread]: Partial parsing enabled: 0 files deleted, 5 files added, 0 files changed.
[0m17:48:24.064975 [debug] [MainThread]: Partial parsing: added file: dbt_project://dbt_project/models\marts\01_SLA_breach_analysis.sql
[0m17:48:24.064975 [debug] [MainThread]: Partial parsing: added file: dbt_project://dbt_project/models\marts\03_refund_drivers.sql
[0m17:48:24.065976 [debug] [MainThread]: Partial parsing: added file: dbt_project://dbt_project/models\marts\04_riders_performance.sql
[0m17:48:24.065976 [debug] [MainThread]: Partial parsing: added file: dbt_project://dbt_project/models\marts\05_weekly_trends.sql
[0m17:48:24.065976 [debug] [MainThread]: Partial parsing: added file: dbt_project://dbt_project/models\marts\02_restaurants_prep_delay.sql
[0m17:48:24.191976 [error] [MainThread]: Encountered an error:
Compilation Error
  Model 'model.dbt_project.02_restaurants_prep_delay' (dbt_project/models\marts\02_restaurants_prep_delay.sql) depends on a node named 'int_restaurant_metrics' which was not found
[0m17:48:24.193077 [debug] [MainThread]: Command `dbt run` failed at 17:48:24.193077 after 0.67 seconds
[0m17:48:24.193977 [debug] [MainThread]: Sending event: {'category': 'dbt', 'action': 'invocation', 'label': 'end', 'context': [<snowplow_tracker.self_describing_json.SelfDescribingJson object at 0x0000026E7A1B72D0>, <snowplow_tracker.self_describing_json.SelfDescribingJson object at 0x0000026E7A891710>, <snowplow_tracker.self_describing_json.SelfDescribingJson object at 0x0000026E7917FB50>]}
[0m17:48:24.193977 [debug] [MainThread]: Flushing usage events
[0m17:48:25.519796 [debug] [MainThread]: An error was encountered while trying to flush usage events
[0m17:48:54.872234 [debug] [MainThread]: Sending event: {'category': 'dbt', 'action': 'invocation', 'label': 'start', 'context': [<snowplow_tracker.self_describing_json.SelfDescribingJson object at 0x0000018632726790>, <snowplow_tracker.self_describing_json.SelfDescribingJson object at 0x0000018631486890>, <snowplow_tracker.self_describing_json.SelfDescribingJson object at 0x00000186314864D0>]}


============================== 17:48:54.875228 | 9a098068-8890-4d24-9918-41e46cf4faa8 ==============================
[0m17:48:54.875228 [info ] [MainThread]: Running with dbt=1.11.7
[0m17:48:54.876228 [debug] [MainThread]: running dbt with arguments {'static_parser': 'True', 'no_print': 'None', 'version_check': 'True', 'warn_error_options': 'WarnErrorOptionsV2(error=[], warn=[], silence=[])', 'target_path': 'None', 'printer_width': '80', 'write_json': 'True', 'empty': 'False', 'log_cache_events': 'False', 'introspect': 'True', 'cache_selected_only': 'False', 'log_format': 'default', 'debug': 'False', 'fail_fast': 'False', 'partial_parse': 'True', 'send_anonymous_usage_stats': 'True', 'quiet': 'False', 'warn_error': 'None', 'profiles_dir': 'C:\\Users\\HP\\.dbt', 'invocation_command': 'dbt run', 'indirect_selection': 'eager', 'use_colors': 'True', 'use_experimental_parser': 'False', 'log_path': 'C:\\DE_projects\\food_del_pipeline\\logs'}
[0m17:48:55.039213 [debug] [MainThread]: Sending event: {'category': 'dbt', 'action': 'project_id', 'label': '9a098068-8890-4d24-9918-41e46cf4faa8', 'context': [<snowplow_tracker.self_describing_json.SelfDescribingJson object at 0x00000186328BAB10>]}
[0m17:48:55.080227 [debug] [MainThread]: Sending event: {'category': 'dbt', 'action': 'adapter_info', 'label': '9a098068-8890-4d24-9918-41e46cf4faa8', 'context': [<snowplow_tracker.self_describing_json.SelfDescribingJson object at 0x00000186306DAD50>]}
[0m17:48:55.082228 [info ] [MainThread]: Registered adapter: duckdb=1.10.1
[0m17:48:55.214879 [debug] [MainThread]: checksum: b80718358155fc17c3559352095564dd56ada1cc1a1c0ef2e62c857e71583775, vars: {}, profile: , target: , version: 1.11.7
[0m17:48:55.289660 [debug] [MainThread]: Partial parsing enabled: 1 files deleted, 6 files added, 0 files changed.
[0m17:48:55.290659 [debug] [MainThread]: Partial parsing: added file: dbt_project://dbt_project/models\marts\01_SLA_breach_analysis.sql
[0m17:48:55.290659 [debug] [MainThread]: Partial parsing: added file: dbt_project://dbt_project/models\marts\04_riders_performance.sql
[0m17:48:55.291654 [debug] [MainThread]: Partial parsing: added file: dbt_project://dbt_project/models\marts\03_refund_drivers.sql
[0m17:48:55.291654 [debug] [MainThread]: Partial parsing: added file: dbt_project://dbt_project/models\marts\02_restaurants_prep_delay.sql
[0m17:48:55.291654 [debug] [MainThread]: Partial parsing: added file: dbt_project://dbt_project/models\intermediate\int_restaurant_metrics.sql
[0m17:48:55.292669 [debug] [MainThread]: Partial parsing: added file: dbt_project://dbt_project/models\marts\05_weekly_trends.sql
[0m17:48:55.292669 [debug] [MainThread]: Partial parsing: deleted file: dbt_project://dbt_project/models\intermediate\int_restaurants_metrics.sql
[0m17:48:55.495273 [warn ] [MainThread]: [[33mWARNING[0m]: Configuration paths exist in your dbt_project.yml file which do not apply to any resources.
There are 1 unused configuration paths:
- models.dbt_project.example
[0m17:48:55.503682 [debug] [MainThread]: Sending event: {'category': 'dbt', 'action': 'load_project', 'label': '9a098068-8890-4d24-9918-41e46cf4faa8', 'context': [<snowplow_tracker.self_describing_json.SelfDescribingJson object at 0x0000018632CE0990>]}
[0m17:48:55.553258 [debug] [MainThread]: Wrote artifact WritableManifest to C:\DE_projects\food_del_pipeline\target\manifest.json
[0m17:48:55.554259 [debug] [MainThread]: Wrote artifact SemanticManifest to C:\DE_projects\food_del_pipeline\target\semantic_manifest.json
[0m17:48:55.573244 [debug] [MainThread]: Sending event: {'category': 'dbt', 'action': 'resource_counts', 'label': '9a098068-8890-4d24-9918-41e46cf4faa8', 'context': [<snowplow_tracker.self_describing_json.SelfDescribingJson object at 0x00000186316E6350>]}
[0m17:48:55.574245 [info ] [MainThread]: Found 11 models, 2 sources, 474 macros
[0m17:48:55.574245 [debug] [MainThread]: Sending event: {'category': 'dbt', 'action': 'runnable_timing', 'label': '9a098068-8890-4d24-9918-41e46cf4faa8', 'context': [<snowplow_tracker.self_describing_json.SelfDescribingJson object at 0x0000018632702DD0>]}
[0m17:48:55.576244 [info ] [MainThread]: 
[0m17:48:55.577242 [info ] [MainThread]: Concurrency: 1 threads (target='dev')
[0m17:48:55.577242 [info ] [MainThread]: 
[0m17:48:55.577242 [debug] [MainThread]: Acquiring new duckdb connection 'master'
[0m17:48:55.581733 [debug] [ThreadPool]: Acquiring new duckdb connection 'list_dev'
[0m17:48:55.625202 [debug] [ThreadPool]: Using duckdb connection "list_dev"
[0m17:48:55.626196 [debug] [ThreadPool]: On list_dev: /* {"app": "dbt", "dbt_version": "1.11.7", "profile_name": "dbt_project", "target_name": "dev", "connection_name": "list_dev"} */

    
    select schema_name
    from system.information_schema.schemata
    
    where lower(catalog_name) = '"dev"'
    
  
  
[0m17:48:55.626196 [debug] [ThreadPool]: Opening a new connection, currently in state init
[0m17:48:55.645685 [debug] [ThreadPool]: SQL status: OK in 0.019 seconds
[0m17:48:55.646685 [debug] [ThreadPool]: On list_dev: Close
[0m17:48:55.646685 [debug] [ThreadPool]: Re-using an available connection from the pool (formerly list_dev, now create_dev_main)
[0m17:48:55.647684 [debug] [ThreadPool]: Creating schema "database: "dev"
schema: "main"
"
[0m17:48:55.651684 [debug] [ThreadPool]: Using duckdb connection "create_dev_main"
[0m17:48:55.652688 [debug] [ThreadPool]: On create_dev_main: /* {"app": "dbt", "dbt_version": "1.11.7", "profile_name": "dbt_project", "target_name": "dev", "connection_name": "create_dev_main"} */

    
        select type from duckdb_databases()
        where lower(database_name)='dev'
        and type='sqlite'
    
  
[0m17:48:55.652688 [debug] [ThreadPool]: Opening a new connection, currently in state closed
[0m17:48:55.653684 [debug] [ThreadPool]: SQL status: OK in 0.001 seconds
[0m17:48:55.654684 [debug] [ThreadPool]: Using duckdb connection "create_dev_main"
[0m17:48:55.654684 [debug] [ThreadPool]: On create_dev_main: BEGIN
[0m17:48:55.655684 [debug] [ThreadPool]: SQL status: OK in 0.000 seconds
[0m17:48:55.655684 [debug] [ThreadPool]: Using duckdb connection "create_dev_main"
[0m17:48:55.655684 [debug] [ThreadPool]: On create_dev_main: /* {"app": "dbt", "dbt_version": "1.11.7", "profile_name": "dbt_project", "target_name": "dev", "connection_name": "create_dev_main"} */

    
    
        create schema if not exists "dev"."main"
    
[0m17:48:55.656684 [debug] [ThreadPool]: SQL status: OK in 0.000 seconds
[0m17:48:55.656684 [debug] [ThreadPool]: On create_dev_main: COMMIT
[0m17:48:55.657684 [debug] [ThreadPool]: Using duckdb connection "create_dev_main"
[0m17:48:55.657684 [debug] [ThreadPool]: On create_dev_main: COMMIT
[0m17:48:55.657684 [debug] [ThreadPool]: SQL status: OK in 0.000 seconds
[0m17:48:55.657684 [debug] [ThreadPool]: On create_dev_main: Close
[0m17:48:55.659695 [debug] [ThreadPool]: Acquiring new duckdb connection 'list_dev_main'
[0m17:48:55.662944 [debug] [ThreadPool]: Using duckdb connection "list_dev_main"
[0m17:48:55.663945 [debug] [ThreadPool]: On list_dev_main: BEGIN
[0m17:48:55.663945 [debug] [ThreadPool]: Opening a new connection, currently in state init
[0m17:48:55.664945 [debug] [ThreadPool]: SQL status: OK in 0.000 seconds
[0m17:48:55.664945 [debug] [ThreadPool]: Using duckdb connection "list_dev_main"
[0m17:48:55.664945 [debug] [ThreadPool]: On list_dev_main: /* {"app": "dbt", "dbt_version": "1.11.7", "profile_name": "dbt_project", "target_name": "dev", "connection_name": "list_dev_main"} */
select
      'dev' as database,
      table_name as name,
      table_schema as schema,
      CASE table_type
        WHEN 'BASE TABLE' THEN 'table'
        WHEN 'VIEW' THEN 'view'
        WHEN 'LOCAL TEMPORARY' THEN 'table'
        END as type
    from system.information_schema.tables
    where lower(table_schema) = 'main'
    and lower(table_catalog) = 'dev'
  
[0m17:48:55.667944 [debug] [ThreadPool]: SQL status: OK in 0.002 seconds
[0m17:48:55.668946 [debug] [ThreadPool]: On list_dev_main: ROLLBACK
[0m17:48:55.668946 [debug] [ThreadPool]: Failed to rollback 'list_dev_main'
[0m17:48:55.669945 [debug] [ThreadPool]: On list_dev_main: Close
[0m17:48:55.671059 [debug] [MainThread]: Sending event: {'category': 'dbt', 'action': 'runnable_timing', 'label': '9a098068-8890-4d24-9918-41e46cf4faa8', 'context': [<snowplow_tracker.self_describing_json.SelfDescribingJson object at 0x0000018632B8DE90>]}
[0m17:48:55.671059 [debug] [MainThread]: Using duckdb connection "master"
[0m17:48:55.671059 [debug] [MainThread]: On master: BEGIN
[0m17:48:55.671945 [debug] [MainThread]: Opening a new connection, currently in state init
[0m17:48:55.671945 [debug] [MainThread]: SQL status: OK in 0.000 seconds
[0m17:48:55.671945 [debug] [MainThread]: On master: COMMIT
[0m17:48:55.671945 [debug] [MainThread]: Using duckdb connection "master"
[0m17:48:55.673034 [debug] [MainThread]: On master: COMMIT
[0m17:48:55.673034 [debug] [MainThread]: SQL status: OK in 0.000 seconds
[0m17:48:55.673034 [debug] [MainThread]: On master: Close
[0m17:48:55.675945 [debug] [Thread-1 (]: Began running node model.dbt_project.stg_delivery_timeline
[0m17:48:55.675945 [info ] [Thread-1 (]: 1 of 11 START sql view model main.stg_delivery_timeline ........................ [RUN]
[0m17:48:55.676944 [debug] [Thread-1 (]: Acquiring new duckdb connection 'model.dbt_project.stg_delivery_timeline'
[0m17:48:55.676944 [debug] [Thread-1 (]: Began compiling node model.dbt_project.stg_delivery_timeline
[0m17:48:55.681962 [debug] [Thread-1 (]: Writing injected SQL for node "model.dbt_project.stg_delivery_timeline"
[0m17:48:55.681962 [debug] [Thread-1 (]: Began executing node model.dbt_project.stg_delivery_timeline
[0m17:48:55.700944 [debug] [Thread-1 (]: Writing runtime sql for node "model.dbt_project.stg_delivery_timeline"
[0m17:48:55.702950 [debug] [Thread-1 (]: Using duckdb connection "model.dbt_project.stg_delivery_timeline"
[0m17:48:55.702950 [debug] [Thread-1 (]: On model.dbt_project.stg_delivery_timeline: BEGIN
[0m17:48:55.702950 [debug] [Thread-1 (]: Opening a new connection, currently in state init
[0m17:48:55.703998 [debug] [Thread-1 (]: SQL status: OK in 0.001 seconds
[0m17:48:55.703998 [debug] [Thread-1 (]: Using duckdb connection "model.dbt_project.stg_delivery_timeline"
[0m17:48:55.705006 [debug] [Thread-1 (]: On model.dbt_project.stg_delivery_timeline: /* {"app": "dbt", "dbt_version": "1.11.7", "profile_name": "dbt_project", "target_name": "dev", "node_id": "model.dbt_project.stg_delivery_timeline"} */

  
  create view "dev"."main"."stg_delivery_timeline__dbt_tmp" as (
    SELECT *
FROM read_parquet('../data/silver/delivery_timeline.parquet')
  );

[0m17:48:55.706005 [debug] [Thread-1 (]: SQL status: OK in 0.001 seconds
[0m17:48:55.710107 [debug] [Thread-1 (]: Using duckdb connection "model.dbt_project.stg_delivery_timeline"
[0m17:48:55.711116 [debug] [Thread-1 (]: On model.dbt_project.stg_delivery_timeline: /* {"app": "dbt", "dbt_version": "1.11.7", "profile_name": "dbt_project", "target_name": "dev", "node_id": "model.dbt_project.stg_delivery_timeline"} */
alter view "dev"."main"."stg_delivery_timeline" rename to "stg_delivery_timeline__dbt_backup"
[0m17:48:55.711116 [debug] [Thread-1 (]: SQL status: OK in 0.000 seconds
[0m17:48:55.713114 [debug] [Thread-1 (]: Using duckdb connection "model.dbt_project.stg_delivery_timeline"
[0m17:48:55.714105 [debug] [Thread-1 (]: On model.dbt_project.stg_delivery_timeline: /* {"app": "dbt", "dbt_version": "1.11.7", "profile_name": "dbt_project", "target_name": "dev", "node_id": "model.dbt_project.stg_delivery_timeline"} */
alter view "dev"."main"."stg_delivery_timeline__dbt_tmp" rename to "stg_delivery_timeline"
[0m17:48:55.714105 [debug] [Thread-1 (]: SQL status: OK in 0.000 seconds
[0m17:48:55.722285 [debug] [Thread-1 (]: On model.dbt_project.stg_delivery_timeline: COMMIT
[0m17:48:55.722285 [debug] [Thread-1 (]: Using duckdb connection "model.dbt_project.stg_delivery_timeline"
[0m17:48:55.722285 [debug] [Thread-1 (]: On model.dbt_project.stg_delivery_timeline: COMMIT
[0m17:48:55.728835 [debug] [Thread-1 (]: SQL status: OK in 0.006 seconds
[0m17:48:55.731841 [debug] [Thread-1 (]: Using duckdb connection "model.dbt_project.stg_delivery_timeline"
[0m17:48:55.732841 [debug] [Thread-1 (]: On model.dbt_project.stg_delivery_timeline: /* {"app": "dbt", "dbt_version": "1.11.7", "profile_name": "dbt_project", "target_name": "dev", "node_id": "model.dbt_project.stg_delivery_timeline"} */

      drop view if exists "dev"."main"."stg_delivery_timeline__dbt_backup" cascade
    
[0m17:48:55.738278 [debug] [Thread-1 (]: SQL status: OK in 0.005 seconds
[0m17:48:55.739300 [debug] [Thread-1 (]: On model.dbt_project.stg_delivery_timeline: Close
[0m17:48:55.741203 [debug] [Thread-1 (]: Sending event: {'category': 'dbt', 'action': 'run_model', 'label': '9a098068-8890-4d24-9918-41e46cf4faa8', 'context': [<snowplow_tracker.self_describing_json.SelfDescribingJson object at 0x0000018632820650>]}
[0m17:48:55.741203 [info ] [Thread-1 (]: 1 of 11 OK created sql view model main.stg_delivery_timeline ................... [[32mOK[0m in 0.06s]
[0m17:48:55.742210 [debug] [Thread-1 (]: Finished running node model.dbt_project.stg_delivery_timeline
[0m17:48:55.742210 [debug] [Thread-1 (]: Began running node model.dbt_project.stg_order_facts
[0m17:48:55.743209 [info ] [Thread-1 (]: 2 of 11 START sql view model main.stg_order_facts .............................. [RUN]
[0m17:48:55.744223 [debug] [Thread-1 (]: Re-using an available connection from the pool (formerly model.dbt_project.stg_delivery_timeline, now model.dbt_project.stg_order_facts)
[0m17:48:55.744223 [debug] [Thread-1 (]: Began compiling node model.dbt_project.stg_order_facts
[0m17:48:55.746303 [debug] [Thread-1 (]: Writing injected SQL for node "model.dbt_project.stg_order_facts"
[0m17:48:55.747209 [debug] [Thread-1 (]: Began executing node model.dbt_project.stg_order_facts
[0m17:48:55.749214 [debug] [Thread-1 (]: Writing runtime sql for node "model.dbt_project.stg_order_facts"
[0m17:48:55.750213 [debug] [Thread-1 (]: Using duckdb connection "model.dbt_project.stg_order_facts"
[0m17:48:55.750213 [debug] [Thread-1 (]: On model.dbt_project.stg_order_facts: BEGIN
[0m17:48:55.750213 [debug] [Thread-1 (]: Opening a new connection, currently in state closed
[0m17:48:55.751213 [debug] [Thread-1 (]: SQL status: OK in 0.000 seconds
[0m17:48:55.751213 [debug] [Thread-1 (]: Using duckdb connection "model.dbt_project.stg_order_facts"
[0m17:48:55.751213 [debug] [Thread-1 (]: On model.dbt_project.stg_order_facts: /* {"app": "dbt", "dbt_version": "1.11.7", "profile_name": "dbt_project", "target_name": "dev", "node_id": "model.dbt_project.stg_order_facts"} */

  
  create view "dev"."main"."stg_order_facts__dbt_tmp" as (
    SELECT *
FROM read_parquet('../data/silver/order_facts.parquet')
  );

[0m17:48:55.752215 [debug] [Thread-1 (]: SQL status: OK in 0.001 seconds
[0m17:48:55.754427 [debug] [Thread-1 (]: Using duckdb connection "model.dbt_project.stg_order_facts"
[0m17:48:55.755427 [debug] [Thread-1 (]: On model.dbt_project.stg_order_facts: /* {"app": "dbt", "dbt_version": "1.11.7", "profile_name": "dbt_project", "target_name": "dev", "node_id": "model.dbt_project.stg_order_facts"} */
alter view "dev"."main"."stg_order_facts" rename to "stg_order_facts__dbt_backup"
[0m17:48:55.755427 [debug] [Thread-1 (]: SQL status: OK in 0.000 seconds
[0m17:48:55.757427 [debug] [Thread-1 (]: Using duckdb connection "model.dbt_project.stg_order_facts"
[0m17:48:55.757427 [debug] [Thread-1 (]: On model.dbt_project.stg_order_facts: /* {"app": "dbt", "dbt_version": "1.11.7", "profile_name": "dbt_project", "target_name": "dev", "node_id": "model.dbt_project.stg_order_facts"} */
alter view "dev"."main"."stg_order_facts__dbt_tmp" rename to "stg_order_facts"
[0m17:48:55.758427 [debug] [Thread-1 (]: SQL status: OK in 0.000 seconds
[0m17:48:55.758427 [debug] [Thread-1 (]: On model.dbt_project.stg_order_facts: COMMIT
[0m17:48:55.759917 [debug] [Thread-1 (]: Using duckdb connection "model.dbt_project.stg_order_facts"
[0m17:48:55.759917 [debug] [Thread-1 (]: On model.dbt_project.stg_order_facts: COMMIT
[0m17:48:55.764922 [debug] [Thread-1 (]: SQL status: OK in 0.004 seconds
[0m17:48:55.767269 [debug] [Thread-1 (]: Using duckdb connection "model.dbt_project.stg_order_facts"
[0m17:48:55.767269 [debug] [Thread-1 (]: On model.dbt_project.stg_order_facts: /* {"app": "dbt", "dbt_version": "1.11.7", "profile_name": "dbt_project", "target_name": "dev", "node_id": "model.dbt_project.stg_order_facts"} */

      drop view if exists "dev"."main"."stg_order_facts__dbt_backup" cascade
    
[0m17:48:55.773620 [debug] [Thread-1 (]: SQL status: OK in 0.005 seconds
[0m17:48:55.774634 [debug] [Thread-1 (]: On model.dbt_project.stg_order_facts: Close
[0m17:48:55.775641 [debug] [Thread-1 (]: Sending event: {'category': 'dbt', 'action': 'run_model', 'label': '9a098068-8890-4d24-9918-41e46cf4faa8', 'context': [<snowplow_tracker.self_describing_json.SelfDescribingJson object at 0x0000018633281310>]}
[0m17:48:55.775641 [info ] [Thread-1 (]: 2 of 11 OK created sql view model main.stg_order_facts ......................... [[32mOK[0m in 0.03s]
[0m17:48:55.776634 [debug] [Thread-1 (]: Finished running node model.dbt_project.stg_order_facts
[0m17:48:55.776634 [debug] [Thread-1 (]: Began running node model.dbt_project.stg_orders
[0m17:48:55.777634 [info ] [Thread-1 (]: 3 of 11 START sql view model main.stg_orders ................................... [RUN]
[0m17:48:55.777896 [debug] [Thread-1 (]: Re-using an available connection from the pool (formerly model.dbt_project.stg_order_facts, now model.dbt_project.stg_orders)
[0m17:48:55.777896 [debug] [Thread-1 (]: Began compiling node model.dbt_project.stg_orders
[0m17:48:55.779927 [debug] [Thread-1 (]: Writing injected SQL for node "model.dbt_project.stg_orders"
[0m17:48:55.779927 [debug] [Thread-1 (]: Began executing node model.dbt_project.stg_orders
[0m17:48:55.782926 [debug] [Thread-1 (]: Writing runtime sql for node "model.dbt_project.stg_orders"
[0m17:48:55.782926 [debug] [Thread-1 (]: Using duckdb connection "model.dbt_project.stg_orders"
[0m17:48:55.783911 [debug] [Thread-1 (]: On model.dbt_project.stg_orders: BEGIN
[0m17:48:55.783911 [debug] [Thread-1 (]: Opening a new connection, currently in state closed
[0m17:48:55.784910 [debug] [Thread-1 (]: SQL status: OK in 0.001 seconds
[0m17:48:55.784910 [debug] [Thread-1 (]: Using duckdb connection "model.dbt_project.stg_orders"
[0m17:48:55.784910 [debug] [Thread-1 (]: On model.dbt_project.stg_orders: /* {"app": "dbt", "dbt_version": "1.11.7", "profile_name": "dbt_project", "target_name": "dev", "node_id": "model.dbt_project.stg_orders"} */

  
  create view "dev"."main"."stg_orders__dbt_tmp" as (
    SELECT *
FROM read_parquet('../data/silver/orders.parquet')
  );

[0m17:48:55.785914 [debug] [Thread-1 (]: SQL status: OK in 0.001 seconds
[0m17:48:55.787926 [debug] [Thread-1 (]: Using duckdb connection "model.dbt_project.stg_orders"
[0m17:48:55.787926 [debug] [Thread-1 (]: On model.dbt_project.stg_orders: /* {"app": "dbt", "dbt_version": "1.11.7", "profile_name": "dbt_project", "target_name": "dev", "node_id": "model.dbt_project.stg_orders"} */
alter view "dev"."main"."stg_orders" rename to "stg_orders__dbt_backup"
[0m17:48:55.788911 [debug] [Thread-1 (]: SQL status: OK in 0.000 seconds
[0m17:48:55.790911 [debug] [Thread-1 (]: Using duckdb connection "model.dbt_project.stg_orders"
[0m17:48:55.790911 [debug] [Thread-1 (]: On model.dbt_project.stg_orders: /* {"app": "dbt", "dbt_version": "1.11.7", "profile_name": "dbt_project", "target_name": "dev", "node_id": "model.dbt_project.stg_orders"} */
alter view "dev"."main"."stg_orders__dbt_tmp" rename to "stg_orders"
[0m17:48:55.791913 [debug] [Thread-1 (]: SQL status: OK in 0.000 seconds
[0m17:48:55.792912 [debug] [Thread-1 (]: On model.dbt_project.stg_orders: COMMIT
[0m17:48:55.792912 [debug] [Thread-1 (]: Using duckdb connection "model.dbt_project.stg_orders"
[0m17:48:55.792912 [debug] [Thread-1 (]: On model.dbt_project.stg_orders: COMMIT
[0m17:48:55.797911 [debug] [Thread-1 (]: SQL status: OK in 0.005 seconds
[0m17:48:55.799926 [debug] [Thread-1 (]: Using duckdb connection "model.dbt_project.stg_orders"
[0m17:48:55.800926 [debug] [Thread-1 (]: On model.dbt_project.stg_orders: /* {"app": "dbt", "dbt_version": "1.11.7", "profile_name": "dbt_project", "target_name": "dev", "node_id": "model.dbt_project.stg_orders"} */

      drop view if exists "dev"."main"."stg_orders__dbt_backup" cascade
    
[0m17:48:55.806364 [debug] [Thread-1 (]: SQL status: OK in 0.005 seconds
[0m17:48:55.807273 [debug] [Thread-1 (]: On model.dbt_project.stg_orders: Close
[0m17:48:55.807273 [debug] [Thread-1 (]: Sending event: {'category': 'dbt', 'action': 'run_model', 'label': '9a098068-8890-4d24-9918-41e46cf4faa8', 'context': [<snowplow_tracker.self_describing_json.SelfDescribingJson object at 0x00000186332F6350>]}
[0m17:48:55.808368 [info ] [Thread-1 (]: 3 of 11 OK created sql view model main.stg_orders .............................. [[32mOK[0m in 0.03s]
[0m17:48:55.809262 [debug] [Thread-1 (]: Finished running node model.dbt_project.stg_orders
[0m17:48:55.810263 [debug] [Thread-1 (]: Began running node model.dbt_project.03_refund_drivers
[0m17:48:55.810263 [info ] [Thread-1 (]: 4 of 11 START sql view model main.03_refund_drivers ............................ [RUN]
[0m17:48:55.811263 [debug] [Thread-1 (]: Re-using an available connection from the pool (formerly model.dbt_project.stg_orders, now model.dbt_project.03_refund_drivers)
[0m17:48:55.811263 [debug] [Thread-1 (]: Began compiling node model.dbt_project.03_refund_drivers
[0m17:48:55.813263 [debug] [Thread-1 (]: Writing injected SQL for node "model.dbt_project.03_refund_drivers"
[0m17:48:55.814263 [debug] [Thread-1 (]: Began executing node model.dbt_project.03_refund_drivers
[0m17:48:55.818542 [debug] [Thread-1 (]: Writing runtime sql for node "model.dbt_project.03_refund_drivers"
[0m17:48:55.820057 [debug] [Thread-1 (]: Using duckdb connection "model.dbt_project.03_refund_drivers"
[0m17:48:55.820057 [debug] [Thread-1 (]: On model.dbt_project.03_refund_drivers: BEGIN
[0m17:48:55.820057 [debug] [Thread-1 (]: Opening a new connection, currently in state closed
[0m17:48:55.821090 [debug] [Thread-1 (]: SQL status: OK in 0.001 seconds
[0m17:48:55.821090 [debug] [Thread-1 (]: Using duckdb connection "model.dbt_project.03_refund_drivers"
[0m17:48:55.822057 [debug] [Thread-1 (]: On model.dbt_project.03_refund_drivers: /* {"app": "dbt", "dbt_version": "1.11.7", "profile_name": "dbt_project", "target_name": "dev", "node_id": "model.dbt_project.03_refund_drivers"} */

  
  create view "dev"."main"."03_refund_drivers__dbt_tmp" as (
    SELECT
    CASE
        WHEN sla_breach_flag = 1 THEN 'DELAY'
        WHEN delivery_success_flag = 0 THEN 'CANCELLATION'
        ELSE 'OTHER'
    END AS refund_reason,
    COUNT(order_id) AS total_orders,
    SUM(has_refund_flag) AS refunded_orders,
    SUM(has_refund_flag) * 1.0 / COUNT(order_id) AS refund_rate
FROM "dev"."main"."stg_order_facts"
GROUP BY refund_reason
  );

[0m17:48:55.831436 [debug] [Thread-1 (]: SQL status: OK in 0.009 seconds
[0m17:48:55.834452 [debug] [Thread-1 (]: Using duckdb connection "model.dbt_project.03_refund_drivers"
[0m17:48:55.834452 [debug] [Thread-1 (]: On model.dbt_project.03_refund_drivers: /* {"app": "dbt", "dbt_version": "1.11.7", "profile_name": "dbt_project", "target_name": "dev", "node_id": "model.dbt_project.03_refund_drivers"} */
alter view "dev"."main"."03_refund_drivers__dbt_tmp" rename to "03_refund_drivers"
[0m17:48:55.834452 [debug] [Thread-1 (]: SQL status: OK in 0.000 seconds
[0m17:48:55.835755 [debug] [Thread-1 (]: On model.dbt_project.03_refund_drivers: COMMIT
[0m17:48:55.836809 [debug] [Thread-1 (]: Using duckdb connection "model.dbt_project.03_refund_drivers"
[0m17:48:55.836809 [debug] [Thread-1 (]: On model.dbt_project.03_refund_drivers: COMMIT
[0m17:48:55.840949 [debug] [Thread-1 (]: SQL status: OK in 0.004 seconds
[0m17:48:55.842947 [debug] [Thread-1 (]: Using duckdb connection "model.dbt_project.03_refund_drivers"
[0m17:48:55.843940 [debug] [Thread-1 (]: On model.dbt_project.03_refund_drivers: /* {"app": "dbt", "dbt_version": "1.11.7", "profile_name": "dbt_project", "target_name": "dev", "node_id": "model.dbt_project.03_refund_drivers"} */

      drop view if exists "dev"."main"."03_refund_drivers__dbt_backup" cascade
    
[0m17:48:55.844932 [debug] [Thread-1 (]: SQL status: OK in 0.000 seconds
[0m17:48:55.845931 [debug] [Thread-1 (]: On model.dbt_project.03_refund_drivers: Close
[0m17:48:55.845931 [debug] [Thread-1 (]: Sending event: {'category': 'dbt', 'action': 'run_model', 'label': '9a098068-8890-4d24-9918-41e46cf4faa8', 'context': [<snowplow_tracker.self_describing_json.SelfDescribingJson object at 0x00000186333E2710>]}
[0m17:48:55.846933 [info ] [Thread-1 (]: 4 of 11 OK created sql view model main.03_refund_drivers ....................... [[32mOK[0m in 0.03s]
[0m17:48:55.846933 [debug] [Thread-1 (]: Finished running node model.dbt_project.03_refund_drivers
[0m17:48:55.847953 [debug] [Thread-1 (]: Began running node model.dbt_project.05_weekly_trends
[0m17:48:55.847953 [info ] [Thread-1 (]: 5 of 11 START sql view model main.05_weekly_trends ............................. [RUN]
[0m17:48:55.849040 [debug] [Thread-1 (]: Re-using an available connection from the pool (formerly model.dbt_project.03_refund_drivers, now model.dbt_project.05_weekly_trends)
[0m17:48:55.849040 [debug] [Thread-1 (]: Began compiling node model.dbt_project.05_weekly_trends
[0m17:48:55.851055 [debug] [Thread-1 (]: Writing injected SQL for node "model.dbt_project.05_weekly_trends"
[0m17:48:55.852070 [debug] [Thread-1 (]: Began executing node model.dbt_project.05_weekly_trends
[0m17:48:55.854160 [debug] [Thread-1 (]: Writing runtime sql for node "model.dbt_project.05_weekly_trends"
[0m17:48:55.855147 [debug] [Thread-1 (]: Using duckdb connection "model.dbt_project.05_weekly_trends"
[0m17:48:55.855147 [debug] [Thread-1 (]: On model.dbt_project.05_weekly_trends: BEGIN
[0m17:48:55.856158 [debug] [Thread-1 (]: Opening a new connection, currently in state closed
[0m17:48:55.856158 [debug] [Thread-1 (]: SQL status: OK in 0.000 seconds
[0m17:48:55.856158 [debug] [Thread-1 (]: Using duckdb connection "model.dbt_project.05_weekly_trends"
[0m17:48:55.857147 [debug] [Thread-1 (]: On model.dbt_project.05_weekly_trends: /* {"app": "dbt", "dbt_version": "1.11.7", "profile_name": "dbt_project", "target_name": "dev", "node_id": "model.dbt_project.05_weekly_trends"} */

  
  create view "dev"."main"."05_weekly_trends__dbt_tmp" as (
    SELECT
    DATE_TRUNC('week', order_date) AS week,
    COUNT(order_id) AS total_orders,
    SUM(delivery_success_flag) AS completed_orders,
    SUM(has_refund_flag) AS refunded_orders,
    SUM(sla_breach_flag) AS breached_orders,
    SUM(refund_amount) AS total_refund_amount
FROM "dev"."main"."stg_order_facts"
GROUP BY week
ORDER BY week
  );

[0m17:48:55.861440 [debug] [Thread-1 (]: SQL status: OK in 0.004 seconds
[0m17:48:55.863439 [debug] [Thread-1 (]: Using duckdb connection "model.dbt_project.05_weekly_trends"
[0m17:48:55.863439 [debug] [Thread-1 (]: On model.dbt_project.05_weekly_trends: /* {"app": "dbt", "dbt_version": "1.11.7", "profile_name": "dbt_project", "target_name": "dev", "node_id": "model.dbt_project.05_weekly_trends"} */
alter view "dev"."main"."05_weekly_trends__dbt_tmp" rename to "05_weekly_trends"
[0m17:48:55.864439 [debug] [Thread-1 (]: SQL status: OK in 0.000 seconds
[0m17:48:55.865439 [debug] [Thread-1 (]: On model.dbt_project.05_weekly_trends: COMMIT
[0m17:48:55.865439 [debug] [Thread-1 (]: Using duckdb connection "model.dbt_project.05_weekly_trends"
[0m17:48:55.865439 [debug] [Thread-1 (]: On model.dbt_project.05_weekly_trends: COMMIT
[0m17:48:55.869438 [debug] [Thread-1 (]: SQL status: OK in 0.003 seconds
[0m17:48:55.870440 [debug] [Thread-1 (]: Using duckdb connection "model.dbt_project.05_weekly_trends"
[0m17:48:55.871439 [debug] [Thread-1 (]: On model.dbt_project.05_weekly_trends: /* {"app": "dbt", "dbt_version": "1.11.7", "profile_name": "dbt_project", "target_name": "dev", "node_id": "model.dbt_project.05_weekly_trends"} */

      drop view if exists "dev"."main"."05_weekly_trends__dbt_backup" cascade
    
[0m17:48:55.871439 [debug] [Thread-1 (]: SQL status: OK in 0.000 seconds
[0m17:48:55.873465 [debug] [Thread-1 (]: On model.dbt_project.05_weekly_trends: Close
[0m17:48:55.873465 [debug] [Thread-1 (]: Sending event: {'category': 'dbt', 'action': 'run_model', 'label': '9a098068-8890-4d24-9918-41e46cf4faa8', 'context': [<snowplow_tracker.self_describing_json.SelfDescribingJson object at 0x0000018631615490>]}
[0m17:48:55.874456 [info ] [Thread-1 (]: 5 of 11 OK created sql view model main.05_weekly_trends ........................ [[32mOK[0m in 0.02s]
[0m17:48:55.874456 [debug] [Thread-1 (]: Finished running node model.dbt_project.05_weekly_trends
[0m17:48:55.875439 [debug] [Thread-1 (]: Began running node model.dbt_project.int_restaurant_metrics
[0m17:48:55.875439 [info ] [Thread-1 (]: 6 of 11 START sql view model main.int_restaurant_metrics ....................... [RUN]
[0m17:48:55.876305 [debug] [Thread-1 (]: Re-using an available connection from the pool (formerly model.dbt_project.05_weekly_trends, now model.dbt_project.int_restaurant_metrics)
[0m17:48:55.876305 [debug] [Thread-1 (]: Began compiling node model.dbt_project.int_restaurant_metrics
[0m17:48:55.878336 [debug] [Thread-1 (]: Writing injected SQL for node "model.dbt_project.int_restaurant_metrics"
[0m17:48:55.879917 [debug] [Thread-1 (]: Began executing node model.dbt_project.int_restaurant_metrics
[0m17:48:55.882242 [debug] [Thread-1 (]: Writing runtime sql for node "model.dbt_project.int_restaurant_metrics"
[0m17:48:55.883251 [debug] [Thread-1 (]: Using duckdb connection "model.dbt_project.int_restaurant_metrics"
[0m17:48:55.883251 [debug] [Thread-1 (]: On model.dbt_project.int_restaurant_metrics: BEGIN
[0m17:48:55.884224 [debug] [Thread-1 (]: Opening a new connection, currently in state closed
[0m17:48:55.884224 [debug] [Thread-1 (]: SQL status: OK in 0.001 seconds
[0m17:48:55.884224 [debug] [Thread-1 (]: Using duckdb connection "model.dbt_project.int_restaurant_metrics"
[0m17:48:55.885248 [debug] [Thread-1 (]: On model.dbt_project.int_restaurant_metrics: /* {"app": "dbt", "dbt_version": "1.11.7", "profile_name": "dbt_project", "target_name": "dev", "node_id": "model.dbt_project.int_restaurant_metrics"} */

  
  create view "dev"."main"."int_restaurant_metrics__dbt_tmp" as (
    SELECT
    restaurant_id,
    city,
    COUNT(order_id) AS total_orders,
    AVG(prep_delay_minutes) AS avg_prep_delay,
    AVG(delay_minutes) AS avg_delivery_delay,
    SUM(sla_breach_flag) * 1.0 / COUNT(order_id) AS breach_rate
FROM "dev"."main"."stg_order_facts"
GROUP BY restaurant_id, city
  );

[0m17:48:55.886259 [debug] [Thread-1 (]: SQL status: OK in 0.001 seconds
[0m17:48:55.889283 [debug] [Thread-1 (]: Using duckdb connection "model.dbt_project.int_restaurant_metrics"
[0m17:48:55.889283 [debug] [Thread-1 (]: On model.dbt_project.int_restaurant_metrics: /* {"app": "dbt", "dbt_version": "1.11.7", "profile_name": "dbt_project", "target_name": "dev", "node_id": "model.dbt_project.int_restaurant_metrics"} */
alter view "dev"."main"."int_restaurant_metrics__dbt_tmp" rename to "int_restaurant_metrics"
[0m17:48:55.890264 [debug] [Thread-1 (]: SQL status: OK in 0.000 seconds
[0m17:48:55.891279 [debug] [Thread-1 (]: On model.dbt_project.int_restaurant_metrics: COMMIT
[0m17:48:55.891279 [debug] [Thread-1 (]: Using duckdb connection "model.dbt_project.int_restaurant_metrics"
[0m17:48:55.891279 [debug] [Thread-1 (]: On model.dbt_project.int_restaurant_metrics: COMMIT
[0m17:48:55.896094 [debug] [Thread-1 (]: SQL status: OK in 0.004 seconds
[0m17:48:55.900083 [debug] [Thread-1 (]: Using duckdb connection "model.dbt_project.int_restaurant_metrics"
[0m17:48:55.900083 [debug] [Thread-1 (]: On model.dbt_project.int_restaurant_metrics: /* {"app": "dbt", "dbt_version": "1.11.7", "profile_name": "dbt_project", "target_name": "dev", "node_id": "model.dbt_project.int_restaurant_metrics"} */

      drop view if exists "dev"."main"."int_restaurant_metrics__dbt_backup" cascade
    
[0m17:48:55.901126 [debug] [Thread-1 (]: SQL status: OK in 0.000 seconds
[0m17:48:55.902148 [debug] [Thread-1 (]: On model.dbt_project.int_restaurant_metrics: Close
[0m17:48:55.902148 [debug] [Thread-1 (]: Sending event: {'category': 'dbt', 'action': 'run_model', 'label': '9a098068-8890-4d24-9918-41e46cf4faa8', 'context': [<snowplow_tracker.self_describing_json.SelfDescribingJson object at 0x00000186343FB150>]}
[0m17:48:55.903130 [info ] [Thread-1 (]: 6 of 11 OK created sql view model main.int_restaurant_metrics .................. [[32mOK[0m in 0.03s]
[0m17:48:55.903130 [debug] [Thread-1 (]: Finished running node model.dbt_project.int_restaurant_metrics
[0m17:48:55.904132 [debug] [Thread-1 (]: Began running node model.dbt_project.int_rider_metrics
[0m17:48:55.904132 [info ] [Thread-1 (]: 7 of 11 START sql view model main.int_rider_metrics ............................ [RUN]
[0m17:48:55.905138 [debug] [Thread-1 (]: Re-using an available connection from the pool (formerly model.dbt_project.int_restaurant_metrics, now model.dbt_project.int_rider_metrics)
[0m17:48:55.905138 [debug] [Thread-1 (]: Began compiling node model.dbt_project.int_rider_metrics
[0m17:48:55.908131 [debug] [Thread-1 (]: Writing injected SQL for node "model.dbt_project.int_rider_metrics"
[0m17:48:55.909132 [debug] [Thread-1 (]: Began executing node model.dbt_project.int_rider_metrics
[0m17:48:55.911133 [debug] [Thread-1 (]: Writing runtime sql for node "model.dbt_project.int_rider_metrics"
[0m17:48:55.912132 [debug] [Thread-1 (]: Using duckdb connection "model.dbt_project.int_rider_metrics"
[0m17:48:55.912132 [debug] [Thread-1 (]: On model.dbt_project.int_rider_metrics: BEGIN
[0m17:48:55.912132 [debug] [Thread-1 (]: Opening a new connection, currently in state closed
[0m17:48:55.913133 [debug] [Thread-1 (]: SQL status: OK in 0.001 seconds
[0m17:48:55.913133 [debug] [Thread-1 (]: Using duckdb connection "model.dbt_project.int_rider_metrics"
[0m17:48:55.914318 [debug] [Thread-1 (]: On model.dbt_project.int_rider_metrics: /* {"app": "dbt", "dbt_version": "1.11.7", "profile_name": "dbt_project", "target_name": "dev", "node_id": "model.dbt_project.int_rider_metrics"} */

  
  create view "dev"."main"."int_rider_metrics__dbt_tmp" as (
    SELECT
    rider_id,
    COUNT(order_id) AS total_orders,
    SUM(sla_breach_flag) AS late_orders,
    SUM(delivery_success_flag) AS successful_orders,
    AVG(actual_delivery_minutes) AS avg_delivery_time,
    AVG(delay_minutes) AS avg_delay_minutes
FROM "dev"."main"."stg_order_facts"
WHERE rider_id IS NOT NULL
GROUP BY rider_id
  );

[0m17:48:55.915447 [debug] [Thread-1 (]: SQL status: OK in 0.001 seconds
[0m17:48:55.917755 [debug] [Thread-1 (]: Using duckdb connection "model.dbt_project.int_rider_metrics"
[0m17:48:55.918733 [debug] [Thread-1 (]: On model.dbt_project.int_rider_metrics: /* {"app": "dbt", "dbt_version": "1.11.7", "profile_name": "dbt_project", "target_name": "dev", "node_id": "model.dbt_project.int_rider_metrics"} */
alter view "dev"."main"."int_rider_metrics" rename to "int_rider_metrics__dbt_backup"
[0m17:48:55.918733 [debug] [Thread-1 (]: SQL status: OK in 0.000 seconds
[0m17:48:55.920735 [debug] [Thread-1 (]: Using duckdb connection "model.dbt_project.int_rider_metrics"
[0m17:48:55.921734 [debug] [Thread-1 (]: On model.dbt_project.int_rider_metrics: /* {"app": "dbt", "dbt_version": "1.11.7", "profile_name": "dbt_project", "target_name": "dev", "node_id": "model.dbt_project.int_rider_metrics"} */
alter view "dev"."main"."int_rider_metrics__dbt_tmp" rename to "int_rider_metrics"
[0m17:48:55.921734 [debug] [Thread-1 (]: SQL status: OK in 0.000 seconds
[0m17:48:55.922733 [debug] [Thread-1 (]: On model.dbt_project.int_rider_metrics: COMMIT
[0m17:48:55.923752 [debug] [Thread-1 (]: Using duckdb connection "model.dbt_project.int_rider_metrics"
[0m17:48:55.923752 [debug] [Thread-1 (]: On model.dbt_project.int_rider_metrics: COMMIT
[0m17:48:55.929019 [debug] [Thread-1 (]: SQL status: OK in 0.005 seconds
[0m17:48:55.930300 [debug] [Thread-1 (]: Using duckdb connection "model.dbt_project.int_rider_metrics"
[0m17:48:55.931322 [debug] [Thread-1 (]: On model.dbt_project.int_rider_metrics: /* {"app": "dbt", "dbt_version": "1.11.7", "profile_name": "dbt_project", "target_name": "dev", "node_id": "model.dbt_project.int_rider_metrics"} */

      drop view if exists "dev"."main"."int_rider_metrics__dbt_backup" cascade
    
[0m17:48:55.936194 [debug] [Thread-1 (]: SQL status: OK in 0.005 seconds
[0m17:48:55.938196 [debug] [Thread-1 (]: On model.dbt_project.int_rider_metrics: Close
[0m17:48:55.938196 [debug] [Thread-1 (]: Sending event: {'category': 'dbt', 'action': 'run_model', 'label': '9a098068-8890-4d24-9918-41e46cf4faa8', 'context': [<snowplow_tracker.self_describing_json.SelfDescribingJson object at 0x00000186343FE410>]}
[0m17:48:55.939195 [info ] [Thread-1 (]: 7 of 11 OK created sql view model main.int_rider_metrics ....................... [[32mOK[0m in 0.03s]
[0m17:48:55.939674 [debug] [Thread-1 (]: Finished running node model.dbt_project.int_rider_metrics
[0m17:48:55.939674 [debug] [Thread-1 (]: Began running node model.dbt_project.int_sla_metrics
[0m17:48:55.940691 [info ] [Thread-1 (]: 8 of 11 START sql view model main.int_sla_metrics .............................. [RUN]
[0m17:48:55.941690 [debug] [Thread-1 (]: Re-using an available connection from the pool (formerly model.dbt_project.int_rider_metrics, now model.dbt_project.int_sla_metrics)
[0m17:48:55.941690 [debug] [Thread-1 (]: Began compiling node model.dbt_project.int_sla_metrics
[0m17:48:55.943705 [debug] [Thread-1 (]: Writing injected SQL for node "model.dbt_project.int_sla_metrics"
[0m17:48:55.943705 [debug] [Thread-1 (]: Began executing node model.dbt_project.int_sla_metrics
[0m17:48:55.947176 [debug] [Thread-1 (]: Writing runtime sql for node "model.dbt_project.int_sla_metrics"
[0m17:48:55.947176 [debug] [Thread-1 (]: Using duckdb connection "model.dbt_project.int_sla_metrics"
[0m17:48:55.948522 [debug] [Thread-1 (]: On model.dbt_project.int_sla_metrics: BEGIN
[0m17:48:55.948522 [debug] [Thread-1 (]: Opening a new connection, currently in state closed
[0m17:48:55.948522 [debug] [Thread-1 (]: SQL status: OK in 0.001 seconds
[0m17:48:55.949527 [debug] [Thread-1 (]: Using duckdb connection "model.dbt_project.int_sla_metrics"
[0m17:48:55.949527 [debug] [Thread-1 (]: On model.dbt_project.int_sla_metrics: /* {"app": "dbt", "dbt_version": "1.11.7", "profile_name": "dbt_project", "target_name": "dev", "node_id": "model.dbt_project.int_sla_metrics"} */

  
  create view "dev"."main"."int_sla_metrics__dbt_tmp" as (
    WITH base AS (
    SELECT
        order_id,
        city,
        order_hour,
        actual_delivery_minutes,
        delay_minutes,
        sla_breach_flag,
        prep_delay_minutes
    FROM "dev"."main"."stg_order_facts"
)
SELECT
    *,
    
    CASE
        WHEN order_hour BETWEEN 11 AND 14 THEN 'LUNCH'
        WHEN order_hour BETWEEN 18 AND 22 THEN 'DINNER'
        ELSE 'OFF_PEAK'
    END AS time_slot,
    CASE
        WHEN delay_minutes <= 0 THEN 'ON_TIME'
        WHEN delay_minutes <= 10 THEN 'MINOR_DELAY'
        ELSE 'MAJOR_DELAY'
    END AS delay_bucket
FROM base
  );

[0m17:48:55.951545 [debug] [Thread-1 (]: SQL status: OK in 0.001 seconds
[0m17:48:55.953742 [debug] [Thread-1 (]: Using duckdb connection "model.dbt_project.int_sla_metrics"
[0m17:48:55.953742 [debug] [Thread-1 (]: On model.dbt_project.int_sla_metrics: /* {"app": "dbt", "dbt_version": "1.11.7", "profile_name": "dbt_project", "target_name": "dev", "node_id": "model.dbt_project.int_sla_metrics"} */
alter view "dev"."main"."int_sla_metrics" rename to "int_sla_metrics__dbt_backup"
[0m17:48:55.954716 [debug] [Thread-1 (]: SQL status: OK in 0.000 seconds
[0m17:48:55.956711 [debug] [Thread-1 (]: Using duckdb connection "model.dbt_project.int_sla_metrics"
[0m17:48:55.956711 [debug] [Thread-1 (]: On model.dbt_project.int_sla_metrics: /* {"app": "dbt", "dbt_version": "1.11.7", "profile_name": "dbt_project", "target_name": "dev", "node_id": "model.dbt_project.int_sla_metrics"} */
alter view "dev"."main"."int_sla_metrics__dbt_tmp" rename to "int_sla_metrics"
[0m17:48:55.956711 [debug] [Thread-1 (]: SQL status: OK in 0.000 seconds
[0m17:48:55.958142 [debug] [Thread-1 (]: On model.dbt_project.int_sla_metrics: COMMIT
[0m17:48:55.959164 [debug] [Thread-1 (]: Using duckdb connection "model.dbt_project.int_sla_metrics"
[0m17:48:55.959164 [debug] [Thread-1 (]: On model.dbt_project.int_sla_metrics: COMMIT
[0m17:48:55.963552 [debug] [Thread-1 (]: SQL status: OK in 0.004 seconds
[0m17:48:55.966530 [debug] [Thread-1 (]: Using duckdb connection "model.dbt_project.int_sla_metrics"
[0m17:48:55.966530 [debug] [Thread-1 (]: On model.dbt_project.int_sla_metrics: /* {"app": "dbt", "dbt_version": "1.11.7", "profile_name": "dbt_project", "target_name": "dev", "node_id": "model.dbt_project.int_sla_metrics"} */

      drop view if exists "dev"."main"."int_sla_metrics__dbt_backup" cascade
    
[0m17:48:55.972440 [debug] [Thread-1 (]: SQL status: OK in 0.005 seconds
[0m17:48:55.973441 [debug] [Thread-1 (]: On model.dbt_project.int_sla_metrics: Close
[0m17:48:55.973441 [debug] [Thread-1 (]: Sending event: {'category': 'dbt', 'action': 'run_model', 'label': '9a098068-8890-4d24-9918-41e46cf4faa8', 'context': [<snowplow_tracker.self_describing_json.SelfDescribingJson object at 0x000001863441DE10>]}
[0m17:48:55.974425 [info ] [Thread-1 (]: 8 of 11 OK created sql view model main.int_sla_metrics ......................... [[32mOK[0m in 0.03s]
[0m17:48:55.975425 [debug] [Thread-1 (]: Finished running node model.dbt_project.int_sla_metrics
[0m17:48:55.975425 [debug] [Thread-1 (]: Began running node model.dbt_project.02_restaurants_prep_delay
[0m17:48:55.976427 [info ] [Thread-1 (]: 9 of 11 START sql view model main.02_restaurants_prep_delay .................... [RUN]
[0m17:48:55.976427 [debug] [Thread-1 (]: Re-using an available connection from the pool (formerly model.dbt_project.int_sla_metrics, now model.dbt_project.02_restaurants_prep_delay)
[0m17:48:55.976427 [debug] [Thread-1 (]: Began compiling node model.dbt_project.02_restaurants_prep_delay
[0m17:48:55.978427 [debug] [Thread-1 (]: Writing injected SQL for node "model.dbt_project.02_restaurants_prep_delay"
[0m17:48:55.979425 [debug] [Thread-1 (]: Began executing node model.dbt_project.02_restaurants_prep_delay
[0m17:48:55.982828 [debug] [Thread-1 (]: Writing runtime sql for node "model.dbt_project.02_restaurants_prep_delay"
[0m17:48:55.983811 [debug] [Thread-1 (]: Using duckdb connection "model.dbt_project.02_restaurants_prep_delay"
[0m17:48:55.983811 [debug] [Thread-1 (]: On model.dbt_project.02_restaurants_prep_delay: BEGIN
[0m17:48:55.984812 [debug] [Thread-1 (]: Opening a new connection, currently in state closed
[0m17:48:55.984812 [debug] [Thread-1 (]: SQL status: OK in 0.001 seconds
[0m17:48:55.985812 [debug] [Thread-1 (]: Using duckdb connection "model.dbt_project.02_restaurants_prep_delay"
[0m17:48:55.985812 [debug] [Thread-1 (]: On model.dbt_project.02_restaurants_prep_delay: /* {"app": "dbt", "dbt_version": "1.11.7", "profile_name": "dbt_project", "target_name": "dev", "node_id": "model.dbt_project.02_restaurants_prep_delay"} */

  
  create view "dev"."main"."02_restaurants_prep_delay__dbt_tmp" as (
    SELECT
    restaurant_id,
    city,
    total_orders,
    avg_prep_delay,
    avg_delivery_delay,
    breach_rate
FROM "dev"."main"."int_restaurant_metrics"
ORDER BY breach_rate DESC
  );

[0m17:48:55.986813 [debug] [Thread-1 (]: SQL status: OK in 0.001 seconds
[0m17:48:55.988813 [debug] [Thread-1 (]: Using duckdb connection "model.dbt_project.02_restaurants_prep_delay"
[0m17:48:55.989812 [debug] [Thread-1 (]: On model.dbt_project.02_restaurants_prep_delay: /* {"app": "dbt", "dbt_version": "1.11.7", "profile_name": "dbt_project", "target_name": "dev", "node_id": "model.dbt_project.02_restaurants_prep_delay"} */
alter view "dev"."main"."02_restaurants_prep_delay__dbt_tmp" rename to "02_restaurants_prep_delay"
[0m17:48:55.989812 [debug] [Thread-1 (]: SQL status: OK in 0.000 seconds
[0m17:48:55.990812 [debug] [Thread-1 (]: On model.dbt_project.02_restaurants_prep_delay: COMMIT
[0m17:48:55.991815 [debug] [Thread-1 (]: Using duckdb connection "model.dbt_project.02_restaurants_prep_delay"
[0m17:48:55.991815 [debug] [Thread-1 (]: On model.dbt_project.02_restaurants_prep_delay: COMMIT
[0m17:48:55.996810 [debug] [Thread-1 (]: SQL status: OK in 0.005 seconds
[0m17:48:55.998812 [debug] [Thread-1 (]: Using duckdb connection "model.dbt_project.02_restaurants_prep_delay"
[0m17:48:55.999811 [debug] [Thread-1 (]: On model.dbt_project.02_restaurants_prep_delay: /* {"app": "dbt", "dbt_version": "1.11.7", "profile_name": "dbt_project", "target_name": "dev", "node_id": "model.dbt_project.02_restaurants_prep_delay"} */

      drop view if exists "dev"."main"."02_restaurants_prep_delay__dbt_backup" cascade
    
[0m17:48:55.999811 [debug] [Thread-1 (]: SQL status: OK in 0.000 seconds
[0m17:48:56.000811 [debug] [Thread-1 (]: On model.dbt_project.02_restaurants_prep_delay: Close
[0m17:48:56.001827 [debug] [Thread-1 (]: Sending event: {'category': 'dbt', 'action': 'run_model', 'label': '9a098068-8890-4d24-9918-41e46cf4faa8', 'context': [<snowplow_tracker.self_describing_json.SelfDescribingJson object at 0x000001863441F110>]}
[0m17:48:56.001827 [info ] [Thread-1 (]: 9 of 11 OK created sql view model main.02_restaurants_prep_delay ............... [[32mOK[0m in 0.02s]
[0m17:48:56.002812 [debug] [Thread-1 (]: Finished running node model.dbt_project.02_restaurants_prep_delay
[0m17:48:56.002812 [debug] [Thread-1 (]: Began running node model.dbt_project.04_riders_performance
[0m17:48:56.003812 [info ] [Thread-1 (]: 10 of 11 START sql view model main.04_riders_performance ....................... [RUN]
[0m17:48:56.004814 [debug] [Thread-1 (]: Re-using an available connection from the pool (formerly model.dbt_project.02_restaurants_prep_delay, now model.dbt_project.04_riders_performance)
[0m17:48:56.004814 [debug] [Thread-1 (]: Began compiling node model.dbt_project.04_riders_performance
[0m17:48:56.006813 [debug] [Thread-1 (]: Writing injected SQL for node "model.dbt_project.04_riders_performance"
[0m17:48:56.007812 [debug] [Thread-1 (]: Began executing node model.dbt_project.04_riders_performance
[0m17:48:56.010810 [debug] [Thread-1 (]: Writing runtime sql for node "model.dbt_project.04_riders_performance"
[0m17:48:56.011812 [debug] [Thread-1 (]: Using duckdb connection "model.dbt_project.04_riders_performance"
[0m17:48:56.011812 [debug] [Thread-1 (]: On model.dbt_project.04_riders_performance: BEGIN
[0m17:48:56.011812 [debug] [Thread-1 (]: Opening a new connection, currently in state closed
[0m17:48:56.012811 [debug] [Thread-1 (]: SQL status: OK in 0.001 seconds
[0m17:48:56.012811 [debug] [Thread-1 (]: Using duckdb connection "model.dbt_project.04_riders_performance"
[0m17:48:56.013812 [debug] [Thread-1 (]: On model.dbt_project.04_riders_performance: /* {"app": "dbt", "dbt_version": "1.11.7", "profile_name": "dbt_project", "target_name": "dev", "node_id": "model.dbt_project.04_riders_performance"} */

  
  create view "dev"."main"."04_riders_performance__dbt_tmp" as (
    SELECT
    rider_id,
    total_orders,
    late_orders,
    successful_orders,
    avg_delivery_time,
    avg_delay_minutes,
    late_orders * 1.0 / total_orders AS late_rate
FROM "dev"."main"."int_rider_metrics"
ORDER BY total_orders DESC
  );

[0m17:48:56.014834 [debug] [Thread-1 (]: SQL status: OK in 0.001 seconds
[0m17:48:56.017811 [debug] [Thread-1 (]: Using duckdb connection "model.dbt_project.04_riders_performance"
[0m17:48:56.017811 [debug] [Thread-1 (]: On model.dbt_project.04_riders_performance: /* {"app": "dbt", "dbt_version": "1.11.7", "profile_name": "dbt_project", "target_name": "dev", "node_id": "model.dbt_project.04_riders_performance"} */
alter view "dev"."main"."04_riders_performance__dbt_tmp" rename to "04_riders_performance"
[0m17:48:56.018811 [debug] [Thread-1 (]: SQL status: OK in 0.000 seconds
[0m17:48:56.019843 [debug] [Thread-1 (]: On model.dbt_project.04_riders_performance: COMMIT
[0m17:48:56.019843 [debug] [Thread-1 (]: Using duckdb connection "model.dbt_project.04_riders_performance"
[0m17:48:56.019843 [debug] [Thread-1 (]: On model.dbt_project.04_riders_performance: COMMIT
[0m17:48:56.024326 [debug] [Thread-1 (]: SQL status: OK in 0.004 seconds
[0m17:48:56.025437 [debug] [Thread-1 (]: Using duckdb connection "model.dbt_project.04_riders_performance"
[0m17:48:56.026442 [debug] [Thread-1 (]: On model.dbt_project.04_riders_performance: /* {"app": "dbt", "dbt_version": "1.11.7", "profile_name": "dbt_project", "target_name": "dev", "node_id": "model.dbt_project.04_riders_performance"} */

      drop view if exists "dev"."main"."04_riders_performance__dbt_backup" cascade
    
[0m17:48:56.026442 [debug] [Thread-1 (]: SQL status: OK in 0.000 seconds
[0m17:48:56.027331 [debug] [Thread-1 (]: On model.dbt_project.04_riders_performance: Close
[0m17:48:56.028432 [debug] [Thread-1 (]: Sending event: {'category': 'dbt', 'action': 'run_model', 'label': '9a098068-8890-4d24-9918-41e46cf4faa8', 'context': [<snowplow_tracker.self_describing_json.SelfDescribingJson object at 0x000001863441F050>]}
[0m17:48:56.028432 [info ] [Thread-1 (]: 10 of 11 OK created sql view model main.04_riders_performance .................. [[32mOK[0m in 0.02s]
[0m17:48:56.029430 [debug] [Thread-1 (]: Finished running node model.dbt_project.04_riders_performance
[0m17:48:56.029430 [debug] [Thread-1 (]: Began running node model.dbt_project.01_SLA_breach_analysis
[0m17:48:56.030333 [info ] [Thread-1 (]: 11 of 11 START sql view model main.01_SLA_breach_analysis ...................... [RUN]
[0m17:48:56.030333 [debug] [Thread-1 (]: Re-using an available connection from the pool (formerly model.dbt_project.04_riders_performance, now model.dbt_project.01_SLA_breach_analysis)
[0m17:48:56.030333 [debug] [Thread-1 (]: Began compiling node model.dbt_project.01_SLA_breach_analysis
[0m17:48:56.032431 [debug] [Thread-1 (]: Writing injected SQL for node "model.dbt_project.01_SLA_breach_analysis"
[0m17:48:56.033433 [debug] [Thread-1 (]: Began executing node model.dbt_project.01_SLA_breach_analysis
[0m17:48:56.036933 [debug] [Thread-1 (]: Writing runtime sql for node "model.dbt_project.01_SLA_breach_analysis"
[0m17:48:56.036933 [debug] [Thread-1 (]: Using duckdb connection "model.dbt_project.01_SLA_breach_analysis"
[0m17:48:56.036933 [debug] [Thread-1 (]: On model.dbt_project.01_SLA_breach_analysis: BEGIN
[0m17:48:56.038428 [debug] [Thread-1 (]: Opening a new connection, currently in state closed
[0m17:48:56.038428 [debug] [Thread-1 (]: SQL status: OK in 0.001 seconds
[0m17:48:56.039474 [debug] [Thread-1 (]: Using duckdb connection "model.dbt_project.01_SLA_breach_analysis"
[0m17:48:56.039474 [debug] [Thread-1 (]: On model.dbt_project.01_SLA_breach_analysis: /* {"app": "dbt", "dbt_version": "1.11.7", "profile_name": "dbt_project", "target_name": "dev", "node_id": "model.dbt_project.01_SLA_breach_analysis"} */

  
  create view "dev"."main"."01_SLA_breach_analysis__dbt_tmp" as (
    SELECT
    city,
    time_slot,
    COUNT(order_id) AS total_orders,
    SUM(sla_breach_flag) AS breached_orders,
    SUM(sla_breach_flag) * 1.0 / COUNT(order_id) AS breach_rate
FROM "dev"."main"."int_sla_metrics"
GROUP BY city, time_slot
  );

[0m17:48:56.041558 [debug] [Thread-1 (]: SQL status: OK in 0.001 seconds
[0m17:48:56.044480 [debug] [Thread-1 (]: Using duckdb connection "model.dbt_project.01_SLA_breach_analysis"
[0m17:48:56.044480 [debug] [Thread-1 (]: On model.dbt_project.01_SLA_breach_analysis: /* {"app": "dbt", "dbt_version": "1.11.7", "profile_name": "dbt_project", "target_name": "dev", "node_id": "model.dbt_project.01_SLA_breach_analysis"} */
alter view "dev"."main"."01_SLA_breach_analysis__dbt_tmp" rename to "01_SLA_breach_analysis"
[0m17:48:56.044480 [debug] [Thread-1 (]: SQL status: OK in 0.000 seconds
[0m17:48:56.045961 [debug] [Thread-1 (]: On model.dbt_project.01_SLA_breach_analysis: COMMIT
[0m17:48:56.046965 [debug] [Thread-1 (]: Using duckdb connection "model.dbt_project.01_SLA_breach_analysis"
[0m17:48:56.046965 [debug] [Thread-1 (]: On model.dbt_project.01_SLA_breach_analysis: COMMIT
[0m17:48:56.052647 [debug] [Thread-1 (]: SQL status: OK in 0.005 seconds
[0m17:48:56.054649 [debug] [Thread-1 (]: Using duckdb connection "model.dbt_project.01_SLA_breach_analysis"
[0m17:48:56.054649 [debug] [Thread-1 (]: On model.dbt_project.01_SLA_breach_analysis: /* {"app": "dbt", "dbt_version": "1.11.7", "profile_name": "dbt_project", "target_name": "dev", "node_id": "model.dbt_project.01_SLA_breach_analysis"} */

      drop view if exists "dev"."main"."01_SLA_breach_analysis__dbt_backup" cascade
    
[0m17:48:56.055647 [debug] [Thread-1 (]: SQL status: OK in 0.000 seconds
[0m17:48:56.056761 [debug] [Thread-1 (]: On model.dbt_project.01_SLA_breach_analysis: Close
[0m17:48:56.056761 [debug] [Thread-1 (]: Sending event: {'category': 'dbt', 'action': 'run_model', 'label': '9a098068-8890-4d24-9918-41e46cf4faa8', 'context': [<snowplow_tracker.self_describing_json.SelfDescribingJson object at 0x0000018634457D50>]}
[0m17:48:56.057653 [info ] [Thread-1 (]: 11 of 11 OK created sql view model main.01_SLA_breach_analysis ................. [[32mOK[0m in 0.03s]
[0m17:48:56.058758 [debug] [Thread-1 (]: Finished running node model.dbt_project.01_SLA_breach_analysis
[0m17:48:56.059649 [debug] [MainThread]: Using duckdb connection "master"
[0m17:48:56.059649 [debug] [MainThread]: On master: BEGIN
[0m17:48:56.059649 [debug] [MainThread]: Opening a new connection, currently in state closed
[0m17:48:56.060647 [debug] [MainThread]: SQL status: OK in 0.000 seconds
[0m17:48:56.060647 [debug] [MainThread]: On master: COMMIT
[0m17:48:56.061648 [debug] [MainThread]: Using duckdb connection "master"
[0m17:48:56.061648 [debug] [MainThread]: On master: COMMIT
[0m17:48:56.061648 [debug] [MainThread]: SQL status: OK in 0.000 seconds
[0m17:48:56.062646 [debug] [MainThread]: On master: Close
[0m17:48:56.062646 [debug] [MainThread]: Connection 'master' was properly closed.
[0m17:48:56.062646 [debug] [MainThread]: Connection 'create_dev_main' was properly closed.
[0m17:48:56.063646 [debug] [MainThread]: Connection 'list_dev_main' was properly closed.
[0m17:48:56.063646 [debug] [MainThread]: Connection 'model.dbt_project.01_SLA_breach_analysis' was properly closed.
[0m17:48:56.063646 [info ] [MainThread]: 
[0m17:48:56.064745 [info ] [MainThread]: Finished running 11 view models in 0 hours 0 minutes and 0.49 seconds (0.49s).
[0m17:48:56.066168 [debug] [MainThread]: Command end result
[0m17:48:56.082227 [debug] [MainThread]: Wrote artifact WritableManifest to C:\DE_projects\food_del_pipeline\target\manifest.json
[0m17:48:56.084181 [debug] [MainThread]: Wrote artifact SemanticManifest to C:\DE_projects\food_del_pipeline\target\semantic_manifest.json
[0m17:48:56.088179 [debug] [MainThread]: Wrote artifact RunExecutionResult to C:\DE_projects\food_del_pipeline\target\run_results.json
[0m17:48:56.089226 [info ] [MainThread]: 
[0m17:48:56.090174 [info ] [MainThread]: [32mCompleted successfully[0m
[0m17:48:56.090174 [info ] [MainThread]: 
[0m17:48:56.091174 [info ] [MainThread]: Done. PASS=11 WARN=0 ERROR=0 SKIP=0 NO-OP=0 TOTAL=11
[0m17:48:56.092206 [debug] [MainThread]: Command `dbt run` succeeded at 17:48:56.091174 after 1.29 seconds
[0m17:48:56.092206 [debug] [MainThread]: Sending event: {'category': 'dbt', 'action': 'invocation', 'label': 'end', 'context': [<snowplow_tracker.self_describing_json.SelfDescribingJson object at 0x000001862ABE3E90>, <snowplow_tracker.self_describing_json.SelfDescribingJson object at 0x000001862AB66C50>, <snowplow_tracker.self_describing_json.SelfDescribingJson object at 0x000001862AB66CD0>]}
[0m17:48:56.092206 [debug] [MainThread]: Flushing usage events
[0m17:48:58.060463 [debug] [MainThread]: An error was encountered while trying to flush usage events
[0m17:49:04.553134 [debug] [MainThread]: Sending event: {'category': 'dbt', 'action': 'invocation', 'label': 'start', 'context': [<snowplow_tracker.self_describing_json.SelfDescribingJson object at 0x000001ADE48F62D0>, <snowplow_tracker.self_describing_json.SelfDescribingJson object at 0x000001ADE58F5210>, <snowplow_tracker.self_describing_json.SelfDescribingJson object at 0x000001ADE58F5750>]}


============================== 17:49:04.556151 | 1b54317f-41e2-4e2a-bc7f-a134fb92d388 ==============================
[0m17:49:04.556151 [info ] [MainThread]: Running with dbt=1.11.7
[0m17:49:04.557135 [debug] [MainThread]: running dbt with arguments {'static_parser': 'True', 'no_print': 'None', 'version_check': 'True', 'warn_error_options': 'WarnErrorOptionsV2(error=[], warn=[], silence=[])', 'target_path': 'None', 'printer_width': '80', 'write_json': 'True', 'empty': 'None', 'log_cache_events': 'False', 'introspect': 'True', 'cache_selected_only': 'False', 'fail_fast': 'False', 'debug': 'False', 'log_format': 'default', 'partial_parse': 'True', 'send_anonymous_usage_stats': 'True', 'quiet': 'False', 'warn_error': 'None', 'profiles_dir': 'C:\\Users\\HP\\.dbt', 'indirect_selection': 'eager', 'invocation_command': 'dbt ls', 'use_colors': 'True', 'use_experimental_parser': 'False', 'log_path': 'C:\\DE_projects\\food_del_pipeline\\logs'}
[0m17:49:04.717413 [debug] [MainThread]: Sending event: {'category': 'dbt', 'action': 'project_id', 'label': '1b54317f-41e2-4e2a-bc7f-a134fb92d388', 'context': [<snowplow_tracker.self_describing_json.SelfDescribingJson object at 0x000001ADE5B01110>]}
[0m17:49:04.757414 [debug] [MainThread]: Sending event: {'category': 'dbt', 'action': 'adapter_info', 'label': '1b54317f-41e2-4e2a-bc7f-a134fb92d388', 'context': [<snowplow_tracker.self_describing_json.SelfDescribingJson object at 0x000001ADE38DABD0>]}
[0m17:49:04.758630 [info ] [MainThread]: Registered adapter: duckdb=1.10.1
[0m17:49:04.887696 [debug] [MainThread]: checksum: b80718358155fc17c3559352095564dd56ada1cc1a1c0ef2e62c857e71583775, vars: {}, profile: , target: , version: 1.11.7
[0m17:49:05.004689 [debug] [MainThread]: Partial parsing enabled: 0 files deleted, 0 files added, 0 files changed.
[0m17:49:05.005700 [debug] [MainThread]: Nothing changed, skipping partial parsing.
[0m17:49:05.005700 [debug] [MainThread]: Partial parsing enabled, no changes found, skipping parsing
[0m17:49:05.010585 [warn ] [MainThread]: [[33mWARNING[0m]: Configuration paths exist in your dbt_project.yml file which do not apply to any resources.
There are 1 unused configuration paths:
- models.dbt_project.example
[0m17:49:05.029880 [debug] [MainThread]: Sending event: {'category': 'dbt', 'action': 'load_project', 'label': '1b54317f-41e2-4e2a-bc7f-a134fb92d388', 'context': [<snowplow_tracker.self_describing_json.SelfDescribingJson object at 0x000001ADE5FBBF90>]}
[0m17:49:05.078025 [debug] [MainThread]: Wrote artifact WritableManifest to C:\DE_projects\food_del_pipeline\target\manifest.json
[0m17:49:05.080029 [debug] [MainThread]: Wrote artifact SemanticManifest to C:\DE_projects\food_del_pipeline\target\semantic_manifest.json
[0m17:49:05.098207 [debug] [MainThread]: Sending event: {'category': 'dbt', 'action': 'resource_counts', 'label': '1b54317f-41e2-4e2a-bc7f-a134fb92d388', 'context': [<snowplow_tracker.self_describing_json.SelfDescribingJson object at 0x000001ADE60DA050>]}
[0m17:49:05.099208 [info ] [MainThread]: Found 11 models, 2 sources, 474 macros
[0m17:49:05.099208 [debug] [MainThread]: Sending event: {'category': 'dbt', 'action': 'runnable_timing', 'label': '1b54317f-41e2-4e2a-bc7f-a134fb92d388', 'context': [<snowplow_tracker.self_describing_json.SelfDescribingJson object at 0x000001ADE597BA10>]}
[0m17:49:05.100270 [info ] [MainThread]: dbt_project.marts.01_SLA_breach_analysis
[0m17:49:05.100270 [info ] [MainThread]: dbt_project.marts.02_restaurants_prep_delay
[0m17:49:05.101276 [info ] [MainThread]: dbt_project.marts.03_refund_drivers
[0m17:49:05.101276 [info ] [MainThread]: dbt_project.marts.04_riders_performance
[0m17:49:05.101276 [info ] [MainThread]: dbt_project.marts.05_weekly_trends
[0m17:49:05.102276 [info ] [MainThread]: dbt_project.intermediate.int_restaurant_metrics
[0m17:49:05.102276 [info ] [MainThread]: dbt_project.intermediate.int_rider_metrics
[0m17:49:05.102276 [info ] [MainThread]: dbt_project.intermediate.int_sla_metrics
[0m17:49:05.103275 [info ] [MainThread]: dbt_project.staging.stg_delivery_timeline
[0m17:49:05.103275 [info ] [MainThread]: dbt_project.staging.stg_order_facts
[0m17:49:05.103275 [info ] [MainThread]: dbt_project.staging.stg_orders
[0m17:49:05.104275 [info ] [MainThread]: source:dbt_project.silver.delivery_timeline
[0m17:49:05.104275 [info ] [MainThread]: source:dbt_project.silver.orders
[0m17:49:05.105281 [debug] [MainThread]: Command `dbt ls` succeeded at 17:49:05.105281 after 0.61 seconds
[0m17:49:05.105281 [debug] [MainThread]: Sending event: {'category': 'dbt', 'action': 'invocation', 'label': 'end', 'context': [<snowplow_tracker.self_describing_json.SelfDescribingJson object at 0x000001ADDDD5D4D0>, <snowplow_tracker.self_describing_json.SelfDescribingJson object at 0x000001ADDDDD3890>, <snowplow_tracker.self_describing_json.SelfDescribingJson object at 0x000001ADDDDD3E90>]}
[0m17:49:05.105281 [debug] [MainThread]: Flushing usage events
[0m17:49:06.470722 [debug] [MainThread]: An error was encountered while trying to flush usage events
[0m20:32:36.255468 [debug] [MainThread]: Sending event: {'category': 'dbt', 'action': 'invocation', 'label': 'start', 'context': [<snowplow_tracker.self_describing_json.SelfDescribingJson object at 0x00000263DF11FE10>, <snowplow_tracker.self_describing_json.SelfDescribingJson object at 0x00000263DF11F150>, <snowplow_tracker.self_describing_json.SelfDescribingJson object at 0x00000263DF11ECD0>]}


============================== 20:32:36.259357 | 242005c4-30ed-4ff8-ab82-aa652391fc6e ==============================
[0m20:32:36.259357 [info ] [MainThread]: Running with dbt=1.11.7
[0m20:32:36.260362 [debug] [MainThread]: running dbt with arguments {'static_parser': 'True', 'no_print': 'None', 'version_check': 'True', 'warn_error_options': 'WarnErrorOptionsV2(error=[], warn=[], silence=[])', 'target_path': 'None', 'printer_width': '80', 'write_json': 'True', 'introspect': 'True', 'log_cache_events': 'False', 'empty': 'None', 'cache_selected_only': 'False', 'fail_fast': 'False', 'debug': 'False', 'log_format': 'default', 'partial_parse': 'True', 'send_anonymous_usage_stats': 'True', 'quiet': 'False', 'warn_error': 'None', 'profiles_dir': 'C:\\Users\\HP\\.dbt', 'indirect_selection': 'eager', 'use_colors': 'True', 'invocation_command': 'dbt test', 'use_experimental_parser': 'False', 'log_path': 'C:\\DE_projects\\food_del_pipeline\\logs'}
[0m20:32:36.446372 [debug] [MainThread]: Sending event: {'category': 'dbt', 'action': 'project_id', 'label': '242005c4-30ed-4ff8-ab82-aa652391fc6e', 'context': [<snowplow_tracker.self_describing_json.SelfDescribingJson object at 0x00000263DF1396D0>]}
[0m20:32:36.491324 [debug] [MainThread]: Sending event: {'category': 'dbt', 'action': 'adapter_info', 'label': '242005c4-30ed-4ff8-ab82-aa652391fc6e', 'context': [<snowplow_tracker.self_describing_json.SelfDescribingJson object at 0x00000263DE0FAA10>]}
[0m20:32:36.494422 [info ] [MainThread]: Registered adapter: duckdb=1.10.1
[0m20:32:36.646419 [debug] [MainThread]: checksum: b80718358155fc17c3559352095564dd56ada1cc1a1c0ef2e62c857e71583775, vars: {}, profile: , target: , version: 1.11.7
[0m20:32:36.743531 [debug] [MainThread]: Partial parsing enabled: 0 files deleted, 1 files added, 0 files changed.
[0m20:32:36.744524 [debug] [MainThread]: Partial parsing: added file: dbt_project://dbt_project/models\marts\schema.yml
[0m20:32:36.794964 [warn ] [MainThread]: [[33mWARNING[0m]: Did not find matching node for patch with name 'mart_sla_breach_analysis' in the 'models' section of file 'dbt_project/models\marts\schema.yml'
[0m20:32:36.797085 [warn ] [MainThread]: [[33mWARNING[0m]: Did not find matching node for patch with name 'mart_rider_performance' in the 'models' section of file 'dbt_project/models\marts\schema.yml'
[0m20:32:36.798097 [warn ] [MainThread]: [[33mWARNING[0m]: Did not find matching node for patch with name 'mart_weekly_trends' in the 'models' section of file 'dbt_project/models\marts\schema.yml'
[0m20:32:36.881126 [warn ] [MainThread]: [[33mWARNING[0m]: Test 'test.dbt_project.not_null_mart_sla_breach_analysis_city.0533edd668' (dbt_project/models\marts\schema.yml) depends on a node named 'mart_sla_breach_analysis' in package '' which was not found
[0m20:32:36.882076 [warn ] [MainThread]: [[33mWARNING[0m]: Test 'test.dbt_project.not_null_mart_rider_performance_rider_id.1f28c28af8' (dbt_project/models\marts\schema.yml) depends on a node named 'mart_rider_performance' in package '' which was not found
[0m20:32:36.883019 [warn ] [MainThread]: [[33mWARNING[0m]: Test 'test.dbt_project.not_null_mart_weekly_trends_week.fc4fec8b93' (dbt_project/models\marts\schema.yml) depends on a node named 'mart_weekly_trends' in package '' which was not found
[0m20:32:36.984223 [warn ] [MainThread]: [[33mWARNING[0m]: Configuration paths exist in your dbt_project.yml file which do not apply to any resources.
There are 1 unused configuration paths:
- models.dbt_project.example
[0m20:32:36.994146 [debug] [MainThread]: Sending event: {'category': 'dbt', 'action': 'load_project', 'label': '242005c4-30ed-4ff8-ab82-aa652391fc6e', 'context': [<snowplow_tracker.self_describing_json.SelfDescribingJson object at 0x00000263E091F010>]}
[0m20:32:37.057779 [debug] [MainThread]: Wrote artifact WritableManifest to C:\DE_projects\food_del_pipeline\target\manifest.json
[0m20:32:37.059312 [debug] [MainThread]: Wrote artifact SemanticManifest to C:\DE_projects\food_del_pipeline\target\semantic_manifest.json
[0m20:32:37.095806 [debug] [MainThread]: Sending event: {'category': 'dbt', 'action': 'resource_counts', 'label': '242005c4-30ed-4ff8-ab82-aa652391fc6e', 'context': [<snowplow_tracker.self_describing_json.SelfDescribingJson object at 0x00000263E01A5C50>]}
[0m20:32:37.096807 [info ] [MainThread]: Found 11 models, 2 sources, 474 macros
[0m20:32:37.097805 [debug] [MainThread]: Sending event: {'category': 'dbt', 'action': 'runnable_timing', 'label': '242005c4-30ed-4ff8-ab82-aa652391fc6e', 'context': [<snowplow_tracker.self_describing_json.SelfDescribingJson object at 0x00000263E07FA7D0>]}
[0m20:32:37.098808 [warn ] [MainThread]: Nothing to do. Try checking your model configs and model specification args
[0m20:32:37.099935 [debug] [MainThread]: Command end result
[0m20:32:37.117953 [debug] [MainThread]: Wrote artifact WritableManifest to C:\DE_projects\food_del_pipeline\target\manifest.json
[0m20:32:37.119967 [debug] [MainThread]: Wrote artifact SemanticManifest to C:\DE_projects\food_del_pipeline\target\semantic_manifest.json
[0m20:32:37.122955 [debug] [MainThread]: Wrote artifact RunExecutionResult to C:\DE_projects\food_del_pipeline\target\run_results.json
[0m20:32:37.124453 [debug] [MainThread]: Command `dbt test` succeeded at 20:32:37.124453 after 0.96 seconds
[0m20:32:37.124963 [debug] [MainThread]: Sending event: {'category': 'dbt', 'action': 'invocation', 'label': 'end', 'context': [<snowplow_tracker.self_describing_json.SelfDescribingJson object at 0x00000263D85C3890>, <snowplow_tracker.self_describing_json.SelfDescribingJson object at 0x00000263D8546C50>, <snowplow_tracker.self_describing_json.SelfDescribingJson object at 0x00000263D8546CD0>]}
[0m20:32:37.124963 [debug] [MainThread]: Flushing usage events
[0m20:32:49.900633 [debug] [MainThread]: An error was encountered while trying to flush usage events
[0m11:11:13.697513 [debug] [MainThread]: Sending event: {'category': 'dbt', 'action': 'invocation', 'label': 'start', 'context': [<snowplow_tracker.self_describing_json.SelfDescribingJson object at 0x000001D6D567EF10>, <snowplow_tracker.self_describing_json.SelfDescribingJson object at 0x000001D6D667AA10>, <snowplow_tracker.self_describing_json.SelfDescribingJson object at 0x000001D6D6678E90>]}


============================== 11:11:13.704142 | 9afa5ecd-a612-42cd-8416-b69c047e6d6a ==============================
[0m11:11:13.704142 [info ] [MainThread]: Running with dbt=1.11.7
[0m11:11:13.705121 [debug] [MainThread]: running dbt with arguments {'static_parser': 'True', 'no_print': 'None', 'version_check': 'True', 'warn_error_options': 'WarnErrorOptionsV2(error=[], warn=[], silence=[])', 'target_path': 'None', 'printer_width': '80', 'write_json': 'True', 'empty': 'None', 'log_cache_events': 'False', 'introspect': 'True', 'cache_selected_only': 'False', 'log_format': 'default', 'debug': 'False', 'fail_fast': 'False', 'partial_parse': 'True', 'send_anonymous_usage_stats': 'True', 'quiet': 'False', 'warn_error': 'None', 'profiles_dir': 'C:\\Users\\HP\\.dbt', 'invocation_command': 'dbt ls', 'use_colors': 'True', 'indirect_selection': 'eager', 'use_experimental_parser': 'False', 'log_path': 'C:\\DE_projects\\food_del_pipeline\\logs'}
[0m11:11:13.935534 [debug] [MainThread]: Sending event: {'category': 'dbt', 'action': 'project_id', 'label': '9afa5ecd-a612-42cd-8416-b69c047e6d6a', 'context': [<snowplow_tracker.self_describing_json.SelfDescribingJson object at 0x000001D6D68BB4D0>]}
[0m11:11:13.983731 [debug] [MainThread]: Sending event: {'category': 'dbt', 'action': 'adapter_info', 'label': '9afa5ecd-a612-42cd-8416-b69c047e6d6a', 'context': [<snowplow_tracker.self_describing_json.SelfDescribingJson object at 0x000001D6D466EC10>]}
[0m11:11:13.989142 [info ] [MainThread]: Registered adapter: duckdb=1.10.1
[0m11:11:14.285682 [debug] [MainThread]: checksum: b80718358155fc17c3559352095564dd56ada1cc1a1c0ef2e62c857e71583775, vars: {}, profile: , target: , version: 1.11.7
[0m11:11:14.416457 [debug] [MainThread]: Partial parsing enabled: 0 files deleted, 0 files added, 0 files changed.
[0m11:11:14.416457 [debug] [MainThread]: Nothing changed, skipping partial parsing.
[0m11:11:14.417457 [debug] [MainThread]: Partial parsing enabled, no changes found, skipping parsing
[0m11:11:14.422546 [warn ] [MainThread]: [[33mWARNING[0m]: Configuration paths exist in your dbt_project.yml file which do not apply to any resources.
There are 1 unused configuration paths:
- models.dbt_project.example
[0m11:11:14.456100 [debug] [MainThread]: Sending event: {'category': 'dbt', 'action': 'load_project', 'label': '9afa5ecd-a612-42cd-8416-b69c047e6d6a', 'context': [<snowplow_tracker.self_describing_json.SelfDescribingJson object at 0x000001D6D67130D0>]}
[0m11:11:14.522114 [debug] [MainThread]: Wrote artifact WritableManifest to C:\DE_projects\food_del_pipeline\target\manifest.json
[0m11:11:14.526368 [debug] [MainThread]: Wrote artifact SemanticManifest to C:\DE_projects\food_del_pipeline\target\semantic_manifest.json
[0m11:11:14.556141 [debug] [MainThread]: Sending event: {'category': 'dbt', 'action': 'resource_counts', 'label': '9afa5ecd-a612-42cd-8416-b69c047e6d6a', 'context': [<snowplow_tracker.self_describing_json.SelfDescribingJson object at 0x000001D6D6E97F90>]}
[0m11:11:14.557142 [info ] [MainThread]: Found 11 models, 2 sources, 474 macros
[0m11:11:14.558141 [debug] [MainThread]: Sending event: {'category': 'dbt', 'action': 'runnable_timing', 'label': '9afa5ecd-a612-42cd-8416-b69c047e6d6a', 'context': [<snowplow_tracker.self_describing_json.SelfDescribingJson object at 0x000001D6D6D4ECD0>]}
[0m11:11:14.559149 [info ] [MainThread]: dbt_project.marts.01_SLA_breach_analysis
[0m11:11:14.559149 [info ] [MainThread]: dbt_project.marts.02_restaurants_prep_delay
[0m11:11:14.560143 [info ] [MainThread]: dbt_project.marts.03_refund_drivers
[0m11:11:14.560143 [info ] [MainThread]: dbt_project.marts.04_riders_performance
[0m11:11:14.561140 [info ] [MainThread]: dbt_project.marts.05_weekly_trends
[0m11:11:14.561140 [info ] [MainThread]: dbt_project.intermediate.int_restaurant_metrics
[0m11:11:14.562141 [info ] [MainThread]: dbt_project.intermediate.int_rider_metrics
[0m11:11:14.562141 [info ] [MainThread]: dbt_project.intermediate.int_sla_metrics
[0m11:11:14.563142 [info ] [MainThread]: dbt_project.staging.stg_delivery_timeline
[0m11:11:14.564141 [info ] [MainThread]: dbt_project.staging.stg_order_facts
[0m11:11:14.564141 [info ] [MainThread]: dbt_project.staging.stg_orders
[0m11:11:14.565143 [info ] [MainThread]: source:dbt_project.silver.delivery_timeline
[0m11:11:14.566142 [info ] [MainThread]: source:dbt_project.silver.orders
[0m11:11:14.567143 [debug] [MainThread]: Command `dbt ls` succeeded at 11:11:14.567143 after 0.96 seconds
[0m11:11:14.567143 [debug] [MainThread]: Sending event: {'category': 'dbt', 'action': 'invocation', 'label': 'end', 'context': [<snowplow_tracker.self_describing_json.SelfDescribingJson object at 0x000001D6D66D3A50>, <snowplow_tracker.self_describing_json.SelfDescribingJson object at 0x000001D6D66D3F90>, <snowplow_tracker.self_describing_json.SelfDescribingJson object at 0x000001D6CEAAD3D0>]}
[0m11:11:14.568141 [debug] [MainThread]: Flushing usage events
[0m11:11:16.080662 [debug] [MainThread]: An error was encountered while trying to flush usage events
[0m11:11:27.614099 [debug] [MainThread]: Sending event: {'category': 'dbt', 'action': 'invocation', 'label': 'start', 'context': [<snowplow_tracker.self_describing_json.SelfDescribingJson object at 0x000001BED9F67D10>, <snowplow_tracker.self_describing_json.SelfDescribingJson object at 0x000001BED9F67810>, <snowplow_tracker.self_describing_json.SelfDescribingJson object at 0x000001BED9F66750>]}


============================== 11:11:27.617515 | 45fffdc1-ab1d-4f74-a7ff-4e363020bda6 ==============================
[0m11:11:27.617515 [info ] [MainThread]: Running with dbt=1.11.7
[0m11:11:27.618305 [debug] [MainThread]: running dbt with arguments {'version_check': 'True', 'no_print': 'None', 'static_parser': 'True', 'warn_error_options': 'WarnErrorOptionsV2(error=[], warn=[], silence=[])', 'target_path': 'None', 'printer_width': '80', 'write_json': 'True', 'empty': 'False', 'log_cache_events': 'False', 'introspect': 'True', 'cache_selected_only': 'False', 'fail_fast': 'False', 'debug': 'False', 'log_format': 'default', 'profiles_dir': 'C:\\Users\\HP\\.dbt', 'send_anonymous_usage_stats': 'True', 'quiet': 'False', 'warn_error': 'None', 'partial_parse': 'True', 'indirect_selection': 'eager', 'use_colors': 'True', 'invocation_command': 'dbt run --select marts', 'use_experimental_parser': 'False', 'log_path': 'C:\\DE_projects\\food_del_pipeline\\logs'}
[0m11:11:27.804579 [debug] [MainThread]: Sending event: {'category': 'dbt', 'action': 'project_id', 'label': '45fffdc1-ab1d-4f74-a7ff-4e363020bda6', 'context': [<snowplow_tracker.self_describing_json.SelfDescribingJson object at 0x000001BED9F22790>]}
[0m11:11:27.852580 [debug] [MainThread]: Sending event: {'category': 'dbt', 'action': 'adapter_info', 'label': '45fffdc1-ab1d-4f74-a7ff-4e363020bda6', 'context': [<snowplow_tracker.self_describing_json.SelfDescribingJson object at 0x000001BED7F0EB50>]}
[0m11:11:27.854487 [info ] [MainThread]: Registered adapter: duckdb=1.10.1
[0m11:11:28.020587 [debug] [MainThread]: checksum: b80718358155fc17c3559352095564dd56ada1cc1a1c0ef2e62c857e71583775, vars: {}, profile: , target: , version: 1.11.7
[0m11:11:28.117502 [debug] [MainThread]: Partial parsing enabled: 0 files deleted, 0 files added, 0 files changed.
[0m11:11:28.117502 [debug] [MainThread]: Nothing changed, skipping partial parsing.
[0m11:11:28.117502 [debug] [MainThread]: Partial parsing enabled, no changes found, skipping parsing
[0m11:11:28.123602 [warn ] [MainThread]: [[33mWARNING[0m]: Configuration paths exist in your dbt_project.yml file which do not apply to any resources.
There are 1 unused configuration paths:
- models.dbt_project.example
[0m11:11:28.157606 [debug] [MainThread]: Sending event: {'category': 'dbt', 'action': 'load_project', 'label': '45fffdc1-ab1d-4f74-a7ff-4e363020bda6', 'context': [<snowplow_tracker.self_describing_json.SelfDescribingJson object at 0x000001BED9FC3D90>]}
[0m11:11:28.222719 [debug] [MainThread]: Wrote artifact WritableManifest to C:\DE_projects\food_del_pipeline\target\manifest.json
[0m11:11:28.224723 [debug] [MainThread]: Wrote artifact SemanticManifest to C:\DE_projects\food_del_pipeline\target\semantic_manifest.json
[0m11:11:28.255840 [debug] [MainThread]: Sending event: {'category': 'dbt', 'action': 'resource_counts', 'label': '45fffdc1-ab1d-4f74-a7ff-4e363020bda6', 'context': [<snowplow_tracker.self_describing_json.SelfDescribingJson object at 0x000001BEDA66CD10>]}
[0m11:11:28.257127 [info ] [MainThread]: Found 11 models, 2 sources, 474 macros
[0m11:11:28.257127 [debug] [MainThread]: Sending event: {'category': 'dbt', 'action': 'runnable_timing', 'label': '45fffdc1-ab1d-4f74-a7ff-4e363020bda6', 'context': [<snowplow_tracker.self_describing_json.SelfDescribingJson object at 0x000001BED9F6D410>]}
[0m11:11:28.260132 [info ] [MainThread]: 
[0m11:11:28.260132 [info ] [MainThread]: Concurrency: 1 threads (target='dev')
[0m11:11:28.261132 [info ] [MainThread]: 
[0m11:11:28.262135 [debug] [MainThread]: Acquiring new duckdb connection 'master'
[0m11:11:28.271706 [debug] [ThreadPool]: Acquiring new duckdb connection 'list_dev'
[0m11:11:28.384086 [debug] [ThreadPool]: Using duckdb connection "list_dev"
[0m11:11:28.384086 [debug] [ThreadPool]: On list_dev: /* {"app": "dbt", "dbt_version": "1.11.7", "profile_name": "dbt_project", "target_name": "dev", "connection_name": "list_dev"} */

    
    select schema_name
    from system.information_schema.schemata
    
    where lower(catalog_name) = '"dev"'
    
  
  
[0m11:11:28.384086 [debug] [ThreadPool]: Opening a new connection, currently in state init
[0m11:11:28.423092 [debug] [ThreadPool]: SQL status: OK in 0.039 seconds
[0m11:11:28.425091 [debug] [ThreadPool]: On list_dev: Close
[0m11:11:28.427092 [debug] [ThreadPool]: Re-using an available connection from the pool (formerly list_dev, now create_dev_main)
[0m11:11:28.427092 [debug] [ThreadPool]: Creating schema "database: "dev"
schema: "main"
"
[0m11:11:28.433090 [debug] [ThreadPool]: Using duckdb connection "create_dev_main"
[0m11:11:28.434092 [debug] [ThreadPool]: On create_dev_main: /* {"app": "dbt", "dbt_version": "1.11.7", "profile_name": "dbt_project", "target_name": "dev", "connection_name": "create_dev_main"} */

    
        select type from duckdb_databases()
        where lower(database_name)='dev'
        and type='sqlite'
    
  
[0m11:11:28.434092 [debug] [ThreadPool]: Opening a new connection, currently in state closed
[0m11:11:28.435091 [debug] [ThreadPool]: SQL status: OK in 0.001 seconds
[0m11:11:28.436089 [debug] [ThreadPool]: Using duckdb connection "create_dev_main"
[0m11:11:28.437105 [debug] [ThreadPool]: On create_dev_main: BEGIN
[0m11:11:28.437105 [debug] [ThreadPool]: SQL status: OK in 0.000 seconds
[0m11:11:28.437105 [debug] [ThreadPool]: Using duckdb connection "create_dev_main"
[0m11:11:28.438191 [debug] [ThreadPool]: On create_dev_main: /* {"app": "dbt", "dbt_version": "1.11.7", "profile_name": "dbt_project", "target_name": "dev", "connection_name": "create_dev_main"} */

    
    
        create schema if not exists "dev"."main"
    
[0m11:11:28.439041 [debug] [ThreadPool]: SQL status: OK in 0.000 seconds
[0m11:11:28.439041 [debug] [ThreadPool]: On create_dev_main: COMMIT
[0m11:11:28.440080 [debug] [ThreadPool]: Using duckdb connection "create_dev_main"
[0m11:11:28.440080 [debug] [ThreadPool]: On create_dev_main: COMMIT
[0m11:11:28.441048 [debug] [ThreadPool]: SQL status: OK in 0.000 seconds
[0m11:11:28.441048 [debug] [ThreadPool]: On create_dev_main: Close
[0m11:11:28.442802 [debug] [ThreadPool]: Acquiring new duckdb connection 'list_dev_main'
[0m11:11:28.446932 [debug] [ThreadPool]: Using duckdb connection "list_dev_main"
[0m11:11:28.447809 [debug] [ThreadPool]: On list_dev_main: BEGIN
[0m11:11:28.447809 [debug] [ThreadPool]: Opening a new connection, currently in state init
[0m11:11:28.447809 [debug] [ThreadPool]: SQL status: OK in 0.000 seconds
[0m11:11:28.448808 [debug] [ThreadPool]: Using duckdb connection "list_dev_main"
[0m11:11:28.448808 [debug] [ThreadPool]: On list_dev_main: /* {"app": "dbt", "dbt_version": "1.11.7", "profile_name": "dbt_project", "target_name": "dev", "connection_name": "list_dev_main"} */
select
      'dev' as database,
      table_name as name,
      table_schema as schema,
      CASE table_type
        WHEN 'BASE TABLE' THEN 'table'
        WHEN 'VIEW' THEN 'view'
        WHEN 'LOCAL TEMPORARY' THEN 'table'
        END as type
    from system.information_schema.tables
    where lower(table_schema) = 'main'
    and lower(table_catalog) = 'dev'
  
[0m11:11:28.455113 [debug] [ThreadPool]: SQL status: OK in 0.006 seconds
[0m11:11:28.457115 [debug] [ThreadPool]: On list_dev_main: ROLLBACK
[0m11:11:28.458114 [debug] [ThreadPool]: Failed to rollback 'list_dev_main'
[0m11:11:28.458114 [debug] [ThreadPool]: On list_dev_main: Close
[0m11:11:28.460151 [debug] [MainThread]: Sending event: {'category': 'dbt', 'action': 'runnable_timing', 'label': '45fffdc1-ab1d-4f74-a7ff-4e363020bda6', 'context': [<snowplow_tracker.self_describing_json.SelfDescribingJson object at 0x000001BEDA6A5550>]}
[0m11:11:28.461115 [debug] [MainThread]: Using duckdb connection "master"
[0m11:11:28.461115 [debug] [MainThread]: On master: BEGIN
[0m11:11:28.462115 [debug] [MainThread]: Opening a new connection, currently in state init
[0m11:11:28.462115 [debug] [MainThread]: SQL status: OK in 0.000 seconds
[0m11:11:28.463114 [debug] [MainThread]: On master: COMMIT
[0m11:11:28.463114 [debug] [MainThread]: Using duckdb connection "master"
[0m11:11:28.463114 [debug] [MainThread]: On master: COMMIT
[0m11:11:28.464115 [debug] [MainThread]: SQL status: OK in 0.000 seconds
[0m11:11:28.464115 [debug] [MainThread]: On master: Close
[0m11:11:28.468951 [debug] [Thread-1 (]: Began running node model.dbt_project.01_SLA_breach_analysis
[0m11:11:28.469952 [info ] [Thread-1 (]: 1 of 5 START sql view model main.01_SLA_breach_analysis ........................ [RUN]
[0m11:11:28.469952 [debug] [Thread-1 (]: Acquiring new duckdb connection 'model.dbt_project.01_SLA_breach_analysis'
[0m11:11:28.470951 [debug] [Thread-1 (]: Began compiling node model.dbt_project.01_SLA_breach_analysis
[0m11:11:28.476952 [debug] [Thread-1 (]: Writing injected SQL for node "model.dbt_project.01_SLA_breach_analysis"
[0m11:11:28.477952 [debug] [Thread-1 (]: Began executing node model.dbt_project.01_SLA_breach_analysis
[0m11:11:28.501047 [debug] [Thread-1 (]: Writing runtime sql for node "model.dbt_project.01_SLA_breach_analysis"
[0m11:11:28.501959 [debug] [Thread-1 (]: Using duckdb connection "model.dbt_project.01_SLA_breach_analysis"
[0m11:11:28.501959 [debug] [Thread-1 (]: On model.dbt_project.01_SLA_breach_analysis: BEGIN
[0m11:11:28.503124 [debug] [Thread-1 (]: Opening a new connection, currently in state init
[0m11:11:28.503124 [debug] [Thread-1 (]: SQL status: OK in 0.001 seconds
[0m11:11:28.504174 [debug] [Thread-1 (]: Using duckdb connection "model.dbt_project.01_SLA_breach_analysis"
[0m11:11:28.504174 [debug] [Thread-1 (]: On model.dbt_project.01_SLA_breach_analysis: /* {"app": "dbt", "dbt_version": "1.11.7", "profile_name": "dbt_project", "target_name": "dev", "node_id": "model.dbt_project.01_SLA_breach_analysis"} */

  
  create view "dev"."main"."01_SLA_breach_analysis__dbt_tmp" as (
    SELECT
    city,
    time_slot,
    COUNT(order_id) AS total_orders,
    SUM(sla_breach_flag) AS breached_orders,
    SUM(sla_breach_flag) * 1.0 / COUNT(order_id) AS breach_rate
FROM "dev"."main"."int_sla_metrics"
GROUP BY city, time_slot
  );

[0m11:11:28.510978 [debug] [Thread-1 (]: SQL status: OK in 0.006 seconds
[0m11:11:28.516029 [debug] [Thread-1 (]: Using duckdb connection "model.dbt_project.01_SLA_breach_analysis"
[0m11:11:28.516920 [debug] [Thread-1 (]: On model.dbt_project.01_SLA_breach_analysis: /* {"app": "dbt", "dbt_version": "1.11.7", "profile_name": "dbt_project", "target_name": "dev", "node_id": "model.dbt_project.01_SLA_breach_analysis"} */
alter view "dev"."main"."01_SLA_breach_analysis" rename to "01_SLA_breach_analysis__dbt_backup"
[0m11:11:28.516920 [debug] [Thread-1 (]: SQL status: OK in 0.001 seconds
[0m11:11:28.521026 [debug] [Thread-1 (]: Using duckdb connection "model.dbt_project.01_SLA_breach_analysis"
[0m11:11:28.521026 [debug] [Thread-1 (]: On model.dbt_project.01_SLA_breach_analysis: /* {"app": "dbt", "dbt_version": "1.11.7", "profile_name": "dbt_project", "target_name": "dev", "node_id": "model.dbt_project.01_SLA_breach_analysis"} */
alter view "dev"."main"."01_SLA_breach_analysis__dbt_tmp" rename to "01_SLA_breach_analysis"
[0m11:11:28.521924 [debug] [Thread-1 (]: SQL status: OK in 0.000 seconds
[0m11:11:28.530018 [debug] [Thread-1 (]: On model.dbt_project.01_SLA_breach_analysis: COMMIT
[0m11:11:28.530920 [debug] [Thread-1 (]: Using duckdb connection "model.dbt_project.01_SLA_breach_analysis"
[0m11:11:28.530920 [debug] [Thread-1 (]: On model.dbt_project.01_SLA_breach_analysis: COMMIT
[0m11:11:28.533979 [debug] [Thread-1 (]: SQL status: OK in 0.002 seconds
[0m11:11:28.538023 [debug] [Thread-1 (]: Using duckdb connection "model.dbt_project.01_SLA_breach_analysis"
[0m11:11:28.538023 [debug] [Thread-1 (]: On model.dbt_project.01_SLA_breach_analysis: /* {"app": "dbt", "dbt_version": "1.11.7", "profile_name": "dbt_project", "target_name": "dev", "node_id": "model.dbt_project.01_SLA_breach_analysis"} */

      drop view if exists "dev"."main"."01_SLA_breach_analysis__dbt_backup" cascade
    
[0m11:11:28.540275 [debug] [Thread-1 (]: SQL status: OK in 0.001 seconds
[0m11:11:28.542378 [debug] [Thread-1 (]: On model.dbt_project.01_SLA_breach_analysis: Close
[0m11:11:28.544285 [debug] [Thread-1 (]: Sending event: {'category': 'dbt', 'action': 'run_model', 'label': '45fffdc1-ab1d-4f74-a7ff-4e363020bda6', 'context': [<snowplow_tracker.self_describing_json.SelfDescribingJson object at 0x000001BEDA6C86D0>]}
[0m11:11:28.545282 [info ] [Thread-1 (]: 1 of 5 OK created sql view model main.01_SLA_breach_analysis ................... [[32mOK[0m in 0.07s]
[0m11:11:28.545500 [debug] [Thread-1 (]: Finished running node model.dbt_project.01_SLA_breach_analysis
[0m11:11:28.545500 [debug] [Thread-1 (]: Began running node model.dbt_project.02_restaurants_prep_delay
[0m11:11:28.546517 [info ] [Thread-1 (]: 2 of 5 START sql view model main.02_restaurants_prep_delay ..................... [RUN]
[0m11:11:28.547231 [debug] [Thread-1 (]: Re-using an available connection from the pool (formerly model.dbt_project.01_SLA_breach_analysis, now model.dbt_project.02_restaurants_prep_delay)
[0m11:11:28.547231 [debug] [Thread-1 (]: Began compiling node model.dbt_project.02_restaurants_prep_delay
[0m11:11:28.549239 [debug] [Thread-1 (]: Writing injected SQL for node "model.dbt_project.02_restaurants_prep_delay"
[0m11:11:28.550239 [debug] [Thread-1 (]: Began executing node model.dbt_project.02_restaurants_prep_delay
[0m11:11:28.553238 [debug] [Thread-1 (]: Writing runtime sql for node "model.dbt_project.02_restaurants_prep_delay"
[0m11:11:28.554238 [debug] [Thread-1 (]: Using duckdb connection "model.dbt_project.02_restaurants_prep_delay"
[0m11:11:28.554238 [debug] [Thread-1 (]: On model.dbt_project.02_restaurants_prep_delay: BEGIN
[0m11:11:28.555238 [debug] [Thread-1 (]: Opening a new connection, currently in state closed
[0m11:11:28.555238 [debug] [Thread-1 (]: SQL status: OK in 0.001 seconds
[0m11:11:28.556238 [debug] [Thread-1 (]: Using duckdb connection "model.dbt_project.02_restaurants_prep_delay"
[0m11:11:28.556238 [debug] [Thread-1 (]: On model.dbt_project.02_restaurants_prep_delay: /* {"app": "dbt", "dbt_version": "1.11.7", "profile_name": "dbt_project", "target_name": "dev", "node_id": "model.dbt_project.02_restaurants_prep_delay"} */

  
  create view "dev"."main"."02_restaurants_prep_delay__dbt_tmp" as (
    SELECT
    restaurant_id,
    city,
    total_orders,
    avg_prep_delay,
    avg_delivery_delay,
    breach_rate
FROM "dev"."main"."int_restaurant_metrics"
ORDER BY breach_rate DESC
  );

[0m11:11:28.558237 [debug] [Thread-1 (]: SQL status: OK in 0.002 seconds
[0m11:11:28.561239 [debug] [Thread-1 (]: Using duckdb connection "model.dbt_project.02_restaurants_prep_delay"
[0m11:11:28.561239 [debug] [Thread-1 (]: On model.dbt_project.02_restaurants_prep_delay: /* {"app": "dbt", "dbt_version": "1.11.7", "profile_name": "dbt_project", "target_name": "dev", "node_id": "model.dbt_project.02_restaurants_prep_delay"} */
alter view "dev"."main"."02_restaurants_prep_delay" rename to "02_restaurants_prep_delay__dbt_backup"
[0m11:11:28.562239 [debug] [Thread-1 (]: SQL status: OK in 0.000 seconds
[0m11:11:28.564239 [debug] [Thread-1 (]: Using duckdb connection "model.dbt_project.02_restaurants_prep_delay"
[0m11:11:28.564239 [debug] [Thread-1 (]: On model.dbt_project.02_restaurants_prep_delay: /* {"app": "dbt", "dbt_version": "1.11.7", "profile_name": "dbt_project", "target_name": "dev", "node_id": "model.dbt_project.02_restaurants_prep_delay"} */
alter view "dev"."main"."02_restaurants_prep_delay__dbt_tmp" rename to "02_restaurants_prep_delay"
[0m11:11:28.566237 [debug] [Thread-1 (]: SQL status: OK in 0.000 seconds
[0m11:11:28.567237 [debug] [Thread-1 (]: On model.dbt_project.02_restaurants_prep_delay: COMMIT
[0m11:11:28.567237 [debug] [Thread-1 (]: Using duckdb connection "model.dbt_project.02_restaurants_prep_delay"
[0m11:11:28.568563 [debug] [Thread-1 (]: On model.dbt_project.02_restaurants_prep_delay: COMMIT
[0m11:11:28.570082 [debug] [Thread-1 (]: SQL status: OK in 0.001 seconds
[0m11:11:28.572097 [debug] [Thread-1 (]: Using duckdb connection "model.dbt_project.02_restaurants_prep_delay"
[0m11:11:28.573098 [debug] [Thread-1 (]: On model.dbt_project.02_restaurants_prep_delay: /* {"app": "dbt", "dbt_version": "1.11.7", "profile_name": "dbt_project", "target_name": "dev", "node_id": "model.dbt_project.02_restaurants_prep_delay"} */

      drop view if exists "dev"."main"."02_restaurants_prep_delay__dbt_backup" cascade
    
[0m11:11:28.575258 [debug] [Thread-1 (]: SQL status: OK in 0.002 seconds
[0m11:11:28.576255 [debug] [Thread-1 (]: On model.dbt_project.02_restaurants_prep_delay: Close
[0m11:11:28.576255 [debug] [Thread-1 (]: Sending event: {'category': 'dbt', 'action': 'run_model', 'label': '45fffdc1-ab1d-4f74-a7ff-4e363020bda6', 'context': [<snowplow_tracker.self_describing_json.SelfDescribingJson object at 0x000001BEDA99FED0>]}
[0m11:11:28.577212 [info ] [Thread-1 (]: 2 of 5 OK created sql view model main.02_restaurants_prep_delay ................ [[32mOK[0m in 0.03s]
[0m11:11:28.578156 [debug] [Thread-1 (]: Finished running node model.dbt_project.02_restaurants_prep_delay
[0m11:11:28.579150 [debug] [Thread-1 (]: Began running node model.dbt_project.03_refund_drivers
[0m11:11:28.579150 [info ] [Thread-1 (]: 3 of 5 START sql view model main.03_refund_drivers ............................. [RUN]
[0m11:11:28.580600 [debug] [Thread-1 (]: Re-using an available connection from the pool (formerly model.dbt_project.02_restaurants_prep_delay, now model.dbt_project.03_refund_drivers)
[0m11:11:28.580600 [debug] [Thread-1 (]: Began compiling node model.dbt_project.03_refund_drivers
[0m11:11:28.582712 [debug] [Thread-1 (]: Writing injected SQL for node "model.dbt_project.03_refund_drivers"
[0m11:11:28.583717 [debug] [Thread-1 (]: Began executing node model.dbt_project.03_refund_drivers
[0m11:11:28.587606 [debug] [Thread-1 (]: Writing runtime sql for node "model.dbt_project.03_refund_drivers"
[0m11:11:28.588606 [debug] [Thread-1 (]: Using duckdb connection "model.dbt_project.03_refund_drivers"
[0m11:11:28.588606 [debug] [Thread-1 (]: On model.dbt_project.03_refund_drivers: BEGIN
[0m11:11:28.588606 [debug] [Thread-1 (]: Opening a new connection, currently in state closed
[0m11:11:28.589607 [debug] [Thread-1 (]: SQL status: OK in 0.001 seconds
[0m11:11:28.590607 [debug] [Thread-1 (]: Using duckdb connection "model.dbt_project.03_refund_drivers"
[0m11:11:28.590607 [debug] [Thread-1 (]: On model.dbt_project.03_refund_drivers: /* {"app": "dbt", "dbt_version": "1.11.7", "profile_name": "dbt_project", "target_name": "dev", "node_id": "model.dbt_project.03_refund_drivers"} */

  
  create view "dev"."main"."03_refund_drivers__dbt_tmp" as (
    SELECT
    CASE
        WHEN sla_breach_flag = 1 THEN 'DELAY'
        WHEN delivery_success_flag = 0 THEN 'CANCELLATION'
        ELSE 'OTHER'
    END AS refund_reason,
    COUNT(order_id) AS total_orders,
    SUM(has_refund_flag) AS refunded_orders,
    SUM(has_refund_flag) * 1.0 / COUNT(order_id) AS refund_rate
FROM "dev"."main"."stg_order_facts"
GROUP BY refund_reason
  );

[0m11:11:28.592606 [debug] [Thread-1 (]: SQL status: OK in 0.002 seconds
[0m11:11:28.595607 [debug] [Thread-1 (]: Using duckdb connection "model.dbt_project.03_refund_drivers"
[0m11:11:28.596607 [debug] [Thread-1 (]: On model.dbt_project.03_refund_drivers: /* {"app": "dbt", "dbt_version": "1.11.7", "profile_name": "dbt_project", "target_name": "dev", "node_id": "model.dbt_project.03_refund_drivers"} */
alter view "dev"."main"."03_refund_drivers" rename to "03_refund_drivers__dbt_backup"
[0m11:11:28.596607 [debug] [Thread-1 (]: SQL status: OK in 0.000 seconds
[0m11:11:28.601606 [debug] [Thread-1 (]: Using duckdb connection "model.dbt_project.03_refund_drivers"
[0m11:11:28.601606 [debug] [Thread-1 (]: On model.dbt_project.03_refund_drivers: /* {"app": "dbt", "dbt_version": "1.11.7", "profile_name": "dbt_project", "target_name": "dev", "node_id": "model.dbt_project.03_refund_drivers"} */
alter view "dev"."main"."03_refund_drivers__dbt_tmp" rename to "03_refund_drivers"
[0m11:11:28.602607 [debug] [Thread-1 (]: SQL status: OK in 0.000 seconds
[0m11:11:28.604606 [debug] [Thread-1 (]: On model.dbt_project.03_refund_drivers: COMMIT
[0m11:11:28.604606 [debug] [Thread-1 (]: Using duckdb connection "model.dbt_project.03_refund_drivers"
[0m11:11:28.605607 [debug] [Thread-1 (]: On model.dbt_project.03_refund_drivers: COMMIT
[0m11:11:28.607607 [debug] [Thread-1 (]: SQL status: OK in 0.002 seconds
[0m11:11:28.609607 [debug] [Thread-1 (]: Using duckdb connection "model.dbt_project.03_refund_drivers"
[0m11:11:28.609607 [debug] [Thread-1 (]: On model.dbt_project.03_refund_drivers: /* {"app": "dbt", "dbt_version": "1.11.7", "profile_name": "dbt_project", "target_name": "dev", "node_id": "model.dbt_project.03_refund_drivers"} */

      drop view if exists "dev"."main"."03_refund_drivers__dbt_backup" cascade
    
[0m11:11:28.612883 [debug] [Thread-1 (]: SQL status: OK in 0.002 seconds
[0m11:11:28.613900 [debug] [Thread-1 (]: On model.dbt_project.03_refund_drivers: Close
[0m11:11:28.614900 [debug] [Thread-1 (]: Sending event: {'category': 'dbt', 'action': 'run_model', 'label': '45fffdc1-ab1d-4f74-a7ff-4e363020bda6', 'context': [<snowplow_tracker.self_describing_json.SelfDescribingJson object at 0x000001BEDAAD01D0>]}
[0m11:11:28.615906 [info ] [Thread-1 (]: 3 of 5 OK created sql view model main.03_refund_drivers ........................ [[32mOK[0m in 0.03s]
[0m11:11:28.616901 [debug] [Thread-1 (]: Finished running node model.dbt_project.03_refund_drivers
[0m11:11:28.616901 [debug] [Thread-1 (]: Began running node model.dbt_project.04_riders_performance
[0m11:11:28.617900 [info ] [Thread-1 (]: 4 of 5 START sql view model main.04_riders_performance ......................... [RUN]
[0m11:11:28.618900 [debug] [Thread-1 (]: Re-using an available connection from the pool (formerly model.dbt_project.03_refund_drivers, now model.dbt_project.04_riders_performance)
[0m11:11:28.618900 [debug] [Thread-1 (]: Began compiling node model.dbt_project.04_riders_performance
[0m11:11:28.621159 [debug] [Thread-1 (]: Writing injected SQL for node "model.dbt_project.04_riders_performance"
[0m11:11:28.622145 [debug] [Thread-1 (]: Began executing node model.dbt_project.04_riders_performance
[0m11:11:28.625146 [debug] [Thread-1 (]: Writing runtime sql for node "model.dbt_project.04_riders_performance"
[0m11:11:28.626145 [debug] [Thread-1 (]: Using duckdb connection "model.dbt_project.04_riders_performance"
[0m11:11:28.626145 [debug] [Thread-1 (]: On model.dbt_project.04_riders_performance: BEGIN
[0m11:11:28.626145 [debug] [Thread-1 (]: Opening a new connection, currently in state closed
[0m11:11:28.627146 [debug] [Thread-1 (]: SQL status: OK in 0.001 seconds
[0m11:11:28.628145 [debug] [Thread-1 (]: Using duckdb connection "model.dbt_project.04_riders_performance"
[0m11:11:28.628145 [debug] [Thread-1 (]: On model.dbt_project.04_riders_performance: /* {"app": "dbt", "dbt_version": "1.11.7", "profile_name": "dbt_project", "target_name": "dev", "node_id": "model.dbt_project.04_riders_performance"} */

  
  create view "dev"."main"."04_riders_performance__dbt_tmp" as (
    SELECT
    rider_id,
    total_orders,
    late_orders,
    successful_orders,
    avg_delivery_time,
    avg_delay_minutes,
    late_orders * 1.0 / total_orders AS late_rate
FROM "dev"."main"."int_rider_metrics"
ORDER BY total_orders DESC
  );

[0m11:11:28.629146 [debug] [Thread-1 (]: SQL status: OK in 0.001 seconds
[0m11:11:28.632146 [debug] [Thread-1 (]: Using duckdb connection "model.dbt_project.04_riders_performance"
[0m11:11:28.632146 [debug] [Thread-1 (]: On model.dbt_project.04_riders_performance: /* {"app": "dbt", "dbt_version": "1.11.7", "profile_name": "dbt_project", "target_name": "dev", "node_id": "model.dbt_project.04_riders_performance"} */
alter view "dev"."main"."04_riders_performance" rename to "04_riders_performance__dbt_backup"
[0m11:11:28.633146 [debug] [Thread-1 (]: SQL status: OK in 0.000 seconds
[0m11:11:28.636147 [debug] [Thread-1 (]: Using duckdb connection "model.dbt_project.04_riders_performance"
[0m11:11:28.636147 [debug] [Thread-1 (]: On model.dbt_project.04_riders_performance: /* {"app": "dbt", "dbt_version": "1.11.7", "profile_name": "dbt_project", "target_name": "dev", "node_id": "model.dbt_project.04_riders_performance"} */
alter view "dev"."main"."04_riders_performance__dbt_tmp" rename to "04_riders_performance"
[0m11:11:28.637146 [debug] [Thread-1 (]: SQL status: OK in 0.000 seconds
[0m11:11:28.638146 [debug] [Thread-1 (]: On model.dbt_project.04_riders_performance: COMMIT
[0m11:11:28.639147 [debug] [Thread-1 (]: Using duckdb connection "model.dbt_project.04_riders_performance"
[0m11:11:28.639147 [debug] [Thread-1 (]: On model.dbt_project.04_riders_performance: COMMIT
[0m11:11:28.641149 [debug] [Thread-1 (]: SQL status: OK in 0.002 seconds
[0m11:11:28.644146 [debug] [Thread-1 (]: Using duckdb connection "model.dbt_project.04_riders_performance"
[0m11:11:28.644146 [debug] [Thread-1 (]: On model.dbt_project.04_riders_performance: /* {"app": "dbt", "dbt_version": "1.11.7", "profile_name": "dbt_project", "target_name": "dev", "node_id": "model.dbt_project.04_riders_performance"} */

      drop view if exists "dev"."main"."04_riders_performance__dbt_backup" cascade
    
[0m11:11:28.647144 [debug] [Thread-1 (]: SQL status: OK in 0.002 seconds
[0m11:11:28.648144 [debug] [Thread-1 (]: On model.dbt_project.04_riders_performance: Close
[0m11:11:28.648144 [debug] [Thread-1 (]: Sending event: {'category': 'dbt', 'action': 'run_model', 'label': '45fffdc1-ab1d-4f74-a7ff-4e363020bda6', 'context': [<snowplow_tracker.self_describing_json.SelfDescribingJson object at 0x000001BEDBB4CF50>]}
[0m11:11:28.649615 [info ] [Thread-1 (]: 4 of 5 OK created sql view model main.04_riders_performance .................... [[32mOK[0m in 0.03s]
[0m11:11:28.650624 [debug] [Thread-1 (]: Finished running node model.dbt_project.04_riders_performance
[0m11:11:28.651622 [debug] [Thread-1 (]: Began running node model.dbt_project.05_weekly_trends
[0m11:11:28.651622 [info ] [Thread-1 (]: 5 of 5 START sql view model main.05_weekly_trends .............................. [RUN]
[0m11:11:28.652623 [debug] [Thread-1 (]: Re-using an available connection from the pool (formerly model.dbt_project.04_riders_performance, now model.dbt_project.05_weekly_trends)
[0m11:11:28.653622 [debug] [Thread-1 (]: Began compiling node model.dbt_project.05_weekly_trends
[0m11:11:28.655621 [debug] [Thread-1 (]: Writing injected SQL for node "model.dbt_project.05_weekly_trends"
[0m11:11:28.656622 [debug] [Thread-1 (]: Began executing node model.dbt_project.05_weekly_trends
[0m11:11:28.659722 [debug] [Thread-1 (]: Writing runtime sql for node "model.dbt_project.05_weekly_trends"
[0m11:11:28.660731 [debug] [Thread-1 (]: Using duckdb connection "model.dbt_project.05_weekly_trends"
[0m11:11:28.660731 [debug] [Thread-1 (]: On model.dbt_project.05_weekly_trends: BEGIN
[0m11:11:28.661622 [debug] [Thread-1 (]: Opening a new connection, currently in state closed
[0m11:11:28.662831 [debug] [Thread-1 (]: SQL status: OK in 0.001 seconds
[0m11:11:28.662831 [debug] [Thread-1 (]: Using duckdb connection "model.dbt_project.05_weekly_trends"
[0m11:11:28.662831 [debug] [Thread-1 (]: On model.dbt_project.05_weekly_trends: /* {"app": "dbt", "dbt_version": "1.11.7", "profile_name": "dbt_project", "target_name": "dev", "node_id": "model.dbt_project.05_weekly_trends"} */

  
  create view "dev"."main"."05_weekly_trends__dbt_tmp" as (
    SELECT
    DATE_TRUNC('week', order_date) AS week,
    COUNT(order_id) AS total_orders,
    SUM(delivery_success_flag) AS completed_orders,
    SUM(has_refund_flag) AS refunded_orders,
    SUM(sla_breach_flag) AS breached_orders,
    SUM(refund_amount) AS total_refund_amount
FROM "dev"."main"."stg_order_facts"
GROUP BY week
ORDER BY week
  );

[0m11:11:28.664949 [debug] [Thread-1 (]: SQL status: OK in 0.001 seconds
[0m11:11:28.667957 [debug] [Thread-1 (]: Using duckdb connection "model.dbt_project.05_weekly_trends"
[0m11:11:28.668949 [debug] [Thread-1 (]: On model.dbt_project.05_weekly_trends: /* {"app": "dbt", "dbt_version": "1.11.7", "profile_name": "dbt_project", "target_name": "dev", "node_id": "model.dbt_project.05_weekly_trends"} */
alter view "dev"."main"."05_weekly_trends" rename to "05_weekly_trends__dbt_backup"
[0m11:11:28.668949 [debug] [Thread-1 (]: SQL status: OK in 0.000 seconds
[0m11:11:28.672948 [debug] [Thread-1 (]: Using duckdb connection "model.dbt_project.05_weekly_trends"
[0m11:11:28.673948 [debug] [Thread-1 (]: On model.dbt_project.05_weekly_trends: /* {"app": "dbt", "dbt_version": "1.11.7", "profile_name": "dbt_project", "target_name": "dev", "node_id": "model.dbt_project.05_weekly_trends"} */
alter view "dev"."main"."05_weekly_trends__dbt_tmp" rename to "05_weekly_trends"
[0m11:11:28.673948 [debug] [Thread-1 (]: SQL status: OK in 0.000 seconds
[0m11:11:28.675947 [debug] [Thread-1 (]: On model.dbt_project.05_weekly_trends: COMMIT
[0m11:11:28.675947 [debug] [Thread-1 (]: Using duckdb connection "model.dbt_project.05_weekly_trends"
[0m11:11:28.675947 [debug] [Thread-1 (]: On model.dbt_project.05_weekly_trends: COMMIT
[0m11:11:28.678947 [debug] [Thread-1 (]: SQL status: OK in 0.002 seconds
[0m11:11:28.681949 [debug] [Thread-1 (]: Using duckdb connection "model.dbt_project.05_weekly_trends"
[0m11:11:28.681949 [debug] [Thread-1 (]: On model.dbt_project.05_weekly_trends: /* {"app": "dbt", "dbt_version": "1.11.7", "profile_name": "dbt_project", "target_name": "dev", "node_id": "model.dbt_project.05_weekly_trends"} */

      drop view if exists "dev"."main"."05_weekly_trends__dbt_backup" cascade
    
[0m11:11:28.683959 [debug] [Thread-1 (]: SQL status: OK in 0.002 seconds
[0m11:11:28.685952 [debug] [Thread-1 (]: On model.dbt_project.05_weekly_trends: Close
[0m11:11:28.685952 [debug] [Thread-1 (]: Sending event: {'category': 'dbt', 'action': 'run_model', 'label': '45fffdc1-ab1d-4f74-a7ff-4e363020bda6', 'context': [<snowplow_tracker.self_describing_json.SelfDescribingJson object at 0x000001BEDBB824D0>]}
[0m11:11:28.686948 [info ] [Thread-1 (]: 5 of 5 OK created sql view model main.05_weekly_trends ......................... [[32mOK[0m in 0.03s]
[0m11:11:28.687952 [debug] [Thread-1 (]: Finished running node model.dbt_project.05_weekly_trends
[0m11:11:28.688963 [debug] [MainThread]: Using duckdb connection "master"
[0m11:11:28.689950 [debug] [MainThread]: On master: BEGIN
[0m11:11:28.689950 [debug] [MainThread]: Opening a new connection, currently in state closed
[0m11:11:28.690947 [debug] [MainThread]: SQL status: OK in 0.001 seconds
[0m11:11:28.690947 [debug] [MainThread]: On master: COMMIT
[0m11:11:28.691950 [debug] [MainThread]: Using duckdb connection "master"
[0m11:11:28.691950 [debug] [MainThread]: On master: COMMIT
[0m11:11:28.692949 [debug] [MainThread]: SQL status: OK in 0.000 seconds
[0m11:11:28.692949 [debug] [MainThread]: On master: Close
[0m11:11:28.693949 [debug] [MainThread]: Connection 'master' was properly closed.
[0m11:11:28.694947 [debug] [MainThread]: Connection 'create_dev_main' was properly closed.
[0m11:11:28.694947 [debug] [MainThread]: Connection 'list_dev_main' was properly closed.
[0m11:11:28.695948 [debug] [MainThread]: Connection 'model.dbt_project.05_weekly_trends' was properly closed.
[0m11:11:28.695948 [info ] [MainThread]: 
[0m11:11:28.696947 [info ] [MainThread]: Finished running 5 view models in 0 hours 0 minutes and 0.43 seconds (0.43s).
[0m11:11:28.698948 [debug] [MainThread]: Command end result
[0m11:11:28.728947 [debug] [MainThread]: Wrote artifact WritableManifest to C:\DE_projects\food_del_pipeline\target\manifest.json
[0m11:11:28.731949 [debug] [MainThread]: Wrote artifact SemanticManifest to C:\DE_projects\food_del_pipeline\target\semantic_manifest.json
[0m11:11:28.739994 [debug] [MainThread]: Wrote artifact RunExecutionResult to C:\DE_projects\food_del_pipeline\target\run_results.json
[0m11:11:28.740993 [info ] [MainThread]: 
[0m11:11:28.741995 [info ] [MainThread]: [32mCompleted successfully[0m
[0m11:11:28.742992 [info ] [MainThread]: 
[0m11:11:28.743993 [info ] [MainThread]: Done. PASS=5 WARN=0 ERROR=0 SKIP=0 NO-OP=0 TOTAL=5
[0m11:11:28.745010 [debug] [MainThread]: Command `dbt run` succeeded at 11:11:28.745010 after 1.21 seconds
[0m11:11:28.745010 [debug] [MainThread]: Sending event: {'category': 'dbt', 'action': 'invocation', 'label': 'end', 'context': [<snowplow_tracker.self_describing_json.SelfDescribingJson object at 0x000001BED8CC7190>, <snowplow_tracker.self_describing_json.SelfDescribingJson object at 0x000001BED8CC7010>, <snowplow_tracker.self_describing_json.SelfDescribingJson object at 0x000001BED240D550>]}
[0m11:11:28.745994 [debug] [MainThread]: Flushing usage events
[0m11:11:30.546642 [debug] [MainThread]: An error was encountered while trying to flush usage events
[0m11:14:15.577113 [debug] [MainThread]: Sending event: {'category': 'dbt', 'action': 'invocation', 'label': 'start', 'context': [<snowplow_tracker.self_describing_json.SelfDescribingJson object at 0x0000017051D6F510>, <snowplow_tracker.self_describing_json.SelfDescribingJson object at 0x0000017051D67BD0>, <snowplow_tracker.self_describing_json.SelfDescribingJson object at 0x0000017051D67B90>]}


============================== 11:14:15.582114 | 011d1652-ecc5-4fa3-9af7-dd96dd4eb298 ==============================
[0m11:14:15.582114 [info ] [MainThread]: Running with dbt=1.11.7
[0m11:14:15.583115 [debug] [MainThread]: running dbt with arguments {'static_parser': 'True', 'no_print': 'None', 'version_check': 'True', 'warn_error_options': 'WarnErrorOptionsV2(error=[], warn=[], silence=[])', 'target_path': 'None', 'printer_width': '80', 'write_json': 'True', 'introspect': 'True', 'log_cache_events': 'False', 'empty': 'False', 'cache_selected_only': 'False', 'log_format': 'default', 'debug': 'False', 'fail_fast': 'False', 'profiles_dir': 'C:\\Users\\HP\\.dbt', 'send_anonymous_usage_stats': 'True', 'quiet': 'False', 'warn_error': 'None', 'partial_parse': 'True', 'use_colors': 'True', 'indirect_selection': 'eager', 'invocation_command': 'dbt run', 'use_experimental_parser': 'False', 'log_path': 'C:\\DE_projects\\food_del_pipeline\\logs'}
[0m11:14:15.779542 [debug] [MainThread]: Sending event: {'category': 'dbt', 'action': 'project_id', 'label': '011d1652-ecc5-4fa3-9af7-dd96dd4eb298', 'context': [<snowplow_tracker.self_describing_json.SelfDescribingJson object at 0x0000017052DCA410>]}
[0m11:14:15.827543 [debug] [MainThread]: Sending event: {'category': 'dbt', 'action': 'adapter_info', 'label': '011d1652-ecc5-4fa3-9af7-dd96dd4eb298', 'context': [<snowplow_tracker.self_describing_json.SelfDescribingJson object at 0x000001704E4BBC90>]}
[0m11:14:15.830530 [info ] [MainThread]: Registered adapter: duckdb=1.10.1
[0m11:14:15.994722 [debug] [MainThread]: checksum: b80718358155fc17c3559352095564dd56ada1cc1a1c0ef2e62c857e71583775, vars: {}, profile: , target: , version: 1.11.7
[0m11:14:16.094872 [debug] [MainThread]: Partial parsing enabled: 0 files deleted, 0 files added, 3 files changed.
[0m11:14:16.095873 [debug] [MainThread]: Partial parsing: updated file: dbt_project://dbt_project/models\staging\stg_orders.sql
[0m11:14:16.095873 [debug] [MainThread]: Partial parsing: updated file: dbt_project://dbt_project/models\staging\stg_order_facts.sql
[0m11:14:16.096875 [debug] [MainThread]: Partial parsing: updated file: dbt_project://dbt_project/models\staging\stg_delivery_timeline.sql
[0m11:14:16.352997 [warn ] [MainThread]: [[33mWARNING[0m]: Configuration paths exist in your dbt_project.yml file which do not apply to any resources.
There are 1 unused configuration paths:
- models.dbt_project.example
[0m11:14:16.364238 [debug] [MainThread]: Sending event: {'category': 'dbt', 'action': 'load_project', 'label': '011d1652-ecc5-4fa3-9af7-dd96dd4eb298', 'context': [<snowplow_tracker.self_describing_json.SelfDescribingJson object at 0x0000017053218090>]}
[0m11:14:16.431241 [debug] [MainThread]: Wrote artifact WritableManifest to C:\DE_projects\food_del_pipeline\target\manifest.json
[0m11:14:16.433242 [debug] [MainThread]: Wrote artifact SemanticManifest to C:\DE_projects\food_del_pipeline\target\semantic_manifest.json
[0m11:14:16.462242 [debug] [MainThread]: Sending event: {'category': 'dbt', 'action': 'resource_counts', 'label': '011d1652-ecc5-4fa3-9af7-dd96dd4eb298', 'context': [<snowplow_tracker.self_describing_json.SelfDescribingJson object at 0x000001705349F250>]}
[0m11:14:16.463240 [info ] [MainThread]: Found 11 models, 2 sources, 474 macros
[0m11:14:16.463240 [debug] [MainThread]: Sending event: {'category': 'dbt', 'action': 'runnable_timing', 'label': '011d1652-ecc5-4fa3-9af7-dd96dd4eb298', 'context': [<snowplow_tracker.self_describing_json.SelfDescribingJson object at 0x0000017053505250>]}
[0m11:14:16.465596 [info ] [MainThread]: 
[0m11:14:16.466623 [info ] [MainThread]: Concurrency: 1 threads (target='dev')
[0m11:14:16.466623 [info ] [MainThread]: 
[0m11:14:16.467596 [debug] [MainThread]: Acquiring new duckdb connection 'master'
[0m11:14:16.472595 [debug] [ThreadPool]: Acquiring new duckdb connection 'list_dev'
[0m11:14:16.524596 [debug] [ThreadPool]: Using duckdb connection "list_dev"
[0m11:14:16.524596 [debug] [ThreadPool]: On list_dev: /* {"app": "dbt", "dbt_version": "1.11.7", "profile_name": "dbt_project", "target_name": "dev", "connection_name": "list_dev"} */

    
    select schema_name
    from system.information_schema.schemata
    
    where lower(catalog_name) = '"dev"'
    
  
  
[0m11:14:16.524596 [debug] [ThreadPool]: Opening a new connection, currently in state init
[0m11:14:16.541594 [debug] [ThreadPool]: SQL status: OK in 0.016 seconds
[0m11:14:16.542596 [debug] [ThreadPool]: On list_dev: Close
[0m11:14:16.543597 [debug] [ThreadPool]: Re-using an available connection from the pool (formerly list_dev, now create_dev_main)
[0m11:14:16.544627 [debug] [ThreadPool]: Creating schema "database: "dev"
schema: "main"
"
[0m11:14:16.550631 [debug] [ThreadPool]: Using duckdb connection "create_dev_main"
[0m11:14:16.550631 [debug] [ThreadPool]: On create_dev_main: /* {"app": "dbt", "dbt_version": "1.11.7", "profile_name": "dbt_project", "target_name": "dev", "connection_name": "create_dev_main"} */

    
        select type from duckdb_databases()
        where lower(database_name)='dev'
        and type='sqlite'
    
  
[0m11:14:16.551611 [debug] [ThreadPool]: Opening a new connection, currently in state closed
[0m11:14:16.552597 [debug] [ThreadPool]: SQL status: OK in 0.001 seconds
[0m11:14:16.553597 [debug] [ThreadPool]: Using duckdb connection "create_dev_main"
[0m11:14:16.554595 [debug] [ThreadPool]: On create_dev_main: BEGIN
[0m11:14:16.555605 [debug] [ThreadPool]: SQL status: OK in 0.000 seconds
[0m11:14:16.555605 [debug] [ThreadPool]: Using duckdb connection "create_dev_main"
[0m11:14:16.555605 [debug] [ThreadPool]: On create_dev_main: /* {"app": "dbt", "dbt_version": "1.11.7", "profile_name": "dbt_project", "target_name": "dev", "connection_name": "create_dev_main"} */

    
    
        create schema if not exists "dev"."main"
    
[0m11:14:16.556595 [debug] [ThreadPool]: SQL status: OK in 0.000 seconds
[0m11:14:16.557595 [debug] [ThreadPool]: On create_dev_main: COMMIT
[0m11:14:16.557595 [debug] [ThreadPool]: Using duckdb connection "create_dev_main"
[0m11:14:16.557595 [debug] [ThreadPool]: On create_dev_main: COMMIT
[0m11:14:16.558608 [debug] [ThreadPool]: SQL status: OK in 0.000 seconds
[0m11:14:16.558608 [debug] [ThreadPool]: On create_dev_main: Close
[0m11:14:16.560596 [debug] [ThreadPool]: Acquiring new duckdb connection 'list_dev_main'
[0m11:14:16.565639 [debug] [ThreadPool]: Using duckdb connection "list_dev_main"
[0m11:14:16.566638 [debug] [ThreadPool]: On list_dev_main: BEGIN
[0m11:14:16.566638 [debug] [ThreadPool]: Opening a new connection, currently in state init
[0m11:14:16.567639 [debug] [ThreadPool]: SQL status: OK in 0.001 seconds
[0m11:14:16.568638 [debug] [ThreadPool]: Using duckdb connection "list_dev_main"
[0m11:14:16.568638 [debug] [ThreadPool]: On list_dev_main: /* {"app": "dbt", "dbt_version": "1.11.7", "profile_name": "dbt_project", "target_name": "dev", "connection_name": "list_dev_main"} */
select
      'dev' as database,
      table_name as name,
      table_schema as schema,
      CASE table_type
        WHEN 'BASE TABLE' THEN 'table'
        WHEN 'VIEW' THEN 'view'
        WHEN 'LOCAL TEMPORARY' THEN 'table'
        END as type
    from system.information_schema.tables
    where lower(table_schema) = 'main'
    and lower(table_catalog) = 'dev'
  
[0m11:14:16.571639 [debug] [ThreadPool]: SQL status: OK in 0.003 seconds
[0m11:14:16.573640 [debug] [ThreadPool]: On list_dev_main: ROLLBACK
[0m11:14:16.573640 [debug] [ThreadPool]: Failed to rollback 'list_dev_main'
[0m11:14:16.574640 [debug] [ThreadPool]: On list_dev_main: Close
[0m11:14:16.576639 [debug] [MainThread]: Sending event: {'category': 'dbt', 'action': 'runnable_timing', 'label': '011d1652-ecc5-4fa3-9af7-dd96dd4eb298', 'context': [<snowplow_tracker.self_describing_json.SelfDescribingJson object at 0x00000170534B7410>]}
[0m11:14:16.577638 [debug] [MainThread]: Using duckdb connection "master"
[0m11:14:16.577638 [debug] [MainThread]: On master: BEGIN
[0m11:14:16.578638 [debug] [MainThread]: Opening a new connection, currently in state init
[0m11:14:16.578638 [debug] [MainThread]: SQL status: OK in 0.001 seconds
[0m11:14:16.579638 [debug] [MainThread]: On master: COMMIT
[0m11:14:16.579638 [debug] [MainThread]: Using duckdb connection "master"
[0m11:14:16.579638 [debug] [MainThread]: On master: COMMIT
[0m11:14:16.580657 [debug] [MainThread]: SQL status: OK in 0.000 seconds
[0m11:14:16.580657 [debug] [MainThread]: On master: Close
[0m11:14:16.585639 [debug] [Thread-1 (]: Began running node model.dbt_project.stg_delivery_timeline
[0m11:14:16.586639 [info ] [Thread-1 (]: 1 of 11 START sql view model main.stg_delivery_timeline ........................ [RUN]
[0m11:14:16.587637 [debug] [Thread-1 (]: Acquiring new duckdb connection 'model.dbt_project.stg_delivery_timeline'
[0m11:14:16.587637 [debug] [Thread-1 (]: Began compiling node model.dbt_project.stg_delivery_timeline
[0m11:14:16.593653 [debug] [Thread-1 (]: Writing injected SQL for node "model.dbt_project.stg_delivery_timeline"
[0m11:14:16.594638 [debug] [Thread-1 (]: Began executing node model.dbt_project.stg_delivery_timeline
[0m11:14:16.617638 [debug] [Thread-1 (]: Writing runtime sql for node "model.dbt_project.stg_delivery_timeline"
[0m11:14:16.618639 [debug] [Thread-1 (]: Using duckdb connection "model.dbt_project.stg_delivery_timeline"
[0m11:14:16.618639 [debug] [Thread-1 (]: On model.dbt_project.stg_delivery_timeline: BEGIN
[0m11:14:16.619640 [debug] [Thread-1 (]: Opening a new connection, currently in state init
[0m11:14:16.620638 [debug] [Thread-1 (]: SQL status: OK in 0.001 seconds
[0m11:14:16.620638 [debug] [Thread-1 (]: Using duckdb connection "model.dbt_project.stg_delivery_timeline"
[0m11:14:16.621638 [debug] [Thread-1 (]: On model.dbt_project.stg_delivery_timeline: /* {"app": "dbt", "dbt_version": "1.11.7", "profile_name": "dbt_project", "target_name": "dev", "node_id": "model.dbt_project.stg_delivery_timeline"} */

  
  create view "dev"."main"."stg_delivery_timeline__dbt_tmp" as (
    SELECT *
FROM read_parquet('C:/DE_projects/food_del_pipeline/data/silver/delivery_timeline.parquet')
  );

[0m11:14:16.629426 [debug] [Thread-1 (]: SQL status: OK in 0.008 seconds
[0m11:14:16.634425 [debug] [Thread-1 (]: Using duckdb connection "model.dbt_project.stg_delivery_timeline"
[0m11:14:16.635431 [debug] [Thread-1 (]: On model.dbt_project.stg_delivery_timeline: /* {"app": "dbt", "dbt_version": "1.11.7", "profile_name": "dbt_project", "target_name": "dev", "node_id": "model.dbt_project.stg_delivery_timeline"} */
alter view "dev"."main"."stg_delivery_timeline" rename to "stg_delivery_timeline__dbt_backup"
[0m11:14:16.635431 [debug] [Thread-1 (]: SQL status: OK in 0.000 seconds
[0m11:14:16.638425 [debug] [Thread-1 (]: Using duckdb connection "model.dbt_project.stg_delivery_timeline"
[0m11:14:16.639425 [debug] [Thread-1 (]: On model.dbt_project.stg_delivery_timeline: /* {"app": "dbt", "dbt_version": "1.11.7", "profile_name": "dbt_project", "target_name": "dev", "node_id": "model.dbt_project.stg_delivery_timeline"} */
alter view "dev"."main"."stg_delivery_timeline__dbt_tmp" rename to "stg_delivery_timeline"
[0m11:14:16.639425 [debug] [Thread-1 (]: SQL status: OK in 0.000 seconds
[0m11:14:16.649426 [debug] [Thread-1 (]: On model.dbt_project.stg_delivery_timeline: COMMIT
[0m11:14:16.650426 [debug] [Thread-1 (]: Using duckdb connection "model.dbt_project.stg_delivery_timeline"
[0m11:14:16.650426 [debug] [Thread-1 (]: On model.dbt_project.stg_delivery_timeline: COMMIT
[0m11:14:16.653727 [debug] [Thread-1 (]: SQL status: OK in 0.003 seconds
[0m11:14:16.659727 [debug] [Thread-1 (]: Using duckdb connection "model.dbt_project.stg_delivery_timeline"
[0m11:14:16.660729 [debug] [Thread-1 (]: On model.dbt_project.stg_delivery_timeline: /* {"app": "dbt", "dbt_version": "1.11.7", "profile_name": "dbt_project", "target_name": "dev", "node_id": "model.dbt_project.stg_delivery_timeline"} */

      drop view if exists "dev"."main"."stg_delivery_timeline__dbt_backup" cascade
    
[0m11:14:16.663170 [debug] [Thread-1 (]: SQL status: OK in 0.002 seconds
[0m11:14:16.665220 [debug] [Thread-1 (]: On model.dbt_project.stg_delivery_timeline: Close
[0m11:14:16.666917 [debug] [Thread-1 (]: Sending event: {'category': 'dbt', 'action': 'run_model', 'label': '011d1652-ecc5-4fa3-9af7-dd96dd4eb298', 'context': [<snowplow_tracker.self_describing_json.SelfDescribingJson object at 0x0000017053032390>]}
[0m11:14:16.667940 [info ] [Thread-1 (]: 1 of 11 OK created sql view model main.stg_delivery_timeline ................... [[32mOK[0m in 0.08s]
[0m11:14:16.667940 [debug] [Thread-1 (]: Finished running node model.dbt_project.stg_delivery_timeline
[0m11:14:16.668934 [debug] [Thread-1 (]: Began running node model.dbt_project.stg_order_facts
[0m11:14:16.668934 [info ] [Thread-1 (]: 2 of 11 START sql view model main.stg_order_facts .............................. [RUN]
[0m11:14:16.670010 [debug] [Thread-1 (]: Re-using an available connection from the pool (formerly model.dbt_project.stg_delivery_timeline, now model.dbt_project.stg_order_facts)
[0m11:14:16.670010 [debug] [Thread-1 (]: Began compiling node model.dbt_project.stg_order_facts
[0m11:14:16.672043 [debug] [Thread-1 (]: Writing injected SQL for node "model.dbt_project.stg_order_facts"
[0m11:14:16.673027 [debug] [Thread-1 (]: Began executing node model.dbt_project.stg_order_facts
[0m11:14:16.676029 [debug] [Thread-1 (]: Writing runtime sql for node "model.dbt_project.stg_order_facts"
[0m11:14:16.677028 [debug] [Thread-1 (]: Using duckdb connection "model.dbt_project.stg_order_facts"
[0m11:14:16.677028 [debug] [Thread-1 (]: On model.dbt_project.stg_order_facts: BEGIN
[0m11:14:16.678029 [debug] [Thread-1 (]: Opening a new connection, currently in state closed
[0m11:14:16.678029 [debug] [Thread-1 (]: SQL status: OK in 0.001 seconds
[0m11:14:16.679027 [debug] [Thread-1 (]: Using duckdb connection "model.dbt_project.stg_order_facts"
[0m11:14:16.679027 [debug] [Thread-1 (]: On model.dbt_project.stg_order_facts: /* {"app": "dbt", "dbt_version": "1.11.7", "profile_name": "dbt_project", "target_name": "dev", "node_id": "model.dbt_project.stg_order_facts"} */

  
  create view "dev"."main"."stg_order_facts__dbt_tmp" as (
    SELECT *
FROM read_parquet('C:/DE_projects/food_del_pipeline/data/silver/order_facts.parquet')
  );

[0m11:14:16.680452 [debug] [Thread-1 (]: SQL status: OK in 0.001 seconds
[0m11:14:16.682754 [debug] [Thread-1 (]: Using duckdb connection "model.dbt_project.stg_order_facts"
[0m11:14:16.683753 [debug] [Thread-1 (]: On model.dbt_project.stg_order_facts: /* {"app": "dbt", "dbt_version": "1.11.7", "profile_name": "dbt_project", "target_name": "dev", "node_id": "model.dbt_project.stg_order_facts"} */
alter view "dev"."main"."stg_order_facts" rename to "stg_order_facts__dbt_backup"
[0m11:14:16.683753 [debug] [Thread-1 (]: SQL status: OK in 0.000 seconds
[0m11:14:16.686844 [debug] [Thread-1 (]: Using duckdb connection "model.dbt_project.stg_order_facts"
[0m11:14:16.687845 [debug] [Thread-1 (]: On model.dbt_project.stg_order_facts: /* {"app": "dbt", "dbt_version": "1.11.7", "profile_name": "dbt_project", "target_name": "dev", "node_id": "model.dbt_project.stg_order_facts"} */
alter view "dev"."main"."stg_order_facts__dbt_tmp" rename to "stg_order_facts"
[0m11:14:16.687845 [debug] [Thread-1 (]: SQL status: OK in 0.000 seconds
[0m11:14:16.689846 [debug] [Thread-1 (]: On model.dbt_project.stg_order_facts: COMMIT
[0m11:14:16.689846 [debug] [Thread-1 (]: Using duckdb connection "model.dbt_project.stg_order_facts"
[0m11:14:16.690845 [debug] [Thread-1 (]: On model.dbt_project.stg_order_facts: COMMIT
[0m11:14:16.695844 [debug] [Thread-1 (]: SQL status: OK in 0.005 seconds
[0m11:14:16.697845 [debug] [Thread-1 (]: Using duckdb connection "model.dbt_project.stg_order_facts"
[0m11:14:16.697845 [debug] [Thread-1 (]: On model.dbt_project.stg_order_facts: /* {"app": "dbt", "dbt_version": "1.11.7", "profile_name": "dbt_project", "target_name": "dev", "node_id": "model.dbt_project.stg_order_facts"} */

      drop view if exists "dev"."main"."stg_order_facts__dbt_backup" cascade
    
[0m11:14:16.704845 [debug] [Thread-1 (]: SQL status: OK in 0.006 seconds
[0m11:14:16.705847 [debug] [Thread-1 (]: On model.dbt_project.stg_order_facts: Close
[0m11:14:16.706846 [debug] [Thread-1 (]: Sending event: {'category': 'dbt', 'action': 'run_model', 'label': '011d1652-ecc5-4fa3-9af7-dd96dd4eb298', 'context': [<snowplow_tracker.self_describing_json.SelfDescribingJson object at 0x0000017053A401D0>]}
[0m11:14:16.707845 [info ] [Thread-1 (]: 2 of 11 OK created sql view model main.stg_order_facts ......................... [[32mOK[0m in 0.04s]
[0m11:14:16.708845 [debug] [Thread-1 (]: Finished running node model.dbt_project.stg_order_facts
[0m11:14:16.708845 [debug] [Thread-1 (]: Began running node model.dbt_project.stg_orders
[0m11:14:16.709844 [info ] [Thread-1 (]: 3 of 11 START sql view model main.stg_orders ................................... [RUN]
[0m11:14:16.710844 [debug] [Thread-1 (]: Re-using an available connection from the pool (formerly model.dbt_project.stg_order_facts, now model.dbt_project.stg_orders)
[0m11:14:16.710844 [debug] [Thread-1 (]: Began compiling node model.dbt_project.stg_orders
[0m11:14:16.712846 [debug] [Thread-1 (]: Writing injected SQL for node "model.dbt_project.stg_orders"
[0m11:14:16.713845 [debug] [Thread-1 (]: Began executing node model.dbt_project.stg_orders
[0m11:14:16.716844 [debug] [Thread-1 (]: Writing runtime sql for node "model.dbt_project.stg_orders"
[0m11:14:16.717844 [debug] [Thread-1 (]: Using duckdb connection "model.dbt_project.stg_orders"
[0m11:14:16.717844 [debug] [Thread-1 (]: On model.dbt_project.stg_orders: BEGIN
[0m11:14:16.718845 [debug] [Thread-1 (]: Opening a new connection, currently in state closed
[0m11:14:16.718845 [debug] [Thread-1 (]: SQL status: OK in 0.001 seconds
[0m11:14:16.719845 [debug] [Thread-1 (]: Using duckdb connection "model.dbt_project.stg_orders"
[0m11:14:16.719845 [debug] [Thread-1 (]: On model.dbt_project.stg_orders: /* {"app": "dbt", "dbt_version": "1.11.7", "profile_name": "dbt_project", "target_name": "dev", "node_id": "model.dbt_project.stg_orders"} */

  
  create view "dev"."main"."stg_orders__dbt_tmp" as (
    SELECT *
FROM read_parquet('C:/DE_projects/food_del_pipeline/data/silver/orders.parquet')
  );

[0m11:14:16.722846 [debug] [Thread-1 (]: SQL status: OK in 0.002 seconds
[0m11:14:16.725845 [debug] [Thread-1 (]: Using duckdb connection "model.dbt_project.stg_orders"
[0m11:14:16.725845 [debug] [Thread-1 (]: On model.dbt_project.stg_orders: /* {"app": "dbt", "dbt_version": "1.11.7", "profile_name": "dbt_project", "target_name": "dev", "node_id": "model.dbt_project.stg_orders"} */
alter view "dev"."main"."stg_orders" rename to "stg_orders__dbt_backup"
[0m11:14:16.726846 [debug] [Thread-1 (]: SQL status: OK in 0.000 seconds
[0m11:14:16.729844 [debug] [Thread-1 (]: Using duckdb connection "model.dbt_project.stg_orders"
[0m11:14:16.729844 [debug] [Thread-1 (]: On model.dbt_project.stg_orders: /* {"app": "dbt", "dbt_version": "1.11.7", "profile_name": "dbt_project", "target_name": "dev", "node_id": "model.dbt_project.stg_orders"} */
alter view "dev"."main"."stg_orders__dbt_tmp" rename to "stg_orders"
[0m11:14:16.730845 [debug] [Thread-1 (]: SQL status: OK in 0.000 seconds
[0m11:14:16.731850 [debug] [Thread-1 (]: On model.dbt_project.stg_orders: COMMIT
[0m11:14:16.732845 [debug] [Thread-1 (]: Using duckdb connection "model.dbt_project.stg_orders"
[0m11:14:16.732845 [debug] [Thread-1 (]: On model.dbt_project.stg_orders: COMMIT
[0m11:14:16.737844 [debug] [Thread-1 (]: SQL status: OK in 0.004 seconds
[0m11:14:16.739845 [debug] [Thread-1 (]: Using duckdb connection "model.dbt_project.stg_orders"
[0m11:14:16.739845 [debug] [Thread-1 (]: On model.dbt_project.stg_orders: /* {"app": "dbt", "dbt_version": "1.11.7", "profile_name": "dbt_project", "target_name": "dev", "node_id": "model.dbt_project.stg_orders"} */

      drop view if exists "dev"."main"."stg_orders__dbt_backup" cascade
    
[0m11:14:16.745859 [debug] [Thread-1 (]: SQL status: OK in 0.006 seconds
[0m11:14:16.747846 [debug] [Thread-1 (]: On model.dbt_project.stg_orders: Close
[0m11:14:16.747846 [debug] [Thread-1 (]: Sending event: {'category': 'dbt', 'action': 'run_model', 'label': '011d1652-ecc5-4fa3-9af7-dd96dd4eb298', 'context': [<snowplow_tracker.self_describing_json.SelfDescribingJson object at 0x0000017053A42D90>]}
[0m11:14:16.748859 [info ] [Thread-1 (]: 3 of 11 OK created sql view model main.stg_orders .............................. [[32mOK[0m in 0.04s]
[0m11:14:16.749845 [debug] [Thread-1 (]: Finished running node model.dbt_project.stg_orders
[0m11:14:16.750846 [debug] [Thread-1 (]: Began running node model.dbt_project.03_refund_drivers
[0m11:14:16.750846 [info ] [Thread-1 (]: 4 of 11 START sql view model main.03_refund_drivers ............................ [RUN]
[0m11:14:16.751846 [debug] [Thread-1 (]: Re-using an available connection from the pool (formerly model.dbt_project.stg_orders, now model.dbt_project.03_refund_drivers)
[0m11:14:16.751846 [debug] [Thread-1 (]: Began compiling node model.dbt_project.03_refund_drivers
[0m11:14:16.755843 [debug] [Thread-1 (]: Writing injected SQL for node "model.dbt_project.03_refund_drivers"
[0m11:14:16.756844 [debug] [Thread-1 (]: Began executing node model.dbt_project.03_refund_drivers
[0m11:14:16.759845 [debug] [Thread-1 (]: Writing runtime sql for node "model.dbt_project.03_refund_drivers"
[0m11:14:16.760844 [debug] [Thread-1 (]: Using duckdb connection "model.dbt_project.03_refund_drivers"
[0m11:14:16.760844 [debug] [Thread-1 (]: On model.dbt_project.03_refund_drivers: BEGIN
[0m11:14:16.760844 [debug] [Thread-1 (]: Opening a new connection, currently in state closed
[0m11:14:16.761845 [debug] [Thread-1 (]: SQL status: OK in 0.001 seconds
[0m11:14:16.761845 [debug] [Thread-1 (]: Using duckdb connection "model.dbt_project.03_refund_drivers"
[0m11:14:16.762844 [debug] [Thread-1 (]: On model.dbt_project.03_refund_drivers: /* {"app": "dbt", "dbt_version": "1.11.7", "profile_name": "dbt_project", "target_name": "dev", "node_id": "model.dbt_project.03_refund_drivers"} */

  
  create view "dev"."main"."03_refund_drivers__dbt_tmp" as (
    SELECT
    CASE
        WHEN sla_breach_flag = 1 THEN 'DELAY'
        WHEN delivery_success_flag = 0 THEN 'CANCELLATION'
        ELSE 'OTHER'
    END AS refund_reason,
    COUNT(order_id) AS total_orders,
    SUM(has_refund_flag) AS refunded_orders,
    SUM(has_refund_flag) * 1.0 / COUNT(order_id) AS refund_rate
FROM "dev"."main"."stg_order_facts"
GROUP BY refund_reason
  );

[0m11:14:16.763844 [debug] [Thread-1 (]: SQL status: OK in 0.001 seconds
[0m11:14:16.766844 [debug] [Thread-1 (]: Using duckdb connection "model.dbt_project.03_refund_drivers"
[0m11:14:16.766844 [debug] [Thread-1 (]: On model.dbt_project.03_refund_drivers: /* {"app": "dbt", "dbt_version": "1.11.7", "profile_name": "dbt_project", "target_name": "dev", "node_id": "model.dbt_project.03_refund_drivers"} */
alter view "dev"."main"."03_refund_drivers" rename to "03_refund_drivers__dbt_backup"
[0m11:14:16.767844 [debug] [Thread-1 (]: SQL status: OK in 0.000 seconds
[0m11:14:16.769843 [debug] [Thread-1 (]: Using duckdb connection "model.dbt_project.03_refund_drivers"
[0m11:14:16.770845 [debug] [Thread-1 (]: On model.dbt_project.03_refund_drivers: /* {"app": "dbt", "dbt_version": "1.11.7", "profile_name": "dbt_project", "target_name": "dev", "node_id": "model.dbt_project.03_refund_drivers"} */
alter view "dev"."main"."03_refund_drivers__dbt_tmp" rename to "03_refund_drivers"
[0m11:14:16.770845 [debug] [Thread-1 (]: SQL status: OK in 0.000 seconds
[0m11:14:16.772853 [debug] [Thread-1 (]: On model.dbt_project.03_refund_drivers: COMMIT
[0m11:14:16.773853 [debug] [Thread-1 (]: Using duckdb connection "model.dbt_project.03_refund_drivers"
[0m11:14:16.773853 [debug] [Thread-1 (]: On model.dbt_project.03_refund_drivers: COMMIT
[0m11:14:16.778843 [debug] [Thread-1 (]: SQL status: OK in 0.005 seconds
[0m11:14:16.780846 [debug] [Thread-1 (]: Using duckdb connection "model.dbt_project.03_refund_drivers"
[0m11:14:16.780846 [debug] [Thread-1 (]: On model.dbt_project.03_refund_drivers: /* {"app": "dbt", "dbt_version": "1.11.7", "profile_name": "dbt_project", "target_name": "dev", "node_id": "model.dbt_project.03_refund_drivers"} */

      drop view if exists "dev"."main"."03_refund_drivers__dbt_backup" cascade
    
[0m11:14:16.786844 [debug] [Thread-1 (]: SQL status: OK in 0.005 seconds
[0m11:14:16.787860 [debug] [Thread-1 (]: On model.dbt_project.03_refund_drivers: Close
[0m11:14:16.788844 [debug] [Thread-1 (]: Sending event: {'category': 'dbt', 'action': 'run_model', 'label': '011d1652-ecc5-4fa3-9af7-dd96dd4eb298', 'context': [<snowplow_tracker.self_describing_json.SelfDescribingJson object at 0x0000017053997A90>]}
[0m11:14:16.789844 [info ] [Thread-1 (]: 4 of 11 OK created sql view model main.03_refund_drivers ....................... [[32mOK[0m in 0.04s]
[0m11:14:16.790844 [debug] [Thread-1 (]: Finished running node model.dbt_project.03_refund_drivers
[0m11:14:16.790844 [debug] [Thread-1 (]: Began running node model.dbt_project.05_weekly_trends
[0m11:14:16.791844 [info ] [Thread-1 (]: 5 of 11 START sql view model main.05_weekly_trends ............................. [RUN]
[0m11:14:16.792845 [debug] [Thread-1 (]: Re-using an available connection from the pool (formerly model.dbt_project.03_refund_drivers, now model.dbt_project.05_weekly_trends)
[0m11:14:16.792845 [debug] [Thread-1 (]: Began compiling node model.dbt_project.05_weekly_trends
[0m11:14:16.794846 [debug] [Thread-1 (]: Writing injected SQL for node "model.dbt_project.05_weekly_trends"
[0m11:14:16.795865 [debug] [Thread-1 (]: Began executing node model.dbt_project.05_weekly_trends
[0m11:14:16.799845 [debug] [Thread-1 (]: Writing runtime sql for node "model.dbt_project.05_weekly_trends"
[0m11:14:16.799845 [debug] [Thread-1 (]: Using duckdb connection "model.dbt_project.05_weekly_trends"
[0m11:14:16.800856 [debug] [Thread-1 (]: On model.dbt_project.05_weekly_trends: BEGIN
[0m11:14:16.800856 [debug] [Thread-1 (]: Opening a new connection, currently in state closed
[0m11:14:16.802856 [debug] [Thread-1 (]: SQL status: OK in 0.001 seconds
[0m11:14:16.802856 [debug] [Thread-1 (]: Using duckdb connection "model.dbt_project.05_weekly_trends"
[0m11:14:16.802856 [debug] [Thread-1 (]: On model.dbt_project.05_weekly_trends: /* {"app": "dbt", "dbt_version": "1.11.7", "profile_name": "dbt_project", "target_name": "dev", "node_id": "model.dbt_project.05_weekly_trends"} */

  
  create view "dev"."main"."05_weekly_trends__dbt_tmp" as (
    SELECT
    DATE_TRUNC('week', order_date) AS week,
    COUNT(order_id) AS total_orders,
    SUM(delivery_success_flag) AS completed_orders,
    SUM(has_refund_flag) AS refunded_orders,
    SUM(sla_breach_flag) AS breached_orders,
    SUM(refund_amount) AS total_refund_amount
FROM "dev"."main"."stg_order_facts"
GROUP BY week
ORDER BY week
  );

[0m11:14:16.804845 [debug] [Thread-1 (]: SQL status: OK in 0.001 seconds
[0m11:14:16.807846 [debug] [Thread-1 (]: Using duckdb connection "model.dbt_project.05_weekly_trends"
[0m11:14:16.807846 [debug] [Thread-1 (]: On model.dbt_project.05_weekly_trends: /* {"app": "dbt", "dbt_version": "1.11.7", "profile_name": "dbt_project", "target_name": "dev", "node_id": "model.dbt_project.05_weekly_trends"} */
alter view "dev"."main"."05_weekly_trends" rename to "05_weekly_trends__dbt_backup"
[0m11:14:16.808846 [debug] [Thread-1 (]: SQL status: OK in 0.000 seconds
[0m11:14:16.811846 [debug] [Thread-1 (]: Using duckdb connection "model.dbt_project.05_weekly_trends"
[0m11:14:16.811846 [debug] [Thread-1 (]: On model.dbt_project.05_weekly_trends: /* {"app": "dbt", "dbt_version": "1.11.7", "profile_name": "dbt_project", "target_name": "dev", "node_id": "model.dbt_project.05_weekly_trends"} */
alter view "dev"."main"."05_weekly_trends__dbt_tmp" rename to "05_weekly_trends"
[0m11:14:16.812845 [debug] [Thread-1 (]: SQL status: OK in 0.000 seconds
[0m11:14:16.813844 [debug] [Thread-1 (]: On model.dbt_project.05_weekly_trends: COMMIT
[0m11:14:16.814845 [debug] [Thread-1 (]: Using duckdb connection "model.dbt_project.05_weekly_trends"
[0m11:14:16.814845 [debug] [Thread-1 (]: On model.dbt_project.05_weekly_trends: COMMIT
[0m11:14:16.819846 [debug] [Thread-1 (]: SQL status: OK in 0.005 seconds
[0m11:14:16.821844 [debug] [Thread-1 (]: Using duckdb connection "model.dbt_project.05_weekly_trends"
[0m11:14:16.822845 [debug] [Thread-1 (]: On model.dbt_project.05_weekly_trends: /* {"app": "dbt", "dbt_version": "1.11.7", "profile_name": "dbt_project", "target_name": "dev", "node_id": "model.dbt_project.05_weekly_trends"} */

      drop view if exists "dev"."main"."05_weekly_trends__dbt_backup" cascade
    
[0m11:14:16.827845 [debug] [Thread-1 (]: SQL status: OK in 0.005 seconds
[0m11:14:16.828844 [debug] [Thread-1 (]: On model.dbt_project.05_weekly_trends: Close
[0m11:14:16.829845 [debug] [Thread-1 (]: Sending event: {'category': 'dbt', 'action': 'run_model', 'label': '011d1652-ecc5-4fa3-9af7-dd96dd4eb298', 'context': [<snowplow_tracker.self_describing_json.SelfDescribingJson object at 0x0000017054A89990>]}
[0m11:14:16.830859 [info ] [Thread-1 (]: 5 of 11 OK created sql view model main.05_weekly_trends ........................ [[32mOK[0m in 0.04s]
[0m11:14:16.831845 [debug] [Thread-1 (]: Finished running node model.dbt_project.05_weekly_trends
[0m11:14:16.831845 [debug] [Thread-1 (]: Began running node model.dbt_project.int_restaurant_metrics
[0m11:14:16.832844 [info ] [Thread-1 (]: 6 of 11 START sql view model main.int_restaurant_metrics ....................... [RUN]
[0m11:14:16.832844 [debug] [Thread-1 (]: Re-using an available connection from the pool (formerly model.dbt_project.05_weekly_trends, now model.dbt_project.int_restaurant_metrics)
[0m11:14:16.833845 [debug] [Thread-1 (]: Began compiling node model.dbt_project.int_restaurant_metrics
[0m11:14:16.835846 [debug] [Thread-1 (]: Writing injected SQL for node "model.dbt_project.int_restaurant_metrics"
[0m11:14:16.836846 [debug] [Thread-1 (]: Began executing node model.dbt_project.int_restaurant_metrics
[0m11:14:16.840845 [debug] [Thread-1 (]: Writing runtime sql for node "model.dbt_project.int_restaurant_metrics"
[0m11:14:16.841845 [debug] [Thread-1 (]: Using duckdb connection "model.dbt_project.int_restaurant_metrics"
[0m11:14:16.842846 [debug] [Thread-1 (]: On model.dbt_project.int_restaurant_metrics: BEGIN
[0m11:14:16.842846 [debug] [Thread-1 (]: Opening a new connection, currently in state closed
[0m11:14:16.843846 [debug] [Thread-1 (]: SQL status: OK in 0.001 seconds
[0m11:14:16.843846 [debug] [Thread-1 (]: Using duckdb connection "model.dbt_project.int_restaurant_metrics"
[0m11:14:16.843846 [debug] [Thread-1 (]: On model.dbt_project.int_restaurant_metrics: /* {"app": "dbt", "dbt_version": "1.11.7", "profile_name": "dbt_project", "target_name": "dev", "node_id": "model.dbt_project.int_restaurant_metrics"} */

  
  create view "dev"."main"."int_restaurant_metrics__dbt_tmp" as (
    SELECT
    restaurant_id,
    city,
    COUNT(order_id) AS total_orders,
    AVG(prep_delay_minutes) AS avg_prep_delay,
    AVG(delay_minutes) AS avg_delivery_delay,
    SUM(sla_breach_flag) * 1.0 / COUNT(order_id) AS breach_rate
FROM "dev"."main"."stg_order_facts"
GROUP BY restaurant_id, city
  );

[0m11:14:16.845846 [debug] [Thread-1 (]: SQL status: OK in 0.001 seconds
[0m11:14:16.849845 [debug] [Thread-1 (]: Using duckdb connection "model.dbt_project.int_restaurant_metrics"
[0m11:14:16.849845 [debug] [Thread-1 (]: On model.dbt_project.int_restaurant_metrics: /* {"app": "dbt", "dbt_version": "1.11.7", "profile_name": "dbt_project", "target_name": "dev", "node_id": "model.dbt_project.int_restaurant_metrics"} */
alter view "dev"."main"."int_restaurant_metrics" rename to "int_restaurant_metrics__dbt_backup"
[0m11:14:16.850844 [debug] [Thread-1 (]: SQL status: OK in 0.000 seconds
[0m11:14:16.852845 [debug] [Thread-1 (]: Using duckdb connection "model.dbt_project.int_restaurant_metrics"
[0m11:14:16.853845 [debug] [Thread-1 (]: On model.dbt_project.int_restaurant_metrics: /* {"app": "dbt", "dbt_version": "1.11.7", "profile_name": "dbt_project", "target_name": "dev", "node_id": "model.dbt_project.int_restaurant_metrics"} */
alter view "dev"."main"."int_restaurant_metrics__dbt_tmp" rename to "int_restaurant_metrics"
[0m11:14:16.853845 [debug] [Thread-1 (]: SQL status: OK in 0.000 seconds
[0m11:14:16.855845 [debug] [Thread-1 (]: On model.dbt_project.int_restaurant_metrics: COMMIT
[0m11:14:16.856844 [debug] [Thread-1 (]: Using duckdb connection "model.dbt_project.int_restaurant_metrics"
[0m11:14:16.857844 [debug] [Thread-1 (]: On model.dbt_project.int_restaurant_metrics: COMMIT
[0m11:14:16.860844 [debug] [Thread-1 (]: SQL status: OK in 0.003 seconds
[0m11:14:16.863844 [debug] [Thread-1 (]: Using duckdb connection "model.dbt_project.int_restaurant_metrics"
[0m11:14:16.863844 [debug] [Thread-1 (]: On model.dbt_project.int_restaurant_metrics: /* {"app": "dbt", "dbt_version": "1.11.7", "profile_name": "dbt_project", "target_name": "dev", "node_id": "model.dbt_project.int_restaurant_metrics"} */

      drop view if exists "dev"."main"."int_restaurant_metrics__dbt_backup" cascade
    
[0m11:14:16.869844 [debug] [Thread-1 (]: SQL status: OK in 0.005 seconds
[0m11:14:16.871846 [debug] [Thread-1 (]: On model.dbt_project.int_restaurant_metrics: Close
[0m11:14:16.872846 [debug] [Thread-1 (]: Sending event: {'category': 'dbt', 'action': 'run_model', 'label': '011d1652-ecc5-4fa3-9af7-dd96dd4eb298', 'context': [<snowplow_tracker.self_describing_json.SelfDescribingJson object at 0x0000017053973050>]}
[0m11:14:16.872846 [info ] [Thread-1 (]: 6 of 11 OK created sql view model main.int_restaurant_metrics .................. [[32mOK[0m in 0.04s]
[0m11:14:16.873844 [debug] [Thread-1 (]: Finished running node model.dbt_project.int_restaurant_metrics
[0m11:14:16.874845 [debug] [Thread-1 (]: Began running node model.dbt_project.int_rider_metrics
[0m11:14:16.874845 [info ] [Thread-1 (]: 7 of 11 START sql view model main.int_rider_metrics ............................ [RUN]
[0m11:14:16.875845 [debug] [Thread-1 (]: Re-using an available connection from the pool (formerly model.dbt_project.int_restaurant_metrics, now model.dbt_project.int_rider_metrics)
[0m11:14:16.875845 [debug] [Thread-1 (]: Began compiling node model.dbt_project.int_rider_metrics
[0m11:14:16.878845 [debug] [Thread-1 (]: Writing injected SQL for node "model.dbt_project.int_rider_metrics"
[0m11:14:16.879845 [debug] [Thread-1 (]: Began executing node model.dbt_project.int_rider_metrics
[0m11:14:16.882845 [debug] [Thread-1 (]: Writing runtime sql for node "model.dbt_project.int_rider_metrics"
[0m11:14:16.883845 [debug] [Thread-1 (]: Using duckdb connection "model.dbt_project.int_rider_metrics"
[0m11:14:16.883845 [debug] [Thread-1 (]: On model.dbt_project.int_rider_metrics: BEGIN
[0m11:14:16.884845 [debug] [Thread-1 (]: Opening a new connection, currently in state closed
[0m11:14:16.884845 [debug] [Thread-1 (]: SQL status: OK in 0.001 seconds
[0m11:14:16.885844 [debug] [Thread-1 (]: Using duckdb connection "model.dbt_project.int_rider_metrics"
[0m11:14:16.885844 [debug] [Thread-1 (]: On model.dbt_project.int_rider_metrics: /* {"app": "dbt", "dbt_version": "1.11.7", "profile_name": "dbt_project", "target_name": "dev", "node_id": "model.dbt_project.int_rider_metrics"} */

  
  create view "dev"."main"."int_rider_metrics__dbt_tmp" as (
    SELECT
    rider_id,
    COUNT(order_id) AS total_orders,
    SUM(sla_breach_flag) AS late_orders,
    SUM(delivery_success_flag) AS successful_orders,
    AVG(actual_delivery_minutes) AS avg_delivery_time,
    AVG(delay_minutes) AS avg_delay_minutes
FROM "dev"."main"."stg_order_facts"
WHERE rider_id IS NOT NULL
GROUP BY rider_id
  );

[0m11:14:16.887854 [debug] [Thread-1 (]: SQL status: OK in 0.001 seconds
[0m11:14:16.890845 [debug] [Thread-1 (]: Using duckdb connection "model.dbt_project.int_rider_metrics"
[0m11:14:16.890845 [debug] [Thread-1 (]: On model.dbt_project.int_rider_metrics: /* {"app": "dbt", "dbt_version": "1.11.7", "profile_name": "dbt_project", "target_name": "dev", "node_id": "model.dbt_project.int_rider_metrics"} */
alter view "dev"."main"."int_rider_metrics" rename to "int_rider_metrics__dbt_backup"
[0m11:14:16.891845 [debug] [Thread-1 (]: SQL status: OK in 0.000 seconds
[0m11:14:16.893846 [debug] [Thread-1 (]: Using duckdb connection "model.dbt_project.int_rider_metrics"
[0m11:14:16.894844 [debug] [Thread-1 (]: On model.dbt_project.int_rider_metrics: /* {"app": "dbt", "dbt_version": "1.11.7", "profile_name": "dbt_project", "target_name": "dev", "node_id": "model.dbt_project.int_rider_metrics"} */
alter view "dev"."main"."int_rider_metrics__dbt_tmp" rename to "int_rider_metrics"
[0m11:14:16.895844 [debug] [Thread-1 (]: SQL status: OK in 0.001 seconds
[0m11:14:16.897845 [debug] [Thread-1 (]: On model.dbt_project.int_rider_metrics: COMMIT
[0m11:14:16.897845 [debug] [Thread-1 (]: Using duckdb connection "model.dbt_project.int_rider_metrics"
[0m11:14:16.897845 [debug] [Thread-1 (]: On model.dbt_project.int_rider_metrics: COMMIT
[0m11:14:16.899845 [debug] [Thread-1 (]: SQL status: OK in 0.002 seconds
[0m11:14:16.902845 [debug] [Thread-1 (]: Using duckdb connection "model.dbt_project.int_rider_metrics"
[0m11:14:16.902845 [debug] [Thread-1 (]: On model.dbt_project.int_rider_metrics: /* {"app": "dbt", "dbt_version": "1.11.7", "profile_name": "dbt_project", "target_name": "dev", "node_id": "model.dbt_project.int_rider_metrics"} */

      drop view if exists "dev"."main"."int_rider_metrics__dbt_backup" cascade
    
[0m11:14:16.904845 [debug] [Thread-1 (]: SQL status: OK in 0.002 seconds
[0m11:14:16.905845 [debug] [Thread-1 (]: On model.dbt_project.int_rider_metrics: Close
[0m11:14:16.906845 [debug] [Thread-1 (]: Sending event: {'category': 'dbt', 'action': 'run_model', 'label': '011d1652-ecc5-4fa3-9af7-dd96dd4eb298', 'context': [<snowplow_tracker.self_describing_json.SelfDescribingJson object at 0x0000017051D70DD0>]}
[0m11:14:16.906845 [info ] [Thread-1 (]: 7 of 11 OK created sql view model main.int_rider_metrics ....................... [[32mOK[0m in 0.03s]
[0m11:14:16.908856 [debug] [Thread-1 (]: Finished running node model.dbt_project.int_rider_metrics
[0m11:14:16.908856 [debug] [Thread-1 (]: Began running node model.dbt_project.int_sla_metrics
[0m11:14:16.909845 [info ] [Thread-1 (]: 8 of 11 START sql view model main.int_sla_metrics .............................. [RUN]
[0m11:14:16.910854 [debug] [Thread-1 (]: Re-using an available connection from the pool (formerly model.dbt_project.int_rider_metrics, now model.dbt_project.int_sla_metrics)
[0m11:14:16.910854 [debug] [Thread-1 (]: Began compiling node model.dbt_project.int_sla_metrics
[0m11:14:16.914859 [debug] [Thread-1 (]: Writing injected SQL for node "model.dbt_project.int_sla_metrics"
[0m11:14:16.915844 [debug] [Thread-1 (]: Began executing node model.dbt_project.int_sla_metrics
[0m11:14:16.921859 [debug] [Thread-1 (]: Writing runtime sql for node "model.dbt_project.int_sla_metrics"
[0m11:14:16.923843 [debug] [Thread-1 (]: Using duckdb connection "model.dbt_project.int_sla_metrics"
[0m11:14:16.923843 [debug] [Thread-1 (]: On model.dbt_project.int_sla_metrics: BEGIN
[0m11:14:16.923843 [debug] [Thread-1 (]: Opening a new connection, currently in state closed
[0m11:14:16.924845 [debug] [Thread-1 (]: SQL status: OK in 0.001 seconds
[0m11:14:16.925872 [debug] [Thread-1 (]: Using duckdb connection "model.dbt_project.int_sla_metrics"
[0m11:14:16.925872 [debug] [Thread-1 (]: On model.dbt_project.int_sla_metrics: /* {"app": "dbt", "dbt_version": "1.11.7", "profile_name": "dbt_project", "target_name": "dev", "node_id": "model.dbt_project.int_sla_metrics"} */

  
  create view "dev"."main"."int_sla_metrics__dbt_tmp" as (
    WITH base AS (
    SELECT
        order_id,
        city,
        order_hour,
        actual_delivery_minutes,
        delay_minutes,
        sla_breach_flag,
        prep_delay_minutes
    FROM "dev"."main"."stg_order_facts"
)
SELECT
    *,
    
    CASE
        WHEN order_hour BETWEEN 11 AND 14 THEN 'LUNCH'
        WHEN order_hour BETWEEN 18 AND 22 THEN 'DINNER'
        ELSE 'OFF_PEAK'
    END AS time_slot,
    CASE
        WHEN delay_minutes <= 0 THEN 'ON_TIME'
        WHEN delay_minutes <= 10 THEN 'MINOR_DELAY'
        ELSE 'MAJOR_DELAY'
    END AS delay_bucket
FROM base
  );

[0m11:14:16.927859 [debug] [Thread-1 (]: SQL status: OK in 0.002 seconds
[0m11:14:16.930846 [debug] [Thread-1 (]: Using duckdb connection "model.dbt_project.int_sla_metrics"
[0m11:14:16.931846 [debug] [Thread-1 (]: On model.dbt_project.int_sla_metrics: /* {"app": "dbt", "dbt_version": "1.11.7", "profile_name": "dbt_project", "target_name": "dev", "node_id": "model.dbt_project.int_sla_metrics"} */
alter view "dev"."main"."int_sla_metrics" rename to "int_sla_metrics__dbt_backup"
[0m11:14:16.931846 [debug] [Thread-1 (]: SQL status: OK in 0.000 seconds
[0m11:14:16.933846 [debug] [Thread-1 (]: Using duckdb connection "model.dbt_project.int_sla_metrics"
[0m11:14:16.934845 [debug] [Thread-1 (]: On model.dbt_project.int_sla_metrics: /* {"app": "dbt", "dbt_version": "1.11.7", "profile_name": "dbt_project", "target_name": "dev", "node_id": "model.dbt_project.int_sla_metrics"} */
alter view "dev"."main"."int_sla_metrics__dbt_tmp" rename to "int_sla_metrics"
[0m11:14:16.934845 [debug] [Thread-1 (]: SQL status: OK in 0.000 seconds
[0m11:14:16.936844 [debug] [Thread-1 (]: On model.dbt_project.int_sla_metrics: COMMIT
[0m11:14:16.937845 [debug] [Thread-1 (]: Using duckdb connection "model.dbt_project.int_sla_metrics"
[0m11:14:16.937845 [debug] [Thread-1 (]: On model.dbt_project.int_sla_metrics: COMMIT
[0m11:14:16.941210 [debug] [Thread-1 (]: SQL status: OK in 0.002 seconds
[0m11:14:16.943209 [debug] [Thread-1 (]: Using duckdb connection "model.dbt_project.int_sla_metrics"
[0m11:14:16.944208 [debug] [Thread-1 (]: On model.dbt_project.int_sla_metrics: /* {"app": "dbt", "dbt_version": "1.11.7", "profile_name": "dbt_project", "target_name": "dev", "node_id": "model.dbt_project.int_sla_metrics"} */

      drop view if exists "dev"."main"."int_sla_metrics__dbt_backup" cascade
    
[0m11:14:16.946208 [debug] [Thread-1 (]: SQL status: OK in 0.002 seconds
[0m11:14:16.947209 [debug] [Thread-1 (]: On model.dbt_project.int_sla_metrics: Close
[0m11:14:16.947209 [debug] [Thread-1 (]: Sending event: {'category': 'dbt', 'action': 'run_model', 'label': '011d1652-ecc5-4fa3-9af7-dd96dd4eb298', 'context': [<snowplow_tracker.self_describing_json.SelfDescribingJson object at 0x0000017054A93050>]}
[0m11:14:16.948210 [info ] [Thread-1 (]: 8 of 11 OK created sql view model main.int_sla_metrics ......................... [[32mOK[0m in 0.04s]
[0m11:14:16.949208 [debug] [Thread-1 (]: Finished running node model.dbt_project.int_sla_metrics
[0m11:14:16.949208 [debug] [Thread-1 (]: Began running node model.dbt_project.02_restaurants_prep_delay
[0m11:14:16.950210 [info ] [Thread-1 (]: 9 of 11 START sql view model main.02_restaurants_prep_delay .................... [RUN]
[0m11:14:16.951211 [debug] [Thread-1 (]: Re-using an available connection from the pool (formerly model.dbt_project.int_sla_metrics, now model.dbt_project.02_restaurants_prep_delay)
[0m11:14:16.951211 [debug] [Thread-1 (]: Began compiling node model.dbt_project.02_restaurants_prep_delay
[0m11:14:16.954210 [debug] [Thread-1 (]: Writing injected SQL for node "model.dbt_project.02_restaurants_prep_delay"
[0m11:14:16.955209 [debug] [Thread-1 (]: Began executing node model.dbt_project.02_restaurants_prep_delay
[0m11:14:16.958209 [debug] [Thread-1 (]: Writing runtime sql for node "model.dbt_project.02_restaurants_prep_delay"
[0m11:14:16.959210 [debug] [Thread-1 (]: Using duckdb connection "model.dbt_project.02_restaurants_prep_delay"
[0m11:14:16.959210 [debug] [Thread-1 (]: On model.dbt_project.02_restaurants_prep_delay: BEGIN
[0m11:14:16.960530 [debug] [Thread-1 (]: Opening a new connection, currently in state closed
[0m11:14:16.961540 [debug] [Thread-1 (]: SQL status: OK in 0.001 seconds
[0m11:14:16.961540 [debug] [Thread-1 (]: Using duckdb connection "model.dbt_project.02_restaurants_prep_delay"
[0m11:14:16.961540 [debug] [Thread-1 (]: On model.dbt_project.02_restaurants_prep_delay: /* {"app": "dbt", "dbt_version": "1.11.7", "profile_name": "dbt_project", "target_name": "dev", "node_id": "model.dbt_project.02_restaurants_prep_delay"} */

  
  create view "dev"."main"."02_restaurants_prep_delay__dbt_tmp" as (
    SELECT
    restaurant_id,
    city,
    total_orders,
    avg_prep_delay,
    avg_delivery_delay,
    breach_rate
FROM "dev"."main"."int_restaurant_metrics"
ORDER BY breach_rate DESC
  );

[0m11:14:16.963538 [debug] [Thread-1 (]: SQL status: OK in 0.001 seconds
[0m11:14:16.966538 [debug] [Thread-1 (]: Using duckdb connection "model.dbt_project.02_restaurants_prep_delay"
[0m11:14:16.967538 [debug] [Thread-1 (]: On model.dbt_project.02_restaurants_prep_delay: /* {"app": "dbt", "dbt_version": "1.11.7", "profile_name": "dbt_project", "target_name": "dev", "node_id": "model.dbt_project.02_restaurants_prep_delay"} */
alter view "dev"."main"."02_restaurants_prep_delay" rename to "02_restaurants_prep_delay__dbt_backup"
[0m11:14:16.967538 [debug] [Thread-1 (]: SQL status: OK in 0.000 seconds
[0m11:14:16.970538 [debug] [Thread-1 (]: Using duckdb connection "model.dbt_project.02_restaurants_prep_delay"
[0m11:14:16.970538 [debug] [Thread-1 (]: On model.dbt_project.02_restaurants_prep_delay: /* {"app": "dbt", "dbt_version": "1.11.7", "profile_name": "dbt_project", "target_name": "dev", "node_id": "model.dbt_project.02_restaurants_prep_delay"} */
alter view "dev"."main"."02_restaurants_prep_delay__dbt_tmp" rename to "02_restaurants_prep_delay"
[0m11:14:16.971537 [debug] [Thread-1 (]: SQL status: OK in 0.000 seconds
[0m11:14:16.973556 [debug] [Thread-1 (]: On model.dbt_project.02_restaurants_prep_delay: COMMIT
[0m11:14:16.974551 [debug] [Thread-1 (]: Using duckdb connection "model.dbt_project.02_restaurants_prep_delay"
[0m11:14:16.975537 [debug] [Thread-1 (]: On model.dbt_project.02_restaurants_prep_delay: COMMIT
[0m11:14:16.977538 [debug] [Thread-1 (]: SQL status: OK in 0.001 seconds
[0m11:14:16.979538 [debug] [Thread-1 (]: Using duckdb connection "model.dbt_project.02_restaurants_prep_delay"
[0m11:14:16.979538 [debug] [Thread-1 (]: On model.dbt_project.02_restaurants_prep_delay: /* {"app": "dbt", "dbt_version": "1.11.7", "profile_name": "dbt_project", "target_name": "dev", "node_id": "model.dbt_project.02_restaurants_prep_delay"} */

      drop view if exists "dev"."main"."02_restaurants_prep_delay__dbt_backup" cascade
    
[0m11:14:16.982536 [debug] [Thread-1 (]: SQL status: OK in 0.002 seconds
[0m11:14:16.983538 [debug] [Thread-1 (]: On model.dbt_project.02_restaurants_prep_delay: Close
[0m11:14:16.983538 [debug] [Thread-1 (]: Sending event: {'category': 'dbt', 'action': 'run_model', 'label': '011d1652-ecc5-4fa3-9af7-dd96dd4eb298', 'context': [<snowplow_tracker.self_describing_json.SelfDescribingJson object at 0x0000017053995A50>]}
[0m11:14:16.984538 [info ] [Thread-1 (]: 9 of 11 OK created sql view model main.02_restaurants_prep_delay ............... [[32mOK[0m in 0.03s]
[0m11:14:16.985552 [debug] [Thread-1 (]: Finished running node model.dbt_project.02_restaurants_prep_delay
[0m11:14:16.985552 [debug] [Thread-1 (]: Began running node model.dbt_project.04_riders_performance
[0m11:14:16.986538 [info ] [Thread-1 (]: 10 of 11 START sql view model main.04_riders_performance ....................... [RUN]
[0m11:14:16.987547 [debug] [Thread-1 (]: Re-using an available connection from the pool (formerly model.dbt_project.02_restaurants_prep_delay, now model.dbt_project.04_riders_performance)
[0m11:14:16.987547 [debug] [Thread-1 (]: Began compiling node model.dbt_project.04_riders_performance
[0m11:14:16.990538 [debug] [Thread-1 (]: Writing injected SQL for node "model.dbt_project.04_riders_performance"
[0m11:14:16.991537 [debug] [Thread-1 (]: Began executing node model.dbt_project.04_riders_performance
[0m11:14:16.995537 [debug] [Thread-1 (]: Writing runtime sql for node "model.dbt_project.04_riders_performance"
[0m11:14:16.996537 [debug] [Thread-1 (]: Using duckdb connection "model.dbt_project.04_riders_performance"
[0m11:14:16.996537 [debug] [Thread-1 (]: On model.dbt_project.04_riders_performance: BEGIN
[0m11:14:16.997537 [debug] [Thread-1 (]: Opening a new connection, currently in state closed
[0m11:14:16.998537 [debug] [Thread-1 (]: SQL status: OK in 0.001 seconds
[0m11:14:16.998537 [debug] [Thread-1 (]: Using duckdb connection "model.dbt_project.04_riders_performance"
[0m11:14:16.999538 [debug] [Thread-1 (]: On model.dbt_project.04_riders_performance: /* {"app": "dbt", "dbt_version": "1.11.7", "profile_name": "dbt_project", "target_name": "dev", "node_id": "model.dbt_project.04_riders_performance"} */

  
  create view "dev"."main"."04_riders_performance__dbt_tmp" as (
    SELECT
    rider_id,
    total_orders,
    late_orders,
    successful_orders,
    avg_delivery_time,
    avg_delay_minutes,
    late_orders * 1.0 / total_orders AS late_rate
FROM "dev"."main"."int_rider_metrics"
ORDER BY total_orders DESC
  );

[0m11:14:17.000538 [debug] [Thread-1 (]: SQL status: OK in 0.001 seconds
[0m11:14:17.004538 [debug] [Thread-1 (]: Using duckdb connection "model.dbt_project.04_riders_performance"
[0m11:14:17.004538 [debug] [Thread-1 (]: On model.dbt_project.04_riders_performance: /* {"app": "dbt", "dbt_version": "1.11.7", "profile_name": "dbt_project", "target_name": "dev", "node_id": "model.dbt_project.04_riders_performance"} */
alter view "dev"."main"."04_riders_performance" rename to "04_riders_performance__dbt_backup"
[0m11:14:17.005537 [debug] [Thread-1 (]: SQL status: OK in 0.001 seconds
[0m11:14:17.008537 [debug] [Thread-1 (]: Using duckdb connection "model.dbt_project.04_riders_performance"
[0m11:14:17.008537 [debug] [Thread-1 (]: On model.dbt_project.04_riders_performance: /* {"app": "dbt", "dbt_version": "1.11.7", "profile_name": "dbt_project", "target_name": "dev", "node_id": "model.dbt_project.04_riders_performance"} */
alter view "dev"."main"."04_riders_performance__dbt_tmp" rename to "04_riders_performance"
[0m11:14:17.009537 [debug] [Thread-1 (]: SQL status: OK in 0.000 seconds
[0m11:14:17.010537 [debug] [Thread-1 (]: On model.dbt_project.04_riders_performance: COMMIT
[0m11:14:17.011539 [debug] [Thread-1 (]: Using duckdb connection "model.dbt_project.04_riders_performance"
[0m11:14:17.011539 [debug] [Thread-1 (]: On model.dbt_project.04_riders_performance: COMMIT
[0m11:14:17.013543 [debug] [Thread-1 (]: SQL status: OK in 0.002 seconds
[0m11:14:17.016538 [debug] [Thread-1 (]: Using duckdb connection "model.dbt_project.04_riders_performance"
[0m11:14:17.016538 [debug] [Thread-1 (]: On model.dbt_project.04_riders_performance: /* {"app": "dbt", "dbt_version": "1.11.7", "profile_name": "dbt_project", "target_name": "dev", "node_id": "model.dbt_project.04_riders_performance"} */

      drop view if exists "dev"."main"."04_riders_performance__dbt_backup" cascade
    
[0m11:14:17.018566 [debug] [Thread-1 (]: SQL status: OK in 0.002 seconds
[0m11:14:17.019662 [debug] [Thread-1 (]: On model.dbt_project.04_riders_performance: Close
[0m11:14:17.020671 [debug] [Thread-1 (]: Sending event: {'category': 'dbt', 'action': 'run_model', 'label': '011d1652-ecc5-4fa3-9af7-dd96dd4eb298', 'context': [<snowplow_tracker.self_describing_json.SelfDescribingJson object at 0x0000017053A2CB10>]}
[0m11:14:17.021668 [info ] [Thread-1 (]: 10 of 11 OK created sql view model main.04_riders_performance .................. [[32mOK[0m in 0.03s]
[0m11:14:17.022668 [debug] [Thread-1 (]: Finished running node model.dbt_project.04_riders_performance
[0m11:14:17.022668 [debug] [Thread-1 (]: Began running node model.dbt_project.01_SLA_breach_analysis
[0m11:14:17.023678 [info ] [Thread-1 (]: 11 of 11 START sql view model main.01_SLA_breach_analysis ...................... [RUN]
[0m11:14:17.023678 [debug] [Thread-1 (]: Re-using an available connection from the pool (formerly model.dbt_project.04_riders_performance, now model.dbt_project.01_SLA_breach_analysis)
[0m11:14:17.024669 [debug] [Thread-1 (]: Began compiling node model.dbt_project.01_SLA_breach_analysis
[0m11:14:17.027668 [debug] [Thread-1 (]: Writing injected SQL for node "model.dbt_project.01_SLA_breach_analysis"
[0m11:14:17.028667 [debug] [Thread-1 (]: Began executing node model.dbt_project.01_SLA_breach_analysis
[0m11:14:17.031668 [debug] [Thread-1 (]: Writing runtime sql for node "model.dbt_project.01_SLA_breach_analysis"
[0m11:14:17.031668 [debug] [Thread-1 (]: Using duckdb connection "model.dbt_project.01_SLA_breach_analysis"
[0m11:14:17.032669 [debug] [Thread-1 (]: On model.dbt_project.01_SLA_breach_analysis: BEGIN
[0m11:14:17.032669 [debug] [Thread-1 (]: Opening a new connection, currently in state closed
[0m11:14:17.033680 [debug] [Thread-1 (]: SQL status: OK in 0.001 seconds
[0m11:14:17.034687 [debug] [Thread-1 (]: Using duckdb connection "model.dbt_project.01_SLA_breach_analysis"
[0m11:14:17.034687 [debug] [Thread-1 (]: On model.dbt_project.01_SLA_breach_analysis: /* {"app": "dbt", "dbt_version": "1.11.7", "profile_name": "dbt_project", "target_name": "dev", "node_id": "model.dbt_project.01_SLA_breach_analysis"} */

  
  create view "dev"."main"."01_SLA_breach_analysis__dbt_tmp" as (
    SELECT
    city,
    time_slot,
    COUNT(order_id) AS total_orders,
    SUM(sla_breach_flag) AS breached_orders,
    SUM(sla_breach_flag) * 1.0 / COUNT(order_id) AS breach_rate
FROM "dev"."main"."int_sla_metrics"
GROUP BY city, time_slot
  );

[0m11:14:17.036673 [debug] [Thread-1 (]: SQL status: OK in 0.001 seconds
[0m11:14:17.039669 [debug] [Thread-1 (]: Using duckdb connection "model.dbt_project.01_SLA_breach_analysis"
[0m11:14:17.039669 [debug] [Thread-1 (]: On model.dbt_project.01_SLA_breach_analysis: /* {"app": "dbt", "dbt_version": "1.11.7", "profile_name": "dbt_project", "target_name": "dev", "node_id": "model.dbt_project.01_SLA_breach_analysis"} */
alter view "dev"."main"."01_SLA_breach_analysis" rename to "01_SLA_breach_analysis__dbt_backup"
[0m11:14:17.040670 [debug] [Thread-1 (]: SQL status: OK in 0.000 seconds
[0m11:14:17.043671 [debug] [Thread-1 (]: Using duckdb connection "model.dbt_project.01_SLA_breach_analysis"
[0m11:14:17.043671 [debug] [Thread-1 (]: On model.dbt_project.01_SLA_breach_analysis: /* {"app": "dbt", "dbt_version": "1.11.7", "profile_name": "dbt_project", "target_name": "dev", "node_id": "model.dbt_project.01_SLA_breach_analysis"} */
alter view "dev"."main"."01_SLA_breach_analysis__dbt_tmp" rename to "01_SLA_breach_analysis"
[0m11:14:17.044673 [debug] [Thread-1 (]: SQL status: OK in 0.000 seconds
[0m11:14:17.045674 [debug] [Thread-1 (]: On model.dbt_project.01_SLA_breach_analysis: COMMIT
[0m11:14:17.045674 [debug] [Thread-1 (]: Using duckdb connection "model.dbt_project.01_SLA_breach_analysis"
[0m11:14:17.046673 [debug] [Thread-1 (]: On model.dbt_project.01_SLA_breach_analysis: COMMIT
[0m11:14:17.048667 [debug] [Thread-1 (]: SQL status: OK in 0.002 seconds
[0m11:14:17.051667 [debug] [Thread-1 (]: Using duckdb connection "model.dbt_project.01_SLA_breach_analysis"
[0m11:14:17.051667 [debug] [Thread-1 (]: On model.dbt_project.01_SLA_breach_analysis: /* {"app": "dbt", "dbt_version": "1.11.7", "profile_name": "dbt_project", "target_name": "dev", "node_id": "model.dbt_project.01_SLA_breach_analysis"} */

      drop view if exists "dev"."main"."01_SLA_breach_analysis__dbt_backup" cascade
    
[0m11:14:17.054668 [debug] [Thread-1 (]: SQL status: OK in 0.002 seconds
[0m11:14:17.055670 [debug] [Thread-1 (]: On model.dbt_project.01_SLA_breach_analysis: Close
[0m11:14:17.056668 [debug] [Thread-1 (]: Sending event: {'category': 'dbt', 'action': 'run_model', 'label': '011d1652-ecc5-4fa3-9af7-dd96dd4eb298', 'context': [<snowplow_tracker.self_describing_json.SelfDescribingJson object at 0x0000017053A2CB10>]}
[0m11:14:17.056668 [info ] [Thread-1 (]: 11 of 11 OK created sql view model main.01_SLA_breach_analysis ................. [[32mOK[0m in 0.03s]
[0m11:14:17.057669 [debug] [Thread-1 (]: Finished running node model.dbt_project.01_SLA_breach_analysis
[0m11:14:17.059667 [debug] [MainThread]: Using duckdb connection "master"
[0m11:14:17.059667 [debug] [MainThread]: On master: BEGIN
[0m11:14:17.059667 [debug] [MainThread]: Opening a new connection, currently in state closed
[0m11:14:17.060668 [debug] [MainThread]: SQL status: OK in 0.001 seconds
[0m11:14:17.060668 [debug] [MainThread]: On master: COMMIT
[0m11:14:17.061668 [debug] [MainThread]: Using duckdb connection "master"
[0m11:14:17.061668 [debug] [MainThread]: On master: COMMIT
[0m11:14:17.062669 [debug] [MainThread]: SQL status: OK in 0.000 seconds
[0m11:14:17.062669 [debug] [MainThread]: On master: Close
[0m11:14:17.062669 [debug] [MainThread]: Connection 'master' was properly closed.
[0m11:14:17.063669 [debug] [MainThread]: Connection 'create_dev_main' was properly closed.
[0m11:14:17.063669 [debug] [MainThread]: Connection 'list_dev_main' was properly closed.
[0m11:14:17.063669 [debug] [MainThread]: Connection 'model.dbt_project.01_SLA_breach_analysis' was properly closed.
[0m11:14:17.064668 [info ] [MainThread]: 
[0m11:14:17.065671 [info ] [MainThread]: Finished running 11 view models in 0 hours 0 minutes and 0.60 seconds (0.60s).
[0m11:14:17.067668 [debug] [MainThread]: Command end result
[0m11:14:17.086675 [debug] [MainThread]: Wrote artifact WritableManifest to C:\DE_projects\food_del_pipeline\target\manifest.json
[0m11:14:17.089667 [debug] [MainThread]: Wrote artifact SemanticManifest to C:\DE_projects\food_del_pipeline\target\semantic_manifest.json
[0m11:14:17.094668 [debug] [MainThread]: Wrote artifact RunExecutionResult to C:\DE_projects\food_del_pipeline\target\run_results.json
[0m11:14:17.095669 [info ] [MainThread]: 
[0m11:14:17.096668 [info ] [MainThread]: [32mCompleted successfully[0m
[0m11:14:17.096668 [info ] [MainThread]: 
[0m11:14:17.097672 [info ] [MainThread]: Done. PASS=11 WARN=0 ERROR=0 SKIP=0 NO-OP=0 TOTAL=11
[0m11:14:17.098668 [debug] [MainThread]: Command `dbt run` succeeded at 11:14:17.098668 after 1.60 seconds
[0m11:14:17.099669 [debug] [MainThread]: Sending event: {'category': 'dbt', 'action': 'invocation', 'label': 'end', 'context': [<snowplow_tracker.self_describing_json.SelfDescribingJson object at 0x0000017052DBFE50>, <snowplow_tracker.self_describing_json.SelfDescribingJson object at 0x0000017052DBFE90>, <snowplow_tracker.self_describing_json.SelfDescribingJson object at 0x000001704B21D790>]}
[0m11:14:17.099669 [debug] [MainThread]: Flushing usage events
[0m11:14:19.409500 [debug] [MainThread]: An error was encountered while trying to flush usage events
[0m11:48:19.709092 [debug] [MainThread]: Sending event: {'category': 'dbt', 'action': 'invocation', 'label': 'start', 'context': [<snowplow_tracker.self_describing_json.SelfDescribingJson object at 0x000001B74B4E7F90>, <snowplow_tracker.self_describing_json.SelfDescribingJson object at 0x000001B74B4E78D0>, <snowplow_tracker.self_describing_json.SelfDescribingJson object at 0x000001B74B4E8690>]}


============================== 11:48:19.713441 | 6948ef91-eed5-46d4-926f-06f07ab0f80b ==============================
[0m11:48:19.713441 [info ] [MainThread]: Running with dbt=1.11.7
[0m11:48:19.714315 [debug] [MainThread]: running dbt with arguments {'static_parser': 'True', 'no_print': 'None', 'version_check': 'True', 'target_path': 'None', 'warn_error_options': 'WarnErrorOptionsV2(error=[], warn=[], silence=[])', 'printer_width': '80', 'write_json': 'True', 'introspect': 'True', 'log_cache_events': 'False', 'empty': 'False', 'cache_selected_only': 'False', 'fail_fast': 'False', 'debug': 'False', 'log_format': 'default', 'partial_parse': 'True', 'send_anonymous_usage_stats': 'True', 'quiet': 'False', 'warn_error': 'None', 'profiles_dir': 'C:\\Users\\HP\\.dbt', 'indirect_selection': 'eager', 'use_colors': 'True', 'invocation_command': 'dbt run --project-dir dbt_project', 'use_experimental_parser': 'False', 'log_path': 'logs'}
[0m11:48:19.714315 [error] [MainThread]: Encountered an error:
Runtime Error
  No dbt_project.yml found at expected path dbt_project\dbt_project.yml
  Verify that each entry within packages.yml (and their transitive dependencies) contains a file named dbt_project.yml
  
[0m11:48:19.715374 [debug] [MainThread]: Command `dbt run` failed at 11:48:19.715374 after 0.11 seconds
[0m11:48:19.716547 [debug] [MainThread]: Sending event: {'category': 'dbt', 'action': 'invocation', 'label': 'end', 'context': [<snowplow_tracker.self_describing_json.SelfDescribingJson object at 0x000001B74B4F0D50>, <snowplow_tracker.self_describing_json.SelfDescribingJson object at 0x000001B74C547FD0>, <snowplow_tracker.self_describing_json.SelfDescribingJson object at 0x000001B74B2879D0>]}
[0m11:48:19.716547 [debug] [MainThread]: Flushing usage events
[0m11:48:21.087886 [debug] [MainThread]: An error was encountered while trying to flush usage events
[0m11:49:09.819610 [debug] [MainThread]: Sending event: {'category': 'dbt', 'action': 'invocation', 'label': 'start', 'context': [<snowplow_tracker.self_describing_json.SelfDescribingJson object at 0x0000029CB0098650>, <snowplow_tracker.self_describing_json.SelfDescribingJson object at 0x0000029CAFFC5110>, <snowplow_tracker.self_describing_json.SelfDescribingJson object at 0x0000029CAFFC6310>]}


============================== 11:49:09.825867 | 2870e7d4-f3df-4b37-91c1-5e2b6ba27484 ==============================
[0m11:49:09.825867 [info ] [MainThread]: Running with dbt=1.11.7
[0m11:49:09.826872 [debug] [MainThread]: running dbt with arguments {'version_check': 'True', 'no_print': 'None', 'static_parser': 'True', 'warn_error_options': 'WarnErrorOptionsV2(error=[], warn=[], silence=[])', 'target_path': 'None', 'printer_width': '80', 'write_json': 'True', 'introspect': 'True', 'log_cache_events': 'False', 'empty': 'False', 'cache_selected_only': 'False', 'log_format': 'default', 'debug': 'False', 'fail_fast': 'False', 'partial_parse': 'True', 'send_anonymous_usage_stats': 'True', 'quiet': 'False', 'warn_error': 'None', 'profiles_dir': 'C:\\Users\\HP\\.dbt', 'invocation_command': 'dbt run', 'use_colors': 'True', 'indirect_selection': 'eager', 'use_experimental_parser': 'False', 'log_path': 'C:\\DE_projects\\food_del_pipeline\\logs'}
[0m11:49:10.335061 [debug] [MainThread]: Sending event: {'category': 'dbt', 'action': 'project_id', 'label': '2870e7d4-f3df-4b37-91c1-5e2b6ba27484', 'context': [<snowplow_tracker.self_describing_json.SelfDescribingJson object at 0x0000029CB126EE10>]}
[0m11:49:10.396821 [debug] [MainThread]: Sending event: {'category': 'dbt', 'action': 'adapter_info', 'label': '2870e7d4-f3df-4b37-91c1-5e2b6ba27484', 'context': [<snowplow_tracker.self_describing_json.SelfDescribingJson object at 0x0000029CAC7DF910>]}
[0m11:49:10.426821 [info ] [MainThread]: Registered adapter: duckdb=1.10.1
[0m11:49:10.875959 [debug] [MainThread]: checksum: b80718358155fc17c3559352095564dd56ada1cc1a1c0ef2e62c857e71583775, vars: {}, profile: , target: , version: 1.11.7
[0m11:49:13.421029 [debug] [MainThread]: Partial parsing enabled: 0 files deleted, 0 files added, 0 files changed.
[0m11:49:13.422030 [debug] [MainThread]: Nothing changed, skipping partial parsing.
[0m11:49:13.422030 [debug] [MainThread]: Partial parsing enabled, no changes found, skipping parsing
[0m11:49:13.427130 [warn ] [MainThread]: [[33mWARNING[0m]: Configuration paths exist in your dbt_project.yml file which do not apply to any resources.
There are 1 unused configuration paths:
- models.dbt_project.example
[0m11:49:13.450981 [debug] [MainThread]: Sending event: {'category': 'dbt', 'action': 'load_project', 'label': '2870e7d4-f3df-4b37-91c1-5e2b6ba27484', 'context': [<snowplow_tracker.self_describing_json.SelfDescribingJson object at 0x0000029CB133A550>]}
[0m11:49:13.527589 [debug] [MainThread]: Wrote artifact WritableManifest to C:\DE_projects\food_del_pipeline\target\manifest.json
[0m11:49:13.550858 [debug] [MainThread]: Wrote artifact SemanticManifest to C:\DE_projects\food_del_pipeline\target\semantic_manifest.json
[0m11:49:13.577904 [debug] [MainThread]: Sending event: {'category': 'dbt', 'action': 'resource_counts', 'label': '2870e7d4-f3df-4b37-91c1-5e2b6ba27484', 'context': [<snowplow_tracker.self_describing_json.SelfDescribingJson object at 0x0000029CB18B7FD0>]}
[0m11:49:13.579470 [info ] [MainThread]: Found 11 models, 2 sources, 474 macros
[0m11:49:13.580485 [debug] [MainThread]: Sending event: {'category': 'dbt', 'action': 'runnable_timing', 'label': '2870e7d4-f3df-4b37-91c1-5e2b6ba27484', 'context': [<snowplow_tracker.self_describing_json.SelfDescribingJson object at 0x0000029CB1124990>]}
[0m11:49:13.581584 [info ] [MainThread]: 
[0m11:49:13.582586 [info ] [MainThread]: Concurrency: 1 threads (target='dev')
[0m11:49:13.583251 [info ] [MainThread]: 
[0m11:49:13.583746 [debug] [MainThread]: Acquiring new duckdb connection 'master'
[0m11:49:13.587852 [debug] [ThreadPool]: Acquiring new duckdb connection 'list_dev'
[0m11:49:17.064512 [debug] [ThreadPool]: Using duckdb connection "list_dev"
[0m11:49:17.065606 [debug] [ThreadPool]: On list_dev: /* {"app": "dbt", "dbt_version": "1.11.7", "profile_name": "dbt_project", "target_name": "dev", "connection_name": "list_dev"} */

    
    select schema_name
    from system.information_schema.schemata
    
    where lower(catalog_name) = '"dev"'
    
  
  
[0m11:49:17.066610 [debug] [ThreadPool]: Opening a new connection, currently in state init
[0m11:49:17.098072 [debug] [ThreadPool]: SQL status: OK in 0.032 seconds
[0m11:49:17.099113 [debug] [ThreadPool]: On list_dev: Close
[0m11:49:17.100585 [debug] [ThreadPool]: Re-using an available connection from the pool (formerly list_dev, now create_dev_main)
[0m11:49:17.100585 [debug] [ThreadPool]: Creating schema "database: "dev"
schema: "main"
"
[0m11:49:17.106596 [debug] [ThreadPool]: Using duckdb connection "create_dev_main"
[0m11:49:17.106596 [debug] [ThreadPool]: On create_dev_main: /* {"app": "dbt", "dbt_version": "1.11.7", "profile_name": "dbt_project", "target_name": "dev", "connection_name": "create_dev_main"} */

    
        select type from duckdb_databases()
        where lower(database_name)='dev'
        and type='sqlite'
    
  
[0m11:49:17.107602 [debug] [ThreadPool]: Opening a new connection, currently in state closed
[0m11:49:17.108596 [debug] [ThreadPool]: SQL status: OK in 0.001 seconds
[0m11:49:17.109700 [debug] [ThreadPool]: Using duckdb connection "create_dev_main"
[0m11:49:17.109700 [debug] [ThreadPool]: On create_dev_main: BEGIN
[0m11:49:17.109700 [debug] [ThreadPool]: SQL status: OK in 0.000 seconds
[0m11:49:17.109700 [debug] [ThreadPool]: Using duckdb connection "create_dev_main"
[0m11:49:17.111050 [debug] [ThreadPool]: On create_dev_main: /* {"app": "dbt", "dbt_version": "1.11.7", "profile_name": "dbt_project", "target_name": "dev", "connection_name": "create_dev_main"} */

    
    
        create schema if not exists "dev"."main"
    
[0m11:49:17.111050 [debug] [ThreadPool]: SQL status: OK in 0.000 seconds
[0m11:49:17.112057 [debug] [ThreadPool]: On create_dev_main: COMMIT
[0m11:49:17.113058 [debug] [ThreadPool]: Using duckdb connection "create_dev_main"
[0m11:49:17.113058 [debug] [ThreadPool]: On create_dev_main: COMMIT
[0m11:49:17.113058 [debug] [ThreadPool]: SQL status: OK in 0.000 seconds
[0m11:49:17.114057 [debug] [ThreadPool]: On create_dev_main: Close
[0m11:49:17.115884 [debug] [ThreadPool]: Acquiring new duckdb connection 'list_dev_main'
[0m11:49:17.119891 [debug] [ThreadPool]: Using duckdb connection "list_dev_main"
[0m11:49:17.119891 [debug] [ThreadPool]: On list_dev_main: BEGIN
[0m11:49:17.120986 [debug] [ThreadPool]: Opening a new connection, currently in state init
[0m11:49:17.120986 [debug] [ThreadPool]: SQL status: OK in 0.001 seconds
[0m11:49:17.122061 [debug] [ThreadPool]: Using duckdb connection "list_dev_main"
[0m11:49:17.122061 [debug] [ThreadPool]: On list_dev_main: /* {"app": "dbt", "dbt_version": "1.11.7", "profile_name": "dbt_project", "target_name": "dev", "connection_name": "list_dev_main"} */
select
      'dev' as database,
      table_name as name,
      table_schema as schema,
      CASE table_type
        WHEN 'BASE TABLE' THEN 'table'
        WHEN 'VIEW' THEN 'view'
        WHEN 'LOCAL TEMPORARY' THEN 'table'
        END as type
    from system.information_schema.tables
    where lower(table_schema) = 'main'
    and lower(table_catalog) = 'dev'
  
[0m11:49:17.125442 [debug] [ThreadPool]: SQL status: OK in 0.003 seconds
[0m11:49:17.125947 [debug] [ThreadPool]: On list_dev_main: ROLLBACK
[0m11:49:17.149174 [debug] [ThreadPool]: Failed to rollback 'list_dev_main'
[0m11:49:17.149174 [debug] [ThreadPool]: On list_dev_main: Close
[0m11:49:17.151782 [debug] [MainThread]: Sending event: {'category': 'dbt', 'action': 'runnable_timing', 'label': '2870e7d4-f3df-4b37-91c1-5e2b6ba27484', 'context': [<snowplow_tracker.self_describing_json.SelfDescribingJson object at 0x0000029CB11326D0>]}
[0m11:49:17.151782 [debug] [MainThread]: Using duckdb connection "master"
[0m11:49:17.151782 [debug] [MainThread]: On master: BEGIN
[0m11:49:17.152801 [debug] [MainThread]: Opening a new connection, currently in state init
[0m11:49:17.152801 [debug] [MainThread]: SQL status: OK in 0.001 seconds
[0m11:49:17.153801 [debug] [MainThread]: On master: COMMIT
[0m11:49:17.153801 [debug] [MainThread]: Using duckdb connection "master"
[0m11:49:17.154801 [debug] [MainThread]: On master: COMMIT
[0m11:49:17.155804 [debug] [MainThread]: SQL status: OK in 0.000 seconds
[0m11:49:17.155804 [debug] [MainThread]: On master: Close
[0m11:49:17.160768 [debug] [Thread-1 (]: Began running node model.dbt_project.stg_delivery_timeline
[0m11:49:17.161769 [info ] [Thread-1 (]: 1 of 11 START sql view model main.stg_delivery_timeline ........................ [RUN]
[0m11:49:17.161769 [debug] [Thread-1 (]: Acquiring new duckdb connection 'model.dbt_project.stg_delivery_timeline'
[0m11:49:17.162768 [debug] [Thread-1 (]: Began compiling node model.dbt_project.stg_delivery_timeline
[0m11:49:17.168768 [debug] [Thread-1 (]: Writing injected SQL for node "model.dbt_project.stg_delivery_timeline"
[0m11:49:17.170769 [debug] [Thread-1 (]: Began executing node model.dbt_project.stg_delivery_timeline
[0m11:49:17.198220 [debug] [Thread-1 (]: Writing runtime sql for node "model.dbt_project.stg_delivery_timeline"
[0m11:49:17.199220 [debug] [Thread-1 (]: Using duckdb connection "model.dbt_project.stg_delivery_timeline"
[0m11:49:17.200614 [debug] [Thread-1 (]: On model.dbt_project.stg_delivery_timeline: BEGIN
[0m11:49:17.200614 [debug] [Thread-1 (]: Opening a new connection, currently in state init
[0m11:49:17.201695 [debug] [Thread-1 (]: SQL status: OK in 0.001 seconds
[0m11:49:17.201695 [debug] [Thread-1 (]: Using duckdb connection "model.dbt_project.stg_delivery_timeline"
[0m11:49:17.202621 [debug] [Thread-1 (]: On model.dbt_project.stg_delivery_timeline: /* {"app": "dbt", "dbt_version": "1.11.7", "profile_name": "dbt_project", "target_name": "dev", "node_id": "model.dbt_project.stg_delivery_timeline"} */

  
  create view "dev"."main"."stg_delivery_timeline__dbt_tmp" as (
    SELECT *
FROM read_parquet('C:/DE_projects/food_del_pipeline/data/silver/delivery_timeline.parquet')
  );

[0m11:49:17.203622 [debug] [Thread-1 (]: SQL status: OK in 0.001 seconds
[0m11:49:17.209621 [debug] [Thread-1 (]: Using duckdb connection "model.dbt_project.stg_delivery_timeline"
[0m11:49:17.209621 [debug] [Thread-1 (]: On model.dbt_project.stg_delivery_timeline: /* {"app": "dbt", "dbt_version": "1.11.7", "profile_name": "dbt_project", "target_name": "dev", "node_id": "model.dbt_project.stg_delivery_timeline"} */
alter view "dev"."main"."stg_delivery_timeline" rename to "stg_delivery_timeline__dbt_backup"
[0m11:49:17.210622 [debug] [Thread-1 (]: SQL status: OK in 0.000 seconds
[0m11:49:17.213740 [debug] [Thread-1 (]: Using duckdb connection "model.dbt_project.stg_delivery_timeline"
[0m11:49:17.213740 [debug] [Thread-1 (]: On model.dbt_project.stg_delivery_timeline: /* {"app": "dbt", "dbt_version": "1.11.7", "profile_name": "dbt_project", "target_name": "dev", "node_id": "model.dbt_project.stg_delivery_timeline"} */
alter view "dev"."main"."stg_delivery_timeline__dbt_tmp" rename to "stg_delivery_timeline"
[0m11:49:17.214621 [debug] [Thread-1 (]: SQL status: OK in 0.000 seconds
[0m11:49:17.225722 [debug] [Thread-1 (]: On model.dbt_project.stg_delivery_timeline: COMMIT
[0m11:49:17.225722 [debug] [Thread-1 (]: Using duckdb connection "model.dbt_project.stg_delivery_timeline"
[0m11:49:17.226677 [debug] [Thread-1 (]: On model.dbt_project.stg_delivery_timeline: COMMIT
[0m11:49:17.233803 [debug] [Thread-1 (]: SQL status: OK in 0.007 seconds
[0m11:49:17.237821 [debug] [Thread-1 (]: Using duckdb connection "model.dbt_project.stg_delivery_timeline"
[0m11:49:17.238821 [debug] [Thread-1 (]: On model.dbt_project.stg_delivery_timeline: /* {"app": "dbt", "dbt_version": "1.11.7", "profile_name": "dbt_project", "target_name": "dev", "node_id": "model.dbt_project.stg_delivery_timeline"} */

      drop view if exists "dev"."main"."stg_delivery_timeline__dbt_backup" cascade
    
[0m11:49:17.247072 [debug] [Thread-1 (]: SQL status: OK in 0.008 seconds
[0m11:49:17.250175 [debug] [Thread-1 (]: On model.dbt_project.stg_delivery_timeline: Close
[0m11:49:17.253072 [debug] [Thread-1 (]: Sending event: {'category': 'dbt', 'action': 'run_model', 'label': '2870e7d4-f3df-4b37-91c1-5e2b6ba27484', 'context': [<snowplow_tracker.self_describing_json.SelfDescribingJson object at 0x0000029CB1C68190>]}
[0m11:49:17.254179 [info ] [Thread-1 (]: 1 of 11 OK created sql view model main.stg_delivery_timeline ................... [[32mOK[0m in 0.09s]
[0m11:49:17.255188 [debug] [Thread-1 (]: Finished running node model.dbt_project.stg_delivery_timeline
[0m11:49:17.256071 [debug] [Thread-1 (]: Began running node model.dbt_project.stg_order_facts
[0m11:49:17.257074 [info ] [Thread-1 (]: 2 of 11 START sql view model main.stg_order_facts .............................. [RUN]
[0m11:49:17.257860 [debug] [Thread-1 (]: Re-using an available connection from the pool (formerly model.dbt_project.stg_delivery_timeline, now model.dbt_project.stg_order_facts)
[0m11:49:17.258871 [debug] [Thread-1 (]: Began compiling node model.dbt_project.stg_order_facts
[0m11:49:17.260975 [debug] [Thread-1 (]: Writing injected SQL for node "model.dbt_project.stg_order_facts"
[0m11:49:17.261874 [debug] [Thread-1 (]: Began executing node model.dbt_project.stg_order_facts
[0m11:49:17.265975 [debug] [Thread-1 (]: Writing runtime sql for node "model.dbt_project.stg_order_facts"
[0m11:49:17.266975 [debug] [Thread-1 (]: Using duckdb connection "model.dbt_project.stg_order_facts"
[0m11:49:17.266975 [debug] [Thread-1 (]: On model.dbt_project.stg_order_facts: BEGIN
[0m11:49:17.267869 [debug] [Thread-1 (]: Opening a new connection, currently in state closed
[0m11:49:17.267869 [debug] [Thread-1 (]: SQL status: OK in 0.001 seconds
[0m11:49:17.267869 [debug] [Thread-1 (]: Using duckdb connection "model.dbt_project.stg_order_facts"
[0m11:49:17.269267 [debug] [Thread-1 (]: On model.dbt_project.stg_order_facts: /* {"app": "dbt", "dbt_version": "1.11.7", "profile_name": "dbt_project", "target_name": "dev", "node_id": "model.dbt_project.stg_order_facts"} */

  
  create view "dev"."main"."stg_order_facts__dbt_tmp" as (
    SELECT *
FROM read_parquet('C:/DE_projects/food_del_pipeline/data/silver/order_facts.parquet')
  );

[0m11:49:17.270375 [debug] [Thread-1 (]: SQL status: OK in 0.001 seconds
[0m11:49:17.273274 [debug] [Thread-1 (]: Using duckdb connection "model.dbt_project.stg_order_facts"
[0m11:49:17.273274 [debug] [Thread-1 (]: On model.dbt_project.stg_order_facts: /* {"app": "dbt", "dbt_version": "1.11.7", "profile_name": "dbt_project", "target_name": "dev", "node_id": "model.dbt_project.stg_order_facts"} */
alter view "dev"."main"."stg_order_facts" rename to "stg_order_facts__dbt_backup"
[0m11:49:17.274273 [debug] [Thread-1 (]: SQL status: OK in 0.000 seconds
[0m11:49:17.276274 [debug] [Thread-1 (]: Using duckdb connection "model.dbt_project.stg_order_facts"
[0m11:49:17.276274 [debug] [Thread-1 (]: On model.dbt_project.stg_order_facts: /* {"app": "dbt", "dbt_version": "1.11.7", "profile_name": "dbt_project", "target_name": "dev", "node_id": "model.dbt_project.stg_order_facts"} */
alter view "dev"."main"."stg_order_facts__dbt_tmp" rename to "stg_order_facts"
[0m11:49:17.277274 [debug] [Thread-1 (]: SQL status: OK in 0.000 seconds
[0m11:49:17.279332 [debug] [Thread-1 (]: On model.dbt_project.stg_order_facts: COMMIT
[0m11:49:17.279332 [debug] [Thread-1 (]: Using duckdb connection "model.dbt_project.stg_order_facts"
[0m11:49:17.279332 [debug] [Thread-1 (]: On model.dbt_project.stg_order_facts: COMMIT
[0m11:49:17.286297 [debug] [Thread-1 (]: SQL status: OK in 0.006 seconds
[0m11:49:17.288391 [debug] [Thread-1 (]: Using duckdb connection "model.dbt_project.stg_order_facts"
[0m11:49:17.289403 [debug] [Thread-1 (]: On model.dbt_project.stg_order_facts: /* {"app": "dbt", "dbt_version": "1.11.7", "profile_name": "dbt_project", "target_name": "dev", "node_id": "model.dbt_project.stg_order_facts"} */

      drop view if exists "dev"."main"."stg_order_facts__dbt_backup" cascade
    
[0m11:49:17.297276 [debug] [Thread-1 (]: SQL status: OK in 0.008 seconds
[0m11:49:17.298274 [debug] [Thread-1 (]: On model.dbt_project.stg_order_facts: Close
[0m11:49:17.299275 [debug] [Thread-1 (]: Sending event: {'category': 'dbt', 'action': 'run_model', 'label': '2870e7d4-f3df-4b37-91c1-5e2b6ba27484', 'context': [<snowplow_tracker.self_describing_json.SelfDescribingJson object at 0x0000029CB133A190>]}
[0m11:49:17.299275 [info ] [Thread-1 (]: 2 of 11 OK created sql view model main.stg_order_facts ......................... [[32mOK[0m in 0.04s]
[0m11:49:17.300274 [debug] [Thread-1 (]: Finished running node model.dbt_project.stg_order_facts
[0m11:49:17.301272 [debug] [Thread-1 (]: Began running node model.dbt_project.stg_orders
[0m11:49:17.302275 [info ] [Thread-1 (]: 3 of 11 START sql view model main.stg_orders ................................... [RUN]
[0m11:49:17.302275 [debug] [Thread-1 (]: Re-using an available connection from the pool (formerly model.dbt_project.stg_order_facts, now model.dbt_project.stg_orders)
[0m11:49:17.303274 [debug] [Thread-1 (]: Began compiling node model.dbt_project.stg_orders
[0m11:49:17.304274 [debug] [Thread-1 (]: Writing injected SQL for node "model.dbt_project.stg_orders"
[0m11:49:17.305274 [debug] [Thread-1 (]: Began executing node model.dbt_project.stg_orders
[0m11:49:17.308275 [debug] [Thread-1 (]: Writing runtime sql for node "model.dbt_project.stg_orders"
[0m11:49:17.309275 [debug] [Thread-1 (]: Using duckdb connection "model.dbt_project.stg_orders"
[0m11:49:17.309275 [debug] [Thread-1 (]: On model.dbt_project.stg_orders: BEGIN
[0m11:49:17.310272 [debug] [Thread-1 (]: Opening a new connection, currently in state closed
[0m11:49:17.311274 [debug] [Thread-1 (]: SQL status: OK in 0.001 seconds
[0m11:49:17.311274 [debug] [Thread-1 (]: Using duckdb connection "model.dbt_project.stg_orders"
[0m11:49:17.312275 [debug] [Thread-1 (]: On model.dbt_project.stg_orders: /* {"app": "dbt", "dbt_version": "1.11.7", "profile_name": "dbt_project", "target_name": "dev", "node_id": "model.dbt_project.stg_orders"} */

  
  create view "dev"."main"."stg_orders__dbt_tmp" as (
    SELECT *
FROM read_parquet('C:/DE_projects/food_del_pipeline/data/silver/orders.parquet')
  );

[0m11:49:17.313274 [debug] [Thread-1 (]: SQL status: OK in 0.001 seconds
[0m11:49:17.316273 [debug] [Thread-1 (]: Using duckdb connection "model.dbt_project.stg_orders"
[0m11:49:17.316273 [debug] [Thread-1 (]: On model.dbt_project.stg_orders: /* {"app": "dbt", "dbt_version": "1.11.7", "profile_name": "dbt_project", "target_name": "dev", "node_id": "model.dbt_project.stg_orders"} */
alter view "dev"."main"."stg_orders" rename to "stg_orders__dbt_backup"
[0m11:49:17.317274 [debug] [Thread-1 (]: SQL status: OK in 0.000 seconds
[0m11:49:17.320274 [debug] [Thread-1 (]: Using duckdb connection "model.dbt_project.stg_orders"
[0m11:49:17.320274 [debug] [Thread-1 (]: On model.dbt_project.stg_orders: /* {"app": "dbt", "dbt_version": "1.11.7", "profile_name": "dbt_project", "target_name": "dev", "node_id": "model.dbt_project.stg_orders"} */
alter view "dev"."main"."stg_orders__dbt_tmp" rename to "stg_orders"
[0m11:49:17.321274 [debug] [Thread-1 (]: SQL status: OK in 0.000 seconds
[0m11:49:17.322383 [debug] [Thread-1 (]: On model.dbt_project.stg_orders: COMMIT
[0m11:49:17.322383 [debug] [Thread-1 (]: Using duckdb connection "model.dbt_project.stg_orders"
[0m11:49:17.323274 [debug] [Thread-1 (]: On model.dbt_project.stg_orders: COMMIT
[0m11:49:17.331506 [debug] [Thread-1 (]: SQL status: OK in 0.008 seconds
[0m11:49:17.334505 [debug] [Thread-1 (]: Using duckdb connection "model.dbt_project.stg_orders"
[0m11:49:17.334505 [debug] [Thread-1 (]: On model.dbt_project.stg_orders: /* {"app": "dbt", "dbt_version": "1.11.7", "profile_name": "dbt_project", "target_name": "dev", "node_id": "model.dbt_project.stg_orders"} */

      drop view if exists "dev"."main"."stg_orders__dbt_backup" cascade
    
[0m11:49:17.341506 [debug] [Thread-1 (]: SQL status: OK in 0.006 seconds
[0m11:49:17.343507 [debug] [Thread-1 (]: On model.dbt_project.stg_orders: Close
[0m11:49:17.343507 [debug] [Thread-1 (]: Sending event: {'category': 'dbt', 'action': 'run_model', 'label': '2870e7d4-f3df-4b37-91c1-5e2b6ba27484', 'context': [<snowplow_tracker.self_describing_json.SelfDescribingJson object at 0x0000029CB1CE7A90>]}
[0m11:49:17.344508 [info ] [Thread-1 (]: 3 of 11 OK created sql view model main.stg_orders .............................. [[32mOK[0m in 0.04s]
[0m11:49:17.345506 [debug] [Thread-1 (]: Finished running node model.dbt_project.stg_orders
[0m11:49:17.345506 [debug] [Thread-1 (]: Began running node model.dbt_project.03_refund_drivers
[0m11:49:17.346505 [info ] [Thread-1 (]: 4 of 11 START sql view model main.03_refund_drivers ............................ [RUN]
[0m11:49:17.347505 [debug] [Thread-1 (]: Re-using an available connection from the pool (formerly model.dbt_project.stg_orders, now model.dbt_project.03_refund_drivers)
[0m11:49:17.347505 [debug] [Thread-1 (]: Began compiling node model.dbt_project.03_refund_drivers
[0m11:49:17.350507 [debug] [Thread-1 (]: Writing injected SQL for node "model.dbt_project.03_refund_drivers"
[0m11:49:17.351507 [debug] [Thread-1 (]: Began executing node model.dbt_project.03_refund_drivers
[0m11:49:17.354506 [debug] [Thread-1 (]: Writing runtime sql for node "model.dbt_project.03_refund_drivers"
[0m11:49:17.355505 [debug] [Thread-1 (]: Using duckdb connection "model.dbt_project.03_refund_drivers"
[0m11:49:17.355505 [debug] [Thread-1 (]: On model.dbt_project.03_refund_drivers: BEGIN
[0m11:49:17.356506 [debug] [Thread-1 (]: Opening a new connection, currently in state closed
[0m11:49:17.356506 [debug] [Thread-1 (]: SQL status: OK in 0.001 seconds
[0m11:49:17.357507 [debug] [Thread-1 (]: Using duckdb connection "model.dbt_project.03_refund_drivers"
[0m11:49:17.357507 [debug] [Thread-1 (]: On model.dbt_project.03_refund_drivers: /* {"app": "dbt", "dbt_version": "1.11.7", "profile_name": "dbt_project", "target_name": "dev", "node_id": "model.dbt_project.03_refund_drivers"} */

  
  create view "dev"."main"."03_refund_drivers__dbt_tmp" as (
    SELECT
    CASE
        WHEN sla_breach_flag = 1 THEN 'DELAY'
        WHEN delivery_success_flag = 0 THEN 'CANCELLATION'
        ELSE 'OTHER'
    END AS refund_reason,
    COUNT(order_id) AS total_orders,
    SUM(has_refund_flag) AS refunded_orders,
    SUM(has_refund_flag) * 1.0 / COUNT(order_id) AS refund_rate
FROM "dev"."main"."stg_order_facts"
GROUP BY refund_reason
  );

[0m11:49:17.359506 [debug] [Thread-1 (]: SQL status: OK in 0.001 seconds
[0m11:49:17.361506 [debug] [Thread-1 (]: Using duckdb connection "model.dbt_project.03_refund_drivers"
[0m11:49:17.362506 [debug] [Thread-1 (]: On model.dbt_project.03_refund_drivers: /* {"app": "dbt", "dbt_version": "1.11.7", "profile_name": "dbt_project", "target_name": "dev", "node_id": "model.dbt_project.03_refund_drivers"} */
alter view "dev"."main"."03_refund_drivers" rename to "03_refund_drivers__dbt_backup"
[0m11:49:17.363515 [debug] [Thread-1 (]: SQL status: OK in 0.000 seconds
[0m11:49:17.365505 [debug] [Thread-1 (]: Using duckdb connection "model.dbt_project.03_refund_drivers"
[0m11:49:17.365505 [debug] [Thread-1 (]: On model.dbt_project.03_refund_drivers: /* {"app": "dbt", "dbt_version": "1.11.7", "profile_name": "dbt_project", "target_name": "dev", "node_id": "model.dbt_project.03_refund_drivers"} */
alter view "dev"."main"."03_refund_drivers__dbt_tmp" rename to "03_refund_drivers"
[0m11:49:17.366505 [debug] [Thread-1 (]: SQL status: OK in 0.000 seconds
[0m11:49:17.367507 [debug] [Thread-1 (]: On model.dbt_project.03_refund_drivers: COMMIT
[0m11:49:17.367507 [debug] [Thread-1 (]: Using duckdb connection "model.dbt_project.03_refund_drivers"
[0m11:49:17.368507 [debug] [Thread-1 (]: On model.dbt_project.03_refund_drivers: COMMIT
[0m11:49:17.374612 [debug] [Thread-1 (]: SQL status: OK in 0.006 seconds
[0m11:49:17.376549 [debug] [Thread-1 (]: Using duckdb connection "model.dbt_project.03_refund_drivers"
[0m11:49:17.377599 [debug] [Thread-1 (]: On model.dbt_project.03_refund_drivers: /* {"app": "dbt", "dbt_version": "1.11.7", "profile_name": "dbt_project", "target_name": "dev", "node_id": "model.dbt_project.03_refund_drivers"} */

      drop view if exists "dev"."main"."03_refund_drivers__dbt_backup" cascade
    
[0m11:49:17.385508 [debug] [Thread-1 (]: SQL status: OK in 0.007 seconds
[0m11:49:17.386507 [debug] [Thread-1 (]: On model.dbt_project.03_refund_drivers: Close
[0m11:49:17.387507 [debug] [Thread-1 (]: Sending event: {'category': 'dbt', 'action': 'run_model', 'label': '2870e7d4-f3df-4b37-91c1-5e2b6ba27484', 'context': [<snowplow_tracker.self_describing_json.SelfDescribingJson object at 0x0000029CB1CE4BD0>]}
[0m11:49:17.387507 [info ] [Thread-1 (]: 4 of 11 OK created sql view model main.03_refund_drivers ....................... [[32mOK[0m in 0.04s]
[0m11:49:17.388506 [debug] [Thread-1 (]: Finished running node model.dbt_project.03_refund_drivers
[0m11:49:17.389507 [debug] [Thread-1 (]: Began running node model.dbt_project.05_weekly_trends
[0m11:49:17.389507 [info ] [Thread-1 (]: 5 of 11 START sql view model main.05_weekly_trends ............................. [RUN]
[0m11:49:17.390507 [debug] [Thread-1 (]: Re-using an available connection from the pool (formerly model.dbt_project.03_refund_drivers, now model.dbt_project.05_weekly_trends)
[0m11:49:17.390507 [debug] [Thread-1 (]: Began compiling node model.dbt_project.05_weekly_trends
[0m11:49:17.393607 [debug] [Thread-1 (]: Writing injected SQL for node "model.dbt_project.05_weekly_trends"
[0m11:49:17.394508 [debug] [Thread-1 (]: Began executing node model.dbt_project.05_weekly_trends
[0m11:49:17.396510 [debug] [Thread-1 (]: Writing runtime sql for node "model.dbt_project.05_weekly_trends"
[0m11:49:17.397506 [debug] [Thread-1 (]: Using duckdb connection "model.dbt_project.05_weekly_trends"
[0m11:49:17.398520 [debug] [Thread-1 (]: On model.dbt_project.05_weekly_trends: BEGIN
[0m11:49:17.398520 [debug] [Thread-1 (]: Opening a new connection, currently in state closed
[0m11:49:17.398520 [debug] [Thread-1 (]: SQL status: OK in 0.001 seconds
[0m11:49:17.398520 [debug] [Thread-1 (]: Using duckdb connection "model.dbt_project.05_weekly_trends"
[0m11:49:17.399979 [debug] [Thread-1 (]: On model.dbt_project.05_weekly_trends: /* {"app": "dbt", "dbt_version": "1.11.7", "profile_name": "dbt_project", "target_name": "dev", "node_id": "model.dbt_project.05_weekly_trends"} */

  
  create view "dev"."main"."05_weekly_trends__dbt_tmp" as (
    SELECT
    DATE_TRUNC('week', order_date) AS week,
    COUNT(order_id) AS total_orders,
    SUM(delivery_success_flag) AS completed_orders,
    SUM(has_refund_flag) AS refunded_orders,
    SUM(sla_breach_flag) AS breached_orders,
    SUM(refund_amount) AS total_refund_amount
FROM "dev"."main"."stg_order_facts"
GROUP BY week
ORDER BY week
  );

[0m11:49:17.401097 [debug] [Thread-1 (]: SQL status: OK in 0.001 seconds
[0m11:49:17.403986 [debug] [Thread-1 (]: Using duckdb connection "model.dbt_project.05_weekly_trends"
[0m11:49:17.403986 [debug] [Thread-1 (]: On model.dbt_project.05_weekly_trends: /* {"app": "dbt", "dbt_version": "1.11.7", "profile_name": "dbt_project", "target_name": "dev", "node_id": "model.dbt_project.05_weekly_trends"} */
alter view "dev"."main"."05_weekly_trends" rename to "05_weekly_trends__dbt_backup"
[0m11:49:17.405019 [debug] [Thread-1 (]: SQL status: OK in 0.000 seconds
[0m11:49:17.407028 [debug] [Thread-1 (]: Using duckdb connection "model.dbt_project.05_weekly_trends"
[0m11:49:17.407028 [debug] [Thread-1 (]: On model.dbt_project.05_weekly_trends: /* {"app": "dbt", "dbt_version": "1.11.7", "profile_name": "dbt_project", "target_name": "dev", "node_id": "model.dbt_project.05_weekly_trends"} */
alter view "dev"."main"."05_weekly_trends__dbt_tmp" rename to "05_weekly_trends"
[0m11:49:17.408092 [debug] [Thread-1 (]: SQL status: OK in 0.000 seconds
[0m11:49:17.409091 [debug] [Thread-1 (]: On model.dbt_project.05_weekly_trends: COMMIT
[0m11:49:17.410068 [debug] [Thread-1 (]: Using duckdb connection "model.dbt_project.05_weekly_trends"
[0m11:49:17.410068 [debug] [Thread-1 (]: On model.dbt_project.05_weekly_trends: COMMIT
[0m11:49:17.416986 [debug] [Thread-1 (]: SQL status: OK in 0.006 seconds
[0m11:49:17.420986 [debug] [Thread-1 (]: Using duckdb connection "model.dbt_project.05_weekly_trends"
[0m11:49:17.420986 [debug] [Thread-1 (]: On model.dbt_project.05_weekly_trends: /* {"app": "dbt", "dbt_version": "1.11.7", "profile_name": "dbt_project", "target_name": "dev", "node_id": "model.dbt_project.05_weekly_trends"} */

      drop view if exists "dev"."main"."05_weekly_trends__dbt_backup" cascade
    
[0m11:49:17.428986 [debug] [Thread-1 (]: SQL status: OK in 0.007 seconds
[0m11:49:17.430985 [debug] [Thread-1 (]: On model.dbt_project.05_weekly_trends: Close
[0m11:49:17.430985 [debug] [Thread-1 (]: Sending event: {'category': 'dbt', 'action': 'run_model', 'label': '2870e7d4-f3df-4b37-91c1-5e2b6ba27484', 'context': [<snowplow_tracker.self_describing_json.SelfDescribingJson object at 0x0000029CB1D20ED0>]}
[0m11:49:17.431986 [info ] [Thread-1 (]: 5 of 11 OK created sql view model main.05_weekly_trends ........................ [[32mOK[0m in 0.04s]
[0m11:49:17.432996 [debug] [Thread-1 (]: Finished running node model.dbt_project.05_weekly_trends
[0m11:49:17.433987 [debug] [Thread-1 (]: Began running node model.dbt_project.int_restaurant_metrics
[0m11:49:17.433987 [info ] [Thread-1 (]: 6 of 11 START sql view model main.int_restaurant_metrics ....................... [RUN]
[0m11:49:17.434985 [debug] [Thread-1 (]: Re-using an available connection from the pool (formerly model.dbt_project.05_weekly_trends, now model.dbt_project.int_restaurant_metrics)
[0m11:49:17.434985 [debug] [Thread-1 (]: Began compiling node model.dbt_project.int_restaurant_metrics
[0m11:49:17.437986 [debug] [Thread-1 (]: Writing injected SQL for node "model.dbt_project.int_restaurant_metrics"
[0m11:49:17.438985 [debug] [Thread-1 (]: Began executing node model.dbt_project.int_restaurant_metrics
[0m11:49:17.441332 [debug] [Thread-1 (]: Writing runtime sql for node "model.dbt_project.int_restaurant_metrics"
[0m11:49:17.442333 [debug] [Thread-1 (]: Using duckdb connection "model.dbt_project.int_restaurant_metrics"
[0m11:49:17.442333 [debug] [Thread-1 (]: On model.dbt_project.int_restaurant_metrics: BEGIN
[0m11:49:17.443238 [debug] [Thread-1 (]: Opening a new connection, currently in state closed
[0m11:49:17.443238 [debug] [Thread-1 (]: SQL status: OK in 0.001 seconds
[0m11:49:17.443238 [debug] [Thread-1 (]: Using duckdb connection "model.dbt_project.int_restaurant_metrics"
[0m11:49:17.444501 [debug] [Thread-1 (]: On model.dbt_project.int_restaurant_metrics: /* {"app": "dbt", "dbt_version": "1.11.7", "profile_name": "dbt_project", "target_name": "dev", "node_id": "model.dbt_project.int_restaurant_metrics"} */

  
  create view "dev"."main"."int_restaurant_metrics__dbt_tmp" as (
    SELECT
    restaurant_id,
    city,
    COUNT(order_id) AS total_orders,
    AVG(prep_delay_minutes) AS avg_prep_delay,
    AVG(delay_minutes) AS avg_delivery_delay,
    SUM(sla_breach_flag) * 1.0 / COUNT(order_id) AS breach_rate
FROM "dev"."main"."stg_order_facts"
GROUP BY restaurant_id, city
  );

[0m11:49:17.445626 [debug] [Thread-1 (]: SQL status: OK in 0.001 seconds
[0m11:49:17.448606 [debug] [Thread-1 (]: Using duckdb connection "model.dbt_project.int_restaurant_metrics"
[0m11:49:17.448606 [debug] [Thread-1 (]: On model.dbt_project.int_restaurant_metrics: /* {"app": "dbt", "dbt_version": "1.11.7", "profile_name": "dbt_project", "target_name": "dev", "node_id": "model.dbt_project.int_restaurant_metrics"} */
alter view "dev"."main"."int_restaurant_metrics" rename to "int_restaurant_metrics__dbt_backup"
[0m11:49:17.449520 [debug] [Thread-1 (]: SQL status: OK in 0.000 seconds
[0m11:49:17.451617 [debug] [Thread-1 (]: Using duckdb connection "model.dbt_project.int_restaurant_metrics"
[0m11:49:17.451617 [debug] [Thread-1 (]: On model.dbt_project.int_restaurant_metrics: /* {"app": "dbt", "dbt_version": "1.11.7", "profile_name": "dbt_project", "target_name": "dev", "node_id": "model.dbt_project.int_restaurant_metrics"} */
alter view "dev"."main"."int_restaurant_metrics__dbt_tmp" rename to "int_restaurant_metrics"
[0m11:49:17.452507 [debug] [Thread-1 (]: SQL status: OK in 0.000 seconds
[0m11:49:17.454608 [debug] [Thread-1 (]: On model.dbt_project.int_restaurant_metrics: COMMIT
[0m11:49:17.454608 [debug] [Thread-1 (]: Using duckdb connection "model.dbt_project.int_restaurant_metrics"
[0m11:49:17.455507 [debug] [Thread-1 (]: On model.dbt_project.int_restaurant_metrics: COMMIT
[0m11:49:17.461600 [debug] [Thread-1 (]: SQL status: OK in 0.006 seconds
[0m11:49:17.464510 [debug] [Thread-1 (]: Using duckdb connection "model.dbt_project.int_restaurant_metrics"
[0m11:49:17.464510 [debug] [Thread-1 (]: On model.dbt_project.int_restaurant_metrics: /* {"app": "dbt", "dbt_version": "1.11.7", "profile_name": "dbt_project", "target_name": "dev", "node_id": "model.dbt_project.int_restaurant_metrics"} */

      drop view if exists "dev"."main"."int_restaurant_metrics__dbt_backup" cascade
    
[0m11:49:17.472510 [debug] [Thread-1 (]: SQL status: OK in 0.007 seconds
[0m11:49:17.474507 [debug] [Thread-1 (]: On model.dbt_project.int_restaurant_metrics: Close
[0m11:49:17.474507 [debug] [Thread-1 (]: Sending event: {'category': 'dbt', 'action': 'run_model', 'label': '2870e7d4-f3df-4b37-91c1-5e2b6ba27484', 'context': [<snowplow_tracker.self_describing_json.SelfDescribingJson object at 0x0000029CB1D21010>]}
[0m11:49:17.475507 [info ] [Thread-1 (]: 6 of 11 OK created sql view model main.int_restaurant_metrics .................. [[32mOK[0m in 0.04s]
[0m11:49:17.476507 [debug] [Thread-1 (]: Finished running node model.dbt_project.int_restaurant_metrics
[0m11:49:17.476507 [debug] [Thread-1 (]: Began running node model.dbt_project.int_rider_metrics
[0m11:49:17.476507 [info ] [Thread-1 (]: 7 of 11 START sql view model main.int_rider_metrics ............................ [RUN]
[0m11:49:17.477563 [debug] [Thread-1 (]: Re-using an available connection from the pool (formerly model.dbt_project.int_restaurant_metrics, now model.dbt_project.int_rider_metrics)
[0m11:49:17.478507 [debug] [Thread-1 (]: Began compiling node model.dbt_project.int_rider_metrics
[0m11:49:17.480509 [debug] [Thread-1 (]: Writing injected SQL for node "model.dbt_project.int_rider_metrics"
[0m11:49:17.481605 [debug] [Thread-1 (]: Began executing node model.dbt_project.int_rider_metrics
[0m11:49:17.484074 [debug] [Thread-1 (]: Writing runtime sql for node "model.dbt_project.int_rider_metrics"
[0m11:49:17.485065 [debug] [Thread-1 (]: Using duckdb connection "model.dbt_project.int_rider_metrics"
[0m11:49:17.486065 [debug] [Thread-1 (]: On model.dbt_project.int_rider_metrics: BEGIN
[0m11:49:17.486065 [debug] [Thread-1 (]: Opening a new connection, currently in state closed
[0m11:49:17.486065 [debug] [Thread-1 (]: SQL status: OK in 0.001 seconds
[0m11:49:17.487375 [debug] [Thread-1 (]: Using duckdb connection "model.dbt_project.int_rider_metrics"
[0m11:49:17.487375 [debug] [Thread-1 (]: On model.dbt_project.int_rider_metrics: /* {"app": "dbt", "dbt_version": "1.11.7", "profile_name": "dbt_project", "target_name": "dev", "node_id": "model.dbt_project.int_rider_metrics"} */

  
  create view "dev"."main"."int_rider_metrics__dbt_tmp" as (
    SELECT
    rider_id,
    COUNT(order_id) AS total_orders,
    SUM(sla_breach_flag) AS late_orders,
    SUM(delivery_success_flag) AS successful_orders,
    AVG(actual_delivery_minutes) AS avg_delivery_time,
    AVG(delay_minutes) AS avg_delay_minutes
FROM "dev"."main"."stg_order_facts"
WHERE rider_id IS NOT NULL
GROUP BY rider_id
  );

[0m11:49:17.489368 [debug] [Thread-1 (]: SQL status: OK in 0.001 seconds
[0m11:49:17.491469 [debug] [Thread-1 (]: Using duckdb connection "model.dbt_project.int_rider_metrics"
[0m11:49:17.491469 [debug] [Thread-1 (]: On model.dbt_project.int_rider_metrics: /* {"app": "dbt", "dbt_version": "1.11.7", "profile_name": "dbt_project", "target_name": "dev", "node_id": "model.dbt_project.int_rider_metrics"} */
alter view "dev"."main"."int_rider_metrics" rename to "int_rider_metrics__dbt_backup"
[0m11:49:17.492370 [debug] [Thread-1 (]: SQL status: OK in 0.000 seconds
[0m11:49:17.495370 [debug] [Thread-1 (]: Using duckdb connection "model.dbt_project.int_rider_metrics"
[0m11:49:17.495370 [debug] [Thread-1 (]: On model.dbt_project.int_rider_metrics: /* {"app": "dbt", "dbt_version": "1.11.7", "profile_name": "dbt_project", "target_name": "dev", "node_id": "model.dbt_project.int_rider_metrics"} */
alter view "dev"."main"."int_rider_metrics__dbt_tmp" rename to "int_rider_metrics"
[0m11:49:17.496369 [debug] [Thread-1 (]: SQL status: OK in 0.000 seconds
[0m11:49:17.497368 [debug] [Thread-1 (]: On model.dbt_project.int_rider_metrics: COMMIT
[0m11:49:17.497368 [debug] [Thread-1 (]: Using duckdb connection "model.dbt_project.int_rider_metrics"
[0m11:49:17.498369 [debug] [Thread-1 (]: On model.dbt_project.int_rider_metrics: COMMIT
[0m11:49:17.504470 [debug] [Thread-1 (]: SQL status: OK in 0.006 seconds
[0m11:49:17.506476 [debug] [Thread-1 (]: Using duckdb connection "model.dbt_project.int_rider_metrics"
[0m11:49:17.506476 [debug] [Thread-1 (]: On model.dbt_project.int_rider_metrics: /* {"app": "dbt", "dbt_version": "1.11.7", "profile_name": "dbt_project", "target_name": "dev", "node_id": "model.dbt_project.int_rider_metrics"} */

      drop view if exists "dev"."main"."int_rider_metrics__dbt_backup" cascade
    
[0m11:49:17.514368 [debug] [Thread-1 (]: SQL status: OK in 0.007 seconds
[0m11:49:17.515369 [debug] [Thread-1 (]: On model.dbt_project.int_rider_metrics: Close
[0m11:49:17.516368 [debug] [Thread-1 (]: Sending event: {'category': 'dbt', 'action': 'run_model', 'label': '2870e7d4-f3df-4b37-91c1-5e2b6ba27484', 'context': [<snowplow_tracker.self_describing_json.SelfDescribingJson object at 0x0000029CB1BA6210>]}
[0m11:49:17.516368 [info ] [Thread-1 (]: 7 of 11 OK created sql view model main.int_rider_metrics ....................... [[32mOK[0m in 0.04s]
[0m11:49:17.517485 [debug] [Thread-1 (]: Finished running node model.dbt_project.int_rider_metrics
[0m11:49:17.518369 [debug] [Thread-1 (]: Began running node model.dbt_project.int_sla_metrics
[0m11:49:17.518369 [info ] [Thread-1 (]: 8 of 11 START sql view model main.int_sla_metrics .............................. [RUN]
[0m11:49:17.519465 [debug] [Thread-1 (]: Re-using an available connection from the pool (formerly model.dbt_project.int_rider_metrics, now model.dbt_project.int_sla_metrics)
[0m11:49:17.519465 [debug] [Thread-1 (]: Began compiling node model.dbt_project.int_sla_metrics
[0m11:49:17.524369 [debug] [Thread-1 (]: Writing injected SQL for node "model.dbt_project.int_sla_metrics"
[0m11:49:17.524369 [debug] [Thread-1 (]: Began executing node model.dbt_project.int_sla_metrics
[0m11:49:17.527369 [debug] [Thread-1 (]: Writing runtime sql for node "model.dbt_project.int_sla_metrics"
[0m11:49:17.528370 [debug] [Thread-1 (]: Using duckdb connection "model.dbt_project.int_sla_metrics"
[0m11:49:17.529369 [debug] [Thread-1 (]: On model.dbt_project.int_sla_metrics: BEGIN
[0m11:49:17.529369 [debug] [Thread-1 (]: Opening a new connection, currently in state closed
[0m11:49:17.530368 [debug] [Thread-1 (]: SQL status: OK in 0.001 seconds
[0m11:49:17.530368 [debug] [Thread-1 (]: Using duckdb connection "model.dbt_project.int_sla_metrics"
[0m11:49:17.530368 [debug] [Thread-1 (]: On model.dbt_project.int_sla_metrics: /* {"app": "dbt", "dbt_version": "1.11.7", "profile_name": "dbt_project", "target_name": "dev", "node_id": "model.dbt_project.int_sla_metrics"} */

  
  create view "dev"."main"."int_sla_metrics__dbt_tmp" as (
    WITH base AS (
    SELECT
        order_id,
        city,
        order_hour,
        actual_delivery_minutes,
        delay_minutes,
        sla_breach_flag,
        prep_delay_minutes
    FROM "dev"."main"."stg_order_facts"
)
SELECT
    *,
    
    CASE
        WHEN order_hour BETWEEN 11 AND 14 THEN 'LUNCH'
        WHEN order_hour BETWEEN 18 AND 22 THEN 'DINNER'
        ELSE 'OFF_PEAK'
    END AS time_slot,
    CASE
        WHEN delay_minutes <= 0 THEN 'ON_TIME'
        WHEN delay_minutes <= 10 THEN 'MINOR_DELAY'
        ELSE 'MAJOR_DELAY'
    END AS delay_bucket
FROM base
  );

[0m11:49:17.532369 [debug] [Thread-1 (]: SQL status: OK in 0.001 seconds
[0m11:49:17.534868 [debug] [Thread-1 (]: Using duckdb connection "model.dbt_project.int_sla_metrics"
[0m11:49:17.534868 [debug] [Thread-1 (]: On model.dbt_project.int_sla_metrics: /* {"app": "dbt", "dbt_version": "1.11.7", "profile_name": "dbt_project", "target_name": "dev", "node_id": "model.dbt_project.int_sla_metrics"} */
alter view "dev"."main"."int_sla_metrics" rename to "int_sla_metrics__dbt_backup"
[0m11:49:17.535851 [debug] [Thread-1 (]: SQL status: OK in 0.000 seconds
[0m11:49:17.537867 [debug] [Thread-1 (]: Using duckdb connection "model.dbt_project.int_sla_metrics"
[0m11:49:17.538854 [debug] [Thread-1 (]: On model.dbt_project.int_sla_metrics: /* {"app": "dbt", "dbt_version": "1.11.7", "profile_name": "dbt_project", "target_name": "dev", "node_id": "model.dbt_project.int_sla_metrics"} */
alter view "dev"."main"."int_sla_metrics__dbt_tmp" rename to "int_sla_metrics"
[0m11:49:17.538854 [debug] [Thread-1 (]: SQL status: OK in 0.000 seconds
[0m11:49:17.540853 [debug] [Thread-1 (]: On model.dbt_project.int_sla_metrics: COMMIT
[0m11:49:17.540853 [debug] [Thread-1 (]: Using duckdb connection "model.dbt_project.int_sla_metrics"
[0m11:49:17.540853 [debug] [Thread-1 (]: On model.dbt_project.int_sla_metrics: COMMIT
[0m11:49:17.547852 [debug] [Thread-1 (]: SQL status: OK in 0.006 seconds
[0m11:49:17.550853 [debug] [Thread-1 (]: Using duckdb connection "model.dbt_project.int_sla_metrics"
[0m11:49:17.551852 [debug] [Thread-1 (]: On model.dbt_project.int_sla_metrics: /* {"app": "dbt", "dbt_version": "1.11.7", "profile_name": "dbt_project", "target_name": "dev", "node_id": "model.dbt_project.int_sla_metrics"} */

      drop view if exists "dev"."main"."int_sla_metrics__dbt_backup" cascade
    
[0m11:49:17.557851 [debug] [Thread-1 (]: SQL status: OK in 0.006 seconds
[0m11:49:17.559854 [debug] [Thread-1 (]: On model.dbt_project.int_sla_metrics: Close
[0m11:49:17.559854 [debug] [Thread-1 (]: Sending event: {'category': 'dbt', 'action': 'run_model', 'label': '2870e7d4-f3df-4b37-91c1-5e2b6ba27484', 'context': [<snowplow_tracker.self_describing_json.SelfDescribingJson object at 0x0000029CB17D3B90>]}
[0m11:49:17.560853 [info ] [Thread-1 (]: 8 of 11 OK created sql view model main.int_sla_metrics ......................... [[32mOK[0m in 0.04s]
[0m11:49:17.561851 [debug] [Thread-1 (]: Finished running node model.dbt_project.int_sla_metrics
[0m11:49:17.561851 [debug] [Thread-1 (]: Began running node model.dbt_project.02_restaurants_prep_delay
[0m11:49:17.562851 [info ] [Thread-1 (]: 9 of 11 START sql view model main.02_restaurants_prep_delay .................... [RUN]
[0m11:49:17.563852 [debug] [Thread-1 (]: Re-using an available connection from the pool (formerly model.dbt_project.int_sla_metrics, now model.dbt_project.02_restaurants_prep_delay)
[0m11:49:17.563852 [debug] [Thread-1 (]: Began compiling node model.dbt_project.02_restaurants_prep_delay
[0m11:49:17.565877 [debug] [Thread-1 (]: Writing injected SQL for node "model.dbt_project.02_restaurants_prep_delay"
[0m11:49:17.566868 [debug] [Thread-1 (]: Began executing node model.dbt_project.02_restaurants_prep_delay
[0m11:49:17.570393 [debug] [Thread-1 (]: Writing runtime sql for node "model.dbt_project.02_restaurants_prep_delay"
[0m11:49:17.571373 [debug] [Thread-1 (]: Using duckdb connection "model.dbt_project.02_restaurants_prep_delay"
[0m11:49:17.571373 [debug] [Thread-1 (]: On model.dbt_project.02_restaurants_prep_delay: BEGIN
[0m11:49:17.572370 [debug] [Thread-1 (]: Opening a new connection, currently in state closed
[0m11:49:17.573369 [debug] [Thread-1 (]: SQL status: OK in 0.001 seconds
[0m11:49:17.573369 [debug] [Thread-1 (]: Using duckdb connection "model.dbt_project.02_restaurants_prep_delay"
[0m11:49:17.573369 [debug] [Thread-1 (]: On model.dbt_project.02_restaurants_prep_delay: /* {"app": "dbt", "dbt_version": "1.11.7", "profile_name": "dbt_project", "target_name": "dev", "node_id": "model.dbt_project.02_restaurants_prep_delay"} */

  
  create view "dev"."main"."02_restaurants_prep_delay__dbt_tmp" as (
    SELECT
    restaurant_id,
    city,
    total_orders,
    avg_prep_delay,
    avg_delivery_delay,
    breach_rate
FROM "dev"."main"."int_restaurant_metrics"
ORDER BY breach_rate DESC
  );

[0m11:49:17.575370 [debug] [Thread-1 (]: SQL status: OK in 0.001 seconds
[0m11:49:17.577370 [debug] [Thread-1 (]: Using duckdb connection "model.dbt_project.02_restaurants_prep_delay"
[0m11:49:17.578396 [debug] [Thread-1 (]: On model.dbt_project.02_restaurants_prep_delay: /* {"app": "dbt", "dbt_version": "1.11.7", "profile_name": "dbt_project", "target_name": "dev", "node_id": "model.dbt_project.02_restaurants_prep_delay"} */
alter view "dev"."main"."02_restaurants_prep_delay" rename to "02_restaurants_prep_delay__dbt_backup"
[0m11:49:17.578396 [debug] [Thread-1 (]: SQL status: OK in 0.000 seconds
[0m11:49:17.581368 [debug] [Thread-1 (]: Using duckdb connection "model.dbt_project.02_restaurants_prep_delay"
[0m11:49:17.581368 [debug] [Thread-1 (]: On model.dbt_project.02_restaurants_prep_delay: /* {"app": "dbt", "dbt_version": "1.11.7", "profile_name": "dbt_project", "target_name": "dev", "node_id": "model.dbt_project.02_restaurants_prep_delay"} */
alter view "dev"."main"."02_restaurants_prep_delay__dbt_tmp" rename to "02_restaurants_prep_delay"
[0m11:49:17.582368 [debug] [Thread-1 (]: SQL status: OK in 0.000 seconds
[0m11:49:17.583369 [debug] [Thread-1 (]: On model.dbt_project.02_restaurants_prep_delay: COMMIT
[0m11:49:17.583369 [debug] [Thread-1 (]: Using duckdb connection "model.dbt_project.02_restaurants_prep_delay"
[0m11:49:17.584368 [debug] [Thread-1 (]: On model.dbt_project.02_restaurants_prep_delay: COMMIT
[0m11:49:17.590621 [debug] [Thread-1 (]: SQL status: OK in 0.006 seconds
[0m11:49:17.592622 [debug] [Thread-1 (]: Using duckdb connection "model.dbt_project.02_restaurants_prep_delay"
[0m11:49:17.593620 [debug] [Thread-1 (]: On model.dbt_project.02_restaurants_prep_delay: /* {"app": "dbt", "dbt_version": "1.11.7", "profile_name": "dbt_project", "target_name": "dev", "node_id": "model.dbt_project.02_restaurants_prep_delay"} */

      drop view if exists "dev"."main"."02_restaurants_prep_delay__dbt_backup" cascade
    
[0m11:49:17.600618 [debug] [Thread-1 (]: SQL status: OK in 0.006 seconds
[0m11:49:17.601619 [debug] [Thread-1 (]: On model.dbt_project.02_restaurants_prep_delay: Close
[0m11:49:17.602621 [debug] [Thread-1 (]: Sending event: {'category': 'dbt', 'action': 'run_model', 'label': '2870e7d4-f3df-4b37-91c1-5e2b6ba27484', 'context': [<snowplow_tracker.self_describing_json.SelfDescribingJson object at 0x0000029CB1D33CD0>]}
[0m11:49:17.602621 [info ] [Thread-1 (]: 9 of 11 OK created sql view model main.02_restaurants_prep_delay ............... [[32mOK[0m in 0.04s]
[0m11:49:17.603621 [debug] [Thread-1 (]: Finished running node model.dbt_project.02_restaurants_prep_delay
[0m11:49:17.604646 [debug] [Thread-1 (]: Began running node model.dbt_project.04_riders_performance
[0m11:49:17.605624 [info ] [Thread-1 (]: 10 of 11 START sql view model main.04_riders_performance ....................... [RUN]
[0m11:49:17.605624 [debug] [Thread-1 (]: Re-using an available connection from the pool (formerly model.dbt_project.02_restaurants_prep_delay, now model.dbt_project.04_riders_performance)
[0m11:49:17.606650 [debug] [Thread-1 (]: Began compiling node model.dbt_project.04_riders_performance
[0m11:49:17.608634 [debug] [Thread-1 (]: Writing injected SQL for node "model.dbt_project.04_riders_performance"
[0m11:49:17.609635 [debug] [Thread-1 (]: Began executing node model.dbt_project.04_riders_performance
[0m11:49:17.614620 [debug] [Thread-1 (]: Writing runtime sql for node "model.dbt_project.04_riders_performance"
[0m11:49:17.614620 [debug] [Thread-1 (]: Using duckdb connection "model.dbt_project.04_riders_performance"
[0m11:49:17.615627 [debug] [Thread-1 (]: On model.dbt_project.04_riders_performance: BEGIN
[0m11:49:17.615627 [debug] [Thread-1 (]: Opening a new connection, currently in state closed
[0m11:49:17.616620 [debug] [Thread-1 (]: SQL status: OK in 0.001 seconds
[0m11:49:17.616620 [debug] [Thread-1 (]: Using duckdb connection "model.dbt_project.04_riders_performance"
[0m11:49:17.617620 [debug] [Thread-1 (]: On model.dbt_project.04_riders_performance: /* {"app": "dbt", "dbt_version": "1.11.7", "profile_name": "dbt_project", "target_name": "dev", "node_id": "model.dbt_project.04_riders_performance"} */

  
  create view "dev"."main"."04_riders_performance__dbt_tmp" as (
    SELECT
    rider_id,
    total_orders,
    late_orders,
    successful_orders,
    avg_delivery_time,
    avg_delay_minutes,
    late_orders * 1.0 / total_orders AS late_rate
FROM "dev"."main"."int_rider_metrics"
ORDER BY total_orders DESC
  );

[0m11:49:17.618621 [debug] [Thread-1 (]: SQL status: OK in 0.001 seconds
[0m11:49:17.621621 [debug] [Thread-1 (]: Using duckdb connection "model.dbt_project.04_riders_performance"
[0m11:49:17.621621 [debug] [Thread-1 (]: On model.dbt_project.04_riders_performance: /* {"app": "dbt", "dbt_version": "1.11.7", "profile_name": "dbt_project", "target_name": "dev", "node_id": "model.dbt_project.04_riders_performance"} */
alter view "dev"."main"."04_riders_performance" rename to "04_riders_performance__dbt_backup"
[0m11:49:17.622627 [debug] [Thread-1 (]: SQL status: OK in 0.000 seconds
[0m11:49:17.624621 [debug] [Thread-1 (]: Using duckdb connection "model.dbt_project.04_riders_performance"
[0m11:49:17.625621 [debug] [Thread-1 (]: On model.dbt_project.04_riders_performance: /* {"app": "dbt", "dbt_version": "1.11.7", "profile_name": "dbt_project", "target_name": "dev", "node_id": "model.dbt_project.04_riders_performance"} */
alter view "dev"."main"."04_riders_performance__dbt_tmp" rename to "04_riders_performance"
[0m11:49:17.626620 [debug] [Thread-1 (]: SQL status: OK in 0.000 seconds
[0m11:49:17.627619 [debug] [Thread-1 (]: On model.dbt_project.04_riders_performance: COMMIT
[0m11:49:17.627619 [debug] [Thread-1 (]: Using duckdb connection "model.dbt_project.04_riders_performance"
[0m11:49:17.628620 [debug] [Thread-1 (]: On model.dbt_project.04_riders_performance: COMMIT
[0m11:49:17.634626 [debug] [Thread-1 (]: SQL status: OK in 0.006 seconds
[0m11:49:17.636620 [debug] [Thread-1 (]: Using duckdb connection "model.dbt_project.04_riders_performance"
[0m11:49:17.637619 [debug] [Thread-1 (]: On model.dbt_project.04_riders_performance: /* {"app": "dbt", "dbt_version": "1.11.7", "profile_name": "dbt_project", "target_name": "dev", "node_id": "model.dbt_project.04_riders_performance"} */

      drop view if exists "dev"."main"."04_riders_performance__dbt_backup" cascade
    
[0m11:49:17.646160 [debug] [Thread-1 (]: SQL status: OK in 0.008 seconds
[0m11:49:17.647133 [debug] [Thread-1 (]: On model.dbt_project.04_riders_performance: Close
[0m11:49:17.648134 [debug] [Thread-1 (]: Sending event: {'category': 'dbt', 'action': 'run_model', 'label': '2870e7d4-f3df-4b37-91c1-5e2b6ba27484', 'context': [<snowplow_tracker.self_describing_json.SelfDescribingJson object at 0x0000029CB1D62290>]}
[0m11:49:17.649133 [info ] [Thread-1 (]: 10 of 11 OK created sql view model main.04_riders_performance .................. [[32mOK[0m in 0.04s]
[0m11:49:17.650133 [debug] [Thread-1 (]: Finished running node model.dbt_project.04_riders_performance
[0m11:49:17.650133 [debug] [Thread-1 (]: Began running node model.dbt_project.01_SLA_breach_analysis
[0m11:49:17.651136 [info ] [Thread-1 (]: 11 of 11 START sql view model main.01_SLA_breach_analysis ...................... [RUN]
[0m11:49:17.652135 [debug] [Thread-1 (]: Re-using an available connection from the pool (formerly model.dbt_project.04_riders_performance, now model.dbt_project.01_SLA_breach_analysis)
[0m11:49:17.652135 [debug] [Thread-1 (]: Began compiling node model.dbt_project.01_SLA_breach_analysis
[0m11:49:17.655134 [debug] [Thread-1 (]: Writing injected SQL for node "model.dbt_project.01_SLA_breach_analysis"
[0m11:49:17.656133 [debug] [Thread-1 (]: Began executing node model.dbt_project.01_SLA_breach_analysis
[0m11:49:17.659134 [debug] [Thread-1 (]: Writing runtime sql for node "model.dbt_project.01_SLA_breach_analysis"
[0m11:49:17.659134 [debug] [Thread-1 (]: Using duckdb connection "model.dbt_project.01_SLA_breach_analysis"
[0m11:49:17.660135 [debug] [Thread-1 (]: On model.dbt_project.01_SLA_breach_analysis: BEGIN
[0m11:49:17.660135 [debug] [Thread-1 (]: Opening a new connection, currently in state closed
[0m11:49:17.661135 [debug] [Thread-1 (]: SQL status: OK in 0.001 seconds
[0m11:49:17.662135 [debug] [Thread-1 (]: Using duckdb connection "model.dbt_project.01_SLA_breach_analysis"
[0m11:49:17.662135 [debug] [Thread-1 (]: On model.dbt_project.01_SLA_breach_analysis: /* {"app": "dbt", "dbt_version": "1.11.7", "profile_name": "dbt_project", "target_name": "dev", "node_id": "model.dbt_project.01_SLA_breach_analysis"} */

  
  create view "dev"."main"."01_SLA_breach_analysis__dbt_tmp" as (
    SELECT
    city,
    time_slot,
    COUNT(order_id) AS total_orders,
    SUM(sla_breach_flag) AS breached_orders,
    SUM(sla_breach_flag) * 1.0 / COUNT(order_id) AS breach_rate
FROM "dev"."main"."int_sla_metrics"
GROUP BY city, time_slot
  );

[0m11:49:17.664135 [debug] [Thread-1 (]: SQL status: OK in 0.001 seconds
[0m11:49:17.666133 [debug] [Thread-1 (]: Using duckdb connection "model.dbt_project.01_SLA_breach_analysis"
[0m11:49:17.667134 [debug] [Thread-1 (]: On model.dbt_project.01_SLA_breach_analysis: /* {"app": "dbt", "dbt_version": "1.11.7", "profile_name": "dbt_project", "target_name": "dev", "node_id": "model.dbt_project.01_SLA_breach_analysis"} */
alter view "dev"."main"."01_SLA_breach_analysis" rename to "01_SLA_breach_analysis__dbt_backup"
[0m11:49:17.667134 [debug] [Thread-1 (]: SQL status: OK in 0.000 seconds
[0m11:49:17.670134 [debug] [Thread-1 (]: Using duckdb connection "model.dbt_project.01_SLA_breach_analysis"
[0m11:49:17.670134 [debug] [Thread-1 (]: On model.dbt_project.01_SLA_breach_analysis: /* {"app": "dbt", "dbt_version": "1.11.7", "profile_name": "dbt_project", "target_name": "dev", "node_id": "model.dbt_project.01_SLA_breach_analysis"} */
alter view "dev"."main"."01_SLA_breach_analysis__dbt_tmp" rename to "01_SLA_breach_analysis"
[0m11:49:17.671135 [debug] [Thread-1 (]: SQL status: OK in 0.000 seconds
[0m11:49:17.672134 [debug] [Thread-1 (]: On model.dbt_project.01_SLA_breach_analysis: COMMIT
[0m11:49:17.673148 [debug] [Thread-1 (]: Using duckdb connection "model.dbt_project.01_SLA_breach_analysis"
[0m11:49:17.673148 [debug] [Thread-1 (]: On model.dbt_project.01_SLA_breach_analysis: COMMIT
[0m11:49:17.681136 [debug] [Thread-1 (]: SQL status: OK in 0.007 seconds
[0m11:49:17.684135 [debug] [Thread-1 (]: Using duckdb connection "model.dbt_project.01_SLA_breach_analysis"
[0m11:49:17.684135 [debug] [Thread-1 (]: On model.dbt_project.01_SLA_breach_analysis: /* {"app": "dbt", "dbt_version": "1.11.7", "profile_name": "dbt_project", "target_name": "dev", "node_id": "model.dbt_project.01_SLA_breach_analysis"} */

      drop view if exists "dev"."main"."01_SLA_breach_analysis__dbt_backup" cascade
    
[0m11:49:17.692134 [debug] [Thread-1 (]: SQL status: OK in 0.008 seconds
[0m11:49:17.693134 [debug] [Thread-1 (]: On model.dbt_project.01_SLA_breach_analysis: Close
[0m11:49:17.694135 [debug] [Thread-1 (]: Sending event: {'category': 'dbt', 'action': 'run_model', 'label': '2870e7d4-f3df-4b37-91c1-5e2b6ba27484', 'context': [<snowplow_tracker.self_describing_json.SelfDescribingJson object at 0x0000029CB1CEC510>]}
[0m11:49:17.695135 [info ] [Thread-1 (]: 11 of 11 OK created sql view model main.01_SLA_breach_analysis ................. [[32mOK[0m in 0.04s]
[0m11:49:17.696133 [debug] [Thread-1 (]: Finished running node model.dbt_project.01_SLA_breach_analysis
[0m11:49:17.697133 [debug] [MainThread]: Using duckdb connection "master"
[0m11:49:17.698134 [debug] [MainThread]: On master: BEGIN
[0m11:49:17.698134 [debug] [MainThread]: Opening a new connection, currently in state closed
[0m11:49:17.698134 [debug] [MainThread]: SQL status: OK in 0.001 seconds
[0m11:49:17.699135 [debug] [MainThread]: On master: COMMIT
[0m11:49:17.699135 [debug] [MainThread]: Using duckdb connection "master"
[0m11:49:17.700166 [debug] [MainThread]: On master: COMMIT
[0m11:49:17.700166 [debug] [MainThread]: SQL status: OK in 0.000 seconds
[0m11:49:17.700166 [debug] [MainThread]: On master: Close
[0m11:49:17.701134 [debug] [MainThread]: Connection 'master' was properly closed.
[0m11:49:17.701134 [debug] [MainThread]: Connection 'create_dev_main' was properly closed.
[0m11:49:17.701134 [debug] [MainThread]: Connection 'list_dev_main' was properly closed.
[0m11:49:17.701134 [debug] [MainThread]: Connection 'model.dbt_project.01_SLA_breach_analysis' was properly closed.
[0m11:49:17.702363 [info ] [MainThread]: 
[0m11:49:17.703368 [info ] [MainThread]: Finished running 11 view models in 0 hours 0 minutes and 4.12 seconds (4.12s).
[0m11:49:17.704373 [debug] [MainThread]: Command end result
[0m11:49:17.724385 [debug] [MainThread]: Wrote artifact WritableManifest to C:\DE_projects\food_del_pipeline\target\manifest.json
[0m11:49:17.726385 [debug] [MainThread]: Wrote artifact SemanticManifest to C:\DE_projects\food_del_pipeline\target\semantic_manifest.json
[0m11:49:17.732368 [debug] [MainThread]: Wrote artifact RunExecutionResult to C:\DE_projects\food_del_pipeline\target\run_results.json
[0m11:49:17.732368 [info ] [MainThread]: 
[0m11:49:17.733370 [info ] [MainThread]: [32mCompleted successfully[0m
[0m11:49:17.733370 [info ] [MainThread]: 
[0m11:49:17.734531 [info ] [MainThread]: Done. PASS=11 WARN=0 ERROR=0 SKIP=0 NO-OP=0 TOTAL=11
[0m11:49:17.735560 [debug] [MainThread]: Command `dbt run` succeeded at 11:49:17.735560 after 8.02 seconds
[0m11:49:17.736583 [debug] [MainThread]: Sending event: {'category': 'dbt', 'action': 'invocation', 'label': 'end', 'context': [<snowplow_tracker.self_describing_json.SelfDescribingJson object at 0x0000029CACFA1810>, <snowplow_tracker.self_describing_json.SelfDescribingJson object at 0x0000029CB10EDA50>, <snowplow_tracker.self_describing_json.SelfDescribingJson object at 0x0000029CA94C7910>]}
[0m11:49:17.737561 [debug] [MainThread]: Flushing usage events
[0m11:49:19.663001 [debug] [MainThread]: An error was encountered while trying to flush usage events
[0m11:49:21.675144 [debug] [MainThread]: Sending event: {'category': 'dbt', 'action': 'invocation', 'label': 'start', 'context': [<snowplow_tracker.self_describing_json.SelfDescribingJson object at 0x000002C4393BD790>, <snowplow_tracker.self_describing_json.SelfDescribingJson object at 0x000002C43A3BA550>, <snowplow_tracker.self_describing_json.SelfDescribingJson object at 0x000002C4393BEFD0>]}


============================== 11:49:21.679155 | 703a2211-6dae-4c92-b3c9-735bdf51d053 ==============================
[0m11:49:21.679155 [info ] [MainThread]: Running with dbt=1.11.7
[0m11:49:21.679155 [debug] [MainThread]: running dbt with arguments {'version_check': 'True', 'no_print': 'None', 'static_parser': 'True', 'target_path': 'None', 'warn_error_options': 'WarnErrorOptionsV2(error=[], warn=[], silence=[])', 'printer_width': '80', 'write_json': 'True', 'empty': 'None', 'log_cache_events': 'False', 'introspect': 'True', 'cache_selected_only': 'False', 'fail_fast': 'False', 'debug': 'False', 'log_format': 'default', 'partial_parse': 'True', 'send_anonymous_usage_stats': 'True', 'quiet': 'False', 'warn_error': 'None', 'profiles_dir': 'C:\\Users\\HP\\.dbt', 'indirect_selection': 'eager', 'use_colors': 'True', 'invocation_command': 'dbt test', 'use_experimental_parser': 'False', 'log_path': 'C:\\DE_projects\\food_del_pipeline\\logs'}
[0m11:49:21.880065 [debug] [MainThread]: Sending event: {'category': 'dbt', 'action': 'project_id', 'label': '703a2211-6dae-4c92-b3c9-735bdf51d053', 'context': [<snowplow_tracker.self_describing_json.SelfDescribingJson object at 0x000002C43A593110>]}
[0m11:49:21.941518 [debug] [MainThread]: Sending event: {'category': 'dbt', 'action': 'adapter_info', 'label': '703a2211-6dae-4c92-b3c9-735bdf51d053', 'context': [<snowplow_tracker.self_describing_json.SelfDescribingJson object at 0x000002C435AFF910>]}
[0m11:49:21.944382 [info ] [MainThread]: Registered adapter: duckdb=1.10.1
[0m11:49:22.104192 [debug] [MainThread]: checksum: b80718358155fc17c3559352095564dd56ada1cc1a1c0ef2e62c857e71583775, vars: {}, profile: , target: , version: 1.11.7
[0m11:49:22.201606 [debug] [MainThread]: Partial parsing enabled: 0 files deleted, 0 files added, 0 files changed.
[0m11:49:22.202591 [debug] [MainThread]: Nothing changed, skipping partial parsing.
[0m11:49:22.202591 [debug] [MainThread]: Partial parsing enabled, no changes found, skipping parsing
[0m11:49:22.207698 [warn ] [MainThread]: [[33mWARNING[0m]: Configuration paths exist in your dbt_project.yml file which do not apply to any resources.
There are 1 unused configuration paths:
- models.dbt_project.example
[0m11:49:22.230593 [debug] [MainThread]: Sending event: {'category': 'dbt', 'action': 'load_project', 'label': '703a2211-6dae-4c92-b3c9-735bdf51d053', 'context': [<snowplow_tracker.self_describing_json.SelfDescribingJson object at 0x000002C43A450FD0>]}
[0m11:49:22.305143 [debug] [MainThread]: Wrote artifact WritableManifest to C:\DE_projects\food_del_pipeline\target\manifest.json
[0m11:49:22.307471 [debug] [MainThread]: Wrote artifact SemanticManifest to C:\DE_projects\food_del_pipeline\target\semantic_manifest.json
[0m11:49:22.385378 [debug] [MainThread]: Sending event: {'category': 'dbt', 'action': 'resource_counts', 'label': '703a2211-6dae-4c92-b3c9-735bdf51d053', 'context': [<snowplow_tracker.self_describing_json.SelfDescribingJson object at 0x000002C435D5AC50>]}
[0m11:49:22.386417 [info ] [MainThread]: Found 11 models, 2 sources, 474 macros
[0m11:49:22.387372 [debug] [MainThread]: Sending event: {'category': 'dbt', 'action': 'runnable_timing', 'label': '703a2211-6dae-4c92-b3c9-735bdf51d053', 'context': [<snowplow_tracker.self_describing_json.SelfDescribingJson object at 0x000002C43A68E490>]}
[0m11:49:22.388475 [warn ] [MainThread]: Nothing to do. Try checking your model configs and model specification args
[0m11:49:22.390420 [debug] [MainThread]: Command end result
[0m11:49:22.407475 [debug] [MainThread]: Wrote artifact WritableManifest to C:\DE_projects\food_del_pipeline\target\manifest.json
[0m11:49:22.408477 [debug] [MainThread]: Wrote artifact SemanticManifest to C:\DE_projects\food_del_pipeline\target\semantic_manifest.json
[0m11:49:22.412502 [debug] [MainThread]: Wrote artifact RunExecutionResult to C:\DE_projects\food_del_pipeline\target\run_results.json
[0m11:49:22.412502 [debug] [MainThread]: Command `dbt test` succeeded at 11:49:22.412502 after 0.81 seconds
[0m11:49:22.413501 [debug] [MainThread]: Sending event: {'category': 'dbt', 'action': 'invocation', 'label': 'end', 'context': [<snowplow_tracker.self_describing_json.SelfDescribingJson object at 0x000002C4328078D0>, <snowplow_tracker.self_describing_json.SelfDescribingJson object at 0x000002C43AA75BD0>, <snowplow_tracker.self_describing_json.SelfDescribingJson object at 0x000002C43282D7D0>]}
[0m11:49:22.413501 [debug] [MainThread]: Flushing usage events
[0m11:49:23.864624 [debug] [MainThread]: An error was encountered while trying to flush usage events
[0m12:08:25.931566 [debug] [MainThread]: Sending event: {'category': 'dbt', 'action': 'invocation', 'label': 'start', 'context': [<snowplow_tracker.self_describing_json.SelfDescribingJson object at 0x000002191F978850>, <snowplow_tracker.self_describing_json.SelfDescribingJson object at 0x00000219209B3910>, <snowplow_tracker.self_describing_json.SelfDescribingJson object at 0x000002191F97ADD0>]}


============================== 12:08:25.935373 | b6aa80c6-c18e-4950-ad7a-791702d539d2 ==============================
[0m12:08:25.935373 [info ] [MainThread]: Running with dbt=1.11.7
[0m12:08:25.936345 [debug] [MainThread]: running dbt with arguments {'version_check': 'True', 'no_print': 'None', 'static_parser': 'True', 'warn_error_options': 'WarnErrorOptionsV2(error=[], warn=[], silence=[])', 'target_path': 'None', 'printer_width': '80', 'write_json': 'True', 'empty': 'False', 'log_cache_events': 'False', 'introspect': 'True', 'cache_selected_only': 'False', 'log_format': 'default', 'debug': 'False', 'fail_fast': 'False', 'profiles_dir': 'C:\\Users\\HP\\.dbt', 'send_anonymous_usage_stats': 'True', 'quiet': 'False', 'warn_error': 'None', 'partial_parse': 'True', 'invocation_command': 'dbt run', 'use_colors': 'True', 'indirect_selection': 'eager', 'use_experimental_parser': 'False', 'log_path': 'C:\\DE_projects\\food_del_pipeline\\logs'}
[0m12:08:26.132057 [debug] [MainThread]: Sending event: {'category': 'dbt', 'action': 'project_id', 'label': 'b6aa80c6-c18e-4950-ad7a-791702d539d2', 'context': [<snowplow_tracker.self_describing_json.SelfDescribingJson object at 0x0000021920C1DB10>]}
[0m12:08:26.181072 [debug] [MainThread]: Sending event: {'category': 'dbt', 'action': 'adapter_info', 'label': 'b6aa80c6-c18e-4950-ad7a-791702d539d2', 'context': [<snowplow_tracker.self_describing_json.SelfDescribingJson object at 0x000002191C0CDA50>]}
[0m12:08:26.184059 [info ] [MainThread]: Registered adapter: duckdb=1.10.1
[0m12:08:26.339848 [debug] [MainThread]: checksum: b80718358155fc17c3559352095564dd56ada1cc1a1c0ef2e62c857e71583775, vars: {}, profile: , target: , version: 1.11.7
[0m12:08:26.435775 [debug] [MainThread]: Partial parsing enabled: 0 files deleted, 0 files added, 0 files changed.
[0m12:08:26.435775 [debug] [MainThread]: Nothing changed, skipping partial parsing.
[0m12:08:26.436775 [debug] [MainThread]: Partial parsing enabled, no changes found, skipping parsing
[0m12:08:26.441775 [warn ] [MainThread]: [[33mWARNING[0m]: Configuration paths exist in your dbt_project.yml file which do not apply to any resources.
There are 1 unused configuration paths:
- models.dbt_project.example
[0m12:08:26.465984 [debug] [MainThread]: Sending event: {'category': 'dbt', 'action': 'load_project', 'label': 'b6aa80c6-c18e-4950-ad7a-791702d539d2', 'context': [<snowplow_tracker.self_describing_json.SelfDescribingJson object at 0x0000021921079F10>]}
[0m12:08:26.542982 [debug] [MainThread]: Wrote artifact WritableManifest to C:\DE_projects\food_del_pipeline\target\manifest.json
[0m12:08:26.545021 [debug] [MainThread]: Wrote artifact SemanticManifest to C:\DE_projects\food_del_pipeline\target\semantic_manifest.json
[0m12:08:26.564702 [debug] [MainThread]: Sending event: {'category': 'dbt', 'action': 'resource_counts', 'label': 'b6aa80c6-c18e-4950-ad7a-791702d539d2', 'context': [<snowplow_tracker.self_describing_json.SelfDescribingJson object at 0x0000021921187590>]}
[0m12:08:26.565701 [info ] [MainThread]: Found 11 models, 2 sources, 474 macros
[0m12:08:26.565701 [debug] [MainThread]: Sending event: {'category': 'dbt', 'action': 'runnable_timing', 'label': 'b6aa80c6-c18e-4950-ad7a-791702d539d2', 'context': [<snowplow_tracker.self_describing_json.SelfDescribingJson object at 0x0000021920E1D6D0>]}
[0m12:08:26.567703 [info ] [MainThread]: 
[0m12:08:26.568702 [info ] [MainThread]: Concurrency: 1 threads (target='dev')
[0m12:08:26.568702 [info ] [MainThread]: 
[0m12:08:26.569833 [debug] [MainThread]: Acquiring new duckdb connection 'master'
[0m12:08:26.574397 [debug] [ThreadPool]: Acquiring new duckdb connection 'list_dev'
[0m12:08:26.674407 [debug] [ThreadPool]: Using duckdb connection "list_dev"
[0m12:08:26.674407 [debug] [ThreadPool]: On list_dev: /* {"app": "dbt", "dbt_version": "1.11.7", "profile_name": "dbt_project", "target_name": "dev", "connection_name": "list_dev"} */

    
    select schema_name
    from system.information_schema.schemata
    
    where lower(catalog_name) = '"dev"'
    
  
  
[0m12:08:26.675409 [debug] [ThreadPool]: Opening a new connection, currently in state init
[0m12:08:26.690406 [debug] [ThreadPool]: SQL status: OK in 0.016 seconds
[0m12:08:26.692442 [debug] [ThreadPool]: On list_dev: Close
[0m12:08:26.692442 [debug] [ThreadPool]: Re-using an available connection from the pool (formerly list_dev, now create_dev_main)
[0m12:08:26.693406 [debug] [ThreadPool]: Creating schema "database: "dev"
schema: "main"
"
[0m12:08:26.698408 [debug] [ThreadPool]: Using duckdb connection "create_dev_main"
[0m12:08:26.699408 [debug] [ThreadPool]: On create_dev_main: /* {"app": "dbt", "dbt_version": "1.11.7", "profile_name": "dbt_project", "target_name": "dev", "connection_name": "create_dev_main"} */

    
        select type from duckdb_databases()
        where lower(database_name)='dev'
        and type='sqlite'
    
  
[0m12:08:26.699408 [debug] [ThreadPool]: Opening a new connection, currently in state closed
[0m12:08:26.700406 [debug] [ThreadPool]: SQL status: OK in 0.001 seconds
[0m12:08:26.701407 [debug] [ThreadPool]: Using duckdb connection "create_dev_main"
[0m12:08:26.701407 [debug] [ThreadPool]: On create_dev_main: BEGIN
[0m12:08:26.702408 [debug] [ThreadPool]: SQL status: OK in 0.000 seconds
[0m12:08:26.702408 [debug] [ThreadPool]: Using duckdb connection "create_dev_main"
[0m12:08:26.702408 [debug] [ThreadPool]: On create_dev_main: /* {"app": "dbt", "dbt_version": "1.11.7", "profile_name": "dbt_project", "target_name": "dev", "connection_name": "create_dev_main"} */

    
    
        create schema if not exists "dev"."main"
    
[0m12:08:26.703406 [debug] [ThreadPool]: SQL status: OK in 0.000 seconds
[0m12:08:26.704406 [debug] [ThreadPool]: On create_dev_main: COMMIT
[0m12:08:26.704406 [debug] [ThreadPool]: Using duckdb connection "create_dev_main"
[0m12:08:26.704406 [debug] [ThreadPool]: On create_dev_main: COMMIT
[0m12:08:26.705406 [debug] [ThreadPool]: SQL status: OK in 0.000 seconds
[0m12:08:26.705406 [debug] [ThreadPool]: On create_dev_main: Close
[0m12:08:26.707407 [debug] [ThreadPool]: Acquiring new duckdb connection 'list_dev_main'
[0m12:08:26.713408 [debug] [ThreadPool]: Using duckdb connection "list_dev_main"
[0m12:08:26.713408 [debug] [ThreadPool]: On list_dev_main: BEGIN
[0m12:08:26.714415 [debug] [ThreadPool]: Opening a new connection, currently in state init
[0m12:08:26.714415 [debug] [ThreadPool]: SQL status: OK in 0.001 seconds
[0m12:08:26.715426 [debug] [ThreadPool]: Using duckdb connection "list_dev_main"
[0m12:08:26.715426 [debug] [ThreadPool]: On list_dev_main: /* {"app": "dbt", "dbt_version": "1.11.7", "profile_name": "dbt_project", "target_name": "dev", "connection_name": "list_dev_main"} */
select
      'dev' as database,
      table_name as name,
      table_schema as schema,
      CASE table_type
        WHEN 'BASE TABLE' THEN 'table'
        WHEN 'VIEW' THEN 'view'
        WHEN 'LOCAL TEMPORARY' THEN 'table'
        END as type
    from system.information_schema.tables
    where lower(table_schema) = 'main'
    and lower(table_catalog) = 'dev'
  
[0m12:08:26.718675 [debug] [ThreadPool]: SQL status: OK in 0.003 seconds
[0m12:08:26.719668 [debug] [ThreadPool]: On list_dev_main: ROLLBACK
[0m12:08:26.720667 [debug] [ThreadPool]: Failed to rollback 'list_dev_main'
[0m12:08:26.720667 [debug] [ThreadPool]: On list_dev_main: Close
[0m12:08:26.723352 [debug] [MainThread]: Sending event: {'category': 'dbt', 'action': 'runnable_timing', 'label': 'b6aa80c6-c18e-4950-ad7a-791702d539d2', 'context': [<snowplow_tracker.self_describing_json.SelfDescribingJson object at 0x00000219211A8210>]}
[0m12:08:26.723352 [debug] [MainThread]: Using duckdb connection "master"
[0m12:08:26.723352 [debug] [MainThread]: On master: BEGIN
[0m12:08:26.724366 [debug] [MainThread]: Opening a new connection, currently in state init
[0m12:08:26.724366 [debug] [MainThread]: SQL status: OK in 0.001 seconds
[0m12:08:26.725477 [debug] [MainThread]: On master: COMMIT
[0m12:08:26.725477 [debug] [MainThread]: Using duckdb connection "master"
[0m12:08:26.725477 [debug] [MainThread]: On master: COMMIT
[0m12:08:26.726484 [debug] [MainThread]: SQL status: OK in 0.000 seconds
[0m12:08:26.726484 [debug] [MainThread]: On master: Close
[0m12:08:26.728876 [debug] [Thread-1 (]: Began running node model.dbt_project.stg_delivery_timeline
[0m12:08:26.729899 [info ] [Thread-1 (]: 1 of 11 START sql view model main.stg_delivery_timeline ........................ [RUN]
[0m12:08:26.730876 [debug] [Thread-1 (]: Acquiring new duckdb connection 'model.dbt_project.stg_delivery_timeline'
[0m12:08:26.730876 [debug] [Thread-1 (]: Began compiling node model.dbt_project.stg_delivery_timeline
[0m12:08:26.735890 [debug] [Thread-1 (]: Writing injected SQL for node "model.dbt_project.stg_delivery_timeline"
[0m12:08:26.736877 [debug] [Thread-1 (]: Began executing node model.dbt_project.stg_delivery_timeline
[0m12:08:26.760877 [debug] [Thread-1 (]: Writing runtime sql for node "model.dbt_project.stg_delivery_timeline"
[0m12:08:26.761881 [debug] [Thread-1 (]: Using duckdb connection "model.dbt_project.stg_delivery_timeline"
[0m12:08:26.761881 [debug] [Thread-1 (]: On model.dbt_project.stg_delivery_timeline: BEGIN
[0m12:08:26.762881 [debug] [Thread-1 (]: Opening a new connection, currently in state init
[0m12:08:26.763878 [debug] [Thread-1 (]: SQL status: OK in 0.001 seconds
[0m12:08:26.763878 [debug] [Thread-1 (]: Using duckdb connection "model.dbt_project.stg_delivery_timeline"
[0m12:08:26.764877 [debug] [Thread-1 (]: On model.dbt_project.stg_delivery_timeline: /* {"app": "dbt", "dbt_version": "1.11.7", "profile_name": "dbt_project", "target_name": "dev", "node_id": "model.dbt_project.stg_delivery_timeline"} */

  
  create view "dev"."main"."stg_delivery_timeline__dbt_tmp" as (
    SELECT *
FROM read_parquet('C:/DE_projects/food_del_pipeline/data/silver/delivery_timeline.parquet')
  );

[0m12:08:26.765912 [debug] [Thread-1 (]: SQL status: OK in 0.001 seconds
[0m12:08:26.770874 [debug] [Thread-1 (]: Using duckdb connection "model.dbt_project.stg_delivery_timeline"
[0m12:08:26.771876 [debug] [Thread-1 (]: On model.dbt_project.stg_delivery_timeline: /* {"app": "dbt", "dbt_version": "1.11.7", "profile_name": "dbt_project", "target_name": "dev", "node_id": "model.dbt_project.stg_delivery_timeline"} */
alter view "dev"."main"."stg_delivery_timeline" rename to "stg_delivery_timeline__dbt_backup"
[0m12:08:26.772876 [debug] [Thread-1 (]: SQL status: OK in 0.000 seconds
[0m12:08:26.775876 [debug] [Thread-1 (]: Using duckdb connection "model.dbt_project.stg_delivery_timeline"
[0m12:08:26.775876 [debug] [Thread-1 (]: On model.dbt_project.stg_delivery_timeline: /* {"app": "dbt", "dbt_version": "1.11.7", "profile_name": "dbt_project", "target_name": "dev", "node_id": "model.dbt_project.stg_delivery_timeline"} */
alter view "dev"."main"."stg_delivery_timeline__dbt_tmp" rename to "stg_delivery_timeline"
[0m12:08:26.776876 [debug] [Thread-1 (]: SQL status: OK in 0.000 seconds
[0m12:08:26.787875 [debug] [Thread-1 (]: On model.dbt_project.stg_delivery_timeline: COMMIT
[0m12:08:26.787875 [debug] [Thread-1 (]: Using duckdb connection "model.dbt_project.stg_delivery_timeline"
[0m12:08:26.788878 [debug] [Thread-1 (]: On model.dbt_project.stg_delivery_timeline: COMMIT
[0m12:08:26.796149 [debug] [Thread-1 (]: SQL status: OK in 0.008 seconds
[0m12:08:26.801484 [debug] [Thread-1 (]: Using duckdb connection "model.dbt_project.stg_delivery_timeline"
[0m12:08:26.801484 [debug] [Thread-1 (]: On model.dbt_project.stg_delivery_timeline: /* {"app": "dbt", "dbt_version": "1.11.7", "profile_name": "dbt_project", "target_name": "dev", "node_id": "model.dbt_project.stg_delivery_timeline"} */

      drop view if exists "dev"."main"."stg_delivery_timeline__dbt_backup" cascade
    
[0m12:08:26.803885 [debug] [Thread-1 (]: SQL status: OK in 0.001 seconds
[0m12:08:26.804903 [debug] [Thread-1 (]: On model.dbt_project.stg_delivery_timeline: Close
[0m12:08:26.806902 [debug] [Thread-1 (]: Sending event: {'category': 'dbt', 'action': 'run_model', 'label': 'b6aa80c6-c18e-4950-ad7a-791702d539d2', 'context': [<snowplow_tracker.self_describing_json.SelfDescribingJson object at 0x0000021921459650>]}
[0m12:08:26.807902 [info ] [Thread-1 (]: 1 of 11 OK created sql view model main.stg_delivery_timeline ................... [[32mOK[0m in 0.08s]
[0m12:08:26.808909 [debug] [Thread-1 (]: Finished running node model.dbt_project.stg_delivery_timeline
[0m12:08:26.808909 [debug] [Thread-1 (]: Began running node model.dbt_project.stg_order_facts
[0m12:08:26.809902 [info ] [Thread-1 (]: 2 of 11 START sql view model main.stg_order_facts .............................. [RUN]
[0m12:08:26.809902 [debug] [Thread-1 (]: Re-using an available connection from the pool (formerly model.dbt_project.stg_delivery_timeline, now model.dbt_project.stg_order_facts)
[0m12:08:26.810903 [debug] [Thread-1 (]: Began compiling node model.dbt_project.stg_order_facts
[0m12:08:26.811903 [debug] [Thread-1 (]: Writing injected SQL for node "model.dbt_project.stg_order_facts"
[0m12:08:26.812901 [debug] [Thread-1 (]: Began executing node model.dbt_project.stg_order_facts
[0m12:08:26.815901 [debug] [Thread-1 (]: Writing runtime sql for node "model.dbt_project.stg_order_facts"
[0m12:08:26.816901 [debug] [Thread-1 (]: Using duckdb connection "model.dbt_project.stg_order_facts"
[0m12:08:26.817901 [debug] [Thread-1 (]: On model.dbt_project.stg_order_facts: BEGIN
[0m12:08:26.817901 [debug] [Thread-1 (]: Opening a new connection, currently in state closed
[0m12:08:26.818900 [debug] [Thread-1 (]: SQL status: OK in 0.001 seconds
[0m12:08:26.818900 [debug] [Thread-1 (]: Using duckdb connection "model.dbt_project.stg_order_facts"
[0m12:08:26.818900 [debug] [Thread-1 (]: On model.dbt_project.stg_order_facts: /* {"app": "dbt", "dbt_version": "1.11.7", "profile_name": "dbt_project", "target_name": "dev", "node_id": "model.dbt_project.stg_order_facts"} */

  
  create view "dev"."main"."stg_order_facts__dbt_tmp" as (
    SELECT *
FROM read_parquet('C:/DE_projects/food_del_pipeline/data/silver/order_facts.parquet')
  );

[0m12:08:26.833902 [debug] [Thread-1 (]: SQL status: OK in 0.014 seconds
[0m12:08:26.836908 [debug] [Thread-1 (]: Using duckdb connection "model.dbt_project.stg_order_facts"
[0m12:08:26.837902 [debug] [Thread-1 (]: On model.dbt_project.stg_order_facts: /* {"app": "dbt", "dbt_version": "1.11.7", "profile_name": "dbt_project", "target_name": "dev", "node_id": "model.dbt_project.stg_order_facts"} */
alter view "dev"."main"."stg_order_facts" rename to "stg_order_facts__dbt_backup"
[0m12:08:26.837902 [debug] [Thread-1 (]: SQL status: OK in 0.000 seconds
[0m12:08:26.840902 [debug] [Thread-1 (]: Using duckdb connection "model.dbt_project.stg_order_facts"
[0m12:08:26.840902 [debug] [Thread-1 (]: On model.dbt_project.stg_order_facts: /* {"app": "dbt", "dbt_version": "1.11.7", "profile_name": "dbt_project", "target_name": "dev", "node_id": "model.dbt_project.stg_order_facts"} */
alter view "dev"."main"."stg_order_facts__dbt_tmp" rename to "stg_order_facts"
[0m12:08:26.841900 [debug] [Thread-1 (]: SQL status: OK in 0.000 seconds
[0m12:08:26.842901 [debug] [Thread-1 (]: On model.dbt_project.stg_order_facts: COMMIT
[0m12:08:26.843902 [debug] [Thread-1 (]: Using duckdb connection "model.dbt_project.stg_order_facts"
[0m12:08:26.843902 [debug] [Thread-1 (]: On model.dbt_project.stg_order_facts: COMMIT
[0m12:08:26.848902 [debug] [Thread-1 (]: SQL status: OK in 0.005 seconds
[0m12:08:26.851902 [debug] [Thread-1 (]: Using duckdb connection "model.dbt_project.stg_order_facts"
[0m12:08:26.851902 [debug] [Thread-1 (]: On model.dbt_project.stg_order_facts: /* {"app": "dbt", "dbt_version": "1.11.7", "profile_name": "dbt_project", "target_name": "dev", "node_id": "model.dbt_project.stg_order_facts"} */

      drop view if exists "dev"."main"."stg_order_facts__dbt_backup" cascade
    
[0m12:08:26.856902 [debug] [Thread-1 (]: SQL status: OK in 0.005 seconds
[0m12:08:26.858901 [debug] [Thread-1 (]: On model.dbt_project.stg_order_facts: Close
[0m12:08:26.858901 [debug] [Thread-1 (]: Sending event: {'category': 'dbt', 'action': 'run_model', 'label': 'b6aa80c6-c18e-4950-ad7a-791702d539d2', 'context': [<snowplow_tracker.self_describing_json.SelfDescribingJson object at 0x00000219214590D0>]}
[0m12:08:26.859902 [info ] [Thread-1 (]: 2 of 11 OK created sql view model main.stg_order_facts ......................... [[32mOK[0m in 0.05s]
[0m12:08:26.860901 [debug] [Thread-1 (]: Finished running node model.dbt_project.stg_order_facts
[0m12:08:26.860901 [debug] [Thread-1 (]: Began running node model.dbt_project.stg_orders
[0m12:08:26.861901 [info ] [Thread-1 (]: 3 of 11 START sql view model main.stg_orders ................................... [RUN]
[0m12:08:26.862902 [debug] [Thread-1 (]: Re-using an available connection from the pool (formerly model.dbt_project.stg_order_facts, now model.dbt_project.stg_orders)
[0m12:08:26.862902 [debug] [Thread-1 (]: Began compiling node model.dbt_project.stg_orders
[0m12:08:26.864902 [debug] [Thread-1 (]: Writing injected SQL for node "model.dbt_project.stg_orders"
[0m12:08:26.864902 [debug] [Thread-1 (]: Began executing node model.dbt_project.stg_orders
[0m12:08:26.868901 [debug] [Thread-1 (]: Writing runtime sql for node "model.dbt_project.stg_orders"
[0m12:08:26.869901 [debug] [Thread-1 (]: Using duckdb connection "model.dbt_project.stg_orders"
[0m12:08:26.870900 [debug] [Thread-1 (]: On model.dbt_project.stg_orders: BEGIN
[0m12:08:26.870900 [debug] [Thread-1 (]: Opening a new connection, currently in state closed
[0m12:08:26.871903 [debug] [Thread-1 (]: SQL status: OK in 0.001 seconds
[0m12:08:26.871903 [debug] [Thread-1 (]: Using duckdb connection "model.dbt_project.stg_orders"
[0m12:08:26.871903 [debug] [Thread-1 (]: On model.dbt_project.stg_orders: /* {"app": "dbt", "dbt_version": "1.11.7", "profile_name": "dbt_project", "target_name": "dev", "node_id": "model.dbt_project.stg_orders"} */

  
  create view "dev"."main"."stg_orders__dbt_tmp" as (
    SELECT *
FROM read_parquet('C:/DE_projects/food_del_pipeline/data/silver/orders.parquet')
  );

[0m12:08:26.873901 [debug] [Thread-1 (]: SQL status: OK in 0.001 seconds
[0m12:08:26.875917 [debug] [Thread-1 (]: Using duckdb connection "model.dbt_project.stg_orders"
[0m12:08:26.876915 [debug] [Thread-1 (]: On model.dbt_project.stg_orders: /* {"app": "dbt", "dbt_version": "1.11.7", "profile_name": "dbt_project", "target_name": "dev", "node_id": "model.dbt_project.stg_orders"} */
alter view "dev"."main"."stg_orders" rename to "stg_orders__dbt_backup"
[0m12:08:26.877907 [debug] [Thread-1 (]: SQL status: OK in 0.000 seconds
[0m12:08:26.879902 [debug] [Thread-1 (]: Using duckdb connection "model.dbt_project.stg_orders"
[0m12:08:26.880902 [debug] [Thread-1 (]: On model.dbt_project.stg_orders: /* {"app": "dbt", "dbt_version": "1.11.7", "profile_name": "dbt_project", "target_name": "dev", "node_id": "model.dbt_project.stg_orders"} */
alter view "dev"."main"."stg_orders__dbt_tmp" rename to "stg_orders"
[0m12:08:26.881902 [debug] [Thread-1 (]: SQL status: OK in 0.000 seconds
[0m12:08:26.882902 [debug] [Thread-1 (]: On model.dbt_project.stg_orders: COMMIT
[0m12:08:26.882902 [debug] [Thread-1 (]: Using duckdb connection "model.dbt_project.stg_orders"
[0m12:08:26.882902 [debug] [Thread-1 (]: On model.dbt_project.stg_orders: COMMIT
[0m12:08:26.887915 [debug] [Thread-1 (]: SQL status: OK in 0.004 seconds
[0m12:08:26.890902 [debug] [Thread-1 (]: Using duckdb connection "model.dbt_project.stg_orders"
[0m12:08:26.891901 [debug] [Thread-1 (]: On model.dbt_project.stg_orders: /* {"app": "dbt", "dbt_version": "1.11.7", "profile_name": "dbt_project", "target_name": "dev", "node_id": "model.dbt_project.stg_orders"} */

      drop view if exists "dev"."main"."stg_orders__dbt_backup" cascade
    
[0m12:08:26.896916 [debug] [Thread-1 (]: SQL status: OK in 0.005 seconds
[0m12:08:26.898901 [debug] [Thread-1 (]: On model.dbt_project.stg_orders: Close
[0m12:08:26.898901 [debug] [Thread-1 (]: Sending event: {'category': 'dbt', 'action': 'run_model', 'label': 'b6aa80c6-c18e-4950-ad7a-791702d539d2', 'context': [<snowplow_tracker.self_describing_json.SelfDescribingJson object at 0x0000021922595550>]}
[0m12:08:26.899903 [info ] [Thread-1 (]: 3 of 11 OK created sql view model main.stg_orders .............................. [[32mOK[0m in 0.04s]
[0m12:08:26.900903 [debug] [Thread-1 (]: Finished running node model.dbt_project.stg_orders
[0m12:08:26.900903 [debug] [Thread-1 (]: Began running node model.dbt_project.03_refund_drivers
[0m12:08:26.901902 [info ] [Thread-1 (]: 4 of 11 START sql view model main.03_refund_drivers ............................ [RUN]
[0m12:08:26.902901 [debug] [Thread-1 (]: Re-using an available connection from the pool (formerly model.dbt_project.stg_orders, now model.dbt_project.03_refund_drivers)
[0m12:08:26.902901 [debug] [Thread-1 (]: Began compiling node model.dbt_project.03_refund_drivers
[0m12:08:26.904902 [debug] [Thread-1 (]: Writing injected SQL for node "model.dbt_project.03_refund_drivers"
[0m12:08:26.905902 [debug] [Thread-1 (]: Began executing node model.dbt_project.03_refund_drivers
[0m12:08:26.909901 [debug] [Thread-1 (]: Writing runtime sql for node "model.dbt_project.03_refund_drivers"
[0m12:08:26.910904 [debug] [Thread-1 (]: Using duckdb connection "model.dbt_project.03_refund_drivers"
[0m12:08:26.910904 [debug] [Thread-1 (]: On model.dbt_project.03_refund_drivers: BEGIN
[0m12:08:26.911901 [debug] [Thread-1 (]: Opening a new connection, currently in state closed
[0m12:08:26.912900 [debug] [Thread-1 (]: SQL status: OK in 0.001 seconds
[0m12:08:26.912900 [debug] [Thread-1 (]: Using duckdb connection "model.dbt_project.03_refund_drivers"
[0m12:08:26.913910 [debug] [Thread-1 (]: On model.dbt_project.03_refund_drivers: /* {"app": "dbt", "dbt_version": "1.11.7", "profile_name": "dbt_project", "target_name": "dev", "node_id": "model.dbt_project.03_refund_drivers"} */

  
  create view "dev"."main"."03_refund_drivers__dbt_tmp" as (
    SELECT
    CASE
        WHEN sla_breach_flag = 1 THEN 'DELAY'
        WHEN delivery_success_flag = 0 THEN 'CANCELLATION'
        ELSE 'OTHER'
    END AS refund_reason,
    COUNT(order_id) AS total_orders,
    SUM(has_refund_flag) AS refunded_orders,
    SUM(has_refund_flag) * 1.0 / COUNT(order_id) AS refund_rate
FROM "dev"."main"."stg_order_facts"
GROUP BY refund_reason
  );

[0m12:08:26.914902 [debug] [Thread-1 (]: SQL status: OK in 0.001 seconds
[0m12:08:26.917900 [debug] [Thread-1 (]: Using duckdb connection "model.dbt_project.03_refund_drivers"
[0m12:08:26.918911 [debug] [Thread-1 (]: On model.dbt_project.03_refund_drivers: /* {"app": "dbt", "dbt_version": "1.11.7", "profile_name": "dbt_project", "target_name": "dev", "node_id": "model.dbt_project.03_refund_drivers"} */
alter view "dev"."main"."03_refund_drivers" rename to "03_refund_drivers__dbt_backup"
[0m12:08:26.919902 [debug] [Thread-1 (]: SQL status: OK in 0.000 seconds
[0m12:08:26.921902 [debug] [Thread-1 (]: Using duckdb connection "model.dbt_project.03_refund_drivers"
[0m12:08:26.921902 [debug] [Thread-1 (]: On model.dbt_project.03_refund_drivers: /* {"app": "dbt", "dbt_version": "1.11.7", "profile_name": "dbt_project", "target_name": "dev", "node_id": "model.dbt_project.03_refund_drivers"} */
alter view "dev"."main"."03_refund_drivers__dbt_tmp" rename to "03_refund_drivers"
[0m12:08:26.922901 [debug] [Thread-1 (]: SQL status: OK in 0.000 seconds
[0m12:08:26.924900 [debug] [Thread-1 (]: On model.dbt_project.03_refund_drivers: COMMIT
[0m12:08:26.924900 [debug] [Thread-1 (]: Using duckdb connection "model.dbt_project.03_refund_drivers"
[0m12:08:26.925902 [debug] [Thread-1 (]: On model.dbt_project.03_refund_drivers: COMMIT
[0m12:08:26.931900 [debug] [Thread-1 (]: SQL status: OK in 0.006 seconds
[0m12:08:26.934902 [debug] [Thread-1 (]: Using duckdb connection "model.dbt_project.03_refund_drivers"
[0m12:08:26.934902 [debug] [Thread-1 (]: On model.dbt_project.03_refund_drivers: /* {"app": "dbt", "dbt_version": "1.11.7", "profile_name": "dbt_project", "target_name": "dev", "node_id": "model.dbt_project.03_refund_drivers"} */

      drop view if exists "dev"."main"."03_refund_drivers__dbt_backup" cascade
    
[0m12:08:26.936910 [debug] [Thread-1 (]: SQL status: OK in 0.002 seconds
[0m12:08:26.938902 [debug] [Thread-1 (]: On model.dbt_project.03_refund_drivers: Close
[0m12:08:26.938902 [debug] [Thread-1 (]: Sending event: {'category': 'dbt', 'action': 'run_model', 'label': 'b6aa80c6-c18e-4950-ad7a-791702d539d2', 'context': [<snowplow_tracker.self_describing_json.SelfDescribingJson object at 0x000002192143E010>]}
[0m12:08:26.939901 [info ] [Thread-1 (]: 4 of 11 OK created sql view model main.03_refund_drivers ....................... [[32mOK[0m in 0.04s]
[0m12:08:26.940902 [debug] [Thread-1 (]: Finished running node model.dbt_project.03_refund_drivers
[0m12:08:26.940902 [debug] [Thread-1 (]: Began running node model.dbt_project.05_weekly_trends
[0m12:08:26.941907 [info ] [Thread-1 (]: 5 of 11 START sql view model main.05_weekly_trends ............................. [RUN]
[0m12:08:26.942903 [debug] [Thread-1 (]: Re-using an available connection from the pool (formerly model.dbt_project.03_refund_drivers, now model.dbt_project.05_weekly_trends)
[0m12:08:26.942903 [debug] [Thread-1 (]: Began compiling node model.dbt_project.05_weekly_trends
[0m12:08:26.944902 [debug] [Thread-1 (]: Writing injected SQL for node "model.dbt_project.05_weekly_trends"
[0m12:08:26.945901 [debug] [Thread-1 (]: Began executing node model.dbt_project.05_weekly_trends
[0m12:08:26.948904 [debug] [Thread-1 (]: Writing runtime sql for node "model.dbt_project.05_weekly_trends"
[0m12:08:26.949906 [debug] [Thread-1 (]: Using duckdb connection "model.dbt_project.05_weekly_trends"
[0m12:08:26.949906 [debug] [Thread-1 (]: On model.dbt_project.05_weekly_trends: BEGIN
[0m12:08:26.950902 [debug] [Thread-1 (]: Opening a new connection, currently in state closed
[0m12:08:26.950902 [debug] [Thread-1 (]: SQL status: OK in 0.001 seconds
[0m12:08:26.952153 [debug] [Thread-1 (]: Using duckdb connection "model.dbt_project.05_weekly_trends"
[0m12:08:26.952153 [debug] [Thread-1 (]: On model.dbt_project.05_weekly_trends: /* {"app": "dbt", "dbt_version": "1.11.7", "profile_name": "dbt_project", "target_name": "dev", "node_id": "model.dbt_project.05_weekly_trends"} */

  
  create view "dev"."main"."05_weekly_trends__dbt_tmp" as (
    SELECT
    DATE_TRUNC('week', order_date) AS week,
    COUNT(order_id) AS total_orders,
    SUM(delivery_success_flag) AS completed_orders,
    SUM(has_refund_flag) AS refunded_orders,
    SUM(sla_breach_flag) AS breached_orders,
    SUM(refund_amount) AS total_refund_amount
FROM "dev"."main"."stg_order_facts"
GROUP BY week
ORDER BY week
  );

[0m12:08:26.954161 [debug] [Thread-1 (]: SQL status: OK in 0.001 seconds
[0m12:08:26.957162 [debug] [Thread-1 (]: Using duckdb connection "model.dbt_project.05_weekly_trends"
[0m12:08:26.957162 [debug] [Thread-1 (]: On model.dbt_project.05_weekly_trends: /* {"app": "dbt", "dbt_version": "1.11.7", "profile_name": "dbt_project", "target_name": "dev", "node_id": "model.dbt_project.05_weekly_trends"} */
alter view "dev"."main"."05_weekly_trends" rename to "05_weekly_trends__dbt_backup"
[0m12:08:26.958161 [debug] [Thread-1 (]: SQL status: OK in 0.000 seconds
[0m12:08:26.961163 [debug] [Thread-1 (]: Using duckdb connection "model.dbt_project.05_weekly_trends"
[0m12:08:26.961163 [debug] [Thread-1 (]: On model.dbt_project.05_weekly_trends: /* {"app": "dbt", "dbt_version": "1.11.7", "profile_name": "dbt_project", "target_name": "dev", "node_id": "model.dbt_project.05_weekly_trends"} */
alter view "dev"."main"."05_weekly_trends__dbt_tmp" rename to "05_weekly_trends"
[0m12:08:26.962332 [debug] [Thread-1 (]: SQL status: OK in 0.000 seconds
[0m12:08:26.963338 [debug] [Thread-1 (]: On model.dbt_project.05_weekly_trends: COMMIT
[0m12:08:26.963338 [debug] [Thread-1 (]: Using duckdb connection "model.dbt_project.05_weekly_trends"
[0m12:08:26.964343 [debug] [Thread-1 (]: On model.dbt_project.05_weekly_trends: COMMIT
[0m12:08:26.966346 [debug] [Thread-1 (]: SQL status: OK in 0.002 seconds
[0m12:08:26.970345 [debug] [Thread-1 (]: Using duckdb connection "model.dbt_project.05_weekly_trends"
[0m12:08:26.971395 [debug] [Thread-1 (]: On model.dbt_project.05_weekly_trends: /* {"app": "dbt", "dbt_version": "1.11.7", "profile_name": "dbt_project", "target_name": "dev", "node_id": "model.dbt_project.05_weekly_trends"} */

      drop view if exists "dev"."main"."05_weekly_trends__dbt_backup" cascade
    
[0m12:08:26.974349 [debug] [Thread-1 (]: SQL status: OK in 0.002 seconds
[0m12:08:26.975346 [debug] [Thread-1 (]: On model.dbt_project.05_weekly_trends: Close
[0m12:08:26.976344 [debug] [Thread-1 (]: Sending event: {'category': 'dbt', 'action': 'run_model', 'label': 'b6aa80c6-c18e-4950-ad7a-791702d539d2', 'context': [<snowplow_tracker.self_describing_json.SelfDescribingJson object at 0x00000219225D2D90>]}
[0m12:08:26.977345 [info ] [Thread-1 (]: 5 of 11 OK created sql view model main.05_weekly_trends ........................ [[32mOK[0m in 0.03s]
[0m12:08:26.978344 [debug] [Thread-1 (]: Finished running node model.dbt_project.05_weekly_trends
[0m12:08:26.978849 [debug] [Thread-1 (]: Began running node model.dbt_project.int_restaurant_metrics
[0m12:08:26.978849 [info ] [Thread-1 (]: 6 of 11 START sql view model main.int_restaurant_metrics ....................... [RUN]
[0m12:08:26.979868 [debug] [Thread-1 (]: Re-using an available connection from the pool (formerly model.dbt_project.05_weekly_trends, now model.dbt_project.int_restaurant_metrics)
[0m12:08:26.980870 [debug] [Thread-1 (]: Began compiling node model.dbt_project.int_restaurant_metrics
[0m12:08:26.982860 [debug] [Thread-1 (]: Writing injected SQL for node "model.dbt_project.int_restaurant_metrics"
[0m12:08:26.983860 [debug] [Thread-1 (]: Began executing node model.dbt_project.int_restaurant_metrics
[0m12:08:26.986857 [debug] [Thread-1 (]: Writing runtime sql for node "model.dbt_project.int_restaurant_metrics"
[0m12:08:26.987858 [debug] [Thread-1 (]: Using duckdb connection "model.dbt_project.int_restaurant_metrics"
[0m12:08:26.987858 [debug] [Thread-1 (]: On model.dbt_project.int_restaurant_metrics: BEGIN
[0m12:08:26.989342 [debug] [Thread-1 (]: Opening a new connection, currently in state closed
[0m12:08:26.990349 [debug] [Thread-1 (]: SQL status: OK in 0.001 seconds
[0m12:08:26.990349 [debug] [Thread-1 (]: Using duckdb connection "model.dbt_project.int_restaurant_metrics"
[0m12:08:26.991352 [debug] [Thread-1 (]: On model.dbt_project.int_restaurant_metrics: /* {"app": "dbt", "dbt_version": "1.11.7", "profile_name": "dbt_project", "target_name": "dev", "node_id": "model.dbt_project.int_restaurant_metrics"} */

  
  create view "dev"."main"."int_restaurant_metrics__dbt_tmp" as (
    SELECT
    restaurant_id,
    city,
    COUNT(order_id) AS total_orders,
    AVG(prep_delay_minutes) AS avg_prep_delay,
    AVG(delay_minutes) AS avg_delivery_delay,
    SUM(sla_breach_flag) * 1.0 / COUNT(order_id) AS breach_rate
FROM "dev"."main"."stg_order_facts"
GROUP BY restaurant_id, city
  );

[0m12:08:26.992352 [debug] [Thread-1 (]: SQL status: OK in 0.001 seconds
[0m12:08:26.995352 [debug] [Thread-1 (]: Using duckdb connection "model.dbt_project.int_restaurant_metrics"
[0m12:08:26.996358 [debug] [Thread-1 (]: On model.dbt_project.int_restaurant_metrics: /* {"app": "dbt", "dbt_version": "1.11.7", "profile_name": "dbt_project", "target_name": "dev", "node_id": "model.dbt_project.int_restaurant_metrics"} */
alter view "dev"."main"."int_restaurant_metrics" rename to "int_restaurant_metrics__dbt_backup"
[0m12:08:26.996358 [debug] [Thread-1 (]: SQL status: OK in 0.000 seconds
[0m12:08:26.999351 [debug] [Thread-1 (]: Using duckdb connection "model.dbt_project.int_restaurant_metrics"
[0m12:08:26.999351 [debug] [Thread-1 (]: On model.dbt_project.int_restaurant_metrics: /* {"app": "dbt", "dbt_version": "1.11.7", "profile_name": "dbt_project", "target_name": "dev", "node_id": "model.dbt_project.int_restaurant_metrics"} */
alter view "dev"."main"."int_restaurant_metrics__dbt_tmp" rename to "int_restaurant_metrics"
[0m12:08:27.000351 [debug] [Thread-1 (]: SQL status: OK in 0.000 seconds
[0m12:08:27.001351 [debug] [Thread-1 (]: On model.dbt_project.int_restaurant_metrics: COMMIT
[0m12:08:27.002350 [debug] [Thread-1 (]: Using duckdb connection "model.dbt_project.int_restaurant_metrics"
[0m12:08:27.002350 [debug] [Thread-1 (]: On model.dbt_project.int_restaurant_metrics: COMMIT
[0m12:08:27.004351 [debug] [Thread-1 (]: SQL status: OK in 0.002 seconds
[0m12:08:27.007350 [debug] [Thread-1 (]: Using duckdb connection "model.dbt_project.int_restaurant_metrics"
[0m12:08:27.007350 [debug] [Thread-1 (]: On model.dbt_project.int_restaurant_metrics: /* {"app": "dbt", "dbt_version": "1.11.7", "profile_name": "dbt_project", "target_name": "dev", "node_id": "model.dbt_project.int_restaurant_metrics"} */

      drop view if exists "dev"."main"."int_restaurant_metrics__dbt_backup" cascade
    
[0m12:08:27.010351 [debug] [Thread-1 (]: SQL status: OK in 0.002 seconds
[0m12:08:27.011354 [debug] [Thread-1 (]: On model.dbt_project.int_restaurant_metrics: Close
[0m12:08:27.011354 [debug] [Thread-1 (]: Sending event: {'category': 'dbt', 'action': 'run_model', 'label': 'b6aa80c6-c18e-4950-ad7a-791702d539d2', 'context': [<snowplow_tracker.self_describing_json.SelfDescribingJson object at 0x00000219225D1B10>]}
[0m12:08:27.012352 [info ] [Thread-1 (]: 6 of 11 OK created sql view model main.int_restaurant_metrics .................. [[32mOK[0m in 0.03s]
[0m12:08:27.013350 [debug] [Thread-1 (]: Finished running node model.dbt_project.int_restaurant_metrics
[0m12:08:27.013350 [debug] [Thread-1 (]: Began running node model.dbt_project.int_rider_metrics
[0m12:08:27.014349 [info ] [Thread-1 (]: 7 of 11 START sql view model main.int_rider_metrics ............................ [RUN]
[0m12:08:27.015349 [debug] [Thread-1 (]: Re-using an available connection from the pool (formerly model.dbt_project.int_restaurant_metrics, now model.dbt_project.int_rider_metrics)
[0m12:08:27.015349 [debug] [Thread-1 (]: Began compiling node model.dbt_project.int_rider_metrics
[0m12:08:27.018349 [debug] [Thread-1 (]: Writing injected SQL for node "model.dbt_project.int_rider_metrics"
[0m12:08:27.019355 [debug] [Thread-1 (]: Began executing node model.dbt_project.int_rider_metrics
[0m12:08:27.022360 [debug] [Thread-1 (]: Writing runtime sql for node "model.dbt_project.int_rider_metrics"
[0m12:08:27.023352 [debug] [Thread-1 (]: Using duckdb connection "model.dbt_project.int_rider_metrics"
[0m12:08:27.024351 [debug] [Thread-1 (]: On model.dbt_project.int_rider_metrics: BEGIN
[0m12:08:27.024351 [debug] [Thread-1 (]: Opening a new connection, currently in state closed
[0m12:08:27.025678 [debug] [Thread-1 (]: SQL status: OK in 0.001 seconds
[0m12:08:27.025678 [debug] [Thread-1 (]: Using duckdb connection "model.dbt_project.int_rider_metrics"
[0m12:08:27.025678 [debug] [Thread-1 (]: On model.dbt_project.int_rider_metrics: /* {"app": "dbt", "dbt_version": "1.11.7", "profile_name": "dbt_project", "target_name": "dev", "node_id": "model.dbt_project.int_rider_metrics"} */

  
  create view "dev"."main"."int_rider_metrics__dbt_tmp" as (
    SELECT
    rider_id,
    COUNT(order_id) AS total_orders,
    SUM(sla_breach_flag) AS late_orders,
    SUM(delivery_success_flag) AS successful_orders,
    AVG(actual_delivery_minutes) AS avg_delivery_time,
    AVG(delay_minutes) AS avg_delay_minutes
FROM "dev"."main"."stg_order_facts"
WHERE rider_id IS NOT NULL
GROUP BY rider_id
  );

[0m12:08:27.027687 [debug] [Thread-1 (]: SQL status: OK in 0.001 seconds
[0m12:08:27.030684 [debug] [Thread-1 (]: Using duckdb connection "model.dbt_project.int_rider_metrics"
[0m12:08:27.030684 [debug] [Thread-1 (]: On model.dbt_project.int_rider_metrics: /* {"app": "dbt", "dbt_version": "1.11.7", "profile_name": "dbt_project", "target_name": "dev", "node_id": "model.dbt_project.int_rider_metrics"} */
alter view "dev"."main"."int_rider_metrics" rename to "int_rider_metrics__dbt_backup"
[0m12:08:27.031684 [debug] [Thread-1 (]: SQL status: OK in 0.000 seconds
[0m12:08:27.033686 [debug] [Thread-1 (]: Using duckdb connection "model.dbt_project.int_rider_metrics"
[0m12:08:27.034685 [debug] [Thread-1 (]: On model.dbt_project.int_rider_metrics: /* {"app": "dbt", "dbt_version": "1.11.7", "profile_name": "dbt_project", "target_name": "dev", "node_id": "model.dbt_project.int_rider_metrics"} */
alter view "dev"."main"."int_rider_metrics__dbt_tmp" rename to "int_rider_metrics"
[0m12:08:27.035686 [debug] [Thread-1 (]: SQL status: OK in 0.000 seconds
[0m12:08:27.036686 [debug] [Thread-1 (]: On model.dbt_project.int_rider_metrics: COMMIT
[0m12:08:27.036686 [debug] [Thread-1 (]: Using duckdb connection "model.dbt_project.int_rider_metrics"
[0m12:08:27.037697 [debug] [Thread-1 (]: On model.dbt_project.int_rider_metrics: COMMIT
[0m12:08:27.039714 [debug] [Thread-1 (]: SQL status: OK in 0.001 seconds
[0m12:08:27.041685 [debug] [Thread-1 (]: Using duckdb connection "model.dbt_project.int_rider_metrics"
[0m12:08:27.041685 [debug] [Thread-1 (]: On model.dbt_project.int_rider_metrics: /* {"app": "dbt", "dbt_version": "1.11.7", "profile_name": "dbt_project", "target_name": "dev", "node_id": "model.dbt_project.int_rider_metrics"} */

      drop view if exists "dev"."main"."int_rider_metrics__dbt_backup" cascade
    
[0m12:08:27.043715 [debug] [Thread-1 (]: SQL status: OK in 0.002 seconds
[0m12:08:27.044686 [debug] [Thread-1 (]: On model.dbt_project.int_rider_metrics: Close
[0m12:08:27.045684 [debug] [Thread-1 (]: Sending event: {'category': 'dbt', 'action': 'run_model', 'label': 'b6aa80c6-c18e-4950-ad7a-791702d539d2', 'context': [<snowplow_tracker.self_describing_json.SelfDescribingJson object at 0x000002192259A890>]}
[0m12:08:27.045684 [info ] [Thread-1 (]: 7 of 11 OK created sql view model main.int_rider_metrics ....................... [[32mOK[0m in 0.03s]
[0m12:08:27.047699 [debug] [Thread-1 (]: Finished running node model.dbt_project.int_rider_metrics
[0m12:08:27.047699 [debug] [Thread-1 (]: Began running node model.dbt_project.int_sla_metrics
[0m12:08:27.048691 [info ] [Thread-1 (]: 8 of 11 START sql view model main.int_sla_metrics .............................. [RUN]
[0m12:08:27.049684 [debug] [Thread-1 (]: Re-using an available connection from the pool (formerly model.dbt_project.int_rider_metrics, now model.dbt_project.int_sla_metrics)
[0m12:08:27.049684 [debug] [Thread-1 (]: Began compiling node model.dbt_project.int_sla_metrics
[0m12:08:27.053684 [debug] [Thread-1 (]: Writing injected SQL for node "model.dbt_project.int_sla_metrics"
[0m12:08:27.054685 [debug] [Thread-1 (]: Began executing node model.dbt_project.int_sla_metrics
[0m12:08:27.057029 [debug] [Thread-1 (]: Writing runtime sql for node "model.dbt_project.int_sla_metrics"
[0m12:08:27.058030 [debug] [Thread-1 (]: Using duckdb connection "model.dbt_project.int_sla_metrics"
[0m12:08:27.059029 [debug] [Thread-1 (]: On model.dbt_project.int_sla_metrics: BEGIN
[0m12:08:27.059029 [debug] [Thread-1 (]: Opening a new connection, currently in state closed
[0m12:08:27.060031 [debug] [Thread-1 (]: SQL status: OK in 0.001 seconds
[0m12:08:27.060031 [debug] [Thread-1 (]: Using duckdb connection "model.dbt_project.int_sla_metrics"
[0m12:08:27.061031 [debug] [Thread-1 (]: On model.dbt_project.int_sla_metrics: /* {"app": "dbt", "dbt_version": "1.11.7", "profile_name": "dbt_project", "target_name": "dev", "node_id": "model.dbt_project.int_sla_metrics"} */

  
  create view "dev"."main"."int_sla_metrics__dbt_tmp" as (
    WITH base AS (
    SELECT
        order_id,
        city,
        order_hour,
        actual_delivery_minutes,
        delay_minutes,
        sla_breach_flag,
        prep_delay_minutes
    FROM "dev"."main"."stg_order_facts"
)
SELECT
    *,
    
    CASE
        WHEN order_hour BETWEEN 11 AND 14 THEN 'LUNCH'
        WHEN order_hour BETWEEN 18 AND 22 THEN 'DINNER'
        ELSE 'OFF_PEAK'
    END AS time_slot,
    CASE
        WHEN delay_minutes <= 0 THEN 'ON_TIME'
        WHEN delay_minutes <= 10 THEN 'MINOR_DELAY'
        ELSE 'MAJOR_DELAY'
    END AS delay_bucket
FROM base
  );

[0m12:08:27.062031 [debug] [Thread-1 (]: SQL status: OK in 0.001 seconds
[0m12:08:27.065030 [debug] [Thread-1 (]: Using duckdb connection "model.dbt_project.int_sla_metrics"
[0m12:08:27.065030 [debug] [Thread-1 (]: On model.dbt_project.int_sla_metrics: /* {"app": "dbt", "dbt_version": "1.11.7", "profile_name": "dbt_project", "target_name": "dev", "node_id": "model.dbt_project.int_sla_metrics"} */
alter view "dev"."main"."int_sla_metrics" rename to "int_sla_metrics__dbt_backup"
[0m12:08:27.066032 [debug] [Thread-1 (]: SQL status: OK in 0.000 seconds
[0m12:08:27.069032 [debug] [Thread-1 (]: Using duckdb connection "model.dbt_project.int_sla_metrics"
[0m12:08:27.069032 [debug] [Thread-1 (]: On model.dbt_project.int_sla_metrics: /* {"app": "dbt", "dbt_version": "1.11.7", "profile_name": "dbt_project", "target_name": "dev", "node_id": "model.dbt_project.int_sla_metrics"} */
alter view "dev"."main"."int_sla_metrics__dbt_tmp" rename to "int_sla_metrics"
[0m12:08:27.070032 [debug] [Thread-1 (]: SQL status: OK in 0.000 seconds
[0m12:08:27.071350 [debug] [Thread-1 (]: On model.dbt_project.int_sla_metrics: COMMIT
[0m12:08:27.071350 [debug] [Thread-1 (]: Using duckdb connection "model.dbt_project.int_sla_metrics"
[0m12:08:27.072357 [debug] [Thread-1 (]: On model.dbt_project.int_sla_metrics: COMMIT
[0m12:08:27.074357 [debug] [Thread-1 (]: SQL status: OK in 0.001 seconds
[0m12:08:27.076358 [debug] [Thread-1 (]: Using duckdb connection "model.dbt_project.int_sla_metrics"
[0m12:08:27.076358 [debug] [Thread-1 (]: On model.dbt_project.int_sla_metrics: /* {"app": "dbt", "dbt_version": "1.11.7", "profile_name": "dbt_project", "target_name": "dev", "node_id": "model.dbt_project.int_sla_metrics"} */

      drop view if exists "dev"."main"."int_sla_metrics__dbt_backup" cascade
    
[0m12:08:27.078784 [debug] [Thread-1 (]: SQL status: OK in 0.002 seconds
[0m12:08:27.079784 [debug] [Thread-1 (]: On model.dbt_project.int_sla_metrics: Close
[0m12:08:27.080784 [debug] [Thread-1 (]: Sending event: {'category': 'dbt', 'action': 'run_model', 'label': 'b6aa80c6-c18e-4950-ad7a-791702d539d2', 'context': [<snowplow_tracker.self_describing_json.SelfDescribingJson object at 0x00000219225EFE90>]}
[0m12:08:27.080784 [info ] [Thread-1 (]: 8 of 11 OK created sql view model main.int_sla_metrics ......................... [[32mOK[0m in 0.03s]
[0m12:08:27.081785 [debug] [Thread-1 (]: Finished running node model.dbt_project.int_sla_metrics
[0m12:08:27.082784 [debug] [Thread-1 (]: Began running node model.dbt_project.02_restaurants_prep_delay
[0m12:08:27.083783 [info ] [Thread-1 (]: 9 of 11 START sql view model main.02_restaurants_prep_delay .................... [RUN]
[0m12:08:27.083783 [debug] [Thread-1 (]: Re-using an available connection from the pool (formerly model.dbt_project.int_sla_metrics, now model.dbt_project.02_restaurants_prep_delay)
[0m12:08:27.084784 [debug] [Thread-1 (]: Began compiling node model.dbt_project.02_restaurants_prep_delay
[0m12:08:27.086782 [debug] [Thread-1 (]: Writing injected SQL for node "model.dbt_project.02_restaurants_prep_delay"
[0m12:08:27.087784 [debug] [Thread-1 (]: Began executing node model.dbt_project.02_restaurants_prep_delay
[0m12:08:27.090783 [debug] [Thread-1 (]: Writing runtime sql for node "model.dbt_project.02_restaurants_prep_delay"
[0m12:08:27.090783 [debug] [Thread-1 (]: Using duckdb connection "model.dbt_project.02_restaurants_prep_delay"
[0m12:08:27.091784 [debug] [Thread-1 (]: On model.dbt_project.02_restaurants_prep_delay: BEGIN
[0m12:08:27.091784 [debug] [Thread-1 (]: Opening a new connection, currently in state closed
[0m12:08:27.092795 [debug] [Thread-1 (]: SQL status: OK in 0.001 seconds
[0m12:08:27.093784 [debug] [Thread-1 (]: Using duckdb connection "model.dbt_project.02_restaurants_prep_delay"
[0m12:08:27.094783 [debug] [Thread-1 (]: On model.dbt_project.02_restaurants_prep_delay: /* {"app": "dbt", "dbt_version": "1.11.7", "profile_name": "dbt_project", "target_name": "dev", "node_id": "model.dbt_project.02_restaurants_prep_delay"} */

  
  create view "dev"."main"."02_restaurants_prep_delay__dbt_tmp" as (
    SELECT
    restaurant_id,
    city,
    total_orders,
    avg_prep_delay,
    avg_delivery_delay,
    breach_rate
FROM "dev"."main"."int_restaurant_metrics"
ORDER BY breach_rate DESC
  );

[0m12:08:27.095784 [debug] [Thread-1 (]: SQL status: OK in 0.001 seconds
[0m12:08:27.098783 [debug] [Thread-1 (]: Using duckdb connection "model.dbt_project.02_restaurants_prep_delay"
[0m12:08:27.098783 [debug] [Thread-1 (]: On model.dbt_project.02_restaurants_prep_delay: /* {"app": "dbt", "dbt_version": "1.11.7", "profile_name": "dbt_project", "target_name": "dev", "node_id": "model.dbt_project.02_restaurants_prep_delay"} */
alter view "dev"."main"."02_restaurants_prep_delay" rename to "02_restaurants_prep_delay__dbt_backup"
[0m12:08:27.099784 [debug] [Thread-1 (]: SQL status: OK in 0.000 seconds
[0m12:08:27.102788 [debug] [Thread-1 (]: Using duckdb connection "model.dbt_project.02_restaurants_prep_delay"
[0m12:08:27.102788 [debug] [Thread-1 (]: On model.dbt_project.02_restaurants_prep_delay: /* {"app": "dbt", "dbt_version": "1.11.7", "profile_name": "dbt_project", "target_name": "dev", "node_id": "model.dbt_project.02_restaurants_prep_delay"} */
alter view "dev"."main"."02_restaurants_prep_delay__dbt_tmp" rename to "02_restaurants_prep_delay"
[0m12:08:27.103787 [debug] [Thread-1 (]: SQL status: OK in 0.000 seconds
[0m12:08:27.105787 [debug] [Thread-1 (]: On model.dbt_project.02_restaurants_prep_delay: COMMIT
[0m12:08:27.105787 [debug] [Thread-1 (]: Using duckdb connection "model.dbt_project.02_restaurants_prep_delay"
[0m12:08:27.106785 [debug] [Thread-1 (]: On model.dbt_project.02_restaurants_prep_delay: COMMIT
[0m12:08:27.108791 [debug] [Thread-1 (]: SQL status: OK in 0.002 seconds
[0m12:08:27.111784 [debug] [Thread-1 (]: Using duckdb connection "model.dbt_project.02_restaurants_prep_delay"
[0m12:08:27.112784 [debug] [Thread-1 (]: On model.dbt_project.02_restaurants_prep_delay: /* {"app": "dbt", "dbt_version": "1.11.7", "profile_name": "dbt_project", "target_name": "dev", "node_id": "model.dbt_project.02_restaurants_prep_delay"} */

      drop view if exists "dev"."main"."02_restaurants_prep_delay__dbt_backup" cascade
    
[0m12:08:27.114783 [debug] [Thread-1 (]: SQL status: OK in 0.002 seconds
[0m12:08:27.115783 [debug] [Thread-1 (]: On model.dbt_project.02_restaurants_prep_delay: Close
[0m12:08:27.116784 [debug] [Thread-1 (]: Sending event: {'category': 'dbt', 'action': 'run_model', 'label': 'b6aa80c6-c18e-4950-ad7a-791702d539d2', 'context': [<snowplow_tracker.self_describing_json.SelfDescribingJson object at 0x00000219225C9AD0>]}
[0m12:08:27.116784 [info ] [Thread-1 (]: 9 of 11 OK created sql view model main.02_restaurants_prep_delay ............... [[32mOK[0m in 0.03s]
[0m12:08:27.117784 [debug] [Thread-1 (]: Finished running node model.dbt_project.02_restaurants_prep_delay
[0m12:08:27.118782 [debug] [Thread-1 (]: Began running node model.dbt_project.04_riders_performance
[0m12:08:27.118782 [info ] [Thread-1 (]: 10 of 11 START sql view model main.04_riders_performance ....................... [RUN]
[0m12:08:27.119800 [debug] [Thread-1 (]: Re-using an available connection from the pool (formerly model.dbt_project.02_restaurants_prep_delay, now model.dbt_project.04_riders_performance)
[0m12:08:27.120827 [debug] [Thread-1 (]: Began compiling node model.dbt_project.04_riders_performance
[0m12:08:27.122807 [debug] [Thread-1 (]: Writing injected SQL for node "model.dbt_project.04_riders_performance"
[0m12:08:27.123807 [debug] [Thread-1 (]: Began executing node model.dbt_project.04_riders_performance
[0m12:08:27.127808 [debug] [Thread-1 (]: Writing runtime sql for node "model.dbt_project.04_riders_performance"
[0m12:08:27.128807 [debug] [Thread-1 (]: Using duckdb connection "model.dbt_project.04_riders_performance"
[0m12:08:27.129821 [debug] [Thread-1 (]: On model.dbt_project.04_riders_performance: BEGIN
[0m12:08:27.129821 [debug] [Thread-1 (]: Opening a new connection, currently in state closed
[0m12:08:27.130808 [debug] [Thread-1 (]: SQL status: OK in 0.001 seconds
[0m12:08:27.130808 [debug] [Thread-1 (]: Using duckdb connection "model.dbt_project.04_riders_performance"
[0m12:08:27.131808 [debug] [Thread-1 (]: On model.dbt_project.04_riders_performance: /* {"app": "dbt", "dbt_version": "1.11.7", "profile_name": "dbt_project", "target_name": "dev", "node_id": "model.dbt_project.04_riders_performance"} */

  
  create view "dev"."main"."04_riders_performance__dbt_tmp" as (
    SELECT
    rider_id,
    total_orders,
    late_orders,
    successful_orders,
    avg_delivery_time,
    avg_delay_minutes,
    late_orders * 1.0 / total_orders AS late_rate
FROM "dev"."main"."int_rider_metrics"
ORDER BY total_orders DESC
  );

[0m12:08:27.132808 [debug] [Thread-1 (]: SQL status: OK in 0.001 seconds
[0m12:08:27.135807 [debug] [Thread-1 (]: Using duckdb connection "model.dbt_project.04_riders_performance"
[0m12:08:27.135807 [debug] [Thread-1 (]: On model.dbt_project.04_riders_performance: /* {"app": "dbt", "dbt_version": "1.11.7", "profile_name": "dbt_project", "target_name": "dev", "node_id": "model.dbt_project.04_riders_performance"} */
alter view "dev"."main"."04_riders_performance" rename to "04_riders_performance__dbt_backup"
[0m12:08:27.136808 [debug] [Thread-1 (]: SQL status: OK in 0.000 seconds
[0m12:08:27.138807 [debug] [Thread-1 (]: Using duckdb connection "model.dbt_project.04_riders_performance"
[0m12:08:27.138807 [debug] [Thread-1 (]: On model.dbt_project.04_riders_performance: /* {"app": "dbt", "dbt_version": "1.11.7", "profile_name": "dbt_project", "target_name": "dev", "node_id": "model.dbt_project.04_riders_performance"} */
alter view "dev"."main"."04_riders_performance__dbt_tmp" rename to "04_riders_performance"
[0m12:08:27.139807 [debug] [Thread-1 (]: SQL status: OK in 0.000 seconds
[0m12:08:27.140821 [debug] [Thread-1 (]: On model.dbt_project.04_riders_performance: COMMIT
[0m12:08:27.141808 [debug] [Thread-1 (]: Using duckdb connection "model.dbt_project.04_riders_performance"
[0m12:08:27.141808 [debug] [Thread-1 (]: On model.dbt_project.04_riders_performance: COMMIT
[0m12:08:27.143820 [debug] [Thread-1 (]: SQL status: OK in 0.002 seconds
[0m12:08:27.145808 [debug] [Thread-1 (]: Using duckdb connection "model.dbt_project.04_riders_performance"
[0m12:08:27.146807 [debug] [Thread-1 (]: On model.dbt_project.04_riders_performance: /* {"app": "dbt", "dbt_version": "1.11.7", "profile_name": "dbt_project", "target_name": "dev", "node_id": "model.dbt_project.04_riders_performance"} */

      drop view if exists "dev"."main"."04_riders_performance__dbt_backup" cascade
    
[0m12:08:27.148808 [debug] [Thread-1 (]: SQL status: OK in 0.002 seconds
[0m12:08:27.149808 [debug] [Thread-1 (]: On model.dbt_project.04_riders_performance: Close
[0m12:08:27.149808 [debug] [Thread-1 (]: Sending event: {'category': 'dbt', 'action': 'run_model', 'label': 'b6aa80c6-c18e-4950-ad7a-791702d539d2', 'context': [<snowplow_tracker.self_describing_json.SelfDescribingJson object at 0x00000219225B8F50>]}
[0m12:08:27.150808 [info ] [Thread-1 (]: 10 of 11 OK created sql view model main.04_riders_performance .................. [[32mOK[0m in 0.03s]
[0m12:08:27.151808 [debug] [Thread-1 (]: Finished running node model.dbt_project.04_riders_performance
[0m12:08:27.151808 [debug] [Thread-1 (]: Began running node model.dbt_project.01_SLA_breach_analysis
[0m12:08:27.152807 [info ] [Thread-1 (]: 11 of 11 START sql view model main.01_SLA_breach_analysis ...................... [RUN]
[0m12:08:27.153806 [debug] [Thread-1 (]: Re-using an available connection from the pool (formerly model.dbt_project.04_riders_performance, now model.dbt_project.01_SLA_breach_analysis)
[0m12:08:27.154808 [debug] [Thread-1 (]: Began compiling node model.dbt_project.01_SLA_breach_analysis
[0m12:08:27.156807 [debug] [Thread-1 (]: Writing injected SQL for node "model.dbt_project.01_SLA_breach_analysis"
[0m12:08:27.157807 [debug] [Thread-1 (]: Began executing node model.dbt_project.01_SLA_breach_analysis
[0m12:08:27.160807 [debug] [Thread-1 (]: Writing runtime sql for node "model.dbt_project.01_SLA_breach_analysis"
[0m12:08:27.161808 [debug] [Thread-1 (]: Using duckdb connection "model.dbt_project.01_SLA_breach_analysis"
[0m12:08:27.162808 [debug] [Thread-1 (]: On model.dbt_project.01_SLA_breach_analysis: BEGIN
[0m12:08:27.162808 [debug] [Thread-1 (]: Opening a new connection, currently in state closed
[0m12:08:27.163808 [debug] [Thread-1 (]: SQL status: OK in 0.001 seconds
[0m12:08:27.163808 [debug] [Thread-1 (]: Using duckdb connection "model.dbt_project.01_SLA_breach_analysis"
[0m12:08:27.164807 [debug] [Thread-1 (]: On model.dbt_project.01_SLA_breach_analysis: /* {"app": "dbt", "dbt_version": "1.11.7", "profile_name": "dbt_project", "target_name": "dev", "node_id": "model.dbt_project.01_SLA_breach_analysis"} */

  
  create view "dev"."main"."01_SLA_breach_analysis__dbt_tmp" as (
    SELECT
    city,
    time_slot,
    COUNT(order_id) AS total_orders,
    SUM(sla_breach_flag) AS breached_orders,
    SUM(sla_breach_flag) * 1.0 / COUNT(order_id) AS breach_rate
FROM "dev"."main"."int_sla_metrics"
GROUP BY city, time_slot
  );

[0m12:08:27.165808 [debug] [Thread-1 (]: SQL status: OK in 0.001 seconds
[0m12:08:27.169806 [debug] [Thread-1 (]: Using duckdb connection "model.dbt_project.01_SLA_breach_analysis"
[0m12:08:27.169806 [debug] [Thread-1 (]: On model.dbt_project.01_SLA_breach_analysis: /* {"app": "dbt", "dbt_version": "1.11.7", "profile_name": "dbt_project", "target_name": "dev", "node_id": "model.dbt_project.01_SLA_breach_analysis"} */
alter view "dev"."main"."01_SLA_breach_analysis" rename to "01_SLA_breach_analysis__dbt_backup"
[0m12:08:27.171815 [debug] [Thread-1 (]: SQL status: OK in 0.001 seconds
[0m12:08:27.173807 [debug] [Thread-1 (]: Using duckdb connection "model.dbt_project.01_SLA_breach_analysis"
[0m12:08:27.173807 [debug] [Thread-1 (]: On model.dbt_project.01_SLA_breach_analysis: /* {"app": "dbt", "dbt_version": "1.11.7", "profile_name": "dbt_project", "target_name": "dev", "node_id": "model.dbt_project.01_SLA_breach_analysis"} */
alter view "dev"."main"."01_SLA_breach_analysis__dbt_tmp" rename to "01_SLA_breach_analysis"
[0m12:08:27.174808 [debug] [Thread-1 (]: SQL status: OK in 0.000 seconds
[0m12:08:27.176807 [debug] [Thread-1 (]: On model.dbt_project.01_SLA_breach_analysis: COMMIT
[0m12:08:27.176807 [debug] [Thread-1 (]: Using duckdb connection "model.dbt_project.01_SLA_breach_analysis"
[0m12:08:27.176807 [debug] [Thread-1 (]: On model.dbt_project.01_SLA_breach_analysis: COMMIT
[0m12:08:27.178807 [debug] [Thread-1 (]: SQL status: OK in 0.002 seconds
[0m12:08:27.180808 [debug] [Thread-1 (]: Using duckdb connection "model.dbt_project.01_SLA_breach_analysis"
[0m12:08:27.181808 [debug] [Thread-1 (]: On model.dbt_project.01_SLA_breach_analysis: /* {"app": "dbt", "dbt_version": "1.11.7", "profile_name": "dbt_project", "target_name": "dev", "node_id": "model.dbt_project.01_SLA_breach_analysis"} */

      drop view if exists "dev"."main"."01_SLA_breach_analysis__dbt_backup" cascade
    
[0m12:08:27.182816 [debug] [Thread-1 (]: SQL status: OK in 0.001 seconds
[0m12:08:27.184808 [debug] [Thread-1 (]: On model.dbt_project.01_SLA_breach_analysis: Close
[0m12:08:27.184808 [debug] [Thread-1 (]: Sending event: {'category': 'dbt', 'action': 'run_model', 'label': 'b6aa80c6-c18e-4950-ad7a-791702d539d2', 'context': [<snowplow_tracker.self_describing_json.SelfDescribingJson object at 0x0000021921531050>]}
[0m12:08:27.185806 [info ] [Thread-1 (]: 11 of 11 OK created sql view model main.01_SLA_breach_analysis ................. [[32mOK[0m in 0.03s]
[0m12:08:27.186822 [debug] [Thread-1 (]: Finished running node model.dbt_project.01_SLA_breach_analysis
[0m12:08:27.188091 [debug] [MainThread]: Using duckdb connection "master"
[0m12:08:27.188091 [debug] [MainThread]: On master: BEGIN
[0m12:08:27.189121 [debug] [MainThread]: Opening a new connection, currently in state closed
[0m12:08:27.189121 [debug] [MainThread]: SQL status: OK in 0.001 seconds
[0m12:08:27.190099 [debug] [MainThread]: On master: COMMIT
[0m12:08:27.190099 [debug] [MainThread]: Using duckdb connection "master"
[0m12:08:27.191097 [debug] [MainThread]: On master: COMMIT
[0m12:08:27.191097 [debug] [MainThread]: SQL status: OK in 0.000 seconds
[0m12:08:27.192098 [debug] [MainThread]: On master: Close
[0m12:08:27.192098 [debug] [MainThread]: Connection 'master' was properly closed.
[0m12:08:27.192098 [debug] [MainThread]: Connection 'create_dev_main' was properly closed.
[0m12:08:27.193098 [debug] [MainThread]: Connection 'list_dev_main' was properly closed.
[0m12:08:27.193098 [debug] [MainThread]: Connection 'model.dbt_project.01_SLA_breach_analysis' was properly closed.
[0m12:08:27.193098 [info ] [MainThread]: 
[0m12:08:27.194098 [info ] [MainThread]: Finished running 11 view models in 0 hours 0 minutes and 0.62 seconds (0.62s).
[0m12:08:27.196280 [debug] [MainThread]: Command end result
[0m12:08:27.216280 [debug] [MainThread]: Wrote artifact WritableManifest to C:\DE_projects\food_del_pipeline\target\manifest.json
[0m12:08:27.218280 [debug] [MainThread]: Wrote artifact SemanticManifest to C:\DE_projects\food_del_pipeline\target\semantic_manifest.json
[0m12:08:27.223280 [debug] [MainThread]: Wrote artifact RunExecutionResult to C:\DE_projects\food_del_pipeline\target\run_results.json
[0m12:08:27.224281 [info ] [MainThread]: 
[0m12:08:27.225280 [info ] [MainThread]: [32mCompleted successfully[0m
[0m12:08:27.226280 [info ] [MainThread]: 
[0m12:08:27.226280 [info ] [MainThread]: Done. PASS=11 WARN=0 ERROR=0 SKIP=0 NO-OP=0 TOTAL=11
[0m12:08:27.227280 [debug] [MainThread]: Command `dbt run` succeeded at 12:08:27.227280 after 1.37 seconds
[0m12:08:27.228280 [debug] [MainThread]: Sending event: {'category': 'dbt', 'action': 'invocation', 'label': 'end', 'context': [<snowplow_tracker.self_describing_json.SelfDescribingJson object at 0x000002191F631A50>, <snowplow_tracker.self_describing_json.SelfDescribingJson object at 0x00000219209D40D0>, <snowplow_tracker.self_describing_json.SelfDescribingJson object at 0x00000219209D5910>]}
[0m12:08:27.228280 [debug] [MainThread]: Flushing usage events
[0m12:08:29.244376 [debug] [MainThread]: An error was encountered while trying to flush usage events
[0m12:08:31.436252 [debug] [MainThread]: Sending event: {'category': 'dbt', 'action': 'invocation', 'label': 'start', 'context': [<snowplow_tracker.self_describing_json.SelfDescribingJson object at 0x0000022EA1F9AED0>, <snowplow_tracker.self_describing_json.SelfDescribingJson object at 0x0000022EA1F97C50>, <snowplow_tracker.self_describing_json.SelfDescribingJson object at 0x0000022EA1EC6390>]}


============================== 12:08:31.439610 | 1dd26f9e-586e-4148-88b9-7cd766509380 ==============================
[0m12:08:31.439610 [info ] [MainThread]: Running with dbt=1.11.7
[0m12:08:31.440579 [debug] [MainThread]: running dbt with arguments {'version_check': 'True', 'no_print': 'None', 'static_parser': 'True', 'target_path': 'None', 'warn_error_options': 'WarnErrorOptionsV2(error=[], warn=[], silence=[])', 'printer_width': '80', 'write_json': 'True', 'empty': 'None', 'log_cache_events': 'False', 'introspect': 'True', 'cache_selected_only': 'False', 'fail_fast': 'False', 'debug': 'False', 'log_format': 'default', 'partial_parse': 'True', 'send_anonymous_usage_stats': 'True', 'quiet': 'False', 'warn_error': 'None', 'profiles_dir': 'C:\\Users\\HP\\.dbt', 'indirect_selection': 'eager', 'invocation_command': 'dbt test', 'use_colors': 'True', 'use_experimental_parser': 'False', 'log_path': 'C:\\DE_projects\\food_del_pipeline\\logs'}
[0m12:08:31.636115 [debug] [MainThread]: Sending event: {'category': 'dbt', 'action': 'project_id', 'label': '1dd26f9e-586e-4148-88b9-7cd766509380', 'context': [<snowplow_tracker.self_describing_json.SelfDescribingJson object at 0x0000022EA323C550>]}
[0m12:08:31.686875 [debug] [MainThread]: Sending event: {'category': 'dbt', 'action': 'adapter_info', 'label': '1dd26f9e-586e-4148-88b9-7cd766509380', 'context': [<snowplow_tracker.self_describing_json.SelfDescribingJson object at 0x0000022E9E6ED550>]}
[0m12:08:31.687877 [info ] [MainThread]: Registered adapter: duckdb=1.10.1
[0m12:08:31.851246 [debug] [MainThread]: checksum: b80718358155fc17c3559352095564dd56ada1cc1a1c0ef2e62c857e71583775, vars: {}, profile: , target: , version: 1.11.7
[0m12:08:31.946507 [debug] [MainThread]: Partial parsing enabled: 0 files deleted, 0 files added, 0 files changed.
[0m12:08:31.947508 [debug] [MainThread]: Nothing changed, skipping partial parsing.
[0m12:08:31.947508 [debug] [MainThread]: Partial parsing enabled, no changes found, skipping parsing
[0m12:08:31.952508 [warn ] [MainThread]: [[33mWARNING[0m]: Configuration paths exist in your dbt_project.yml file which do not apply to any resources.
There are 1 unused configuration paths:
- models.dbt_project.example
[0m12:08:31.974545 [debug] [MainThread]: Sending event: {'category': 'dbt', 'action': 'load_project', 'label': '1dd26f9e-586e-4148-88b9-7cd766509380', 'context': [<snowplow_tracker.self_describing_json.SelfDescribingJson object at 0x0000022EA36948D0>]}
[0m12:08:32.053388 [debug] [MainThread]: Wrote artifact WritableManifest to C:\DE_projects\food_del_pipeline\target\manifest.json
[0m12:08:32.055371 [debug] [MainThread]: Wrote artifact SemanticManifest to C:\DE_projects\food_del_pipeline\target\semantic_manifest.json
[0m12:08:32.128213 [debug] [MainThread]: Sending event: {'category': 'dbt', 'action': 'resource_counts', 'label': '1dd26f9e-586e-4148-88b9-7cd766509380', 'context': [<snowplow_tracker.self_describing_json.SelfDescribingJson object at 0x0000022EA304ACD0>]}
[0m12:08:32.128213 [info ] [MainThread]: Found 11 models, 2 sources, 474 macros
[0m12:08:32.129258 [debug] [MainThread]: Sending event: {'category': 'dbt', 'action': 'runnable_timing', 'label': '1dd26f9e-586e-4148-88b9-7cd766509380', 'context': [<snowplow_tracker.self_describing_json.SelfDescribingJson object at 0x0000022EA36D32D0>]}
[0m12:08:32.131276 [warn ] [MainThread]: Nothing to do. Try checking your model configs and model specification args
[0m12:08:32.132844 [debug] [MainThread]: Command end result
[0m12:08:32.150357 [debug] [MainThread]: Wrote artifact WritableManifest to C:\DE_projects\food_del_pipeline\target\manifest.json
[0m12:08:32.152359 [debug] [MainThread]: Wrote artifact SemanticManifest to C:\DE_projects\food_del_pipeline\target\semantic_manifest.json
[0m12:08:32.156359 [debug] [MainThread]: Wrote artifact RunExecutionResult to C:\DE_projects\food_del_pipeline\target\run_results.json
[0m12:08:32.157358 [debug] [MainThread]: Command `dbt test` succeeded at 12:08:32.156359 after 0.79 seconds
[0m12:08:32.157358 [debug] [MainThread]: Sending event: {'category': 'dbt', 'action': 'invocation', 'label': 'end', 'context': [<snowplow_tracker.self_describing_json.SelfDescribingJson object at 0x0000022E9B40D810>, <snowplow_tracker.self_describing_json.SelfDescribingJson object at 0x0000022E9B3E7910>, <snowplow_tracker.self_describing_json.SelfDescribingJson object at 0x0000022E9B46CCD0>]}
[0m12:08:32.157358 [debug] [MainThread]: Flushing usage events
[0m12:08:33.937415 [debug] [MainThread]: An error was encountered while trying to flush usage events
[0m12:14:44.412130 [debug] [MainThread]: Sending event: {'category': 'dbt', 'action': 'invocation', 'label': 'start', 'context': [<snowplow_tracker.self_describing_json.SelfDescribingJson object at 0x00000136BB71E6D0>, <snowplow_tracker.self_describing_json.SelfDescribingJson object at 0x00000136BB4B7BD0>, <snowplow_tracker.self_describing_json.SelfDescribingJson object at 0x00000136BB4B7910>]}


============================== 12:14:44.416655 | 860377f7-cb02-459c-830d-7fafb2715ce4 ==============================
[0m12:14:44.416655 [info ] [MainThread]: Running with dbt=1.11.7
[0m12:14:44.417549 [debug] [MainThread]: running dbt with arguments {'static_parser': 'True', 'no_print': 'None', 'version_check': 'True', 'warn_error_options': 'WarnErrorOptionsV2(error=[], warn=[], silence=[])', 'target_path': 'None', 'printer_width': '80', 'write_json': 'True', 'empty': 'False', 'log_cache_events': 'False', 'introspect': 'True', 'cache_selected_only': 'False', 'fail_fast': 'False', 'debug': 'False', 'log_format': 'default', 'partial_parse': 'True', 'send_anonymous_usage_stats': 'True', 'quiet': 'False', 'warn_error': 'None', 'profiles_dir': 'C:\\Users\\HP\\.dbt', 'indirect_selection': 'eager', 'invocation_command': 'dbt run', 'use_colors': 'True', 'use_experimental_parser': 'False', 'log_path': 'C:\\DE_projects\\food_del_pipeline\\logs'}
[0m12:14:44.637102 [debug] [MainThread]: Sending event: {'category': 'dbt', 'action': 'project_id', 'label': '860377f7-cb02-459c-830d-7fafb2715ce4', 'context': [<snowplow_tracker.self_describing_json.SelfDescribingJson object at 0x00000136BC8EDA50>]}
[0m12:14:44.688116 [debug] [MainThread]: Sending event: {'category': 'dbt', 'action': 'adapter_info', 'label': '860377f7-cb02-459c-830d-7fafb2715ce4', 'context': [<snowplow_tracker.self_describing_json.SelfDescribingJson object at 0x00000136BC7B5E90>]}
[0m12:14:44.691104 [info ] [MainThread]: Registered adapter: duckdb=1.10.1
[0m12:14:44.851416 [debug] [MainThread]: checksum: b80718358155fc17c3559352095564dd56ada1cc1a1c0ef2e62c857e71583775, vars: {}, profile: , target: , version: 1.11.7
[0m12:14:44.953599 [debug] [MainThread]: Partial parsing enabled: 0 files deleted, 0 files added, 0 files changed.
[0m12:14:44.954600 [debug] [MainThread]: Nothing changed, skipping partial parsing.
[0m12:14:44.955598 [debug] [MainThread]: Partial parsing enabled, no changes found, skipping parsing
[0m12:14:44.960613 [warn ] [MainThread]: [[33mWARNING[0m]: Configuration paths exist in your dbt_project.yml file which do not apply to any resources.
There are 1 unused configuration paths:
- models.dbt_project.example
[0m12:14:44.984140 [debug] [MainThread]: Sending event: {'category': 'dbt', 'action': 'load_project', 'label': '860377f7-cb02-459c-830d-7fafb2715ce4', 'context': [<snowplow_tracker.self_describing_json.SelfDescribingJson object at 0x00000136BC8EC310>]}
[0m12:14:45.064495 [debug] [MainThread]: Wrote artifact WritableManifest to C:\DE_projects\food_del_pipeline\target\manifest.json
[0m12:14:45.066497 [debug] [MainThread]: Wrote artifact SemanticManifest to C:\DE_projects\food_del_pipeline\target\semantic_manifest.json
[0m12:14:45.086244 [debug] [MainThread]: Sending event: {'category': 'dbt', 'action': 'resource_counts', 'label': '860377f7-cb02-459c-830d-7fafb2715ce4', 'context': [<snowplow_tracker.self_describing_json.SelfDescribingJson object at 0x00000136BCEE4290>]}
[0m12:14:45.087243 [info ] [MainThread]: Found 11 models, 2 sources, 474 macros
[0m12:14:45.088243 [debug] [MainThread]: Sending event: {'category': 'dbt', 'action': 'runnable_timing', 'label': '860377f7-cb02-459c-830d-7fafb2715ce4', 'context': [<snowplow_tracker.self_describing_json.SelfDescribingJson object at 0x00000136BCEA0590>]}
[0m12:14:45.090258 [info ] [MainThread]: 
[0m12:14:45.090258 [info ] [MainThread]: Concurrency: 1 threads (target='dev')
[0m12:14:45.091243 [info ] [MainThread]: 
[0m12:14:45.091718 [debug] [MainThread]: Acquiring new duckdb connection 'master'
[0m12:14:45.095830 [debug] [ThreadPool]: Acquiring new duckdb connection 'list_dev'
[0m12:14:45.194328 [debug] [ThreadPool]: Using duckdb connection "list_dev"
[0m12:14:45.195325 [debug] [ThreadPool]: On list_dev: /* {"app": "dbt", "dbt_version": "1.11.7", "profile_name": "dbt_project", "target_name": "dev", "connection_name": "list_dev"} */

    
    select schema_name
    from system.information_schema.schemata
    
    where lower(catalog_name) = '"dev"'
    
  
  
[0m12:14:45.195325 [debug] [ThreadPool]: Opening a new connection, currently in state init
[0m12:14:45.211339 [debug] [ThreadPool]: SQL status: OK in 0.016 seconds
[0m12:14:45.212325 [debug] [ThreadPool]: On list_dev: Close
[0m12:14:45.213326 [debug] [ThreadPool]: Re-using an available connection from the pool (formerly list_dev, now create_dev_main)
[0m12:14:45.214327 [debug] [ThreadPool]: Creating schema "database: "dev"
schema: "main"
"
[0m12:14:45.219325 [debug] [ThreadPool]: Using duckdb connection "create_dev_main"
[0m12:14:45.219325 [debug] [ThreadPool]: On create_dev_main: /* {"app": "dbt", "dbt_version": "1.11.7", "profile_name": "dbt_project", "target_name": "dev", "connection_name": "create_dev_main"} */

    
        select type from duckdb_databases()
        where lower(database_name)='dev'
        and type='sqlite'
    
  
[0m12:14:45.219325 [debug] [ThreadPool]: Opening a new connection, currently in state closed
[0m12:14:45.220327 [debug] [ThreadPool]: SQL status: OK in 0.001 seconds
[0m12:14:45.221327 [debug] [ThreadPool]: Using duckdb connection "create_dev_main"
[0m12:14:45.222327 [debug] [ThreadPool]: On create_dev_main: BEGIN
[0m12:14:45.222327 [debug] [ThreadPool]: SQL status: OK in 0.000 seconds
[0m12:14:45.222327 [debug] [ThreadPool]: Using duckdb connection "create_dev_main"
[0m12:14:45.223327 [debug] [ThreadPool]: On create_dev_main: /* {"app": "dbt", "dbt_version": "1.11.7", "profile_name": "dbt_project", "target_name": "dev", "connection_name": "create_dev_main"} */

    
    
        create schema if not exists "dev"."main"
    
[0m12:14:45.223327 [debug] [ThreadPool]: SQL status: OK in 0.000 seconds
[0m12:14:45.224326 [debug] [ThreadPool]: On create_dev_main: COMMIT
[0m12:14:45.224326 [debug] [ThreadPool]: Using duckdb connection "create_dev_main"
[0m12:14:45.225327 [debug] [ThreadPool]: On create_dev_main: COMMIT
[0m12:14:45.225327 [debug] [ThreadPool]: SQL status: OK in 0.000 seconds
[0m12:14:45.225327 [debug] [ThreadPool]: On create_dev_main: Close
[0m12:14:45.227365 [debug] [ThreadPool]: Acquiring new duckdb connection 'list_dev_main'
[0m12:14:45.231326 [debug] [ThreadPool]: Using duckdb connection "list_dev_main"
[0m12:14:45.232327 [debug] [ThreadPool]: On list_dev_main: BEGIN
[0m12:14:45.232327 [debug] [ThreadPool]: Opening a new connection, currently in state init
[0m12:14:45.233327 [debug] [ThreadPool]: SQL status: OK in 0.001 seconds
[0m12:14:45.233327 [debug] [ThreadPool]: Using duckdb connection "list_dev_main"
[0m12:14:45.234327 [debug] [ThreadPool]: On list_dev_main: /* {"app": "dbt", "dbt_version": "1.11.7", "profile_name": "dbt_project", "target_name": "dev", "connection_name": "list_dev_main"} */
select
      'dev' as database,
      table_name as name,
      table_schema as schema,
      CASE table_type
        WHEN 'BASE TABLE' THEN 'table'
        WHEN 'VIEW' THEN 'view'
        WHEN 'LOCAL TEMPORARY' THEN 'table'
        END as type
    from system.information_schema.tables
    where lower(table_schema) = 'main'
    and lower(table_catalog) = 'dev'
  
[0m12:14:45.236327 [debug] [ThreadPool]: SQL status: OK in 0.003 seconds
[0m12:14:45.238326 [debug] [ThreadPool]: On list_dev_main: ROLLBACK
[0m12:14:45.238326 [debug] [ThreadPool]: Failed to rollback 'list_dev_main'
[0m12:14:45.239328 [debug] [ThreadPool]: On list_dev_main: Close
[0m12:14:45.241322 [debug] [MainThread]: Sending event: {'category': 'dbt', 'action': 'runnable_timing', 'label': '860377f7-cb02-459c-830d-7fafb2715ce4', 'context': [<snowplow_tracker.self_describing_json.SelfDescribingJson object at 0x00000136BCBC9410>]}
[0m12:14:45.241322 [debug] [MainThread]: Using duckdb connection "master"
[0m12:14:45.241322 [debug] [MainThread]: On master: BEGIN
[0m12:14:45.242340 [debug] [MainThread]: Opening a new connection, currently in state init
[0m12:14:45.242340 [debug] [MainThread]: SQL status: OK in 0.000 seconds
[0m12:14:45.243365 [debug] [MainThread]: On master: COMMIT
[0m12:14:45.243365 [debug] [MainThread]: Using duckdb connection "master"
[0m12:14:45.243365 [debug] [MainThread]: On master: COMMIT
[0m12:14:45.243365 [debug] [MainThread]: SQL status: OK in 0.000 seconds
[0m12:14:45.244575 [debug] [MainThread]: On master: Close
[0m12:14:45.247660 [debug] [Thread-1 (]: Began running node model.dbt_project.stg_delivery_timeline
[0m12:14:45.247660 [info ] [Thread-1 (]: 1 of 11 START sql view model main.stg_delivery_timeline ........................ [RUN]
[0m12:14:45.248394 [debug] [Thread-1 (]: Acquiring new duckdb connection 'model.dbt_project.stg_delivery_timeline'
[0m12:14:45.248394 [debug] [Thread-1 (]: Began compiling node model.dbt_project.stg_delivery_timeline
[0m12:14:45.254410 [debug] [Thread-1 (]: Writing injected SQL for node "model.dbt_project.stg_delivery_timeline"
[0m12:14:45.255409 [debug] [Thread-1 (]: Began executing node model.dbt_project.stg_delivery_timeline
[0m12:14:45.278589 [debug] [Thread-1 (]: Writing runtime sql for node "model.dbt_project.stg_delivery_timeline"
[0m12:14:45.279590 [debug] [Thread-1 (]: Using duckdb connection "model.dbt_project.stg_delivery_timeline"
[0m12:14:45.280591 [debug] [Thread-1 (]: On model.dbt_project.stg_delivery_timeline: BEGIN
[0m12:14:45.280591 [debug] [Thread-1 (]: Opening a new connection, currently in state init
[0m12:14:45.281591 [debug] [Thread-1 (]: SQL status: OK in 0.001 seconds
[0m12:14:45.281591 [debug] [Thread-1 (]: Using duckdb connection "model.dbt_project.stg_delivery_timeline"
[0m12:14:45.282589 [debug] [Thread-1 (]: On model.dbt_project.stg_delivery_timeline: /* {"app": "dbt", "dbt_version": "1.11.7", "profile_name": "dbt_project", "target_name": "dev", "node_id": "model.dbt_project.stg_delivery_timeline"} */

  
  create view "dev"."main"."stg_delivery_timeline__dbt_tmp" as (
    SELECT *
FROM read_parquet('C:/DE_projects/food_del_pipeline/data/silver/delivery_timeline.parquet')
  );

[0m12:14:45.283589 [debug] [Thread-1 (]: SQL status: OK in 0.001 seconds
[0m12:14:45.288590 [debug] [Thread-1 (]: Using duckdb connection "model.dbt_project.stg_delivery_timeline"
[0m12:14:45.288590 [debug] [Thread-1 (]: On model.dbt_project.stg_delivery_timeline: /* {"app": "dbt", "dbt_version": "1.11.7", "profile_name": "dbt_project", "target_name": "dev", "node_id": "model.dbt_project.stg_delivery_timeline"} */
alter view "dev"."main"."stg_delivery_timeline" rename to "stg_delivery_timeline__dbt_backup"
[0m12:14:45.289590 [debug] [Thread-1 (]: SQL status: OK in 0.000 seconds
[0m12:14:45.292591 [debug] [Thread-1 (]: Using duckdb connection "model.dbt_project.stg_delivery_timeline"
[0m12:14:45.292591 [debug] [Thread-1 (]: On model.dbt_project.stg_delivery_timeline: /* {"app": "dbt", "dbt_version": "1.11.7", "profile_name": "dbt_project", "target_name": "dev", "node_id": "model.dbt_project.stg_delivery_timeline"} */
alter view "dev"."main"."stg_delivery_timeline__dbt_tmp" rename to "stg_delivery_timeline"
[0m12:14:45.293589 [debug] [Thread-1 (]: SQL status: OK in 0.000 seconds
[0m12:14:45.303590 [debug] [Thread-1 (]: On model.dbt_project.stg_delivery_timeline: COMMIT
[0m12:14:45.304591 [debug] [Thread-1 (]: Using duckdb connection "model.dbt_project.stg_delivery_timeline"
[0m12:14:45.305590 [debug] [Thread-1 (]: On model.dbt_project.stg_delivery_timeline: COMMIT
[0m12:14:45.313424 [debug] [Thread-1 (]: SQL status: OK in 0.008 seconds
[0m12:14:45.317426 [debug] [Thread-1 (]: Using duckdb connection "model.dbt_project.stg_delivery_timeline"
[0m12:14:45.318427 [debug] [Thread-1 (]: On model.dbt_project.stg_delivery_timeline: /* {"app": "dbt", "dbt_version": "1.11.7", "profile_name": "dbt_project", "target_name": "dev", "node_id": "model.dbt_project.stg_delivery_timeline"} */

      drop view if exists "dev"."main"."stg_delivery_timeline__dbt_backup" cascade
    
[0m12:14:45.320685 [debug] [Thread-1 (]: SQL status: OK in 0.002 seconds
[0m12:14:45.322702 [debug] [Thread-1 (]: On model.dbt_project.stg_delivery_timeline: Close
[0m12:14:45.324195 [debug] [Thread-1 (]: Sending event: {'category': 'dbt', 'action': 'run_model', 'label': '860377f7-cb02-459c-830d-7fafb2715ce4', 'context': [<snowplow_tracker.self_describing_json.SelfDescribingJson object at 0x00000136BC8FB690>]}
[0m12:14:45.325224 [info ] [Thread-1 (]: 1 of 11 OK created sql view model main.stg_delivery_timeline ................... [[32mOK[0m in 0.07s]
[0m12:14:45.325224 [debug] [Thread-1 (]: Finished running node model.dbt_project.stg_delivery_timeline
[0m12:14:45.326238 [debug] [Thread-1 (]: Began running node model.dbt_project.stg_order_facts
[0m12:14:45.326238 [info ] [Thread-1 (]: 2 of 11 START sql view model main.stg_order_facts .............................. [RUN]
[0m12:14:45.327237 [debug] [Thread-1 (]: Re-using an available connection from the pool (formerly model.dbt_project.stg_delivery_timeline, now model.dbt_project.stg_order_facts)
[0m12:14:45.327237 [debug] [Thread-1 (]: Began compiling node model.dbt_project.stg_order_facts
[0m12:14:45.329228 [debug] [Thread-1 (]: Writing injected SQL for node "model.dbt_project.stg_order_facts"
[0m12:14:45.330212 [debug] [Thread-1 (]: Began executing node model.dbt_project.stg_order_facts
[0m12:14:45.332229 [debug] [Thread-1 (]: Writing runtime sql for node "model.dbt_project.stg_order_facts"
[0m12:14:45.333227 [debug] [Thread-1 (]: Using duckdb connection "model.dbt_project.stg_order_facts"
[0m12:14:45.333227 [debug] [Thread-1 (]: On model.dbt_project.stg_order_facts: BEGIN
[0m12:14:45.334494 [debug] [Thread-1 (]: Opening a new connection, currently in state closed
[0m12:14:45.334494 [debug] [Thread-1 (]: SQL status: OK in 0.001 seconds
[0m12:14:45.335520 [debug] [Thread-1 (]: Using duckdb connection "model.dbt_project.stg_order_facts"
[0m12:14:45.335520 [debug] [Thread-1 (]: On model.dbt_project.stg_order_facts: /* {"app": "dbt", "dbt_version": "1.11.7", "profile_name": "dbt_project", "target_name": "dev", "node_id": "model.dbt_project.stg_order_facts"} */

  
  create view "dev"."main"."stg_order_facts__dbt_tmp" as (
    SELECT *
FROM read_parquet('C:/DE_projects/food_del_pipeline/data/silver/order_facts.parquet')
  );

[0m12:14:45.348309 [debug] [Thread-1 (]: SQL status: OK in 0.012 seconds
[0m12:14:45.351307 [debug] [Thread-1 (]: Using duckdb connection "model.dbt_project.stg_order_facts"
[0m12:14:45.352309 [debug] [Thread-1 (]: On model.dbt_project.stg_order_facts: /* {"app": "dbt", "dbt_version": "1.11.7", "profile_name": "dbt_project", "target_name": "dev", "node_id": "model.dbt_project.stg_order_facts"} */
alter view "dev"."main"."stg_order_facts" rename to "stg_order_facts__dbt_backup"
[0m12:14:45.352309 [debug] [Thread-1 (]: SQL status: OK in 0.000 seconds
[0m12:14:45.355308 [debug] [Thread-1 (]: Using duckdb connection "model.dbt_project.stg_order_facts"
[0m12:14:45.355308 [debug] [Thread-1 (]: On model.dbt_project.stg_order_facts: /* {"app": "dbt", "dbt_version": "1.11.7", "profile_name": "dbt_project", "target_name": "dev", "node_id": "model.dbt_project.stg_order_facts"} */
alter view "dev"."main"."stg_order_facts__dbt_tmp" rename to "stg_order_facts"
[0m12:14:45.356310 [debug] [Thread-1 (]: SQL status: OK in 0.000 seconds
[0m12:14:45.357310 [debug] [Thread-1 (]: On model.dbt_project.stg_order_facts: COMMIT
[0m12:14:45.358308 [debug] [Thread-1 (]: Using duckdb connection "model.dbt_project.stg_order_facts"
[0m12:14:45.358308 [debug] [Thread-1 (]: On model.dbt_project.stg_order_facts: COMMIT
[0m12:14:45.364309 [debug] [Thread-1 (]: SQL status: OK in 0.005 seconds
[0m12:14:45.366310 [debug] [Thread-1 (]: Using duckdb connection "model.dbt_project.stg_order_facts"
[0m12:14:45.366310 [debug] [Thread-1 (]: On model.dbt_project.stg_order_facts: /* {"app": "dbt", "dbt_version": "1.11.7", "profile_name": "dbt_project", "target_name": "dev", "node_id": "model.dbt_project.stg_order_facts"} */

      drop view if exists "dev"."main"."stg_order_facts__dbt_backup" cascade
    
[0m12:14:45.371309 [debug] [Thread-1 (]: SQL status: OK in 0.004 seconds
[0m12:14:45.373309 [debug] [Thread-1 (]: On model.dbt_project.stg_order_facts: Close
[0m12:14:45.373309 [debug] [Thread-1 (]: Sending event: {'category': 'dbt', 'action': 'run_model', 'label': '860377f7-cb02-459c-830d-7fafb2715ce4', 'context': [<snowplow_tracker.self_describing_json.SelfDescribingJson object at 0x00000136BD2D2D90>]}
[0m12:14:45.374310 [info ] [Thread-1 (]: 2 of 11 OK created sql view model main.stg_order_facts ......................... [[32mOK[0m in 0.05s]
[0m12:14:45.375308 [debug] [Thread-1 (]: Finished running node model.dbt_project.stg_order_facts
[0m12:14:45.375308 [debug] [Thread-1 (]: Began running node model.dbt_project.stg_orders
[0m12:14:45.376309 [info ] [Thread-1 (]: 3 of 11 START sql view model main.stg_orders ................................... [RUN]
[0m12:14:45.377309 [debug] [Thread-1 (]: Re-using an available connection from the pool (formerly model.dbt_project.stg_order_facts, now model.dbt_project.stg_orders)
[0m12:14:45.377309 [debug] [Thread-1 (]: Began compiling node model.dbt_project.stg_orders
[0m12:14:45.379308 [debug] [Thread-1 (]: Writing injected SQL for node "model.dbt_project.stg_orders"
[0m12:14:45.379308 [debug] [Thread-1 (]: Began executing node model.dbt_project.stg_orders
[0m12:14:45.383308 [debug] [Thread-1 (]: Writing runtime sql for node "model.dbt_project.stg_orders"
[0m12:14:45.384309 [debug] [Thread-1 (]: Using duckdb connection "model.dbt_project.stg_orders"
[0m12:14:45.384309 [debug] [Thread-1 (]: On model.dbt_project.stg_orders: BEGIN
[0m12:14:45.384309 [debug] [Thread-1 (]: Opening a new connection, currently in state closed
[0m12:14:45.385308 [debug] [Thread-1 (]: SQL status: OK in 0.001 seconds
[0m12:14:45.386308 [debug] [Thread-1 (]: Using duckdb connection "model.dbt_project.stg_orders"
[0m12:14:45.386308 [debug] [Thread-1 (]: On model.dbt_project.stg_orders: /* {"app": "dbt", "dbt_version": "1.11.7", "profile_name": "dbt_project", "target_name": "dev", "node_id": "model.dbt_project.stg_orders"} */

  
  create view "dev"."main"."stg_orders__dbt_tmp" as (
    SELECT *
FROM read_parquet('C:/DE_projects/food_del_pipeline/data/silver/orders.parquet')
  );

[0m12:14:45.387309 [debug] [Thread-1 (]: SQL status: OK in 0.001 seconds
[0m12:14:45.390323 [debug] [Thread-1 (]: Using duckdb connection "model.dbt_project.stg_orders"
[0m12:14:45.391309 [debug] [Thread-1 (]: On model.dbt_project.stg_orders: /* {"app": "dbt", "dbt_version": "1.11.7", "profile_name": "dbt_project", "target_name": "dev", "node_id": "model.dbt_project.stg_orders"} */
alter view "dev"."main"."stg_orders" rename to "stg_orders__dbt_backup"
[0m12:14:45.392309 [debug] [Thread-1 (]: SQL status: OK in 0.000 seconds
[0m12:14:45.394307 [debug] [Thread-1 (]: Using duckdb connection "model.dbt_project.stg_orders"
[0m12:14:45.395309 [debug] [Thread-1 (]: On model.dbt_project.stg_orders: /* {"app": "dbt", "dbt_version": "1.11.7", "profile_name": "dbt_project", "target_name": "dev", "node_id": "model.dbt_project.stg_orders"} */
alter view "dev"."main"."stg_orders__dbt_tmp" rename to "stg_orders"
[0m12:14:45.395309 [debug] [Thread-1 (]: SQL status: OK in 0.000 seconds
[0m12:14:45.397308 [debug] [Thread-1 (]: On model.dbt_project.stg_orders: COMMIT
[0m12:14:45.397308 [debug] [Thread-1 (]: Using duckdb connection "model.dbt_project.stg_orders"
[0m12:14:45.398309 [debug] [Thread-1 (]: On model.dbt_project.stg_orders: COMMIT
[0m12:14:45.403308 [debug] [Thread-1 (]: SQL status: OK in 0.005 seconds
[0m12:14:45.407308 [debug] [Thread-1 (]: Using duckdb connection "model.dbt_project.stg_orders"
[0m12:14:45.407308 [debug] [Thread-1 (]: On model.dbt_project.stg_orders: /* {"app": "dbt", "dbt_version": "1.11.7", "profile_name": "dbt_project", "target_name": "dev", "node_id": "model.dbt_project.stg_orders"} */

      drop view if exists "dev"."main"."stg_orders__dbt_backup" cascade
    
[0m12:14:45.413309 [debug] [Thread-1 (]: SQL status: OK in 0.006 seconds
[0m12:14:45.414309 [debug] [Thread-1 (]: On model.dbt_project.stg_orders: Close
[0m12:14:45.415309 [debug] [Thread-1 (]: Sending event: {'category': 'dbt', 'action': 'run_model', 'label': '860377f7-cb02-459c-830d-7fafb2715ce4', 'context': [<snowplow_tracker.self_describing_json.SelfDescribingJson object at 0x00000136BD3679D0>]}
[0m12:14:45.416309 [info ] [Thread-1 (]: 3 of 11 OK created sql view model main.stg_orders .............................. [[32mOK[0m in 0.04s]
[0m12:14:45.416309 [debug] [Thread-1 (]: Finished running node model.dbt_project.stg_orders
[0m12:14:45.417307 [debug] [Thread-1 (]: Began running node model.dbt_project.03_refund_drivers
[0m12:14:45.417307 [info ] [Thread-1 (]: 4 of 11 START sql view model main.03_refund_drivers ............................ [RUN]
[0m12:14:45.418308 [debug] [Thread-1 (]: Re-using an available connection from the pool (formerly model.dbt_project.stg_orders, now model.dbt_project.03_refund_drivers)
[0m12:14:45.418308 [debug] [Thread-1 (]: Began compiling node model.dbt_project.03_refund_drivers
[0m12:14:45.421309 [debug] [Thread-1 (]: Writing injected SQL for node "model.dbt_project.03_refund_drivers"
[0m12:14:45.422323 [debug] [Thread-1 (]: Began executing node model.dbt_project.03_refund_drivers
[0m12:14:45.425309 [debug] [Thread-1 (]: Writing runtime sql for node "model.dbt_project.03_refund_drivers"
[0m12:14:45.426309 [debug] [Thread-1 (]: Using duckdb connection "model.dbt_project.03_refund_drivers"
[0m12:14:45.426309 [debug] [Thread-1 (]: On model.dbt_project.03_refund_drivers: BEGIN
[0m12:14:45.426309 [debug] [Thread-1 (]: Opening a new connection, currently in state closed
[0m12:14:45.427308 [debug] [Thread-1 (]: SQL status: OK in 0.001 seconds
[0m12:14:45.428309 [debug] [Thread-1 (]: Using duckdb connection "model.dbt_project.03_refund_drivers"
[0m12:14:45.428309 [debug] [Thread-1 (]: On model.dbt_project.03_refund_drivers: /* {"app": "dbt", "dbt_version": "1.11.7", "profile_name": "dbt_project", "target_name": "dev", "node_id": "model.dbt_project.03_refund_drivers"} */

  
  create view "dev"."main"."03_refund_drivers__dbt_tmp" as (
    SELECT
    CASE
        WHEN sla_breach_flag = 1 THEN 'DELAY'
        WHEN delivery_success_flag = 0 THEN 'CANCELLATION'
        ELSE 'OTHER'
    END AS refund_reason,
    COUNT(order_id) AS total_orders,
    SUM(has_refund_flag) AS refunded_orders,
    SUM(has_refund_flag) * 1.0 / COUNT(order_id) AS refund_rate
FROM "dev"."main"."stg_order_facts"
GROUP BY refund_reason
  );

[0m12:14:45.430306 [debug] [Thread-1 (]: SQL status: OK in 0.001 seconds
[0m12:14:45.433308 [debug] [Thread-1 (]: Using duckdb connection "model.dbt_project.03_refund_drivers"
[0m12:14:45.433308 [debug] [Thread-1 (]: On model.dbt_project.03_refund_drivers: /* {"app": "dbt", "dbt_version": "1.11.7", "profile_name": "dbt_project", "target_name": "dev", "node_id": "model.dbt_project.03_refund_drivers"} */
alter view "dev"."main"."03_refund_drivers" rename to "03_refund_drivers__dbt_backup"
[0m12:14:45.434307 [debug] [Thread-1 (]: SQL status: OK in 0.000 seconds
[0m12:14:45.437309 [debug] [Thread-1 (]: Using duckdb connection "model.dbt_project.03_refund_drivers"
[0m12:14:45.437309 [debug] [Thread-1 (]: On model.dbt_project.03_refund_drivers: /* {"app": "dbt", "dbt_version": "1.11.7", "profile_name": "dbt_project", "target_name": "dev", "node_id": "model.dbt_project.03_refund_drivers"} */
alter view "dev"."main"."03_refund_drivers__dbt_tmp" rename to "03_refund_drivers"
[0m12:14:45.438310 [debug] [Thread-1 (]: SQL status: OK in 0.000 seconds
[0m12:14:45.439308 [debug] [Thread-1 (]: On model.dbt_project.03_refund_drivers: COMMIT
[0m12:14:45.440309 [debug] [Thread-1 (]: Using duckdb connection "model.dbt_project.03_refund_drivers"
[0m12:14:45.440309 [debug] [Thread-1 (]: On model.dbt_project.03_refund_drivers: COMMIT
[0m12:14:45.445307 [debug] [Thread-1 (]: SQL status: OK in 0.005 seconds
[0m12:14:45.448307 [debug] [Thread-1 (]: Using duckdb connection "model.dbt_project.03_refund_drivers"
[0m12:14:45.448307 [debug] [Thread-1 (]: On model.dbt_project.03_refund_drivers: /* {"app": "dbt", "dbt_version": "1.11.7", "profile_name": "dbt_project", "target_name": "dev", "node_id": "model.dbt_project.03_refund_drivers"} */

      drop view if exists "dev"."main"."03_refund_drivers__dbt_backup" cascade
    
[0m12:14:45.454323 [debug] [Thread-1 (]: SQL status: OK in 0.006 seconds
[0m12:14:45.456319 [debug] [Thread-1 (]: On model.dbt_project.03_refund_drivers: Close
[0m12:14:45.456319 [debug] [Thread-1 (]: Sending event: {'category': 'dbt', 'action': 'run_model', 'label': '860377f7-cb02-459c-830d-7fafb2715ce4', 'context': [<snowplow_tracker.self_describing_json.SelfDescribingJson object at 0x00000136BD311850>]}
[0m12:14:45.457309 [info ] [Thread-1 (]: 4 of 11 OK created sql view model main.03_refund_drivers ....................... [[32mOK[0m in 0.04s]
[0m12:14:45.458308 [debug] [Thread-1 (]: Finished running node model.dbt_project.03_refund_drivers
[0m12:14:45.458308 [debug] [Thread-1 (]: Began running node model.dbt_project.05_weekly_trends
[0m12:14:45.459310 [info ] [Thread-1 (]: 5 of 11 START sql view model main.05_weekly_trends ............................. [RUN]
[0m12:14:45.460309 [debug] [Thread-1 (]: Re-using an available connection from the pool (formerly model.dbt_project.03_refund_drivers, now model.dbt_project.05_weekly_trends)
[0m12:14:45.460309 [debug] [Thread-1 (]: Began compiling node model.dbt_project.05_weekly_trends
[0m12:14:45.463313 [debug] [Thread-1 (]: Writing injected SQL for node "model.dbt_project.05_weekly_trends"
[0m12:14:45.463313 [debug] [Thread-1 (]: Began executing node model.dbt_project.05_weekly_trends
[0m12:14:45.466555 [debug] [Thread-1 (]: Writing runtime sql for node "model.dbt_project.05_weekly_trends"
[0m12:14:45.467554 [debug] [Thread-1 (]: Using duckdb connection "model.dbt_project.05_weekly_trends"
[0m12:14:45.467554 [debug] [Thread-1 (]: On model.dbt_project.05_weekly_trends: BEGIN
[0m12:14:45.468553 [debug] [Thread-1 (]: Opening a new connection, currently in state closed
[0m12:14:45.469553 [debug] [Thread-1 (]: SQL status: OK in 0.001 seconds
[0m12:14:45.469553 [debug] [Thread-1 (]: Using duckdb connection "model.dbt_project.05_weekly_trends"
[0m12:14:45.469553 [debug] [Thread-1 (]: On model.dbt_project.05_weekly_trends: /* {"app": "dbt", "dbt_version": "1.11.7", "profile_name": "dbt_project", "target_name": "dev", "node_id": "model.dbt_project.05_weekly_trends"} */

  
  create view "dev"."main"."05_weekly_trends__dbt_tmp" as (
    SELECT
    DATE_TRUNC('week', order_date) AS week,
    COUNT(order_id) AS total_orders,
    SUM(delivery_success_flag) AS completed_orders,
    SUM(has_refund_flag) AS refunded_orders,
    SUM(sla_breach_flag) AS breached_orders,
    SUM(refund_amount) AS total_refund_amount
FROM "dev"."main"."stg_order_facts"
GROUP BY week
ORDER BY week
  );

[0m12:14:45.471553 [debug] [Thread-1 (]: SQL status: OK in 0.001 seconds
[0m12:14:45.474553 [debug] [Thread-1 (]: Using duckdb connection "model.dbt_project.05_weekly_trends"
[0m12:14:45.474553 [debug] [Thread-1 (]: On model.dbt_project.05_weekly_trends: /* {"app": "dbt", "dbt_version": "1.11.7", "profile_name": "dbt_project", "target_name": "dev", "node_id": "model.dbt_project.05_weekly_trends"} */
alter view "dev"."main"."05_weekly_trends" rename to "05_weekly_trends__dbt_backup"
[0m12:14:45.475553 [debug] [Thread-1 (]: SQL status: OK in 0.000 seconds
[0m12:14:45.477553 [debug] [Thread-1 (]: Using duckdb connection "model.dbt_project.05_weekly_trends"
[0m12:14:45.477553 [debug] [Thread-1 (]: On model.dbt_project.05_weekly_trends: /* {"app": "dbt", "dbt_version": "1.11.7", "profile_name": "dbt_project", "target_name": "dev", "node_id": "model.dbt_project.05_weekly_trends"} */
alter view "dev"."main"."05_weekly_trends__dbt_tmp" rename to "05_weekly_trends"
[0m12:14:45.478553 [debug] [Thread-1 (]: SQL status: OK in 0.000 seconds
[0m12:14:45.479554 [debug] [Thread-1 (]: On model.dbt_project.05_weekly_trends: COMMIT
[0m12:14:45.480554 [debug] [Thread-1 (]: Using duckdb connection "model.dbt_project.05_weekly_trends"
[0m12:14:45.480554 [debug] [Thread-1 (]: On model.dbt_project.05_weekly_trends: COMMIT
[0m12:14:45.486553 [debug] [Thread-1 (]: SQL status: OK in 0.005 seconds
[0m12:14:45.489554 [debug] [Thread-1 (]: Using duckdb connection "model.dbt_project.05_weekly_trends"
[0m12:14:45.490552 [debug] [Thread-1 (]: On model.dbt_project.05_weekly_trends: /* {"app": "dbt", "dbt_version": "1.11.7", "profile_name": "dbt_project", "target_name": "dev", "node_id": "model.dbt_project.05_weekly_trends"} */

      drop view if exists "dev"."main"."05_weekly_trends__dbt_backup" cascade
    
[0m12:14:45.496552 [debug] [Thread-1 (]: SQL status: OK in 0.005 seconds
[0m12:14:45.497553 [debug] [Thread-1 (]: On model.dbt_project.05_weekly_trends: Close
[0m12:14:45.498553 [debug] [Thread-1 (]: Sending event: {'category': 'dbt', 'action': 'run_model', 'label': '860377f7-cb02-459c-830d-7fafb2715ce4', 'context': [<snowplow_tracker.self_describing_json.SelfDescribingJson object at 0x00000136BD3A06D0>]}
[0m12:14:45.499552 [info ] [Thread-1 (]: 5 of 11 OK created sql view model main.05_weekly_trends ........................ [[32mOK[0m in 0.04s]
[0m12:14:45.499552 [debug] [Thread-1 (]: Finished running node model.dbt_project.05_weekly_trends
[0m12:14:45.500554 [debug] [Thread-1 (]: Began running node model.dbt_project.int_restaurant_metrics
[0m12:14:45.500554 [info ] [Thread-1 (]: 6 of 11 START sql view model main.int_restaurant_metrics ....................... [RUN]
[0m12:14:45.501554 [debug] [Thread-1 (]: Re-using an available connection from the pool (formerly model.dbt_project.05_weekly_trends, now model.dbt_project.int_restaurant_metrics)
[0m12:14:45.502553 [debug] [Thread-1 (]: Began compiling node model.dbt_project.int_restaurant_metrics
[0m12:14:45.505556 [debug] [Thread-1 (]: Writing injected SQL for node "model.dbt_project.int_restaurant_metrics"
[0m12:14:45.505556 [debug] [Thread-1 (]: Began executing node model.dbt_project.int_restaurant_metrics
[0m12:14:45.508556 [debug] [Thread-1 (]: Writing runtime sql for node "model.dbt_project.int_restaurant_metrics"
[0m12:14:45.509556 [debug] [Thread-1 (]: Using duckdb connection "model.dbt_project.int_restaurant_metrics"
[0m12:14:45.510553 [debug] [Thread-1 (]: On model.dbt_project.int_restaurant_metrics: BEGIN
[0m12:14:45.510553 [debug] [Thread-1 (]: Opening a new connection, currently in state closed
[0m12:14:45.511559 [debug] [Thread-1 (]: SQL status: OK in 0.001 seconds
[0m12:14:45.512552 [debug] [Thread-1 (]: Using duckdb connection "model.dbt_project.int_restaurant_metrics"
[0m12:14:45.512552 [debug] [Thread-1 (]: On model.dbt_project.int_restaurant_metrics: /* {"app": "dbt", "dbt_version": "1.11.7", "profile_name": "dbt_project", "target_name": "dev", "node_id": "model.dbt_project.int_restaurant_metrics"} */

  
  create view "dev"."main"."int_restaurant_metrics__dbt_tmp" as (
    SELECT
    restaurant_id,
    city,
    COUNT(order_id) AS total_orders,
    AVG(prep_delay_minutes) AS avg_prep_delay,
    AVG(delay_minutes) AS avg_delivery_delay,
    SUM(sla_breach_flag) * 1.0 / COUNT(order_id) AS breach_rate
FROM "dev"."main"."stg_order_facts"
GROUP BY restaurant_id, city
  );

[0m12:14:45.513554 [debug] [Thread-1 (]: SQL status: OK in 0.001 seconds
[0m12:14:45.516553 [debug] [Thread-1 (]: Using duckdb connection "model.dbt_project.int_restaurant_metrics"
[0m12:14:45.517557 [debug] [Thread-1 (]: On model.dbt_project.int_restaurant_metrics: /* {"app": "dbt", "dbt_version": "1.11.7", "profile_name": "dbt_project", "target_name": "dev", "node_id": "model.dbt_project.int_restaurant_metrics"} */
alter view "dev"."main"."int_restaurant_metrics" rename to "int_restaurant_metrics__dbt_backup"
[0m12:14:45.518557 [debug] [Thread-1 (]: SQL status: OK in 0.000 seconds
[0m12:14:45.520555 [debug] [Thread-1 (]: Using duckdb connection "model.dbt_project.int_restaurant_metrics"
[0m12:14:45.521560 [debug] [Thread-1 (]: On model.dbt_project.int_restaurant_metrics: /* {"app": "dbt", "dbt_version": "1.11.7", "profile_name": "dbt_project", "target_name": "dev", "node_id": "model.dbt_project.int_restaurant_metrics"} */
alter view "dev"."main"."int_restaurant_metrics__dbt_tmp" rename to "int_restaurant_metrics"
[0m12:14:45.522554 [debug] [Thread-1 (]: SQL status: OK in 0.001 seconds
[0m12:14:45.524553 [debug] [Thread-1 (]: On model.dbt_project.int_restaurant_metrics: COMMIT
[0m12:14:45.525552 [debug] [Thread-1 (]: Using duckdb connection "model.dbt_project.int_restaurant_metrics"
[0m12:14:45.525552 [debug] [Thread-1 (]: On model.dbt_project.int_restaurant_metrics: COMMIT
[0m12:14:45.531553 [debug] [Thread-1 (]: SQL status: OK in 0.005 seconds
[0m12:14:45.533557 [debug] [Thread-1 (]: Using duckdb connection "model.dbt_project.int_restaurant_metrics"
[0m12:14:45.534568 [debug] [Thread-1 (]: On model.dbt_project.int_restaurant_metrics: /* {"app": "dbt", "dbt_version": "1.11.7", "profile_name": "dbt_project", "target_name": "dev", "node_id": "model.dbt_project.int_restaurant_metrics"} */

      drop view if exists "dev"."main"."int_restaurant_metrics__dbt_backup" cascade
    
[0m12:14:45.538554 [debug] [Thread-1 (]: SQL status: OK in 0.004 seconds
[0m12:14:45.540553 [debug] [Thread-1 (]: On model.dbt_project.int_restaurant_metrics: Close
[0m12:14:45.541554 [debug] [Thread-1 (]: Sending event: {'category': 'dbt', 'action': 'run_model', 'label': '860377f7-cb02-459c-830d-7fafb2715ce4', 'context': [<snowplow_tracker.self_describing_json.SelfDescribingJson object at 0x00000136BD3A1210>]}
[0m12:14:45.541554 [info ] [Thread-1 (]: 6 of 11 OK created sql view model main.int_restaurant_metrics .................. [[32mOK[0m in 0.04s]
[0m12:14:45.542559 [debug] [Thread-1 (]: Finished running node model.dbt_project.int_restaurant_metrics
[0m12:14:45.543554 [debug] [Thread-1 (]: Began running node model.dbt_project.int_rider_metrics
[0m12:14:45.544553 [info ] [Thread-1 (]: 7 of 11 START sql view model main.int_rider_metrics ............................ [RUN]
[0m12:14:45.544553 [debug] [Thread-1 (]: Re-using an available connection from the pool (formerly model.dbt_project.int_restaurant_metrics, now model.dbt_project.int_rider_metrics)
[0m12:14:45.545552 [debug] [Thread-1 (]: Began compiling node model.dbt_project.int_rider_metrics
[0m12:14:45.548552 [debug] [Thread-1 (]: Writing injected SQL for node "model.dbt_project.int_rider_metrics"
[0m12:14:45.549556 [debug] [Thread-1 (]: Began executing node model.dbt_project.int_rider_metrics
[0m12:14:45.553553 [debug] [Thread-1 (]: Writing runtime sql for node "model.dbt_project.int_rider_metrics"
[0m12:14:45.553553 [debug] [Thread-1 (]: Using duckdb connection "model.dbt_project.int_rider_metrics"
[0m12:14:45.554554 [debug] [Thread-1 (]: On model.dbt_project.int_rider_metrics: BEGIN
[0m12:14:45.554554 [debug] [Thread-1 (]: Opening a new connection, currently in state closed
[0m12:14:45.555554 [debug] [Thread-1 (]: SQL status: OK in 0.001 seconds
[0m12:14:45.556554 [debug] [Thread-1 (]: Using duckdb connection "model.dbt_project.int_rider_metrics"
[0m12:14:45.556554 [debug] [Thread-1 (]: On model.dbt_project.int_rider_metrics: /* {"app": "dbt", "dbt_version": "1.11.7", "profile_name": "dbt_project", "target_name": "dev", "node_id": "model.dbt_project.int_rider_metrics"} */

  
  create view "dev"."main"."int_rider_metrics__dbt_tmp" as (
    SELECT
    rider_id,
    COUNT(order_id) AS total_orders,
    SUM(sla_breach_flag) AS late_orders,
    SUM(delivery_success_flag) AS successful_orders,
    AVG(actual_delivery_minutes) AS avg_delivery_time,
    AVG(delay_minutes) AS avg_delay_minutes
FROM "dev"."main"."stg_order_facts"
WHERE rider_id IS NOT NULL
GROUP BY rider_id
  );

[0m12:14:45.558554 [debug] [Thread-1 (]: SQL status: OK in 0.001 seconds
[0m12:14:45.561561 [debug] [Thread-1 (]: Using duckdb connection "model.dbt_project.int_rider_metrics"
[0m12:14:45.561561 [debug] [Thread-1 (]: On model.dbt_project.int_rider_metrics: /* {"app": "dbt", "dbt_version": "1.11.7", "profile_name": "dbt_project", "target_name": "dev", "node_id": "model.dbt_project.int_rider_metrics"} */
alter view "dev"."main"."int_rider_metrics" rename to "int_rider_metrics__dbt_backup"
[0m12:14:45.562558 [debug] [Thread-1 (]: SQL status: OK in 0.001 seconds
[0m12:14:45.565553 [debug] [Thread-1 (]: Using duckdb connection "model.dbt_project.int_rider_metrics"
[0m12:14:45.566556 [debug] [Thread-1 (]: On model.dbt_project.int_rider_metrics: /* {"app": "dbt", "dbt_version": "1.11.7", "profile_name": "dbt_project", "target_name": "dev", "node_id": "model.dbt_project.int_rider_metrics"} */
alter view "dev"."main"."int_rider_metrics__dbt_tmp" rename to "int_rider_metrics"
[0m12:14:45.567577 [debug] [Thread-1 (]: SQL status: OK in 0.000 seconds
[0m12:14:45.569569 [debug] [Thread-1 (]: On model.dbt_project.int_rider_metrics: COMMIT
[0m12:14:45.569569 [debug] [Thread-1 (]: Using duckdb connection "model.dbt_project.int_rider_metrics"
[0m12:14:45.570567 [debug] [Thread-1 (]: On model.dbt_project.int_rider_metrics: COMMIT
[0m12:14:45.572572 [debug] [Thread-1 (]: SQL status: OK in 0.002 seconds
[0m12:14:45.574556 [debug] [Thread-1 (]: Using duckdb connection "model.dbt_project.int_rider_metrics"
[0m12:14:45.575557 [debug] [Thread-1 (]: On model.dbt_project.int_rider_metrics: /* {"app": "dbt", "dbt_version": "1.11.7", "profile_name": "dbt_project", "target_name": "dev", "node_id": "model.dbt_project.int_rider_metrics"} */

      drop view if exists "dev"."main"."int_rider_metrics__dbt_backup" cascade
    
[0m12:14:45.577553 [debug] [Thread-1 (]: SQL status: OK in 0.002 seconds
[0m12:14:45.578555 [debug] [Thread-1 (]: On model.dbt_project.int_rider_metrics: Close
[0m12:14:45.580564 [debug] [Thread-1 (]: Sending event: {'category': 'dbt', 'action': 'run_model', 'label': '860377f7-cb02-459c-830d-7fafb2715ce4', 'context': [<snowplow_tracker.self_describing_json.SelfDescribingJson object at 0x00000136BD223050>]}
[0m12:14:45.580564 [info ] [Thread-1 (]: 7 of 11 OK created sql view model main.int_rider_metrics ....................... [[32mOK[0m in 0.04s]
[0m12:14:45.581553 [debug] [Thread-1 (]: Finished running node model.dbt_project.int_rider_metrics
[0m12:14:45.582553 [debug] [Thread-1 (]: Began running node model.dbt_project.int_sla_metrics
[0m12:14:45.583552 [info ] [Thread-1 (]: 8 of 11 START sql view model main.int_sla_metrics .............................. [RUN]
[0m12:14:45.584555 [debug] [Thread-1 (]: Re-using an available connection from the pool (formerly model.dbt_project.int_rider_metrics, now model.dbt_project.int_sla_metrics)
[0m12:14:45.584555 [debug] [Thread-1 (]: Began compiling node model.dbt_project.int_sla_metrics
[0m12:14:45.588553 [debug] [Thread-1 (]: Writing injected SQL for node "model.dbt_project.int_sla_metrics"
[0m12:14:45.589554 [debug] [Thread-1 (]: Began executing node model.dbt_project.int_sla_metrics
[0m12:14:45.593554 [debug] [Thread-1 (]: Writing runtime sql for node "model.dbt_project.int_sla_metrics"
[0m12:14:45.594554 [debug] [Thread-1 (]: Using duckdb connection "model.dbt_project.int_sla_metrics"
[0m12:14:45.595554 [debug] [Thread-1 (]: On model.dbt_project.int_sla_metrics: BEGIN
[0m12:14:45.595554 [debug] [Thread-1 (]: Opening a new connection, currently in state closed
[0m12:14:45.596566 [debug] [Thread-1 (]: SQL status: OK in 0.001 seconds
[0m12:14:45.597553 [debug] [Thread-1 (]: Using duckdb connection "model.dbt_project.int_sla_metrics"
[0m12:14:45.597553 [debug] [Thread-1 (]: On model.dbt_project.int_sla_metrics: /* {"app": "dbt", "dbt_version": "1.11.7", "profile_name": "dbt_project", "target_name": "dev", "node_id": "model.dbt_project.int_sla_metrics"} */

  
  create view "dev"."main"."int_sla_metrics__dbt_tmp" as (
    WITH base AS (
    SELECT
        order_id,
        city,
        order_hour,
        actual_delivery_minutes,
        delay_minutes,
        sla_breach_flag,
        prep_delay_minutes
    FROM "dev"."main"."stg_order_facts"
)
SELECT
    *,
    
    CASE
        WHEN order_hour BETWEEN 11 AND 14 THEN 'LUNCH'
        WHEN order_hour BETWEEN 18 AND 22 THEN 'DINNER'
        ELSE 'OFF_PEAK'
    END AS time_slot,
    CASE
        WHEN delay_minutes <= 0 THEN 'ON_TIME'
        WHEN delay_minutes <= 10 THEN 'MINOR_DELAY'
        ELSE 'MAJOR_DELAY'
    END AS delay_bucket
FROM base
  );

[0m12:14:45.599554 [debug] [Thread-1 (]: SQL status: OK in 0.002 seconds
[0m12:14:45.602553 [debug] [Thread-1 (]: Using duckdb connection "model.dbt_project.int_sla_metrics"
[0m12:14:45.602553 [debug] [Thread-1 (]: On model.dbt_project.int_sla_metrics: /* {"app": "dbt", "dbt_version": "1.11.7", "profile_name": "dbt_project", "target_name": "dev", "node_id": "model.dbt_project.int_sla_metrics"} */
alter view "dev"."main"."int_sla_metrics" rename to "int_sla_metrics__dbt_backup"
[0m12:14:45.603553 [debug] [Thread-1 (]: SQL status: OK in 0.000 seconds
[0m12:14:45.606556 [debug] [Thread-1 (]: Using duckdb connection "model.dbt_project.int_sla_metrics"
[0m12:14:45.606556 [debug] [Thread-1 (]: On model.dbt_project.int_sla_metrics: /* {"app": "dbt", "dbt_version": "1.11.7", "profile_name": "dbt_project", "target_name": "dev", "node_id": "model.dbt_project.int_sla_metrics"} */
alter view "dev"."main"."int_sla_metrics__dbt_tmp" rename to "int_sla_metrics"
[0m12:14:45.607557 [debug] [Thread-1 (]: SQL status: OK in 0.000 seconds
[0m12:14:45.609554 [debug] [Thread-1 (]: On model.dbt_project.int_sla_metrics: COMMIT
[0m12:14:45.609554 [debug] [Thread-1 (]: Using duckdb connection "model.dbt_project.int_sla_metrics"
[0m12:14:45.609554 [debug] [Thread-1 (]: On model.dbt_project.int_sla_metrics: COMMIT
[0m12:14:45.612554 [debug] [Thread-1 (]: SQL status: OK in 0.002 seconds
[0m12:14:45.614552 [debug] [Thread-1 (]: Using duckdb connection "model.dbt_project.int_sla_metrics"
[0m12:14:45.614552 [debug] [Thread-1 (]: On model.dbt_project.int_sla_metrics: /* {"app": "dbt", "dbt_version": "1.11.7", "profile_name": "dbt_project", "target_name": "dev", "node_id": "model.dbt_project.int_sla_metrics"} */

      drop view if exists "dev"."main"."int_sla_metrics__dbt_backup" cascade
    
[0m12:14:45.616562 [debug] [Thread-1 (]: SQL status: OK in 0.001 seconds
[0m12:14:45.617554 [debug] [Thread-1 (]: On model.dbt_project.int_sla_metrics: Close
[0m12:14:45.618554 [debug] [Thread-1 (]: Sending event: {'category': 'dbt', 'action': 'run_model', 'label': '860377f7-cb02-459c-830d-7fafb2715ce4', 'context': [<snowplow_tracker.self_describing_json.SelfDescribingJson object at 0x00000136BD3BB650>]}
[0m12:14:45.618554 [info ] [Thread-1 (]: 8 of 11 OK created sql view model main.int_sla_metrics ......................... [[32mOK[0m in 0.03s]
[0m12:14:45.619553 [debug] [Thread-1 (]: Finished running node model.dbt_project.int_sla_metrics
[0m12:14:45.620552 [debug] [Thread-1 (]: Began running node model.dbt_project.02_restaurants_prep_delay
[0m12:14:45.620552 [info ] [Thread-1 (]: 9 of 11 START sql view model main.02_restaurants_prep_delay .................... [RUN]
[0m12:14:45.621553 [debug] [Thread-1 (]: Re-using an available connection from the pool (formerly model.dbt_project.int_sla_metrics, now model.dbt_project.02_restaurants_prep_delay)
[0m12:14:45.622554 [debug] [Thread-1 (]: Began compiling node model.dbt_project.02_restaurants_prep_delay
[0m12:14:45.624564 [debug] [Thread-1 (]: Writing injected SQL for node "model.dbt_project.02_restaurants_prep_delay"
[0m12:14:45.625554 [debug] [Thread-1 (]: Began executing node model.dbt_project.02_restaurants_prep_delay
[0m12:14:45.628553 [debug] [Thread-1 (]: Writing runtime sql for node "model.dbt_project.02_restaurants_prep_delay"
[0m12:14:45.629553 [debug] [Thread-1 (]: Using duckdb connection "model.dbt_project.02_restaurants_prep_delay"
[0m12:14:45.629553 [debug] [Thread-1 (]: On model.dbt_project.02_restaurants_prep_delay: BEGIN
[0m12:14:45.630570 [debug] [Thread-1 (]: Opening a new connection, currently in state closed
[0m12:14:45.630570 [debug] [Thread-1 (]: SQL status: OK in 0.001 seconds
[0m12:14:45.631554 [debug] [Thread-1 (]: Using duckdb connection "model.dbt_project.02_restaurants_prep_delay"
[0m12:14:45.632554 [debug] [Thread-1 (]: On model.dbt_project.02_restaurants_prep_delay: /* {"app": "dbt", "dbt_version": "1.11.7", "profile_name": "dbt_project", "target_name": "dev", "node_id": "model.dbt_project.02_restaurants_prep_delay"} */

  
  create view "dev"."main"."02_restaurants_prep_delay__dbt_tmp" as (
    SELECT
    restaurant_id,
    city,
    total_orders,
    avg_prep_delay,
    avg_delivery_delay,
    breach_rate
FROM "dev"."main"."int_restaurant_metrics"
ORDER BY breach_rate DESC
  );

[0m12:14:45.634553 [debug] [Thread-1 (]: SQL status: OK in 0.001 seconds
[0m12:14:45.636553 [debug] [Thread-1 (]: Using duckdb connection "model.dbt_project.02_restaurants_prep_delay"
[0m12:14:45.637553 [debug] [Thread-1 (]: On model.dbt_project.02_restaurants_prep_delay: /* {"app": "dbt", "dbt_version": "1.11.7", "profile_name": "dbt_project", "target_name": "dev", "node_id": "model.dbt_project.02_restaurants_prep_delay"} */
alter view "dev"."main"."02_restaurants_prep_delay" rename to "02_restaurants_prep_delay__dbt_backup"
[0m12:14:45.637553 [debug] [Thread-1 (]: SQL status: OK in 0.000 seconds
[0m12:14:45.640554 [debug] [Thread-1 (]: Using duckdb connection "model.dbt_project.02_restaurants_prep_delay"
[0m12:14:45.640554 [debug] [Thread-1 (]: On model.dbt_project.02_restaurants_prep_delay: /* {"app": "dbt", "dbt_version": "1.11.7", "profile_name": "dbt_project", "target_name": "dev", "node_id": "model.dbt_project.02_restaurants_prep_delay"} */
alter view "dev"."main"."02_restaurants_prep_delay__dbt_tmp" rename to "02_restaurants_prep_delay"
[0m12:14:45.641552 [debug] [Thread-1 (]: SQL status: OK in 0.000 seconds
[0m12:14:45.643556 [debug] [Thread-1 (]: On model.dbt_project.02_restaurants_prep_delay: COMMIT
[0m12:14:45.643556 [debug] [Thread-1 (]: Using duckdb connection "model.dbt_project.02_restaurants_prep_delay"
[0m12:14:45.644554 [debug] [Thread-1 (]: On model.dbt_project.02_restaurants_prep_delay: COMMIT
[0m12:14:45.646856 [debug] [Thread-1 (]: SQL status: OK in 0.002 seconds
[0m12:14:45.647855 [debug] [Thread-1 (]: Using duckdb connection "model.dbt_project.02_restaurants_prep_delay"
[0m12:14:45.648854 [debug] [Thread-1 (]: On model.dbt_project.02_restaurants_prep_delay: /* {"app": "dbt", "dbt_version": "1.11.7", "profile_name": "dbt_project", "target_name": "dev", "node_id": "model.dbt_project.02_restaurants_prep_delay"} */

      drop view if exists "dev"."main"."02_restaurants_prep_delay__dbt_backup" cascade
    
[0m12:14:45.650855 [debug] [Thread-1 (]: SQL status: OK in 0.002 seconds
[0m12:14:45.651853 [debug] [Thread-1 (]: On model.dbt_project.02_restaurants_prep_delay: Close
[0m12:14:45.652854 [debug] [Thread-1 (]: Sending event: {'category': 'dbt', 'action': 'run_model', 'label': '860377f7-cb02-459c-830d-7fafb2715ce4', 'context': [<snowplow_tracker.self_describing_json.SelfDescribingJson object at 0x00000136BD2DC350>]}
[0m12:14:45.653860 [info ] [Thread-1 (]: 9 of 11 OK created sql view model main.02_restaurants_prep_delay ............... [[32mOK[0m in 0.03s]
[0m12:14:45.653860 [debug] [Thread-1 (]: Finished running node model.dbt_project.02_restaurants_prep_delay
[0m12:14:45.654855 [debug] [Thread-1 (]: Began running node model.dbt_project.04_riders_performance
[0m12:14:45.654855 [info ] [Thread-1 (]: 10 of 11 START sql view model main.04_riders_performance ....................... [RUN]
[0m12:14:45.655854 [debug] [Thread-1 (]: Re-using an available connection from the pool (formerly model.dbt_project.02_restaurants_prep_delay, now model.dbt_project.04_riders_performance)
[0m12:14:45.656854 [debug] [Thread-1 (]: Began compiling node model.dbt_project.04_riders_performance
[0m12:14:45.659859 [debug] [Thread-1 (]: Writing injected SQL for node "model.dbt_project.04_riders_performance"
[0m12:14:45.660860 [debug] [Thread-1 (]: Began executing node model.dbt_project.04_riders_performance
[0m12:14:45.664856 [debug] [Thread-1 (]: Writing runtime sql for node "model.dbt_project.04_riders_performance"
[0m12:14:45.665858 [debug] [Thread-1 (]: Using duckdb connection "model.dbt_project.04_riders_performance"
[0m12:14:45.666856 [debug] [Thread-1 (]: On model.dbt_project.04_riders_performance: BEGIN
[0m12:14:45.666856 [debug] [Thread-1 (]: Opening a new connection, currently in state closed
[0m12:14:45.667858 [debug] [Thread-1 (]: SQL status: OK in 0.001 seconds
[0m12:14:45.667858 [debug] [Thread-1 (]: Using duckdb connection "model.dbt_project.04_riders_performance"
[0m12:14:45.668855 [debug] [Thread-1 (]: On model.dbt_project.04_riders_performance: /* {"app": "dbt", "dbt_version": "1.11.7", "profile_name": "dbt_project", "target_name": "dev", "node_id": "model.dbt_project.04_riders_performance"} */

  
  create view "dev"."main"."04_riders_performance__dbt_tmp" as (
    SELECT
    rider_id,
    total_orders,
    late_orders,
    successful_orders,
    avg_delivery_time,
    avg_delay_minutes,
    late_orders * 1.0 / total_orders AS late_rate
FROM "dev"."main"."int_rider_metrics"
ORDER BY total_orders DESC
  );

[0m12:14:45.669856 [debug] [Thread-1 (]: SQL status: OK in 0.001 seconds
[0m12:14:45.673855 [debug] [Thread-1 (]: Using duckdb connection "model.dbt_project.04_riders_performance"
[0m12:14:45.673855 [debug] [Thread-1 (]: On model.dbt_project.04_riders_performance: /* {"app": "dbt", "dbt_version": "1.11.7", "profile_name": "dbt_project", "target_name": "dev", "node_id": "model.dbt_project.04_riders_performance"} */
alter view "dev"."main"."04_riders_performance" rename to "04_riders_performance__dbt_backup"
[0m12:14:45.674856 [debug] [Thread-1 (]: SQL status: OK in 0.000 seconds
[0m12:14:45.676856 [debug] [Thread-1 (]: Using duckdb connection "model.dbt_project.04_riders_performance"
[0m12:14:45.677854 [debug] [Thread-1 (]: On model.dbt_project.04_riders_performance: /* {"app": "dbt", "dbt_version": "1.11.7", "profile_name": "dbt_project", "target_name": "dev", "node_id": "model.dbt_project.04_riders_performance"} */
alter view "dev"."main"."04_riders_performance__dbt_tmp" rename to "04_riders_performance"
[0m12:14:45.677854 [debug] [Thread-1 (]: SQL status: OK in 0.000 seconds
[0m12:14:45.679856 [debug] [Thread-1 (]: On model.dbt_project.04_riders_performance: COMMIT
[0m12:14:45.679856 [debug] [Thread-1 (]: Using duckdb connection "model.dbt_project.04_riders_performance"
[0m12:14:45.679856 [debug] [Thread-1 (]: On model.dbt_project.04_riders_performance: COMMIT
[0m12:14:45.682858 [debug] [Thread-1 (]: SQL status: OK in 0.002 seconds
[0m12:14:45.684855 [debug] [Thread-1 (]: Using duckdb connection "model.dbt_project.04_riders_performance"
[0m12:14:45.685854 [debug] [Thread-1 (]: On model.dbt_project.04_riders_performance: /* {"app": "dbt", "dbt_version": "1.11.7", "profile_name": "dbt_project", "target_name": "dev", "node_id": "model.dbt_project.04_riders_performance"} */

      drop view if exists "dev"."main"."04_riders_performance__dbt_backup" cascade
    
[0m12:14:45.687856 [debug] [Thread-1 (]: SQL status: OK in 0.002 seconds
[0m12:14:45.688855 [debug] [Thread-1 (]: On model.dbt_project.04_riders_performance: Close
[0m12:14:45.689856 [debug] [Thread-1 (]: Sending event: {'category': 'dbt', 'action': 'run_model', 'label': '860377f7-cb02-459c-830d-7fafb2715ce4', 'context': [<snowplow_tracker.self_describing_json.SelfDescribingJson object at 0x00000136BD3E1710>]}
[0m12:14:45.689856 [info ] [Thread-1 (]: 10 of 11 OK created sql view model main.04_riders_performance .................. [[32mOK[0m in 0.03s]
[0m12:14:45.690855 [debug] [Thread-1 (]: Finished running node model.dbt_project.04_riders_performance
[0m12:14:45.691854 [debug] [Thread-1 (]: Began running node model.dbt_project.01_SLA_breach_analysis
[0m12:14:45.691854 [info ] [Thread-1 (]: 11 of 11 START sql view model main.01_SLA_breach_analysis ...................... [RUN]
[0m12:14:45.692860 [debug] [Thread-1 (]: Re-using an available connection from the pool (formerly model.dbt_project.04_riders_performance, now model.dbt_project.01_SLA_breach_analysis)
[0m12:14:45.693855 [debug] [Thread-1 (]: Began compiling node model.dbt_project.01_SLA_breach_analysis
[0m12:14:45.695859 [debug] [Thread-1 (]: Writing injected SQL for node "model.dbt_project.01_SLA_breach_analysis"
[0m12:14:45.696855 [debug] [Thread-1 (]: Began executing node model.dbt_project.01_SLA_breach_analysis
[0m12:14:45.699854 [debug] [Thread-1 (]: Writing runtime sql for node "model.dbt_project.01_SLA_breach_analysis"
[0m12:14:45.700855 [debug] [Thread-1 (]: Using duckdb connection "model.dbt_project.01_SLA_breach_analysis"
[0m12:14:45.700855 [debug] [Thread-1 (]: On model.dbt_project.01_SLA_breach_analysis: BEGIN
[0m12:14:45.701855 [debug] [Thread-1 (]: Opening a new connection, currently in state closed
[0m12:14:45.701855 [debug] [Thread-1 (]: SQL status: OK in 0.001 seconds
[0m12:14:45.702855 [debug] [Thread-1 (]: Using duckdb connection "model.dbt_project.01_SLA_breach_analysis"
[0m12:14:45.702855 [debug] [Thread-1 (]: On model.dbt_project.01_SLA_breach_analysis: /* {"app": "dbt", "dbt_version": "1.11.7", "profile_name": "dbt_project", "target_name": "dev", "node_id": "model.dbt_project.01_SLA_breach_analysis"} */

  
  create view "dev"."main"."01_SLA_breach_analysis__dbt_tmp" as (
    SELECT
    city,
    time_slot,
    COUNT(order_id) AS total_orders,
    SUM(sla_breach_flag) AS breached_orders,
    SUM(sla_breach_flag) * 1.0 / COUNT(order_id) AS breach_rate
FROM "dev"."main"."int_sla_metrics"
GROUP BY city, time_slot
  );

[0m12:14:45.704855 [debug] [Thread-1 (]: SQL status: OK in 0.001 seconds
[0m12:14:45.707854 [debug] [Thread-1 (]: Using duckdb connection "model.dbt_project.01_SLA_breach_analysis"
[0m12:14:45.707854 [debug] [Thread-1 (]: On model.dbt_project.01_SLA_breach_analysis: /* {"app": "dbt", "dbt_version": "1.11.7", "profile_name": "dbt_project", "target_name": "dev", "node_id": "model.dbt_project.01_SLA_breach_analysis"} */
alter view "dev"."main"."01_SLA_breach_analysis" rename to "01_SLA_breach_analysis__dbt_backup"
[0m12:14:45.708856 [debug] [Thread-1 (]: SQL status: OK in 0.000 seconds
[0m12:14:45.712015 [debug] [Thread-1 (]: Using duckdb connection "model.dbt_project.01_SLA_breach_analysis"
[0m12:14:45.712015 [debug] [Thread-1 (]: On model.dbt_project.01_SLA_breach_analysis: /* {"app": "dbt", "dbt_version": "1.11.7", "profile_name": "dbt_project", "target_name": "dev", "node_id": "model.dbt_project.01_SLA_breach_analysis"} */
alter view "dev"."main"."01_SLA_breach_analysis__dbt_tmp" rename to "01_SLA_breach_analysis"
[0m12:14:45.714037 [debug] [Thread-1 (]: SQL status: OK in 0.001 seconds
[0m12:14:45.715021 [debug] [Thread-1 (]: On model.dbt_project.01_SLA_breach_analysis: COMMIT
[0m12:14:45.716022 [debug] [Thread-1 (]: Using duckdb connection "model.dbt_project.01_SLA_breach_analysis"
[0m12:14:45.716022 [debug] [Thread-1 (]: On model.dbt_project.01_SLA_breach_analysis: COMMIT
[0m12:14:45.718020 [debug] [Thread-1 (]: SQL status: OK in 0.002 seconds
[0m12:14:45.721022 [debug] [Thread-1 (]: Using duckdb connection "model.dbt_project.01_SLA_breach_analysis"
[0m12:14:45.721022 [debug] [Thread-1 (]: On model.dbt_project.01_SLA_breach_analysis: /* {"app": "dbt", "dbt_version": "1.11.7", "profile_name": "dbt_project", "target_name": "dev", "node_id": "model.dbt_project.01_SLA_breach_analysis"} */

      drop view if exists "dev"."main"."01_SLA_breach_analysis__dbt_backup" cascade
    
[0m12:14:45.723022 [debug] [Thread-1 (]: SQL status: OK in 0.001 seconds
[0m12:14:45.725026 [debug] [Thread-1 (]: On model.dbt_project.01_SLA_breach_analysis: Close
[0m12:14:45.725026 [debug] [Thread-1 (]: Sending event: {'category': 'dbt', 'action': 'run_model', 'label': '860377f7-cb02-459c-830d-7fafb2715ce4', 'context': [<snowplow_tracker.self_describing_json.SelfDescribingJson object at 0x00000136BCF1CF90>]}
[0m12:14:45.726020 [info ] [Thread-1 (]: 11 of 11 OK created sql view model main.01_SLA_breach_analysis ................. [[32mOK[0m in 0.03s]
[0m12:14:45.727021 [debug] [Thread-1 (]: Finished running node model.dbt_project.01_SLA_breach_analysis
[0m12:14:45.728021 [debug] [MainThread]: Using duckdb connection "master"
[0m12:14:45.729021 [debug] [MainThread]: On master: BEGIN
[0m12:14:45.729021 [debug] [MainThread]: Opening a new connection, currently in state closed
[0m12:14:45.730020 [debug] [MainThread]: SQL status: OK in 0.001 seconds
[0m12:14:45.730020 [debug] [MainThread]: On master: COMMIT
[0m12:14:45.731020 [debug] [MainThread]: Using duckdb connection "master"
[0m12:14:45.731020 [debug] [MainThread]: On master: COMMIT
[0m12:14:45.732023 [debug] [MainThread]: SQL status: OK in 0.000 seconds
[0m12:14:45.732023 [debug] [MainThread]: On master: Close
[0m12:14:45.733021 [debug] [MainThread]: Connection 'master' was properly closed.
[0m12:14:45.733021 [debug] [MainThread]: Connection 'create_dev_main' was properly closed.
[0m12:14:45.734022 [debug] [MainThread]: Connection 'list_dev_main' was properly closed.
[0m12:14:45.734022 [debug] [MainThread]: Connection 'model.dbt_project.01_SLA_breach_analysis' was properly closed.
[0m12:14:45.734022 [info ] [MainThread]: 
[0m12:14:45.735021 [info ] [MainThread]: Finished running 11 view models in 0 hours 0 minutes and 0.64 seconds (0.64s).
[0m12:14:45.737022 [debug] [MainThread]: Command end result
[0m12:14:45.756036 [debug] [MainThread]: Wrote artifact WritableManifest to C:\DE_projects\food_del_pipeline\target\manifest.json
[0m12:14:45.758019 [debug] [MainThread]: Wrote artifact SemanticManifest to C:\DE_projects\food_del_pipeline\target\semantic_manifest.json
[0m12:14:45.763037 [debug] [MainThread]: Wrote artifact RunExecutionResult to C:\DE_projects\food_del_pipeline\target\run_results.json
[0m12:14:45.764023 [info ] [MainThread]: 
[0m12:14:45.765025 [info ] [MainThread]: [32mCompleted successfully[0m
[0m12:14:45.766023 [info ] [MainThread]: 
[0m12:14:45.766023 [info ] [MainThread]: Done. PASS=11 WARN=0 ERROR=0 SKIP=0 NO-OP=0 TOTAL=11
[0m12:14:45.768021 [debug] [MainThread]: Command `dbt run` succeeded at 12:14:45.768021 after 1.43 seconds
[0m12:14:45.768021 [debug] [MainThread]: Sending event: {'category': 'dbt', 'action': 'invocation', 'label': 'end', 'context': [<snowplow_tracker.self_describing_json.SelfDescribingJson object at 0x00000136B4B47950>, <snowplow_tracker.self_describing_json.SelfDescribingJson object at 0x00000136B4B47910>, <snowplow_tracker.self_describing_json.SelfDescribingJson object at 0x00000136B4BCCCD0>]}
[0m12:14:45.769027 [debug] [MainThread]: Flushing usage events
[0m12:14:47.602478 [debug] [MainThread]: An error was encountered while trying to flush usage events
[0m12:14:49.612166 [debug] [MainThread]: Sending event: {'category': 'dbt', 'action': 'invocation', 'label': 'start', 'context': [<snowplow_tracker.self_describing_json.SelfDescribingJson object at 0x000001F3B169AF10>, <snowplow_tracker.self_describing_json.SelfDescribingJson object at 0x000001F3B144C050>, <snowplow_tracker.self_describing_json.SelfDescribingJson object at 0x000001F3B169A990>]}


============================== 12:14:49.616297 | 22b434fe-f473-4c70-80c4-f8c1cc0d087a ==============================
[0m12:14:49.616297 [info ] [MainThread]: Running with dbt=1.11.7
[0m12:14:49.617813 [debug] [MainThread]: running dbt with arguments {'version_check': 'True', 'no_print': 'None', 'static_parser': 'True', 'target_path': 'None', 'warn_error_options': 'WarnErrorOptionsV2(error=[], warn=[], silence=[])', 'printer_width': '80', 'write_json': 'True', 'empty': 'None', 'log_cache_events': 'False', 'introspect': 'True', 'cache_selected_only': 'False', 'log_format': 'default', 'debug': 'False', 'fail_fast': 'False', 'profiles_dir': 'C:\\Users\\HP\\.dbt', 'send_anonymous_usage_stats': 'True', 'quiet': 'False', 'warn_error': 'None', 'partial_parse': 'True', 'indirect_selection': 'eager', 'use_colors': 'True', 'invocation_command': 'dbt test', 'use_experimental_parser': 'False', 'log_path': 'C:\\DE_projects\\food_del_pipeline\\logs'}
[0m12:14:49.804652 [debug] [MainThread]: Sending event: {'category': 'dbt', 'action': 'project_id', 'label': '22b434fe-f473-4c70-80c4-f8c1cc0d087a', 'context': [<snowplow_tracker.self_describing_json.SelfDescribingJson object at 0x000001F3B272FBD0>]}
[0m12:14:49.857558 [debug] [MainThread]: Sending event: {'category': 'dbt', 'action': 'adapter_info', 'label': '22b434fe-f473-4c70-80c4-f8c1cc0d087a', 'context': [<snowplow_tracker.self_describing_json.SelfDescribingJson object at 0x000001F3ADE4F990>]}
[0m12:14:49.860634 [info ] [MainThread]: Registered adapter: duckdb=1.10.1
[0m12:14:50.024297 [debug] [MainThread]: checksum: b80718358155fc17c3559352095564dd56ada1cc1a1c0ef2e62c857e71583775, vars: {}, profile: , target: , version: 1.11.7
[0m12:14:50.122332 [debug] [MainThread]: Partial parsing enabled: 0 files deleted, 0 files added, 0 files changed.
[0m12:14:50.123334 [debug] [MainThread]: Nothing changed, skipping partial parsing.
[0m12:14:50.123334 [debug] [MainThread]: Partial parsing enabled, no changes found, skipping parsing
[0m12:14:50.128333 [warn ] [MainThread]: [[33mWARNING[0m]: Configuration paths exist in your dbt_project.yml file which do not apply to any resources.
There are 1 unused configuration paths:
- models.dbt_project.example
[0m12:14:50.150334 [debug] [MainThread]: Sending event: {'category': 'dbt', 'action': 'load_project', 'label': '22b434fe-f473-4c70-80c4-f8c1cc0d087a', 'context': [<snowplow_tracker.self_describing_json.SelfDescribingJson object at 0x000001F3B2D94510>]}
[0m12:14:50.230681 [debug] [MainThread]: Wrote artifact WritableManifest to C:\DE_projects\food_del_pipeline\target\manifest.json
[0m12:14:50.232684 [debug] [MainThread]: Wrote artifact SemanticManifest to C:\DE_projects\food_del_pipeline\target\semantic_manifest.json
[0m12:14:50.304897 [debug] [MainThread]: Sending event: {'category': 'dbt', 'action': 'resource_counts', 'label': '22b434fe-f473-4c70-80c4-f8c1cc0d087a', 'context': [<snowplow_tracker.self_describing_json.SelfDescribingJson object at 0x000001F3AD55E550>]}
[0m12:14:50.305903 [info ] [MainThread]: Found 11 models, 2 sources, 474 macros
[0m12:14:50.305903 [debug] [MainThread]: Sending event: {'category': 'dbt', 'action': 'runnable_timing', 'label': '22b434fe-f473-4c70-80c4-f8c1cc0d087a', 'context': [<snowplow_tracker.self_describing_json.SelfDescribingJson object at 0x000001F3B296FD90>]}
[0m12:14:50.308219 [warn ] [MainThread]: Nothing to do. Try checking your model configs and model specification args
[0m12:14:50.310218 [debug] [MainThread]: Command end result
[0m12:14:50.327883 [debug] [MainThread]: Wrote artifact WritableManifest to C:\DE_projects\food_del_pipeline\target\manifest.json
[0m12:14:50.330884 [debug] [MainThread]: Wrote artifact SemanticManifest to C:\DE_projects\food_del_pipeline\target\semantic_manifest.json
[0m12:14:50.332885 [debug] [MainThread]: Wrote artifact RunExecutionResult to C:\DE_projects\food_del_pipeline\target\run_results.json
[0m12:14:50.333885 [debug] [MainThread]: Command `dbt test` succeeded at 12:14:50.333885 after 0.79 seconds
[0m12:14:50.334886 [debug] [MainThread]: Sending event: {'category': 'dbt', 'action': 'invocation', 'label': 'end', 'context': [<snowplow_tracker.self_describing_json.SelfDescribingJson object at 0x000001F3AABAD810>, <snowplow_tracker.self_describing_json.SelfDescribingJson object at 0x000001F3AAB87910>, <snowplow_tracker.self_describing_json.SelfDescribingJson object at 0x000001F3ADE2EB50>]}
[0m12:14:50.334886 [debug] [MainThread]: Flushing usage events
[0m12:14:51.799262 [debug] [MainThread]: An error was encountered while trying to flush usage events
[0m12:17:59.234682 [debug] [MainThread]: Sending event: {'category': 'dbt', 'action': 'invocation', 'label': 'start', 'context': [<snowplow_tracker.self_describing_json.SelfDescribingJson object at 0x0000021E7E0CF590>, <snowplow_tracker.self_describing_json.SelfDescribingJson object at 0x0000021E7F107890>, <snowplow_tracker.self_describing_json.SelfDescribingJson object at 0x0000021E7F107750>]}


============================== 12:17:59.238802 | 00877aa9-b29d-41e1-84dd-31dbdd171a28 ==============================
[0m12:17:59.238802 [info ] [MainThread]: Running with dbt=1.11.7
[0m12:17:59.239692 [debug] [MainThread]: running dbt with arguments {'static_parser': 'True', 'no_print': 'None', 'version_check': 'True', 'target_path': 'None', 'warn_error_options': 'WarnErrorOptionsV2(error=[], warn=[], silence=[])', 'printer_width': '80', 'write_json': 'True', 'empty': 'False', 'log_cache_events': 'False', 'introspect': 'True', 'cache_selected_only': 'False', 'log_format': 'default', 'debug': 'False', 'fail_fast': 'False', 'partial_parse': 'True', 'send_anonymous_usage_stats': 'True', 'quiet': 'False', 'warn_error': 'None', 'profiles_dir': 'C:\\Users\\HP\\.dbt', 'use_colors': 'True', 'indirect_selection': 'eager', 'invocation_command': 'dbt run', 'use_experimental_parser': 'False', 'log_path': 'C:\\DE_projects\\food_del_pipeline\\logs'}
[0m12:17:59.430360 [debug] [MainThread]: Sending event: {'category': 'dbt', 'action': 'project_id', 'label': '00877aa9-b29d-41e1-84dd-31dbdd171a28', 'context': [<snowplow_tracker.self_describing_json.SelfDescribingJson object at 0x0000021E7F2A5350>]}
[0m12:17:59.476376 [debug] [MainThread]: Sending event: {'category': 'dbt', 'action': 'adapter_info', 'label': '00877aa9-b29d-41e1-84dd-31dbdd171a28', 'context': [<snowplow_tracker.self_describing_json.SelfDescribingJson object at 0x0000021E7A81F210>]}
[0m12:17:59.478925 [info ] [MainThread]: Registered adapter: duckdb=1.10.1
[0m12:17:59.633780 [debug] [MainThread]: checksum: b80718358155fc17c3559352095564dd56ada1cc1a1c0ef2e62c857e71583775, vars: {}, profile: , target: , version: 1.11.7
[0m12:17:59.726048 [debug] [MainThread]: Partial parsing enabled: 0 files deleted, 0 files added, 0 files changed.
[0m12:17:59.726048 [debug] [MainThread]: Nothing changed, skipping partial parsing.
[0m12:17:59.726048 [debug] [MainThread]: Partial parsing enabled, no changes found, skipping parsing
[0m12:17:59.732357 [warn ] [MainThread]: [[33mWARNING[0m]: Configuration paths exist in your dbt_project.yml file which do not apply to any resources.
There are 1 unused configuration paths:
- models.dbt_project.example
[0m12:17:59.763750 [debug] [MainThread]: Sending event: {'category': 'dbt', 'action': 'load_project', 'label': '00877aa9-b29d-41e1-84dd-31dbdd171a28', 'context': [<snowplow_tracker.self_describing_json.SelfDescribingJson object at 0x0000021E7F7C4AD0>]}
[0m12:17:59.877721 [debug] [MainThread]: Wrote artifact WritableManifest to C:\DE_projects\food_del_pipeline\target\manifest.json
[0m12:17:59.879719 [debug] [MainThread]: Wrote artifact SemanticManifest to C:\DE_projects\food_del_pipeline\target\semantic_manifest.json
[0m12:17:59.899628 [debug] [MainThread]: Sending event: {'category': 'dbt', 'action': 'resource_counts', 'label': '00877aa9-b29d-41e1-84dd-31dbdd171a28', 'context': [<snowplow_tracker.self_describing_json.SelfDescribingJson object at 0x0000021E7F8EAF90>]}
[0m12:17:59.899628 [info ] [MainThread]: Found 11 models, 2 sources, 474 macros
[0m12:17:59.900612 [debug] [MainThread]: Sending event: {'category': 'dbt', 'action': 'runnable_timing', 'label': '00877aa9-b29d-41e1-84dd-31dbdd171a28', 'context': [<snowplow_tracker.self_describing_json.SelfDescribingJson object at 0x0000021E7F84F510>]}
[0m12:17:59.902617 [info ] [MainThread]: 
[0m12:17:59.902617 [info ] [MainThread]: Concurrency: 1 threads (target='dev')
[0m12:17:59.903616 [info ] [MainThread]: 
[0m12:17:59.904619 [debug] [MainThread]: Acquiring new duckdb connection 'master'
[0m12:17:59.908620 [debug] [ThreadPool]: Acquiring new duckdb connection 'list_dev'
[0m12:18:00.004672 [debug] [ThreadPool]: Using duckdb connection "list_dev"
[0m12:18:00.004672 [debug] [ThreadPool]: On list_dev: /* {"app": "dbt", "dbt_version": "1.11.7", "profile_name": "dbt_project", "target_name": "dev", "connection_name": "list_dev"} */

    
    select schema_name
    from system.information_schema.schemata
    
    where lower(catalog_name) = '"dev"'
    
  
  
[0m12:18:00.004672 [debug] [ThreadPool]: Opening a new connection, currently in state init
[0m12:18:00.021195 [debug] [ThreadPool]: SQL status: OK in 0.016 seconds
[0m12:18:00.022200 [debug] [ThreadPool]: On list_dev: Close
[0m12:18:00.023195 [debug] [ThreadPool]: Re-using an available connection from the pool (formerly list_dev, now create_dev_main)
[0m12:18:00.023195 [debug] [ThreadPool]: Creating schema "database: "dev"
schema: "main"
"
[0m12:18:00.029190 [debug] [ThreadPool]: Using duckdb connection "create_dev_main"
[0m12:18:00.029190 [debug] [ThreadPool]: On create_dev_main: /* {"app": "dbt", "dbt_version": "1.11.7", "profile_name": "dbt_project", "target_name": "dev", "connection_name": "create_dev_main"} */

    
        select type from duckdb_databases()
        where lower(database_name)='dev'
        and type='sqlite'
    
  
[0m12:18:00.030247 [debug] [ThreadPool]: Opening a new connection, currently in state closed
[0m12:18:00.031195 [debug] [ThreadPool]: SQL status: OK in 0.001 seconds
[0m12:18:00.032291 [debug] [ThreadPool]: Using duckdb connection "create_dev_main"
[0m12:18:00.032291 [debug] [ThreadPool]: On create_dev_main: BEGIN
[0m12:18:00.032291 [debug] [ThreadPool]: SQL status: OK in 0.000 seconds
[0m12:18:00.033191 [debug] [ThreadPool]: Using duckdb connection "create_dev_main"
[0m12:18:00.033191 [debug] [ThreadPool]: On create_dev_main: /* {"app": "dbt", "dbt_version": "1.11.7", "profile_name": "dbt_project", "target_name": "dev", "connection_name": "create_dev_main"} */

    
    
        create schema if not exists "dev"."main"
    
[0m12:18:00.033191 [debug] [ThreadPool]: SQL status: OK in 0.000 seconds
[0m12:18:00.034424 [debug] [ThreadPool]: On create_dev_main: COMMIT
[0m12:18:00.035532 [debug] [ThreadPool]: Using duckdb connection "create_dev_main"
[0m12:18:00.035532 [debug] [ThreadPool]: On create_dev_main: COMMIT
[0m12:18:00.035532 [debug] [ThreadPool]: SQL status: OK in 0.000 seconds
[0m12:18:00.036432 [debug] [ThreadPool]: On create_dev_main: Close
[0m12:18:00.037431 [debug] [ThreadPool]: Acquiring new duckdb connection 'list_dev_main'
[0m12:18:00.043434 [debug] [ThreadPool]: Using duckdb connection "list_dev_main"
[0m12:18:00.043434 [debug] [ThreadPool]: On list_dev_main: BEGIN
[0m12:18:00.044562 [debug] [ThreadPool]: Opening a new connection, currently in state init
[0m12:18:00.044562 [debug] [ThreadPool]: SQL status: OK in 0.001 seconds
[0m12:18:00.045524 [debug] [ThreadPool]: Using duckdb connection "list_dev_main"
[0m12:18:00.045524 [debug] [ThreadPool]: On list_dev_main: /* {"app": "dbt", "dbt_version": "1.11.7", "profile_name": "dbt_project", "target_name": "dev", "connection_name": "list_dev_main"} */
select
      'dev' as database,
      table_name as name,
      table_schema as schema,
      CASE table_type
        WHEN 'BASE TABLE' THEN 'table'
        WHEN 'VIEW' THEN 'view'
        WHEN 'LOCAL TEMPORARY' THEN 'table'
        END as type
    from system.information_schema.tables
    where lower(table_schema) = 'main'
    and lower(table_catalog) = 'dev'
  
[0m12:18:00.048529 [debug] [ThreadPool]: SQL status: OK in 0.003 seconds
[0m12:18:00.049622 [debug] [ThreadPool]: On list_dev_main: ROLLBACK
[0m12:18:00.050555 [debug] [ThreadPool]: Failed to rollback 'list_dev_main'
[0m12:18:00.050555 [debug] [ThreadPool]: On list_dev_main: Close
[0m12:18:00.052523 [debug] [MainThread]: Sending event: {'category': 'dbt', 'action': 'runnable_timing', 'label': '00877aa9-b29d-41e1-84dd-31dbdd171a28', 'context': [<snowplow_tracker.self_describing_json.SelfDescribingJson object at 0x0000021E7F162D90>]}
[0m12:18:00.053571 [debug] [MainThread]: Using duckdb connection "master"
[0m12:18:00.053571 [debug] [MainThread]: On master: BEGIN
[0m12:18:00.053571 [debug] [MainThread]: Opening a new connection, currently in state init
[0m12:18:00.054606 [debug] [MainThread]: SQL status: OK in 0.001 seconds
[0m12:18:00.054606 [debug] [MainThread]: On master: COMMIT
[0m12:18:00.055564 [debug] [MainThread]: Using duckdb connection "master"
[0m12:18:00.055564 [debug] [MainThread]: On master: COMMIT
[0m12:18:00.055564 [debug] [MainThread]: SQL status: OK in 0.000 seconds
[0m12:18:00.056564 [debug] [MainThread]: On master: Close
[0m12:18:00.058654 [debug] [Thread-1 (]: Began running node model.dbt_project.stg_delivery_timeline
[0m12:18:00.059628 [info ] [Thread-1 (]: 1 of 11 START sql view model main.stg_delivery_timeline ........................ [RUN]
[0m12:18:00.060564 [debug] [Thread-1 (]: Acquiring new duckdb connection 'model.dbt_project.stg_delivery_timeline'
[0m12:18:00.060564 [debug] [Thread-1 (]: Began compiling node model.dbt_project.stg_delivery_timeline
[0m12:18:00.065241 [debug] [Thread-1 (]: Writing injected SQL for node "model.dbt_project.stg_delivery_timeline"
[0m12:18:00.066246 [debug] [Thread-1 (]: Began executing node model.dbt_project.stg_delivery_timeline
[0m12:18:00.088543 [debug] [Thread-1 (]: Writing runtime sql for node "model.dbt_project.stg_delivery_timeline"
[0m12:18:00.090544 [debug] [Thread-1 (]: Using duckdb connection "model.dbt_project.stg_delivery_timeline"
[0m12:18:00.091544 [debug] [Thread-1 (]: On model.dbt_project.stg_delivery_timeline: BEGIN
[0m12:18:00.091544 [debug] [Thread-1 (]: Opening a new connection, currently in state init
[0m12:18:00.092659 [debug] [Thread-1 (]: SQL status: OK in 0.001 seconds
[0m12:18:00.093561 [debug] [Thread-1 (]: Using duckdb connection "model.dbt_project.stg_delivery_timeline"
[0m12:18:00.093561 [debug] [Thread-1 (]: On model.dbt_project.stg_delivery_timeline: /* {"app": "dbt", "dbt_version": "1.11.7", "profile_name": "dbt_project", "target_name": "dev", "node_id": "model.dbt_project.stg_delivery_timeline"} */

  
  create view "dev"."main"."stg_delivery_timeline__dbt_tmp" as (
    SELECT *
FROM read_parquet('C:/DE_projects/food_del_pipeline/data/silver/delivery_timeline.parquet')
  );

[0m12:18:00.094593 [debug] [Thread-1 (]: SQL status: OK in 0.001 seconds
[0m12:18:00.099645 [debug] [Thread-1 (]: Using duckdb connection "model.dbt_project.stg_delivery_timeline"
[0m12:18:00.100651 [debug] [Thread-1 (]: On model.dbt_project.stg_delivery_timeline: /* {"app": "dbt", "dbt_version": "1.11.7", "profile_name": "dbt_project", "target_name": "dev", "node_id": "model.dbt_project.stg_delivery_timeline"} */
alter view "dev"."main"."stg_delivery_timeline" rename to "stg_delivery_timeline__dbt_backup"
[0m12:18:00.100651 [debug] [Thread-1 (]: SQL status: OK in 0.000 seconds
[0m12:18:00.103592 [debug] [Thread-1 (]: Using duckdb connection "model.dbt_project.stg_delivery_timeline"
[0m12:18:00.103592 [debug] [Thread-1 (]: On model.dbt_project.stg_delivery_timeline: /* {"app": "dbt", "dbt_version": "1.11.7", "profile_name": "dbt_project", "target_name": "dev", "node_id": "model.dbt_project.stg_delivery_timeline"} */
alter view "dev"."main"."stg_delivery_timeline__dbt_tmp" rename to "stg_delivery_timeline"
[0m12:18:00.104586 [debug] [Thread-1 (]: SQL status: OK in 0.001 seconds
[0m12:18:00.114656 [debug] [Thread-1 (]: On model.dbt_project.stg_delivery_timeline: COMMIT
[0m12:18:00.115655 [debug] [Thread-1 (]: Using duckdb connection "model.dbt_project.stg_delivery_timeline"
[0m12:18:00.115655 [debug] [Thread-1 (]: On model.dbt_project.stg_delivery_timeline: COMMIT
[0m12:18:00.121545 [debug] [Thread-1 (]: SQL status: OK in 0.005 seconds
[0m12:18:00.125653 [debug] [Thread-1 (]: Using duckdb connection "model.dbt_project.stg_delivery_timeline"
[0m12:18:00.126647 [debug] [Thread-1 (]: On model.dbt_project.stg_delivery_timeline: /* {"app": "dbt", "dbt_version": "1.11.7", "profile_name": "dbt_project", "target_name": "dev", "node_id": "model.dbt_project.stg_delivery_timeline"} */

      drop view if exists "dev"."main"."stg_delivery_timeline__dbt_backup" cascade
    
[0m12:18:00.132569 [debug] [Thread-1 (]: SQL status: OK in 0.005 seconds
[0m12:18:00.134608 [debug] [Thread-1 (]: On model.dbt_project.stg_delivery_timeline: Close
[0m12:18:00.135608 [debug] [Thread-1 (]: Sending event: {'category': 'dbt', 'action': 'run_model', 'label': '00877aa9-b29d-41e1-84dd-31dbdd171a28', 'context': [<snowplow_tracker.self_describing_json.SelfDescribingJson object at 0x0000021E7FB154D0>]}
[0m12:18:00.136607 [info ] [Thread-1 (]: 1 of 11 OK created sql view model main.stg_delivery_timeline ................... [[32mOK[0m in 0.07s]
[0m12:18:00.137606 [debug] [Thread-1 (]: Finished running node model.dbt_project.stg_delivery_timeline
[0m12:18:00.138607 [debug] [Thread-1 (]: Began running node model.dbt_project.stg_order_facts
[0m12:18:00.138607 [info ] [Thread-1 (]: 2 of 11 START sql view model main.stg_order_facts .............................. [RUN]
[0m12:18:00.139608 [debug] [Thread-1 (]: Re-using an available connection from the pool (formerly model.dbt_project.stg_delivery_timeline, now model.dbt_project.stg_order_facts)
[0m12:18:00.139608 [debug] [Thread-1 (]: Began compiling node model.dbt_project.stg_order_facts
[0m12:18:00.141607 [debug] [Thread-1 (]: Writing injected SQL for node "model.dbt_project.stg_order_facts"
[0m12:18:00.142607 [debug] [Thread-1 (]: Began executing node model.dbt_project.stg_order_facts
[0m12:18:00.144608 [debug] [Thread-1 (]: Writing runtime sql for node "model.dbt_project.stg_order_facts"
[0m12:18:00.145606 [debug] [Thread-1 (]: Using duckdb connection "model.dbt_project.stg_order_facts"
[0m12:18:00.146608 [debug] [Thread-1 (]: On model.dbt_project.stg_order_facts: BEGIN
[0m12:18:00.146608 [debug] [Thread-1 (]: Opening a new connection, currently in state closed
[0m12:18:00.147607 [debug] [Thread-1 (]: SQL status: OK in 0.001 seconds
[0m12:18:00.147607 [debug] [Thread-1 (]: Using duckdb connection "model.dbt_project.stg_order_facts"
[0m12:18:00.147607 [debug] [Thread-1 (]: On model.dbt_project.stg_order_facts: /* {"app": "dbt", "dbt_version": "1.11.7", "profile_name": "dbt_project", "target_name": "dev", "node_id": "model.dbt_project.stg_order_facts"} */

  
  create view "dev"."main"."stg_order_facts__dbt_tmp" as (
    SELECT *
FROM read_parquet('C:/DE_projects/food_del_pipeline/data/silver/order_facts.parquet')
  );

[0m12:18:00.161550 [debug] [Thread-1 (]: SQL status: OK in 0.013 seconds
[0m12:18:00.163551 [debug] [Thread-1 (]: Using duckdb connection "model.dbt_project.stg_order_facts"
[0m12:18:00.164548 [debug] [Thread-1 (]: On model.dbt_project.stg_order_facts: /* {"app": "dbt", "dbt_version": "1.11.7", "profile_name": "dbt_project", "target_name": "dev", "node_id": "model.dbt_project.stg_order_facts"} */
alter view "dev"."main"."stg_order_facts" rename to "stg_order_facts__dbt_backup"
[0m12:18:00.165549 [debug] [Thread-1 (]: SQL status: OK in 0.000 seconds
[0m12:18:00.168963 [debug] [Thread-1 (]: Using duckdb connection "model.dbt_project.stg_order_facts"
[0m12:18:00.168963 [debug] [Thread-1 (]: On model.dbt_project.stg_order_facts: /* {"app": "dbt", "dbt_version": "1.11.7", "profile_name": "dbt_project", "target_name": "dev", "node_id": "model.dbt_project.stg_order_facts"} */
alter view "dev"."main"."stg_order_facts__dbt_tmp" rename to "stg_order_facts"
[0m12:18:00.169963 [debug] [Thread-1 (]: SQL status: OK in 0.001 seconds
[0m12:18:00.170963 [debug] [Thread-1 (]: On model.dbt_project.stg_order_facts: COMMIT
[0m12:18:00.171962 [debug] [Thread-1 (]: Using duckdb connection "model.dbt_project.stg_order_facts"
[0m12:18:00.171962 [debug] [Thread-1 (]: On model.dbt_project.stg_order_facts: COMMIT
[0m12:18:00.177592 [debug] [Thread-1 (]: SQL status: OK in 0.005 seconds
[0m12:18:00.179828 [debug] [Thread-1 (]: Using duckdb connection "model.dbt_project.stg_order_facts"
[0m12:18:00.179828 [debug] [Thread-1 (]: On model.dbt_project.stg_order_facts: /* {"app": "dbt", "dbt_version": "1.11.7", "profile_name": "dbt_project", "target_name": "dev", "node_id": "model.dbt_project.stg_order_facts"} */

      drop view if exists "dev"."main"."stg_order_facts__dbt_backup" cascade
    
[0m12:18:00.185195 [debug] [Thread-1 (]: SQL status: OK in 0.005 seconds
[0m12:18:00.187100 [debug] [Thread-1 (]: On model.dbt_project.stg_order_facts: Close
[0m12:18:00.187100 [debug] [Thread-1 (]: Sending event: {'category': 'dbt', 'action': 'run_model', 'label': '00877aa9-b29d-41e1-84dd-31dbdd171a28', 'context': [<snowplow_tracker.self_describing_json.SelfDescribingJson object at 0x0000021E7FB98F10>]}
[0m12:18:00.188150 [info ] [Thread-1 (]: 2 of 11 OK created sql view model main.stg_order_facts ......................... [[32mOK[0m in 0.05s]
[0m12:18:00.189097 [debug] [Thread-1 (]: Finished running node model.dbt_project.stg_order_facts
[0m12:18:00.190195 [debug] [Thread-1 (]: Began running node model.dbt_project.stg_orders
[0m12:18:00.190195 [info ] [Thread-1 (]: 3 of 11 START sql view model main.stg_orders ................................... [RUN]
[0m12:18:00.191347 [debug] [Thread-1 (]: Re-using an available connection from the pool (formerly model.dbt_project.stg_order_facts, now model.dbt_project.stg_orders)
[0m12:18:00.191347 [debug] [Thread-1 (]: Began compiling node model.dbt_project.stg_orders
[0m12:18:00.193454 [debug] [Thread-1 (]: Writing injected SQL for node "model.dbt_project.stg_orders"
[0m12:18:00.194354 [debug] [Thread-1 (]: Began executing node model.dbt_project.stg_orders
[0m12:18:00.196469 [debug] [Thread-1 (]: Writing runtime sql for node "model.dbt_project.stg_orders"
[0m12:18:00.197459 [debug] [Thread-1 (]: Using duckdb connection "model.dbt_project.stg_orders"
[0m12:18:00.198364 [debug] [Thread-1 (]: On model.dbt_project.stg_orders: BEGIN
[0m12:18:00.198364 [debug] [Thread-1 (]: Opening a new connection, currently in state closed
[0m12:18:00.199364 [debug] [Thread-1 (]: SQL status: OK in 0.001 seconds
[0m12:18:00.199364 [debug] [Thread-1 (]: Using duckdb connection "model.dbt_project.stg_orders"
[0m12:18:00.200355 [debug] [Thread-1 (]: On model.dbt_project.stg_orders: /* {"app": "dbt", "dbt_version": "1.11.7", "profile_name": "dbt_project", "target_name": "dev", "node_id": "model.dbt_project.stg_orders"} */

  
  create view "dev"."main"."stg_orders__dbt_tmp" as (
    SELECT *
FROM read_parquet('C:/DE_projects/food_del_pipeline/data/silver/orders.parquet')
  );

[0m12:18:00.201353 [debug] [Thread-1 (]: SQL status: OK in 0.001 seconds
[0m12:18:00.203354 [debug] [Thread-1 (]: Using duckdb connection "model.dbt_project.stg_orders"
[0m12:18:00.204354 [debug] [Thread-1 (]: On model.dbt_project.stg_orders: /* {"app": "dbt", "dbt_version": "1.11.7", "profile_name": "dbt_project", "target_name": "dev", "node_id": "model.dbt_project.stg_orders"} */
alter view "dev"."main"."stg_orders" rename to "stg_orders__dbt_backup"
[0m12:18:00.204354 [debug] [Thread-1 (]: SQL status: OK in 0.000 seconds
[0m12:18:00.207355 [debug] [Thread-1 (]: Using duckdb connection "model.dbt_project.stg_orders"
[0m12:18:00.207355 [debug] [Thread-1 (]: On model.dbt_project.stg_orders: /* {"app": "dbt", "dbt_version": "1.11.7", "profile_name": "dbt_project", "target_name": "dev", "node_id": "model.dbt_project.stg_orders"} */
alter view "dev"."main"."stg_orders__dbt_tmp" rename to "stg_orders"
[0m12:18:00.208353 [debug] [Thread-1 (]: SQL status: OK in 0.000 seconds
[0m12:18:00.209353 [debug] [Thread-1 (]: On model.dbt_project.stg_orders: COMMIT
[0m12:18:00.209353 [debug] [Thread-1 (]: Using duckdb connection "model.dbt_project.stg_orders"
[0m12:18:00.210354 [debug] [Thread-1 (]: On model.dbt_project.stg_orders: COMMIT
[0m12:18:00.215353 [debug] [Thread-1 (]: SQL status: OK in 0.005 seconds
[0m12:18:00.219354 [debug] [Thread-1 (]: Using duckdb connection "model.dbt_project.stg_orders"
[0m12:18:00.220355 [debug] [Thread-1 (]: On model.dbt_project.stg_orders: /* {"app": "dbt", "dbt_version": "1.11.7", "profile_name": "dbt_project", "target_name": "dev", "node_id": "model.dbt_project.stg_orders"} */

      drop view if exists "dev"."main"."stg_orders__dbt_backup" cascade
    
[0m12:18:00.226454 [debug] [Thread-1 (]: SQL status: OK in 0.006 seconds
[0m12:18:00.227355 [debug] [Thread-1 (]: On model.dbt_project.stg_orders: Close
[0m12:18:00.228355 [debug] [Thread-1 (]: Sending event: {'category': 'dbt', 'action': 'run_model', 'label': '00877aa9-b29d-41e1-84dd-31dbdd171a28', 'context': [<snowplow_tracker.self_describing_json.SelfDescribingJson object at 0x0000021E7FD1A9D0>]}
[0m12:18:00.229354 [info ] [Thread-1 (]: 3 of 11 OK created sql view model main.stg_orders .............................. [[32mOK[0m in 0.04s]
[0m12:18:00.230364 [debug] [Thread-1 (]: Finished running node model.dbt_project.stg_orders
[0m12:18:00.231354 [debug] [Thread-1 (]: Began running node model.dbt_project.03_refund_drivers
[0m12:18:00.232354 [info ] [Thread-1 (]: 4 of 11 START sql view model main.03_refund_drivers ............................ [RUN]
[0m12:18:00.233360 [debug] [Thread-1 (]: Re-using an available connection from the pool (formerly model.dbt_project.stg_orders, now model.dbt_project.03_refund_drivers)
[0m12:18:00.233360 [debug] [Thread-1 (]: Began compiling node model.dbt_project.03_refund_drivers
[0m12:18:00.236357 [debug] [Thread-1 (]: Writing injected SQL for node "model.dbt_project.03_refund_drivers"
[0m12:18:00.237400 [debug] [Thread-1 (]: Began executing node model.dbt_project.03_refund_drivers
[0m12:18:00.240368 [debug] [Thread-1 (]: Writing runtime sql for node "model.dbt_project.03_refund_drivers"
[0m12:18:00.241357 [debug] [Thread-1 (]: Using duckdb connection "model.dbt_project.03_refund_drivers"
[0m12:18:00.241357 [debug] [Thread-1 (]: On model.dbt_project.03_refund_drivers: BEGIN
[0m12:18:00.241357 [debug] [Thread-1 (]: Opening a new connection, currently in state closed
[0m12:18:00.242359 [debug] [Thread-1 (]: SQL status: OK in 0.001 seconds
[0m12:18:00.243354 [debug] [Thread-1 (]: Using duckdb connection "model.dbt_project.03_refund_drivers"
[0m12:18:00.243354 [debug] [Thread-1 (]: On model.dbt_project.03_refund_drivers: /* {"app": "dbt", "dbt_version": "1.11.7", "profile_name": "dbt_project", "target_name": "dev", "node_id": "model.dbt_project.03_refund_drivers"} */

  
  create view "dev"."main"."03_refund_drivers__dbt_tmp" as (
    SELECT
    CASE
        WHEN sla_breach_flag = 1 THEN 'DELAY'
        WHEN delivery_success_flag = 0 THEN 'CANCELLATION'
        ELSE 'OTHER'
    END AS refund_reason,
    COUNT(order_id) AS total_orders,
    SUM(has_refund_flag) AS refunded_orders,
    SUM(has_refund_flag) * 1.0 / COUNT(order_id) AS refund_rate
FROM "dev"."main"."stg_order_facts"
GROUP BY refund_reason
  );

[0m12:18:00.245353 [debug] [Thread-1 (]: SQL status: OK in 0.001 seconds
[0m12:18:00.247356 [debug] [Thread-1 (]: Using duckdb connection "model.dbt_project.03_refund_drivers"
[0m12:18:00.248355 [debug] [Thread-1 (]: On model.dbt_project.03_refund_drivers: /* {"app": "dbt", "dbt_version": "1.11.7", "profile_name": "dbt_project", "target_name": "dev", "node_id": "model.dbt_project.03_refund_drivers"} */
alter view "dev"."main"."03_refund_drivers" rename to "03_refund_drivers__dbt_backup"
[0m12:18:00.248355 [debug] [Thread-1 (]: SQL status: OK in 0.000 seconds
[0m12:18:00.251354 [debug] [Thread-1 (]: Using duckdb connection "model.dbt_project.03_refund_drivers"
[0m12:18:00.251354 [debug] [Thread-1 (]: On model.dbt_project.03_refund_drivers: /* {"app": "dbt", "dbt_version": "1.11.7", "profile_name": "dbt_project", "target_name": "dev", "node_id": "model.dbt_project.03_refund_drivers"} */
alter view "dev"."main"."03_refund_drivers__dbt_tmp" rename to "03_refund_drivers"
[0m12:18:00.252355 [debug] [Thread-1 (]: SQL status: OK in 0.000 seconds
[0m12:18:00.253356 [debug] [Thread-1 (]: On model.dbt_project.03_refund_drivers: COMMIT
[0m12:18:00.253356 [debug] [Thread-1 (]: Using duckdb connection "model.dbt_project.03_refund_drivers"
[0m12:18:00.254355 [debug] [Thread-1 (]: On model.dbt_project.03_refund_drivers: COMMIT
[0m12:18:00.259354 [debug] [Thread-1 (]: SQL status: OK in 0.005 seconds
[0m12:18:00.261355 [debug] [Thread-1 (]: Using duckdb connection "model.dbt_project.03_refund_drivers"
[0m12:18:00.261355 [debug] [Thread-1 (]: On model.dbt_project.03_refund_drivers: /* {"app": "dbt", "dbt_version": "1.11.7", "profile_name": "dbt_project", "target_name": "dev", "node_id": "model.dbt_project.03_refund_drivers"} */

      drop view if exists "dev"."main"."03_refund_drivers__dbt_backup" cascade
    
[0m12:18:00.267368 [debug] [Thread-1 (]: SQL status: OK in 0.006 seconds
[0m12:18:00.269365 [debug] [Thread-1 (]: On model.dbt_project.03_refund_drivers: Close
[0m12:18:00.270353 [debug] [Thread-1 (]: Sending event: {'category': 'dbt', 'action': 'run_model', 'label': '00877aa9-b29d-41e1-84dd-31dbdd171a28', 'context': [<snowplow_tracker.self_describing_json.SelfDescribingJson object at 0x0000021E7FD1AA50>]}
[0m12:18:00.271354 [info ] [Thread-1 (]: 4 of 11 OK created sql view model main.03_refund_drivers ....................... [[32mOK[0m in 0.04s]
[0m12:18:00.272353 [debug] [Thread-1 (]: Finished running node model.dbt_project.03_refund_drivers
[0m12:18:00.272353 [debug] [Thread-1 (]: Began running node model.dbt_project.05_weekly_trends
[0m12:18:00.272353 [info ] [Thread-1 (]: 5 of 11 START sql view model main.05_weekly_trends ............................. [RUN]
[0m12:18:00.273354 [debug] [Thread-1 (]: Re-using an available connection from the pool (formerly model.dbt_project.03_refund_drivers, now model.dbt_project.05_weekly_trends)
[0m12:18:00.274354 [debug] [Thread-1 (]: Began compiling node model.dbt_project.05_weekly_trends
[0m12:18:00.276352 [debug] [Thread-1 (]: Writing injected SQL for node "model.dbt_project.05_weekly_trends"
[0m12:18:00.277351 [debug] [Thread-1 (]: Began executing node model.dbt_project.05_weekly_trends
[0m12:18:00.280355 [debug] [Thread-1 (]: Writing runtime sql for node "model.dbt_project.05_weekly_trends"
[0m12:18:00.281354 [debug] [Thread-1 (]: Using duckdb connection "model.dbt_project.05_weekly_trends"
[0m12:18:00.282354 [debug] [Thread-1 (]: On model.dbt_project.05_weekly_trends: BEGIN
[0m12:18:00.282354 [debug] [Thread-1 (]: Opening a new connection, currently in state closed
[0m12:18:00.283365 [debug] [Thread-1 (]: SQL status: OK in 0.001 seconds
[0m12:18:00.283365 [debug] [Thread-1 (]: Using duckdb connection "model.dbt_project.05_weekly_trends"
[0m12:18:00.283365 [debug] [Thread-1 (]: On model.dbt_project.05_weekly_trends: /* {"app": "dbt", "dbt_version": "1.11.7", "profile_name": "dbt_project", "target_name": "dev", "node_id": "model.dbt_project.05_weekly_trends"} */

  
  create view "dev"."main"."05_weekly_trends__dbt_tmp" as (
    SELECT
    DATE_TRUNC('week', order_date) AS week,
    COUNT(order_id) AS total_orders,
    SUM(delivery_success_flag) AS completed_orders,
    SUM(has_refund_flag) AS refunded_orders,
    SUM(sla_breach_flag) AS breached_orders,
    SUM(refund_amount) AS total_refund_amount
FROM "dev"."main"."stg_order_facts"
GROUP BY week
ORDER BY week
  );

[0m12:18:00.285815 [debug] [Thread-1 (]: SQL status: OK in 0.002 seconds
[0m12:18:00.288814 [debug] [Thread-1 (]: Using duckdb connection "model.dbt_project.05_weekly_trends"
[0m12:18:00.288814 [debug] [Thread-1 (]: On model.dbt_project.05_weekly_trends: /* {"app": "dbt", "dbt_version": "1.11.7", "profile_name": "dbt_project", "target_name": "dev", "node_id": "model.dbt_project.05_weekly_trends"} */
alter view "dev"."main"."05_weekly_trends" rename to "05_weekly_trends__dbt_backup"
[0m12:18:00.289814 [debug] [Thread-1 (]: SQL status: OK in 0.000 seconds
[0m12:18:00.291814 [debug] [Thread-1 (]: Using duckdb connection "model.dbt_project.05_weekly_trends"
[0m12:18:00.292814 [debug] [Thread-1 (]: On model.dbt_project.05_weekly_trends: /* {"app": "dbt", "dbt_version": "1.11.7", "profile_name": "dbt_project", "target_name": "dev", "node_id": "model.dbt_project.05_weekly_trends"} */
alter view "dev"."main"."05_weekly_trends__dbt_tmp" rename to "05_weekly_trends"
[0m12:18:00.292814 [debug] [Thread-1 (]: SQL status: OK in 0.000 seconds
[0m12:18:00.294842 [debug] [Thread-1 (]: On model.dbt_project.05_weekly_trends: COMMIT
[0m12:18:00.294842 [debug] [Thread-1 (]: Using duckdb connection "model.dbt_project.05_weekly_trends"
[0m12:18:00.295848 [debug] [Thread-1 (]: On model.dbt_project.05_weekly_trends: COMMIT
[0m12:18:00.301036 [debug] [Thread-1 (]: SQL status: OK in 0.005 seconds
[0m12:18:00.304031 [debug] [Thread-1 (]: Using duckdb connection "model.dbt_project.05_weekly_trends"
[0m12:18:00.304927 [debug] [Thread-1 (]: On model.dbt_project.05_weekly_trends: /* {"app": "dbt", "dbt_version": "1.11.7", "profile_name": "dbt_project", "target_name": "dev", "node_id": "model.dbt_project.05_weekly_trends"} */

      drop view if exists "dev"."main"."05_weekly_trends__dbt_backup" cascade
    
[0m12:18:00.311006 [debug] [Thread-1 (]: SQL status: OK in 0.006 seconds
[0m12:18:00.311914 [debug] [Thread-1 (]: On model.dbt_project.05_weekly_trends: Close
[0m12:18:00.312914 [debug] [Thread-1 (]: Sending event: {'category': 'dbt', 'action': 'run_model', 'label': '00877aa9-b29d-41e1-84dd-31dbdd171a28', 'context': [<snowplow_tracker.self_describing_json.SelfDescribingJson object at 0x0000021E7FD53150>]}
[0m12:18:00.313914 [info ] [Thread-1 (]: 5 of 11 OK created sql view model main.05_weekly_trends ........................ [[32mOK[0m in 0.04s]
[0m12:18:00.314914 [debug] [Thread-1 (]: Finished running node model.dbt_project.05_weekly_trends
[0m12:18:00.314914 [debug] [Thread-1 (]: Began running node model.dbt_project.int_restaurant_metrics
[0m12:18:00.315913 [info ] [Thread-1 (]: 6 of 11 START sql view model main.int_restaurant_metrics ....................... [RUN]
[0m12:18:00.315913 [debug] [Thread-1 (]: Re-using an available connection from the pool (formerly model.dbt_project.05_weekly_trends, now model.dbt_project.int_restaurant_metrics)
[0m12:18:00.316915 [debug] [Thread-1 (]: Began compiling node model.dbt_project.int_restaurant_metrics
[0m12:18:00.318915 [debug] [Thread-1 (]: Writing injected SQL for node "model.dbt_project.int_restaurant_metrics"
[0m12:18:00.318915 [debug] [Thread-1 (]: Began executing node model.dbt_project.int_restaurant_metrics
[0m12:18:00.322237 [debug] [Thread-1 (]: Writing runtime sql for node "model.dbt_project.int_restaurant_metrics"
[0m12:18:00.323133 [debug] [Thread-1 (]: Using duckdb connection "model.dbt_project.int_restaurant_metrics"
[0m12:18:00.323133 [debug] [Thread-1 (]: On model.dbt_project.int_restaurant_metrics: BEGIN
[0m12:18:00.323133 [debug] [Thread-1 (]: Opening a new connection, currently in state closed
[0m12:18:00.324132 [debug] [Thread-1 (]: SQL status: OK in 0.001 seconds
[0m12:18:00.324132 [debug] [Thread-1 (]: Using duckdb connection "model.dbt_project.int_restaurant_metrics"
[0m12:18:00.325133 [debug] [Thread-1 (]: On model.dbt_project.int_restaurant_metrics: /* {"app": "dbt", "dbt_version": "1.11.7", "profile_name": "dbt_project", "target_name": "dev", "node_id": "model.dbt_project.int_restaurant_metrics"} */

  
  create view "dev"."main"."int_restaurant_metrics__dbt_tmp" as (
    SELECT
    restaurant_id,
    city,
    COUNT(order_id) AS total_orders,
    AVG(prep_delay_minutes) AS avg_prep_delay,
    AVG(delay_minutes) AS avg_delivery_delay,
    SUM(sla_breach_flag) * 1.0 / COUNT(order_id) AS breach_rate
FROM "dev"."main"."stg_order_facts"
GROUP BY restaurant_id, city
  );

[0m12:18:00.328148 [debug] [Thread-1 (]: SQL status: OK in 0.002 seconds
[0m12:18:00.330233 [debug] [Thread-1 (]: Using duckdb connection "model.dbt_project.int_restaurant_metrics"
[0m12:18:00.331234 [debug] [Thread-1 (]: On model.dbt_project.int_restaurant_metrics: /* {"app": "dbt", "dbt_version": "1.11.7", "profile_name": "dbt_project", "target_name": "dev", "node_id": "model.dbt_project.int_restaurant_metrics"} */
alter view "dev"."main"."int_restaurant_metrics" rename to "int_restaurant_metrics__dbt_backup"
[0m12:18:00.331234 [debug] [Thread-1 (]: SQL status: OK in 0.000 seconds
[0m12:18:00.334179 [debug] [Thread-1 (]: Using duckdb connection "model.dbt_project.int_restaurant_metrics"
[0m12:18:00.335238 [debug] [Thread-1 (]: On model.dbt_project.int_restaurant_metrics: /* {"app": "dbt", "dbt_version": "1.11.7", "profile_name": "dbt_project", "target_name": "dev", "node_id": "model.dbt_project.int_restaurant_metrics"} */
alter view "dev"."main"."int_restaurant_metrics__dbt_tmp" rename to "int_restaurant_metrics"
[0m12:18:00.335238 [debug] [Thread-1 (]: SQL status: OK in 0.000 seconds
[0m12:18:00.336178 [debug] [Thread-1 (]: On model.dbt_project.int_restaurant_metrics: COMMIT
[0m12:18:00.337241 [debug] [Thread-1 (]: Using duckdb connection "model.dbt_project.int_restaurant_metrics"
[0m12:18:00.337241 [debug] [Thread-1 (]: On model.dbt_project.int_restaurant_metrics: COMMIT
[0m12:18:00.343214 [debug] [Thread-1 (]: SQL status: OK in 0.005 seconds
[0m12:18:00.345133 [debug] [Thread-1 (]: Using duckdb connection "model.dbt_project.int_restaurant_metrics"
[0m12:18:00.346236 [debug] [Thread-1 (]: On model.dbt_project.int_restaurant_metrics: /* {"app": "dbt", "dbt_version": "1.11.7", "profile_name": "dbt_project", "target_name": "dev", "node_id": "model.dbt_project.int_restaurant_metrics"} */

      drop view if exists "dev"."main"."int_restaurant_metrics__dbt_backup" cascade
    
[0m12:18:00.352134 [debug] [Thread-1 (]: SQL status: OK in 0.005 seconds
[0m12:18:00.354133 [debug] [Thread-1 (]: On model.dbt_project.int_restaurant_metrics: Close
[0m12:18:00.354133 [debug] [Thread-1 (]: Sending event: {'category': 'dbt', 'action': 'run_model', 'label': '00877aa9-b29d-41e1-84dd-31dbdd171a28', 'context': [<snowplow_tracker.self_describing_json.SelfDescribingJson object at 0x0000021E7FD50110>]}
[0m12:18:00.355224 [info ] [Thread-1 (]: 6 of 11 OK created sql view model main.int_restaurant_metrics .................. [[32mOK[0m in 0.04s]
[0m12:18:00.356133 [debug] [Thread-1 (]: Finished running node model.dbt_project.int_restaurant_metrics
[0m12:18:00.357138 [debug] [Thread-1 (]: Began running node model.dbt_project.int_rider_metrics
[0m12:18:00.357138 [info ] [Thread-1 (]: 7 of 11 START sql view model main.int_rider_metrics ............................ [RUN]
[0m12:18:00.358134 [debug] [Thread-1 (]: Re-using an available connection from the pool (formerly model.dbt_project.int_restaurant_metrics, now model.dbt_project.int_rider_metrics)
[0m12:18:00.359244 [debug] [Thread-1 (]: Began compiling node model.dbt_project.int_rider_metrics
[0m12:18:00.361227 [debug] [Thread-1 (]: Writing injected SQL for node "model.dbt_project.int_rider_metrics"
[0m12:18:00.362209 [debug] [Thread-1 (]: Began executing node model.dbt_project.int_rider_metrics
[0m12:18:00.365242 [debug] [Thread-1 (]: Writing runtime sql for node "model.dbt_project.int_rider_metrics"
[0m12:18:00.366238 [debug] [Thread-1 (]: Using duckdb connection "model.dbt_project.int_rider_metrics"
[0m12:18:00.366238 [debug] [Thread-1 (]: On model.dbt_project.int_rider_metrics: BEGIN
[0m12:18:00.367244 [debug] [Thread-1 (]: Opening a new connection, currently in state closed
[0m12:18:00.369261 [debug] [Thread-1 (]: SQL status: OK in 0.002 seconds
[0m12:18:00.369261 [debug] [Thread-1 (]: Using duckdb connection "model.dbt_project.int_rider_metrics"
[0m12:18:00.369261 [debug] [Thread-1 (]: On model.dbt_project.int_rider_metrics: /* {"app": "dbt", "dbt_version": "1.11.7", "profile_name": "dbt_project", "target_name": "dev", "node_id": "model.dbt_project.int_rider_metrics"} */

  
  create view "dev"."main"."int_rider_metrics__dbt_tmp" as (
    SELECT
    rider_id,
    COUNT(order_id) AS total_orders,
    SUM(sla_breach_flag) AS late_orders,
    SUM(delivery_success_flag) AS successful_orders,
    AVG(actual_delivery_minutes) AS avg_delivery_time,
    AVG(delay_minutes) AS avg_delay_minutes
FROM "dev"."main"."stg_order_facts"
WHERE rider_id IS NOT NULL
GROUP BY rider_id
  );

[0m12:18:00.371342 [debug] [Thread-1 (]: SQL status: OK in 0.001 seconds
[0m12:18:00.374339 [debug] [Thread-1 (]: Using duckdb connection "model.dbt_project.int_rider_metrics"
[0m12:18:00.374339 [debug] [Thread-1 (]: On model.dbt_project.int_rider_metrics: /* {"app": "dbt", "dbt_version": "1.11.7", "profile_name": "dbt_project", "target_name": "dev", "node_id": "model.dbt_project.int_rider_metrics"} */
alter view "dev"."main"."int_rider_metrics" rename to "int_rider_metrics__dbt_backup"
[0m12:18:00.375248 [debug] [Thread-1 (]: SQL status: OK in 0.000 seconds
[0m12:18:00.377351 [debug] [Thread-1 (]: Using duckdb connection "model.dbt_project.int_rider_metrics"
[0m12:18:00.378238 [debug] [Thread-1 (]: On model.dbt_project.int_rider_metrics: /* {"app": "dbt", "dbt_version": "1.11.7", "profile_name": "dbt_project", "target_name": "dev", "node_id": "model.dbt_project.int_rider_metrics"} */
alter view "dev"."main"."int_rider_metrics__dbt_tmp" rename to "int_rider_metrics"
[0m12:18:00.379238 [debug] [Thread-1 (]: SQL status: OK in 0.000 seconds
[0m12:18:00.380343 [debug] [Thread-1 (]: On model.dbt_project.int_rider_metrics: COMMIT
[0m12:18:00.380343 [debug] [Thread-1 (]: Using duckdb connection "model.dbt_project.int_rider_metrics"
[0m12:18:00.380343 [debug] [Thread-1 (]: On model.dbt_project.int_rider_metrics: COMMIT
[0m12:18:00.386347 [debug] [Thread-1 (]: SQL status: OK in 0.005 seconds
[0m12:18:00.390299 [debug] [Thread-1 (]: Using duckdb connection "model.dbt_project.int_rider_metrics"
[0m12:18:00.390299 [debug] [Thread-1 (]: On model.dbt_project.int_rider_metrics: /* {"app": "dbt", "dbt_version": "1.11.7", "profile_name": "dbt_project", "target_name": "dev", "node_id": "model.dbt_project.int_rider_metrics"} */

      drop view if exists "dev"."main"."int_rider_metrics__dbt_backup" cascade
    
[0m12:18:00.396238 [debug] [Thread-1 (]: SQL status: OK in 0.005 seconds
[0m12:18:00.397246 [debug] [Thread-1 (]: On model.dbt_project.int_rider_metrics: Close
[0m12:18:00.398339 [debug] [Thread-1 (]: Sending event: {'category': 'dbt', 'action': 'run_model', 'label': '00877aa9-b29d-41e1-84dd-31dbdd171a28', 'context': [<snowplow_tracker.self_describing_json.SelfDescribingJson object at 0x0000021E7FD505D0>]}
[0m12:18:00.398339 [info ] [Thread-1 (]: 7 of 11 OK created sql view model main.int_rider_metrics ....................... [[32mOK[0m in 0.04s]
[0m12:18:00.399245 [debug] [Thread-1 (]: Finished running node model.dbt_project.int_rider_metrics
[0m12:18:00.400333 [debug] [Thread-1 (]: Began running node model.dbt_project.int_sla_metrics
[0m12:18:00.400333 [info ] [Thread-1 (]: 8 of 11 START sql view model main.int_sla_metrics .............................. [RUN]
[0m12:18:00.401342 [debug] [Thread-1 (]: Re-using an available connection from the pool (formerly model.dbt_project.int_rider_metrics, now model.dbt_project.int_sla_metrics)
[0m12:18:00.402238 [debug] [Thread-1 (]: Began compiling node model.dbt_project.int_sla_metrics
[0m12:18:00.406238 [debug] [Thread-1 (]: Writing injected SQL for node "model.dbt_project.int_sla_metrics"
[0m12:18:00.407334 [debug] [Thread-1 (]: Began executing node model.dbt_project.int_sla_metrics
[0m12:18:00.410241 [debug] [Thread-1 (]: Writing runtime sql for node "model.dbt_project.int_sla_metrics"
[0m12:18:00.411343 [debug] [Thread-1 (]: Using duckdb connection "model.dbt_project.int_sla_metrics"
[0m12:18:00.411343 [debug] [Thread-1 (]: On model.dbt_project.int_sla_metrics: BEGIN
[0m12:18:00.412301 [debug] [Thread-1 (]: Opening a new connection, currently in state closed
[0m12:18:00.413256 [debug] [Thread-1 (]: SQL status: OK in 0.001 seconds
[0m12:18:00.413256 [debug] [Thread-1 (]: Using duckdb connection "model.dbt_project.int_sla_metrics"
[0m12:18:00.413256 [debug] [Thread-1 (]: On model.dbt_project.int_sla_metrics: /* {"app": "dbt", "dbt_version": "1.11.7", "profile_name": "dbt_project", "target_name": "dev", "node_id": "model.dbt_project.int_sla_metrics"} */

  
  create view "dev"."main"."int_sla_metrics__dbt_tmp" as (
    WITH base AS (
    SELECT
        order_id,
        city,
        order_hour,
        actual_delivery_minutes,
        delay_minutes,
        sla_breach_flag,
        prep_delay_minutes
    FROM "dev"."main"."stg_order_facts"
)
SELECT
    *,
    
    CASE
        WHEN order_hour BETWEEN 11 AND 14 THEN 'LUNCH'
        WHEN order_hour BETWEEN 18 AND 22 THEN 'DINNER'
        ELSE 'OFF_PEAK'
    END AS time_slot,
    CASE
        WHEN delay_minutes <= 0 THEN 'ON_TIME'
        WHEN delay_minutes <= 10 THEN 'MINOR_DELAY'
        ELSE 'MAJOR_DELAY'
    END AS delay_bucket
FROM base
  );

[0m12:18:00.415355 [debug] [Thread-1 (]: SQL status: OK in 0.001 seconds
[0m12:18:00.417338 [debug] [Thread-1 (]: Using duckdb connection "model.dbt_project.int_sla_metrics"
[0m12:18:00.417338 [debug] [Thread-1 (]: On model.dbt_project.int_sla_metrics: /* {"app": "dbt", "dbt_version": "1.11.7", "profile_name": "dbt_project", "target_name": "dev", "node_id": "model.dbt_project.int_sla_metrics"} */
alter view "dev"."main"."int_sla_metrics" rename to "int_sla_metrics__dbt_backup"
[0m12:18:00.418353 [debug] [Thread-1 (]: SQL status: OK in 0.000 seconds
[0m12:18:00.421332 [debug] [Thread-1 (]: Using duckdb connection "model.dbt_project.int_sla_metrics"
[0m12:18:00.421332 [debug] [Thread-1 (]: On model.dbt_project.int_sla_metrics: /* {"app": "dbt", "dbt_version": "1.11.7", "profile_name": "dbt_project", "target_name": "dev", "node_id": "model.dbt_project.int_sla_metrics"} */
alter view "dev"."main"."int_sla_metrics__dbt_tmp" rename to "int_sla_metrics"
[0m12:18:00.422307 [debug] [Thread-1 (]: SQL status: OK in 0.000 seconds
[0m12:18:00.423240 [debug] [Thread-1 (]: On model.dbt_project.int_sla_metrics: COMMIT
[0m12:18:00.423240 [debug] [Thread-1 (]: Using duckdb connection "model.dbt_project.int_sla_metrics"
[0m12:18:00.424238 [debug] [Thread-1 (]: On model.dbt_project.int_sla_metrics: COMMIT
[0m12:18:00.428578 [debug] [Thread-1 (]: SQL status: OK in 0.004 seconds
[0m12:18:00.430594 [debug] [Thread-1 (]: Using duckdb connection "model.dbt_project.int_sla_metrics"
[0m12:18:00.431568 [debug] [Thread-1 (]: On model.dbt_project.int_sla_metrics: /* {"app": "dbt", "dbt_version": "1.11.7", "profile_name": "dbt_project", "target_name": "dev", "node_id": "model.dbt_project.int_sla_metrics"} */

      drop view if exists "dev"."main"."int_sla_metrics__dbt_backup" cascade
    
[0m12:18:00.437600 [debug] [Thread-1 (]: SQL status: OK in 0.005 seconds
[0m12:18:00.438584 [debug] [Thread-1 (]: On model.dbt_project.int_sla_metrics: Close
[0m12:18:00.439571 [debug] [Thread-1 (]: Sending event: {'category': 'dbt', 'action': 'run_model', 'label': '00877aa9-b29d-41e1-84dd-31dbdd171a28', 'context': [<snowplow_tracker.self_describing_json.SelfDescribingJson object at 0x0000021E7FBD75D0>]}
[0m12:18:00.439571 [info ] [Thread-1 (]: 8 of 11 OK created sql view model main.int_sla_metrics ......................... [[32mOK[0m in 0.04s]
[0m12:18:00.440584 [debug] [Thread-1 (]: Finished running node model.dbt_project.int_sla_metrics
[0m12:18:00.441575 [debug] [Thread-1 (]: Began running node model.dbt_project.02_restaurants_prep_delay
[0m12:18:00.441575 [info ] [Thread-1 (]: 9 of 11 START sql view model main.02_restaurants_prep_delay .................... [RUN]
[0m12:18:00.442573 [debug] [Thread-1 (]: Re-using an available connection from the pool (formerly model.dbt_project.int_sla_metrics, now model.dbt_project.02_restaurants_prep_delay)
[0m12:18:00.442573 [debug] [Thread-1 (]: Began compiling node model.dbt_project.02_restaurants_prep_delay
[0m12:18:00.445571 [debug] [Thread-1 (]: Writing injected SQL for node "model.dbt_project.02_restaurants_prep_delay"
[0m12:18:00.446587 [debug] [Thread-1 (]: Began executing node model.dbt_project.02_restaurants_prep_delay
[0m12:18:00.448571 [debug] [Thread-1 (]: Writing runtime sql for node "model.dbt_project.02_restaurants_prep_delay"
[0m12:18:00.449579 [debug] [Thread-1 (]: Using duckdb connection "model.dbt_project.02_restaurants_prep_delay"
[0m12:18:00.450572 [debug] [Thread-1 (]: On model.dbt_project.02_restaurants_prep_delay: BEGIN
[0m12:18:00.450572 [debug] [Thread-1 (]: Opening a new connection, currently in state closed
[0m12:18:00.451467 [debug] [Thread-1 (]: SQL status: OK in 0.001 seconds
[0m12:18:00.452598 [debug] [Thread-1 (]: Using duckdb connection "model.dbt_project.02_restaurants_prep_delay"
[0m12:18:00.453587 [debug] [Thread-1 (]: On model.dbt_project.02_restaurants_prep_delay: /* {"app": "dbt", "dbt_version": "1.11.7", "profile_name": "dbt_project", "target_name": "dev", "node_id": "model.dbt_project.02_restaurants_prep_delay"} */

  
  create view "dev"."main"."02_restaurants_prep_delay__dbt_tmp" as (
    SELECT
    restaurant_id,
    city,
    total_orders,
    avg_prep_delay,
    avg_delivery_delay,
    breach_rate
FROM "dev"."main"."int_restaurant_metrics"
ORDER BY breach_rate DESC
  );

[0m12:18:00.454582 [debug] [Thread-1 (]: SQL status: OK in 0.001 seconds
[0m12:18:00.457570 [debug] [Thread-1 (]: Using duckdb connection "model.dbt_project.02_restaurants_prep_delay"
[0m12:18:00.457570 [debug] [Thread-1 (]: On model.dbt_project.02_restaurants_prep_delay: /* {"app": "dbt", "dbt_version": "1.11.7", "profile_name": "dbt_project", "target_name": "dev", "node_id": "model.dbt_project.02_restaurants_prep_delay"} */
alter view "dev"."main"."02_restaurants_prep_delay" rename to "02_restaurants_prep_delay__dbt_backup"
[0m12:18:00.458571 [debug] [Thread-1 (]: SQL status: OK in 0.000 seconds
[0m12:18:00.461570 [debug] [Thread-1 (]: Using duckdb connection "model.dbt_project.02_restaurants_prep_delay"
[0m12:18:00.461570 [debug] [Thread-1 (]: On model.dbt_project.02_restaurants_prep_delay: /* {"app": "dbt", "dbt_version": "1.11.7", "profile_name": "dbt_project", "target_name": "dev", "node_id": "model.dbt_project.02_restaurants_prep_delay"} */
alter view "dev"."main"."02_restaurants_prep_delay__dbt_tmp" rename to "02_restaurants_prep_delay"
[0m12:18:00.462524 [debug] [Thread-1 (]: SQL status: OK in 0.000 seconds
[0m12:18:00.463535 [debug] [Thread-1 (]: On model.dbt_project.02_restaurants_prep_delay: COMMIT
[0m12:18:00.463535 [debug] [Thread-1 (]: Using duckdb connection "model.dbt_project.02_restaurants_prep_delay"
[0m12:18:00.464582 [debug] [Thread-1 (]: On model.dbt_project.02_restaurants_prep_delay: COMMIT
[0m12:18:00.470510 [debug] [Thread-1 (]: SQL status: OK in 0.005 seconds
[0m12:18:00.473512 [debug] [Thread-1 (]: Using duckdb connection "model.dbt_project.02_restaurants_prep_delay"
[0m12:18:00.473512 [debug] [Thread-1 (]: On model.dbt_project.02_restaurants_prep_delay: /* {"app": "dbt", "dbt_version": "1.11.7", "profile_name": "dbt_project", "target_name": "dev", "node_id": "model.dbt_project.02_restaurants_prep_delay"} */

      drop view if exists "dev"."main"."02_restaurants_prep_delay__dbt_backup" cascade
    
[0m12:18:00.479565 [debug] [Thread-1 (]: SQL status: OK in 0.006 seconds
[0m12:18:00.480569 [debug] [Thread-1 (]: On model.dbt_project.02_restaurants_prep_delay: Close
[0m12:18:00.481575 [debug] [Thread-1 (]: Sending event: {'category': 'dbt', 'action': 'run_model', 'label': '00877aa9-b29d-41e1-84dd-31dbdd171a28', 'context': [<snowplow_tracker.self_describing_json.SelfDescribingJson object at 0x0000021E7F8F4490>]}
[0m12:18:00.482572 [info ] [Thread-1 (]: 9 of 11 OK created sql view model main.02_restaurants_prep_delay ............... [[32mOK[0m in 0.04s]
[0m12:18:00.483469 [debug] [Thread-1 (]: Finished running node model.dbt_project.02_restaurants_prep_delay
[0m12:18:00.483469 [debug] [Thread-1 (]: Began running node model.dbt_project.04_riders_performance
[0m12:18:00.484547 [info ] [Thread-1 (]: 10 of 11 START sql view model main.04_riders_performance ....................... [RUN]
[0m12:18:00.485496 [debug] [Thread-1 (]: Re-using an available connection from the pool (formerly model.dbt_project.02_restaurants_prep_delay, now model.dbt_project.04_riders_performance)
[0m12:18:00.486481 [debug] [Thread-1 (]: Began compiling node model.dbt_project.04_riders_performance
[0m12:18:00.488570 [debug] [Thread-1 (]: Writing injected SQL for node "model.dbt_project.04_riders_performance"
[0m12:18:00.489567 [debug] [Thread-1 (]: Began executing node model.dbt_project.04_riders_performance
[0m12:18:00.493566 [debug] [Thread-1 (]: Writing runtime sql for node "model.dbt_project.04_riders_performance"
[0m12:18:00.494564 [debug] [Thread-1 (]: Using duckdb connection "model.dbt_project.04_riders_performance"
[0m12:18:00.494564 [debug] [Thread-1 (]: On model.dbt_project.04_riders_performance: BEGIN
[0m12:18:00.495473 [debug] [Thread-1 (]: Opening a new connection, currently in state closed
[0m12:18:00.495473 [debug] [Thread-1 (]: SQL status: OK in 0.001 seconds
[0m12:18:00.496476 [debug] [Thread-1 (]: Using duckdb connection "model.dbt_project.04_riders_performance"
[0m12:18:00.496476 [debug] [Thread-1 (]: On model.dbt_project.04_riders_performance: /* {"app": "dbt", "dbt_version": "1.11.7", "profile_name": "dbt_project", "target_name": "dev", "node_id": "model.dbt_project.04_riders_performance"} */

  
  create view "dev"."main"."04_riders_performance__dbt_tmp" as (
    SELECT
    rider_id,
    total_orders,
    late_orders,
    successful_orders,
    avg_delivery_time,
    avg_delay_minutes,
    late_orders * 1.0 / total_orders AS late_rate
FROM "dev"."main"."int_rider_metrics"
ORDER BY total_orders DESC
  );

[0m12:18:00.498570 [debug] [Thread-1 (]: SQL status: OK in 0.001 seconds
[0m12:18:00.500571 [debug] [Thread-1 (]: Using duckdb connection "model.dbt_project.04_riders_performance"
[0m12:18:00.501571 [debug] [Thread-1 (]: On model.dbt_project.04_riders_performance: /* {"app": "dbt", "dbt_version": "1.11.7", "profile_name": "dbt_project", "target_name": "dev", "node_id": "model.dbt_project.04_riders_performance"} */
alter view "dev"."main"."04_riders_performance" rename to "04_riders_performance__dbt_backup"
[0m12:18:00.501571 [debug] [Thread-1 (]: SQL status: OK in 0.000 seconds
[0m12:18:00.504570 [debug] [Thread-1 (]: Using duckdb connection "model.dbt_project.04_riders_performance"
[0m12:18:00.504570 [debug] [Thread-1 (]: On model.dbt_project.04_riders_performance: /* {"app": "dbt", "dbt_version": "1.11.7", "profile_name": "dbt_project", "target_name": "dev", "node_id": "model.dbt_project.04_riders_performance"} */
alter view "dev"."main"."04_riders_performance__dbt_tmp" rename to "04_riders_performance"
[0m12:18:00.505511 [debug] [Thread-1 (]: SQL status: OK in 0.000 seconds
[0m12:18:00.506476 [debug] [Thread-1 (]: On model.dbt_project.04_riders_performance: COMMIT
[0m12:18:00.506476 [debug] [Thread-1 (]: Using duckdb connection "model.dbt_project.04_riders_performance"
[0m12:18:00.507495 [debug] [Thread-1 (]: On model.dbt_project.04_riders_performance: COMMIT
[0m12:18:00.512574 [debug] [Thread-1 (]: SQL status: OK in 0.005 seconds
[0m12:18:00.514509 [debug] [Thread-1 (]: Using duckdb connection "model.dbt_project.04_riders_performance"
[0m12:18:00.515591 [debug] [Thread-1 (]: On model.dbt_project.04_riders_performance: /* {"app": "dbt", "dbt_version": "1.11.7", "profile_name": "dbt_project", "target_name": "dev", "node_id": "model.dbt_project.04_riders_performance"} */

      drop view if exists "dev"."main"."04_riders_performance__dbt_backup" cascade
    
[0m12:18:00.521528 [debug] [Thread-1 (]: SQL status: OK in 0.006 seconds
[0m12:18:00.523533 [debug] [Thread-1 (]: On model.dbt_project.04_riders_performance: Close
[0m12:18:00.523533 [debug] [Thread-1 (]: Sending event: {'category': 'dbt', 'action': 'run_model', 'label': '00877aa9-b29d-41e1-84dd-31dbdd171a28', 'context': [<snowplow_tracker.self_describing_json.SelfDescribingJson object at 0x0000021E7FC77750>]}
[0m12:18:00.524578 [info ] [Thread-1 (]: 10 of 11 OK created sql view model main.04_riders_performance .................. [[32mOK[0m in 0.04s]
[0m12:18:00.525466 [debug] [Thread-1 (]: Finished running node model.dbt_project.04_riders_performance
[0m12:18:00.525466 [debug] [Thread-1 (]: Began running node model.dbt_project.01_SLA_breach_analysis
[0m12:18:00.526474 [info ] [Thread-1 (]: 11 of 11 START sql view model main.01_SLA_breach_analysis ...................... [RUN]
[0m12:18:00.527470 [debug] [Thread-1 (]: Re-using an available connection from the pool (formerly model.dbt_project.04_riders_performance, now model.dbt_project.01_SLA_breach_analysis)
[0m12:18:00.527470 [debug] [Thread-1 (]: Began compiling node model.dbt_project.01_SLA_breach_analysis
[0m12:18:00.530474 [debug] [Thread-1 (]: Writing injected SQL for node "model.dbt_project.01_SLA_breach_analysis"
[0m12:18:00.535471 [debug] [Thread-1 (]: Began executing node model.dbt_project.01_SLA_breach_analysis
[0m12:18:00.539586 [debug] [Thread-1 (]: Writing runtime sql for node "model.dbt_project.01_SLA_breach_analysis"
[0m12:18:00.540474 [debug] [Thread-1 (]: Using duckdb connection "model.dbt_project.01_SLA_breach_analysis"
[0m12:18:00.540474 [debug] [Thread-1 (]: On model.dbt_project.01_SLA_breach_analysis: BEGIN
[0m12:18:00.541533 [debug] [Thread-1 (]: Opening a new connection, currently in state closed
[0m12:18:00.541533 [debug] [Thread-1 (]: SQL status: OK in 0.001 seconds
[0m12:18:00.542525 [debug] [Thread-1 (]: Using duckdb connection "model.dbt_project.01_SLA_breach_analysis"
[0m12:18:00.542525 [debug] [Thread-1 (]: On model.dbt_project.01_SLA_breach_analysis: /* {"app": "dbt", "dbt_version": "1.11.7", "profile_name": "dbt_project", "target_name": "dev", "node_id": "model.dbt_project.01_SLA_breach_analysis"} */

  
  create view "dev"."main"."01_SLA_breach_analysis__dbt_tmp" as (
    SELECT
    city,
    time_slot,
    COUNT(order_id) AS total_orders,
    SUM(sla_breach_flag) AS breached_orders,
    SUM(sla_breach_flag) * 1.0 / COUNT(order_id) AS breach_rate
FROM "dev"."main"."int_sla_metrics"
GROUP BY city, time_slot
  );

[0m12:18:00.544574 [debug] [Thread-1 (]: SQL status: OK in 0.001 seconds
[0m12:18:00.547467 [debug] [Thread-1 (]: Using duckdb connection "model.dbt_project.01_SLA_breach_analysis"
[0m12:18:00.548467 [debug] [Thread-1 (]: On model.dbt_project.01_SLA_breach_analysis: /* {"app": "dbt", "dbt_version": "1.11.7", "profile_name": "dbt_project", "target_name": "dev", "node_id": "model.dbt_project.01_SLA_breach_analysis"} */
alter view "dev"."main"."01_SLA_breach_analysis" rename to "01_SLA_breach_analysis__dbt_backup"
[0m12:18:00.550469 [debug] [Thread-1 (]: SQL status: OK in 0.001 seconds
[0m12:18:00.554511 [debug] [Thread-1 (]: Using duckdb connection "model.dbt_project.01_SLA_breach_analysis"
[0m12:18:00.555539 [debug] [Thread-1 (]: On model.dbt_project.01_SLA_breach_analysis: /* {"app": "dbt", "dbt_version": "1.11.7", "profile_name": "dbt_project", "target_name": "dev", "node_id": "model.dbt_project.01_SLA_breach_analysis"} */
alter view "dev"."main"."01_SLA_breach_analysis__dbt_tmp" rename to "01_SLA_breach_analysis"
[0m12:18:00.556578 [debug] [Thread-1 (]: SQL status: OK in 0.000 seconds
[0m12:18:00.557529 [debug] [Thread-1 (]: On model.dbt_project.01_SLA_breach_analysis: COMMIT
[0m12:18:00.557529 [debug] [Thread-1 (]: Using duckdb connection "model.dbt_project.01_SLA_breach_analysis"
[0m12:18:00.558567 [debug] [Thread-1 (]: On model.dbt_project.01_SLA_breach_analysis: COMMIT
[0m12:18:00.563573 [debug] [Thread-1 (]: SQL status: OK in 0.005 seconds
[0m12:18:00.565572 [debug] [Thread-1 (]: Using duckdb connection "model.dbt_project.01_SLA_breach_analysis"
[0m12:18:00.565572 [debug] [Thread-1 (]: On model.dbt_project.01_SLA_breach_analysis: /* {"app": "dbt", "dbt_version": "1.11.7", "profile_name": "dbt_project", "target_name": "dev", "node_id": "model.dbt_project.01_SLA_breach_analysis"} */

      drop view if exists "dev"."main"."01_SLA_breach_analysis__dbt_backup" cascade
    
[0m12:18:00.571565 [debug] [Thread-1 (]: SQL status: OK in 0.005 seconds
[0m12:18:00.572575 [debug] [Thread-1 (]: On model.dbt_project.01_SLA_breach_analysis: Close
[0m12:18:00.573468 [debug] [Thread-1 (]: Sending event: {'category': 'dbt', 'action': 'run_model', 'label': '00877aa9-b29d-41e1-84dd-31dbdd171a28', 'context': [<snowplow_tracker.self_describing_json.SelfDescribingJson object at 0x0000021E7FCC9AD0>]}
[0m12:18:00.573468 [info ] [Thread-1 (]: 11 of 11 OK created sql view model main.01_SLA_breach_analysis ................. [[32mOK[0m in 0.05s]
[0m12:18:00.574575 [debug] [Thread-1 (]: Finished running node model.dbt_project.01_SLA_breach_analysis
[0m12:18:00.576467 [debug] [MainThread]: Using duckdb connection "master"
[0m12:18:00.576467 [debug] [MainThread]: On master: BEGIN
[0m12:18:00.577467 [debug] [MainThread]: Opening a new connection, currently in state closed
[0m12:18:00.577467 [debug] [MainThread]: SQL status: OK in 0.001 seconds
[0m12:18:00.578467 [debug] [MainThread]: On master: COMMIT
[0m12:18:00.578467 [debug] [MainThread]: Using duckdb connection "master"
[0m12:18:00.579467 [debug] [MainThread]: On master: COMMIT
[0m12:18:00.579467 [debug] [MainThread]: SQL status: OK in 0.000 seconds
[0m12:18:00.580467 [debug] [MainThread]: On master: Close
[0m12:18:00.580467 [debug] [MainThread]: Connection 'master' was properly closed.
[0m12:18:00.581525 [debug] [MainThread]: Connection 'create_dev_main' was properly closed.
[0m12:18:00.581525 [debug] [MainThread]: Connection 'list_dev_main' was properly closed.
[0m12:18:00.581525 [debug] [MainThread]: Connection 'model.dbt_project.01_SLA_breach_analysis' was properly closed.
[0m12:18:00.582538 [info ] [MainThread]: 
[0m12:18:00.583468 [info ] [MainThread]: Finished running 11 view models in 0 hours 0 minutes and 0.68 seconds (0.68s).
[0m12:18:00.584564 [debug] [MainThread]: Command end result
[0m12:18:00.605481 [debug] [MainThread]: Wrote artifact WritableManifest to C:\DE_projects\food_del_pipeline\target\manifest.json
[0m12:18:00.607532 [debug] [MainThread]: Wrote artifact SemanticManifest to C:\DE_projects\food_del_pipeline\target\semantic_manifest.json
[0m12:18:00.614565 [debug] [MainThread]: Wrote artifact RunExecutionResult to C:\DE_projects\food_del_pipeline\target\run_results.json
[0m12:18:00.614565 [info ] [MainThread]: 
[0m12:18:00.615474 [info ] [MainThread]: [32mCompleted successfully[0m
[0m12:18:00.616545 [info ] [MainThread]: 
[0m12:18:00.617466 [info ] [MainThread]: Done. PASS=11 WARN=0 ERROR=0 SKIP=0 NO-OP=0 TOTAL=11
[0m12:18:00.618468 [debug] [MainThread]: Command `dbt run` succeeded at 12:18:00.618468 after 1.49 seconds
[0m12:18:00.619553 [debug] [MainThread]: Sending event: {'category': 'dbt', 'action': 'invocation', 'label': 'end', 'context': [<snowplow_tracker.self_describing_json.SelfDescribingJson object at 0x0000021E775D3E90>, <snowplow_tracker.self_describing_json.SelfDescribingJson object at 0x0000021E77556C10>, <snowplow_tracker.self_describing_json.SelfDescribingJson object at 0x0000021E77556C50>]}
[0m12:18:00.619553 [debug] [MainThread]: Flushing usage events
[0m12:18:02.779185 [debug] [MainThread]: An error was encountered while trying to flush usage events
[0m12:18:04.659446 [debug] [MainThread]: Sending event: {'category': 'dbt', 'action': 'invocation', 'label': 'start', 'context': [<snowplow_tracker.self_describing_json.SelfDescribingJson object at 0x000001818CC5F250>, <snowplow_tracker.self_describing_json.SelfDescribingJson object at 0x000001818CC5EE10>, <snowplow_tracker.self_describing_json.SelfDescribingJson object at 0x000001818CC5F450>]}


============================== 12:18:04.663466 | e5f6c16a-ddd0-4cac-bfa8-c8d27caf30ad ==============================
[0m12:18:04.663466 [info ] [MainThread]: Running with dbt=1.11.7
[0m12:18:04.664318 [debug] [MainThread]: running dbt with arguments {'version_check': 'True', 'no_print': 'None', 'static_parser': 'True', 'target_path': 'None', 'warn_error_options': 'WarnErrorOptionsV2(error=[], warn=[], silence=[])', 'printer_width': '80', 'write_json': 'True', 'empty': 'None', 'log_cache_events': 'False', 'introspect': 'True', 'cache_selected_only': 'False', 'log_format': 'default', 'debug': 'False', 'fail_fast': 'False', 'profiles_dir': 'C:\\Users\\HP\\.dbt', 'send_anonymous_usage_stats': 'True', 'quiet': 'False', 'warn_error': 'None', 'partial_parse': 'True', 'use_colors': 'True', 'indirect_selection': 'eager', 'invocation_command': 'dbt test', 'use_experimental_parser': 'False', 'log_path': 'C:\\DE_projects\\food_del_pipeline\\logs'}
[0m12:18:04.848533 [debug] [MainThread]: Sending event: {'category': 'dbt', 'action': 'project_id', 'label': 'e5f6c16a-ddd0-4cac-bfa8-c8d27caf30ad', 'context': [<snowplow_tracker.self_describing_json.SelfDescribingJson object at 0x000001818BDA0D50>]}
[0m12:18:04.895534 [debug] [MainThread]: Sending event: {'category': 'dbt', 'action': 'adapter_info', 'label': 'e5f6c16a-ddd0-4cac-bfa8-c8d27caf30ad', 'context': [<snowplow_tracker.self_describing_json.SelfDescribingJson object at 0x00000181893AF0D0>]}
[0m12:18:04.897534 [info ] [MainThread]: Registered adapter: duckdb=1.10.1
[0m12:18:05.087444 [debug] [MainThread]: checksum: b80718358155fc17c3559352095564dd56ada1cc1a1c0ef2e62c857e71583775, vars: {}, profile: , target: , version: 1.11.7
[0m12:18:05.185809 [debug] [MainThread]: Partial parsing enabled: 0 files deleted, 0 files added, 0 files changed.
[0m12:18:05.185809 [debug] [MainThread]: Nothing changed, skipping partial parsing.
[0m12:18:05.186961 [debug] [MainThread]: Partial parsing enabled, no changes found, skipping parsing
[0m12:18:05.192967 [warn ] [MainThread]: [[33mWARNING[0m]: Configuration paths exist in your dbt_project.yml file which do not apply to any resources.
There are 1 unused configuration paths:
- models.dbt_project.example
[0m12:18:05.216469 [debug] [MainThread]: Sending event: {'category': 'dbt', 'action': 'load_project', 'label': 'e5f6c16a-ddd0-4cac-bfa8-c8d27caf30ad', 'context': [<snowplow_tracker.self_describing_json.SelfDescribingJson object at 0x000001818DC94A10>]}
[0m12:18:05.288569 [debug] [MainThread]: Wrote artifact WritableManifest to C:\DE_projects\food_del_pipeline\target\manifest.json
[0m12:18:05.290554 [debug] [MainThread]: Wrote artifact SemanticManifest to C:\DE_projects\food_del_pipeline\target\semantic_manifest.json
[0m12:18:05.359813 [debug] [MainThread]: Sending event: {'category': 'dbt', 'action': 'resource_counts', 'label': 'e5f6c16a-ddd0-4cac-bfa8-c8d27caf30ad', 'context': [<snowplow_tracker.self_describing_json.SelfDescribingJson object at 0x000001818DD1AA90>]}
[0m12:18:05.359813 [info ] [MainThread]: Found 11 models, 2 sources, 474 macros
[0m12:18:05.360812 [debug] [MainThread]: Sending event: {'category': 'dbt', 'action': 'runnable_timing', 'label': 'e5f6c16a-ddd0-4cac-bfa8-c8d27caf30ad', 'context': [<snowplow_tracker.self_describing_json.SelfDescribingJson object at 0x000001818DCABB90>]}
[0m12:18:05.362813 [warn ] [MainThread]: Nothing to do. Try checking your model configs and model specification args
[0m12:18:05.364813 [debug] [MainThread]: Command end result
[0m12:18:05.381812 [debug] [MainThread]: Wrote artifact WritableManifest to C:\DE_projects\food_del_pipeline\target\manifest.json
[0m12:18:05.383812 [debug] [MainThread]: Wrote artifact SemanticManifest to C:\DE_projects\food_del_pipeline\target\semantic_manifest.json
[0m12:18:05.386811 [debug] [MainThread]: Wrote artifact RunExecutionResult to C:\DE_projects\food_del_pipeline\target\run_results.json
[0m12:18:05.386811 [debug] [MainThread]: Command `dbt test` succeeded at 12:18:05.386811 after 0.79 seconds
[0m12:18:05.387813 [debug] [MainThread]: Sending event: {'category': 'dbt', 'action': 'invocation', 'label': 'end', 'context': [<snowplow_tracker.self_describing_json.SelfDescribingJson object at 0x0000018186113E90>, <snowplow_tracker.self_describing_json.SelfDescribingJson object at 0x0000018186113890>, <snowplow_tracker.self_describing_json.SelfDescribingJson object at 0x0000018186096C10>]}
[0m12:18:05.387813 [debug] [MainThread]: Flushing usage events
[0m12:18:07.285572 [debug] [MainThread]: An error was encountered while trying to flush usage events
[0m10:56:50.829045 [debug] [MainThread]: Sending event: {'category': 'dbt', 'action': 'invocation', 'label': 'start', 'context': [<snowplow_tracker.self_describing_json.SelfDescribingJson object at 0x000001EE4E17BED0>, <snowplow_tracker.self_describing_json.SelfDescribingJson object at 0x000001EE4DF18890>, <snowplow_tracker.self_describing_json.SelfDescribingJson object at 0x000001EE4D2BDB90>]}


============================== 10:56:50.837323 | 953f326a-6fc1-4321-8bb3-1ebd2065d8fd ==============================
[0m10:56:50.837323 [info ] [MainThread]: Running with dbt=1.11.7
[0m10:56:50.838380 [debug] [MainThread]: running dbt with arguments {'static_parser': 'True', 'no_print': 'None', 'version_check': 'True', 'target_path': 'None', 'warn_error_options': 'WarnErrorOptionsV2(error=[], warn=[], silence=[])', 'printer_width': '80', 'write_json': 'True', 'introspect': 'True', 'log_cache_events': 'False', 'empty': 'False', 'cache_selected_only': 'False', 'fail_fast': 'False', 'debug': 'False', 'log_format': 'default', 'partial_parse': 'True', 'send_anonymous_usage_stats': 'True', 'quiet': 'False', 'warn_error': 'None', 'profiles_dir': '.', 'invocation_command': 'dbt run --profiles-dir .', 'indirect_selection': 'eager', 'use_colors': 'True', 'use_experimental_parser': 'False', 'log_path': 'C:\\DE_projects\\food_del_pipeline\\logs'}
[0m10:56:51.173209 [debug] [MainThread]: Sending event: {'category': 'dbt', 'action': 'project_id', 'label': '953f326a-6fc1-4321-8bb3-1ebd2065d8fd', 'context': [<snowplow_tracker.self_describing_json.SelfDescribingJson object at 0x000001EE4E178690>]}
[0m10:56:51.223207 [debug] [MainThread]: Sending event: {'category': 'dbt', 'action': 'adapter_info', 'label': '953f326a-6fc1-4321-8bb3-1ebd2065d8fd', 'context': [<snowplow_tracker.self_describing_json.SelfDescribingJson object at 0x000001EE4D16F9D0>]}
[0m10:56:51.254018 [info ] [MainThread]: Registered adapter: duckdb=1.10.1
[0m10:56:51.673209 [debug] [MainThread]: checksum: b80718358155fc17c3559352095564dd56ada1cc1a1c0ef2e62c857e71583775, vars: {}, profile: , target: , version: 1.11.7
[0m10:56:51.767982 [info ] [MainThread]: Unable to do partial parsing because profile has changed
[0m10:56:51.768873 [debug] [MainThread]: Sending event: {'category': 'dbt', 'action': 'partial_parser', 'label': '953f326a-6fc1-4321-8bb3-1ebd2065d8fd', 'context': [<snowplow_tracker.self_describing_json.SelfDescribingJson object at 0x000001EE4D17BD50>]}
[0m10:56:54.732193 [warn ] [MainThread]: [[33mWARNING[0m]: Did not find matching node for patch with name 'mart_sla_breach_analysis' in the 'models' section of file 'dbt_project/models\marts\schema.yml'
[0m10:56:54.734289 [warn ] [MainThread]: [[33mWARNING[0m]: Did not find matching node for patch with name 'mart_rider_performance' in the 'models' section of file 'dbt_project/models\marts\schema.yml'
[0m10:56:54.736189 [warn ] [MainThread]: [[33mWARNING[0m]: Did not find matching node for patch with name 'mart_weekly_trends' in the 'models' section of file 'dbt_project/models\marts\schema.yml'
[0m10:56:54.827829 [warn ] [MainThread]: [[33mWARNING[0m]: Test 'test.dbt_project.not_null_mart_sla_breach_analysis_city.0533edd668' (dbt_project/models\marts\schema.yml) depends on a node named 'mart_sla_breach_analysis' in package '' which was not found
[0m10:56:54.828833 [warn ] [MainThread]: [[33mWARNING[0m]: Test 'test.dbt_project.not_null_mart_rider_performance_rider_id.1f28c28af8' (dbt_project/models\marts\schema.yml) depends on a node named 'mart_rider_performance' in package '' which was not found
[0m10:56:54.830088 [warn ] [MainThread]: [[33mWARNING[0m]: Test 'test.dbt_project.not_null_mart_weekly_trends_week.fc4fec8b93' (dbt_project/models\marts\schema.yml) depends on a node named 'mart_weekly_trends' in package '' which was not found
[0m10:56:54.898200 [warn ] [MainThread]: [[33mWARNING[0m]: Configuration paths exist in your dbt_project.yml file which do not apply to any resources.
There are 1 unused configuration paths:
- models.dbt_project.example
[0m10:56:54.907528 [debug] [MainThread]: Sending event: {'category': 'dbt', 'action': 'load_project', 'label': '953f326a-6fc1-4321-8bb3-1ebd2065d8fd', 'context': [<snowplow_tracker.self_describing_json.SelfDescribingJson object at 0x000001EE4F940410>]}
[0m10:56:54.973308 [debug] [MainThread]: Wrote artifact WritableManifest to C:\DE_projects\food_del_pipeline\target\manifest.json
[0m10:56:54.998942 [debug] [MainThread]: Wrote artifact SemanticManifest to C:\DE_projects\food_del_pipeline\target\semantic_manifest.json
[0m10:56:55.064394 [debug] [MainThread]: Sending event: {'category': 'dbt', 'action': 'resource_counts', 'label': '953f326a-6fc1-4321-8bb3-1ebd2065d8fd', 'context': [<snowplow_tracker.self_describing_json.SelfDescribingJson object at 0x000001EE4FC33F10>]}
[0m10:56:55.064394 [info ] [MainThread]: Found 11 models, 2 sources, 474 macros
[0m10:56:55.065520 [debug] [MainThread]: Sending event: {'category': 'dbt', 'action': 'runnable_timing', 'label': '953f326a-6fc1-4321-8bb3-1ebd2065d8fd', 'context': [<snowplow_tracker.self_describing_json.SelfDescribingJson object at 0x000001EE4F8A9D10>]}
[0m10:56:55.066566 [info ] [MainThread]: 
[0m10:56:55.067898 [info ] [MainThread]: Concurrency: 1 threads (target='dev')
[0m10:56:55.067898 [info ] [MainThread]: 
[0m10:56:55.068906 [debug] [MainThread]: Acquiring new duckdb connection 'master'
[0m10:56:55.074489 [debug] [ThreadPool]: Acquiring new duckdb connection 'list_dev'
[0m10:56:58.946110 [debug] [ThreadPool]: Using duckdb connection "list_dev"
[0m10:56:58.947015 [debug] [ThreadPool]: On list_dev: /* {"app": "dbt", "dbt_version": "1.11.7", "profile_name": "dbt_project", "target_name": "dev", "connection_name": "list_dev"} */

    
    select schema_name
    from system.information_schema.schemata
    
    where lower(catalog_name) = '"dev"'
    
  
  
[0m10:56:58.948014 [debug] [ThreadPool]: Opening a new connection, currently in state init
[0m10:56:59.015855 [debug] [ThreadPool]: SQL status: OK in 0.068 seconds
[0m10:56:59.022080 [debug] [ThreadPool]: On list_dev: Close
[0m10:56:59.023076 [debug] [ThreadPool]: Re-using an available connection from the pool (formerly list_dev, now create_dev_main)
[0m10:56:59.025144 [debug] [ThreadPool]: Creating schema "database: "dev"
schema: "main"
"
[0m10:56:59.033198 [debug] [ThreadPool]: Using duckdb connection "create_dev_main"
[0m10:56:59.034151 [debug] [ThreadPool]: On create_dev_main: /* {"app": "dbt", "dbt_version": "1.11.7", "profile_name": "dbt_project", "target_name": "dev", "connection_name": "create_dev_main"} */

    
        select type from duckdb_databases()
        where lower(database_name)='dev'
        and type='sqlite'
    
  
[0m10:56:59.035154 [debug] [ThreadPool]: Opening a new connection, currently in state closed
[0m10:56:59.037562 [debug] [ThreadPool]: SQL status: OK in 0.003 seconds
[0m10:56:59.038762 [debug] [ThreadPool]: Using duckdb connection "create_dev_main"
[0m10:56:59.039757 [debug] [ThreadPool]: On create_dev_main: BEGIN
[0m10:56:59.040701 [debug] [ThreadPool]: SQL status: OK in 0.000 seconds
[0m10:56:59.040701 [debug] [ThreadPool]: Using duckdb connection "create_dev_main"
[0m10:56:59.040701 [debug] [ThreadPool]: On create_dev_main: /* {"app": "dbt", "dbt_version": "1.11.7", "profile_name": "dbt_project", "target_name": "dev", "connection_name": "create_dev_main"} */

    
    
        create schema if not exists "dev"."main"
    
[0m10:56:59.043707 [debug] [ThreadPool]: SQL status: OK in 0.003 seconds
[0m10:56:59.044665 [debug] [ThreadPool]: On create_dev_main: COMMIT
[0m10:56:59.044665 [debug] [ThreadPool]: Using duckdb connection "create_dev_main"
[0m10:56:59.045666 [debug] [ThreadPool]: On create_dev_main: COMMIT
[0m10:56:59.045666 [debug] [ThreadPool]: SQL status: OK in 0.000 seconds
[0m10:56:59.046666 [debug] [ThreadPool]: On create_dev_main: Close
[0m10:56:59.048663 [debug] [ThreadPool]: Acquiring new duckdb connection 'list_dev_main'
[0m10:56:59.052663 [debug] [ThreadPool]: Using duckdb connection "list_dev_main"
[0m10:56:59.053663 [debug] [ThreadPool]: On list_dev_main: BEGIN
[0m10:56:59.053663 [debug] [ThreadPool]: Opening a new connection, currently in state init
[0m10:56:59.053663 [debug] [ThreadPool]: SQL status: OK in 0.000 seconds
[0m10:56:59.054721 [debug] [ThreadPool]: Using duckdb connection "list_dev_main"
[0m10:56:59.054721 [debug] [ThreadPool]: On list_dev_main: /* {"app": "dbt", "dbt_version": "1.11.7", "profile_name": "dbt_project", "target_name": "dev", "connection_name": "list_dev_main"} */
select
      'dev' as database,
      table_name as name,
      table_schema as schema,
      CASE table_type
        WHEN 'BASE TABLE' THEN 'table'
        WHEN 'VIEW' THEN 'view'
        WHEN 'LOCAL TEMPORARY' THEN 'table'
        END as type
    from system.information_schema.tables
    where lower(table_schema) = 'main'
    and lower(table_catalog) = 'dev'
  
[0m10:56:59.070634 [debug] [ThreadPool]: SQL status: OK in 0.016 seconds
[0m10:56:59.072649 [debug] [ThreadPool]: On list_dev_main: ROLLBACK
[0m10:56:59.089535 [debug] [ThreadPool]: Failed to rollback 'list_dev_main'
[0m10:56:59.089535 [debug] [ThreadPool]: On list_dev_main: Close
[0m10:56:59.090879 [debug] [MainThread]: Sending event: {'category': 'dbt', 'action': 'runnable_timing', 'label': '953f326a-6fc1-4321-8bb3-1ebd2065d8fd', 'context': [<snowplow_tracker.self_describing_json.SelfDescribingJson object at 0x000001EE4FAD2010>]}
[0m10:56:59.090879 [debug] [MainThread]: Using duckdb connection "master"
[0m10:56:59.091887 [debug] [MainThread]: On master: BEGIN
[0m10:56:59.091887 [debug] [MainThread]: Opening a new connection, currently in state init
[0m10:56:59.092886 [debug] [MainThread]: SQL status: OK in 0.001 seconds
[0m10:56:59.092886 [debug] [MainThread]: On master: COMMIT
[0m10:56:59.092886 [debug] [MainThread]: Using duckdb connection "master"
[0m10:56:59.093887 [debug] [MainThread]: On master: COMMIT
[0m10:56:59.093887 [debug] [MainThread]: SQL status: OK in 0.000 seconds
[0m10:56:59.093887 [debug] [MainThread]: On master: Close
[0m10:56:59.101678 [debug] [Thread-1 (]: Began running node model.dbt_project.stg_delivery_timeline
[0m10:56:59.101678 [info ] [Thread-1 (]: 1 of 11 START sql view model main.stg_delivery_timeline ........................ [RUN]
[0m10:56:59.102676 [debug] [Thread-1 (]: Acquiring new duckdb connection 'model.dbt_project.stg_delivery_timeline'
[0m10:56:59.102676 [debug] [Thread-1 (]: Began compiling node model.dbt_project.stg_delivery_timeline
[0m10:56:59.108767 [debug] [Thread-1 (]: Writing injected SQL for node "model.dbt_project.stg_delivery_timeline"
[0m10:56:59.108767 [debug] [Thread-1 (]: Began executing node model.dbt_project.stg_delivery_timeline
[0m10:56:59.132806 [debug] [Thread-1 (]: Writing runtime sql for node "model.dbt_project.stg_delivery_timeline"
[0m10:56:59.134901 [debug] [Thread-1 (]: Using duckdb connection "model.dbt_project.stg_delivery_timeline"
[0m10:56:59.134901 [debug] [Thread-1 (]: On model.dbt_project.stg_delivery_timeline: BEGIN
[0m10:56:59.135908 [debug] [Thread-1 (]: Opening a new connection, currently in state init
[0m10:56:59.136909 [debug] [Thread-1 (]: SQL status: OK in 0.001 seconds
[0m10:56:59.136909 [debug] [Thread-1 (]: Using duckdb connection "model.dbt_project.stg_delivery_timeline"
[0m10:56:59.136909 [debug] [Thread-1 (]: On model.dbt_project.stg_delivery_timeline: /* {"app": "dbt", "dbt_version": "1.11.7", "profile_name": "dbt_project", "target_name": "dev", "node_id": "model.dbt_project.stg_delivery_timeline"} */

  
  create view "dev"."main"."stg_delivery_timeline__dbt_tmp" as (
    SELECT *
FROM read_parquet(' ../data/silver/delivery_timeline.parquet')
  );

[0m10:56:59.164586 [debug] [Thread-1 (]: DuckDB adapter: duckdb error: IO Error: No files found that match the pattern " ../data/silver/delivery_timeline.parquet"

LINE 6: FROM read_parquet(' ../data/silver/delivery_timeline.parquet')
             ^
[0m10:56:59.165587 [debug] [Thread-1 (]: DuckDB adapter: Error running SQL: /* {"app": "dbt", "dbt_version": "1.11.7", "profile_name": "dbt_project", "target_name": "dev", "node_id": "model.dbt_project.stg_delivery_timeline"} */

  
  create view "dev"."main"."stg_delivery_timeline__dbt_tmp" as (
    SELECT *
FROM read_parquet(' ../data/silver/delivery_timeline.parquet')
  );

[0m10:56:59.165587 [debug] [Thread-1 (]: DuckDB adapter: Rolling back transaction.
[0m10:56:59.165587 [debug] [Thread-1 (]: On model.dbt_project.stg_delivery_timeline: ROLLBACK
[0m10:56:59.220829 [debug] [Thread-1 (]: Failed to rollback 'model.dbt_project.stg_delivery_timeline'
[0m10:56:59.221830 [debug] [Thread-1 (]: On model.dbt_project.stg_delivery_timeline: Close
[0m10:56:59.388487 [debug] [Thread-1 (]: Runtime Error in model stg_delivery_timeline (dbt_project/models\staging\stg_delivery_timeline.sql)
  IO Error: No files found that match the pattern " ../data/silver/delivery_timeline.parquet"
  
  LINE 6: FROM read_parquet(' ../data/silver/delivery_timeline.parquet')
               ^
[0m10:56:59.392438 [debug] [Thread-1 (]: Sending event: {'category': 'dbt', 'action': 'run_model', 'label': '953f326a-6fc1-4321-8bb3-1ebd2065d8fd', 'context': [<snowplow_tracker.self_describing_json.SelfDescribingJson object at 0x000001EE4F1D00D0>]}
[0m10:56:59.394387 [error] [Thread-1 (]: 1 of 11 ERROR creating sql view model main.stg_delivery_timeline ............... [[31mERROR[0m in 0.29s]
[0m10:56:59.395385 [debug] [Thread-1 (]: Finished running node model.dbt_project.stg_delivery_timeline
[0m10:56:59.396387 [debug] [Thread-1 (]: Began running node model.dbt_project.stg_order_facts
[0m10:56:59.397385 [debug] [Thread-4 (]: Marking all children of 'model.dbt_project.stg_delivery_timeline' to be skipped because of status 'error'.  Reason: Runtime Error in model stg_delivery_timeline (dbt_project/models\staging\stg_delivery_timeline.sql)
  IO Error: No files found that match the pattern " ../data/silver/delivery_timeline.parquet"
  
  LINE 6: FROM read_parquet(' ../data/silver/delivery_timeline.parquet')
               ^.
[0m10:56:59.398386 [info ] [Thread-1 (]: 2 of 11 START sql view model main.stg_order_facts .............................. [RUN]
[0m10:56:59.401388 [debug] [Thread-1 (]: Re-using an available connection from the pool (formerly model.dbt_project.stg_delivery_timeline, now model.dbt_project.stg_order_facts)
[0m10:56:59.402385 [debug] [Thread-1 (]: Began compiling node model.dbt_project.stg_order_facts
[0m10:56:59.404384 [debug] [Thread-1 (]: Writing injected SQL for node "model.dbt_project.stg_order_facts"
[0m10:56:59.406533 [debug] [Thread-1 (]: Began executing node model.dbt_project.stg_order_facts
[0m10:56:59.409543 [debug] [Thread-1 (]: Writing runtime sql for node "model.dbt_project.stg_order_facts"
[0m10:56:59.410544 [debug] [Thread-1 (]: Using duckdb connection "model.dbt_project.stg_order_facts"
[0m10:56:59.410544 [debug] [Thread-1 (]: On model.dbt_project.stg_order_facts: BEGIN
[0m10:56:59.411545 [debug] [Thread-1 (]: Opening a new connection, currently in state closed
[0m10:56:59.412547 [debug] [Thread-1 (]: SQL status: OK in 0.001 seconds
[0m10:56:59.412547 [debug] [Thread-1 (]: Using duckdb connection "model.dbt_project.stg_order_facts"
[0m10:56:59.413544 [debug] [Thread-1 (]: On model.dbt_project.stg_order_facts: /* {"app": "dbt", "dbt_version": "1.11.7", "profile_name": "dbt_project", "target_name": "dev", "node_id": "model.dbt_project.stg_order_facts"} */

  
  create view "dev"."main"."stg_order_facts__dbt_tmp" as (
    SELECT *
FROM read_parquet(' ../data/silver/order_facts.parquet')
  );

[0m10:56:59.414820 [debug] [Thread-1 (]: DuckDB adapter: duckdb error: IO Error: No files found that match the pattern " ../data/silver/order_facts.parquet"

LINE 6: FROM read_parquet(' ../data/silver/order_facts.parquet')
             ^
[0m10:56:59.414820 [debug] [Thread-1 (]: DuckDB adapter: Error running SQL: /* {"app": "dbt", "dbt_version": "1.11.7", "profile_name": "dbt_project", "target_name": "dev", "node_id": "model.dbt_project.stg_order_facts"} */

  
  create view "dev"."main"."stg_order_facts__dbt_tmp" as (
    SELECT *
FROM read_parquet(' ../data/silver/order_facts.parquet')
  );

[0m10:56:59.414820 [debug] [Thread-1 (]: DuckDB adapter: Rolling back transaction.
[0m10:56:59.415828 [debug] [Thread-1 (]: On model.dbt_project.stg_order_facts: ROLLBACK
[0m10:56:59.415828 [debug] [Thread-1 (]: Failed to rollback 'model.dbt_project.stg_order_facts'
[0m10:56:59.416829 [debug] [Thread-1 (]: On model.dbt_project.stg_order_facts: Close
[0m10:56:59.418828 [debug] [Thread-1 (]: Runtime Error in model stg_order_facts (dbt_project/models\staging\stg_order_facts.sql)
  IO Error: No files found that match the pattern " ../data/silver/order_facts.parquet"
  
  LINE 6: FROM read_parquet(' ../data/silver/order_facts.parquet')
               ^
[0m10:56:59.419828 [debug] [Thread-1 (]: Sending event: {'category': 'dbt', 'action': 'run_model', 'label': '953f326a-6fc1-4321-8bb3-1ebd2065d8fd', 'context': [<snowplow_tracker.self_describing_json.SelfDescribingJson object at 0x000001EE5107BF90>]}
[0m10:56:59.419828 [error] [Thread-1 (]: 2 of 11 ERROR creating sql view model main.stg_order_facts ..................... [[31mERROR[0m in 0.02s]
[0m10:56:59.421827 [debug] [Thread-1 (]: Finished running node model.dbt_project.stg_order_facts
[0m10:56:59.422876 [debug] [Thread-1 (]: Began running node model.dbt_project.stg_orders
[0m10:56:59.423874 [debug] [Thread-4 (]: Marking all children of 'model.dbt_project.stg_order_facts' to be skipped because of status 'error'.  Reason: Runtime Error in model stg_order_facts (dbt_project/models\staging\stg_order_facts.sql)
  IO Error: No files found that match the pattern " ../data/silver/order_facts.parquet"
  
  LINE 6: FROM read_parquet(' ../data/silver/order_facts.parquet')
               ^.
[0m10:56:59.422876 [info ] [Thread-1 (]: 3 of 11 START sql view model main.stg_orders ................................... [RUN]
[0m10:56:59.424827 [debug] [Thread-1 (]: Re-using an available connection from the pool (formerly model.dbt_project.stg_order_facts, now model.dbt_project.stg_orders)
[0m10:56:59.425870 [debug] [Thread-1 (]: Began compiling node model.dbt_project.stg_orders
[0m10:56:59.427828 [debug] [Thread-1 (]: Writing injected SQL for node "model.dbt_project.stg_orders"
[0m10:56:59.428826 [debug] [Thread-1 (]: Began executing node model.dbt_project.stg_orders
[0m10:56:59.432827 [debug] [Thread-1 (]: Writing runtime sql for node "model.dbt_project.stg_orders"
[0m10:56:59.433826 [debug] [Thread-1 (]: Using duckdb connection "model.dbt_project.stg_orders"
[0m10:56:59.433826 [debug] [Thread-1 (]: On model.dbt_project.stg_orders: BEGIN
[0m10:56:59.435263 [debug] [Thread-1 (]: Opening a new connection, currently in state closed
[0m10:56:59.435263 [debug] [Thread-1 (]: SQL status: OK in 0.001 seconds
[0m10:56:59.436272 [debug] [Thread-1 (]: Using duckdb connection "model.dbt_project.stg_orders"
[0m10:56:59.436272 [debug] [Thread-1 (]: On model.dbt_project.stg_orders: /* {"app": "dbt", "dbt_version": "1.11.7", "profile_name": "dbt_project", "target_name": "dev", "node_id": "model.dbt_project.stg_orders"} */

  
  create view "dev"."main"."stg_orders__dbt_tmp" as (
    SELECT *
FROM read_parquet(' ../data/silver/orders.parquet')
  );

[0m10:56:59.505365 [debug] [Thread-1 (]: DuckDB adapter: duckdb error: IO Error: No files found that match the pattern " ../data/silver/orders.parquet"

LINE 6: FROM read_parquet(' ../data/silver/orders.parquet')
             ^
[0m10:56:59.506364 [debug] [Thread-1 (]: DuckDB adapter: Error running SQL: /* {"app": "dbt", "dbt_version": "1.11.7", "profile_name": "dbt_project", "target_name": "dev", "node_id": "model.dbt_project.stg_orders"} */

  
  create view "dev"."main"."stg_orders__dbt_tmp" as (
    SELECT *
FROM read_parquet(' ../data/silver/orders.parquet')
  );

[0m10:56:59.507365 [debug] [Thread-1 (]: DuckDB adapter: Rolling back transaction.
[0m10:56:59.507365 [debug] [Thread-1 (]: On model.dbt_project.stg_orders: ROLLBACK
[0m10:56:59.508365 [debug] [Thread-1 (]: Failed to rollback 'model.dbt_project.stg_orders'
[0m10:56:59.509364 [debug] [Thread-1 (]: On model.dbt_project.stg_orders: Close
[0m10:56:59.511365 [debug] [Thread-1 (]: Runtime Error in model stg_orders (dbt_project/models\staging\stg_orders.sql)
  IO Error: No files found that match the pattern " ../data/silver/orders.parquet"
  
  LINE 6: FROM read_parquet(' ../data/silver/orders.parquet')
               ^
[0m10:56:59.512366 [debug] [Thread-1 (]: Sending event: {'category': 'dbt', 'action': 'run_model', 'label': '953f326a-6fc1-4321-8bb3-1ebd2065d8fd', 'context': [<snowplow_tracker.self_describing_json.SelfDescribingJson object at 0x000001EE4DBD4A10>]}
[0m10:56:59.512366 [error] [Thread-1 (]: 3 of 11 ERROR creating sql view model main.stg_orders .......................... [[31mERROR[0m in 0.09s]
[0m10:56:59.513366 [debug] [Thread-1 (]: Finished running node model.dbt_project.stg_orders
[0m10:56:59.514365 [debug] [Thread-1 (]: Began running node model.dbt_project.03_refund_drivers
[0m10:56:59.514365 [debug] [Thread-4 (]: Marking all children of 'model.dbt_project.stg_orders' to be skipped because of status 'error'.  Reason: Runtime Error in model stg_orders (dbt_project/models\staging\stg_orders.sql)
  IO Error: No files found that match the pattern " ../data/silver/orders.parquet"
  
  LINE 6: FROM read_parquet(' ../data/silver/orders.parquet')
               ^.
[0m10:56:59.515365 [info ] [Thread-1 (]: 4 of 11 SKIP relation main.03_refund_drivers ................................... [[33mSKIP[0m]
[0m10:56:59.516367 [debug] [Thread-1 (]: Finished running node model.dbt_project.03_refund_drivers
[0m10:56:59.516367 [debug] [Thread-1 (]: Began running node model.dbt_project.05_weekly_trends
[0m10:56:59.517367 [info ] [Thread-1 (]: 5 of 11 SKIP relation main.05_weekly_trends .................................... [[33mSKIP[0m]
[0m10:56:59.518377 [debug] [Thread-1 (]: Finished running node model.dbt_project.05_weekly_trends
[0m10:56:59.518377 [debug] [Thread-1 (]: Began running node model.dbt_project.int_restaurant_metrics
[0m10:56:59.519367 [info ] [Thread-1 (]: 6 of 11 SKIP relation main.int_restaurant_metrics .............................. [[33mSKIP[0m]
[0m10:56:59.519367 [debug] [Thread-1 (]: Finished running node model.dbt_project.int_restaurant_metrics
[0m10:56:59.520367 [debug] [Thread-1 (]: Began running node model.dbt_project.int_rider_metrics
[0m10:56:59.520367 [info ] [Thread-1 (]: 7 of 11 SKIP relation main.int_rider_metrics ................................... [[33mSKIP[0m]
[0m10:56:59.521367 [debug] [Thread-1 (]: Finished running node model.dbt_project.int_rider_metrics
[0m10:56:59.522366 [debug] [Thread-1 (]: Began running node model.dbt_project.int_sla_metrics
[0m10:56:59.522366 [info ] [Thread-1 (]: 8 of 11 SKIP relation main.int_sla_metrics ..................................... [[33mSKIP[0m]
[0m10:56:59.523364 [debug] [Thread-1 (]: Finished running node model.dbt_project.int_sla_metrics
[0m10:56:59.523364 [debug] [Thread-1 (]: Began running node model.dbt_project.02_restaurants_prep_delay
[0m10:56:59.524366 [info ] [Thread-1 (]: 9 of 11 SKIP relation main.02_restaurants_prep_delay ........................... [[33mSKIP[0m]
[0m10:56:59.525365 [debug] [Thread-1 (]: Finished running node model.dbt_project.02_restaurants_prep_delay
[0m10:56:59.526366 [debug] [Thread-1 (]: Began running node model.dbt_project.04_riders_performance
[0m10:56:59.527366 [info ] [Thread-1 (]: 10 of 11 SKIP relation main.04_riders_performance .............................. [[33mSKIP[0m]
[0m10:56:59.528366 [debug] [Thread-1 (]: Finished running node model.dbt_project.04_riders_performance
[0m10:56:59.528366 [debug] [Thread-1 (]: Began running node model.dbt_project.01_SLA_breach_analysis
[0m10:56:59.529367 [info ] [Thread-1 (]: 11 of 11 SKIP relation main.01_SLA_breach_analysis ............................. [[33mSKIP[0m]
[0m10:56:59.529367 [debug] [Thread-1 (]: Finished running node model.dbt_project.01_SLA_breach_analysis
[0m10:56:59.532376 [debug] [MainThread]: Using duckdb connection "master"
[0m10:56:59.533365 [debug] [MainThread]: On master: BEGIN
[0m10:56:59.533365 [debug] [MainThread]: Opening a new connection, currently in state closed
[0m10:56:59.534368 [debug] [MainThread]: SQL status: OK in 0.001 seconds
[0m10:56:59.535364 [debug] [MainThread]: On master: COMMIT
[0m10:56:59.535364 [debug] [MainThread]: Using duckdb connection "master"
[0m10:56:59.535364 [debug] [MainThread]: On master: COMMIT
[0m10:56:59.536365 [debug] [MainThread]: SQL status: OK in 0.000 seconds
[0m10:56:59.536365 [debug] [MainThread]: On master: Close
[0m10:56:59.537364 [debug] [MainThread]: Connection 'master' was properly closed.
[0m10:56:59.537364 [debug] [MainThread]: Connection 'create_dev_main' was properly closed.
[0m10:56:59.537364 [debug] [MainThread]: Connection 'list_dev_main' was properly closed.
[0m10:56:59.538363 [debug] [MainThread]: Connection 'model.dbt_project.stg_orders' was properly closed.
[0m10:56:59.538363 [info ] [MainThread]: 
[0m10:56:59.539364 [info ] [MainThread]: Finished running 11 view models in 0 hours 0 minutes and 4.47 seconds (4.47s).
[0m10:56:59.541365 [debug] [MainThread]: Command end result
[0m10:56:59.561363 [debug] [MainThread]: Wrote artifact WritableManifest to C:\DE_projects\food_del_pipeline\target\manifest.json
[0m10:56:59.563362 [debug] [MainThread]: Wrote artifact SemanticManifest to C:\DE_projects\food_del_pipeline\target\semantic_manifest.json
[0m10:56:59.570364 [debug] [MainThread]: Wrote artifact RunExecutionResult to C:\DE_projects\food_del_pipeline\target\run_results.json
[0m10:56:59.570364 [info ] [MainThread]: 
[0m10:56:59.571364 [info ] [MainThread]: [31mCompleted with 3 errors, 0 partial successes, and 0 warnings:[0m
[0m10:56:59.572382 [info ] [MainThread]: 
[0m10:56:59.573365 [error] [MainThread]: [31mFailure in model stg_delivery_timeline (dbt_project/models\staging\stg_delivery_timeline.sql)[0m
[0m10:56:59.573365 [error] [MainThread]:   Runtime Error in model stg_delivery_timeline (dbt_project/models\staging\stg_delivery_timeline.sql)
  IO Error: No files found that match the pattern " ../data/silver/delivery_timeline.parquet"
  
  LINE 6: FROM read_parquet(' ../data/silver/delivery_timeline.parquet')
               ^
[0m10:56:59.574364 [info ] [MainThread]: 
[0m10:56:59.574364 [info ] [MainThread]:   compiled code at target\compiled\dbt_project\dbt_project/models\staging\stg_delivery_timeline.sql
[0m10:56:59.575363 [info ] [MainThread]: 
[0m10:56:59.576365 [error] [MainThread]: [31mFailure in model stg_order_facts (dbt_project/models\staging\stg_order_facts.sql)[0m
[0m10:56:59.577366 [error] [MainThread]:   Runtime Error in model stg_order_facts (dbt_project/models\staging\stg_order_facts.sql)
  IO Error: No files found that match the pattern " ../data/silver/order_facts.parquet"
  
  LINE 6: FROM read_parquet(' ../data/silver/order_facts.parquet')
               ^
[0m10:56:59.577366 [info ] [MainThread]: 
[0m10:56:59.578366 [info ] [MainThread]:   compiled code at target\compiled\dbt_project\dbt_project/models\staging\stg_order_facts.sql
[0m10:56:59.579364 [info ] [MainThread]: 
[0m10:56:59.580364 [error] [MainThread]: [31mFailure in model stg_orders (dbt_project/models\staging\stg_orders.sql)[0m
[0m10:56:59.580364 [error] [MainThread]:   Runtime Error in model stg_orders (dbt_project/models\staging\stg_orders.sql)
  IO Error: No files found that match the pattern " ../data/silver/orders.parquet"
  
  LINE 6: FROM read_parquet(' ../data/silver/orders.parquet')
               ^
[0m10:56:59.581365 [info ] [MainThread]: 
[0m10:56:59.582365 [info ] [MainThread]:   compiled code at target\compiled\dbt_project\dbt_project/models\staging\stg_orders.sql
[0m10:56:59.583366 [info ] [MainThread]: 
[0m10:56:59.584366 [info ] [MainThread]: Done. PASS=0 WARN=0 ERROR=3 SKIP=8 NO-OP=0 TOTAL=11
[0m10:56:59.585366 [debug] [MainThread]: Command `dbt run` failed at 10:56:59.585366 after 8.87 seconds
[0m10:56:59.586367 [debug] [MainThread]: Sending event: {'category': 'dbt', 'action': 'invocation', 'label': 'end', 'context': [<snowplow_tracker.self_describing_json.SelfDescribingJson object at 0x000001EE4F9BB090>, <snowplow_tracker.self_describing_json.SelfDescribingJson object at 0x000001EE4F9BA650>, <snowplow_tracker.self_describing_json.SelfDescribingJson object at 0x000001EE4F9B9950>]}
[0m10:56:59.587368 [debug] [MainThread]: Flushing usage events
[0m10:57:01.205893 [debug] [MainThread]: An error was encountered while trying to flush usage events
[0m11:01:18.235927 [debug] [MainThread]: Sending event: {'category': 'dbt', 'action': 'invocation', 'label': 'start', 'context': [<snowplow_tracker.self_describing_json.SelfDescribingJson object at 0x000001DF6850B650>, <snowplow_tracker.self_describing_json.SelfDescribingJson object at 0x000001DF682ABA50>, <snowplow_tracker.self_describing_json.SelfDescribingJson object at 0x000001DF69505790>]}


============================== 11:01:18.239920 | aba03a99-4610-419b-82ca-d1e9a956a2ed ==============================
[0m11:01:18.239920 [info ] [MainThread]: Running with dbt=1.11.7
[0m11:01:18.240917 [debug] [MainThread]: running dbt with arguments {'version_check': 'True', 'no_print': 'None', 'static_parser': 'True', 'warn_error_options': 'WarnErrorOptionsV2(error=[], warn=[], silence=[])', 'target_path': 'None', 'printer_width': '80', 'write_json': 'True', 'empty': 'False', 'log_cache_events': 'False', 'introspect': 'True', 'cache_selected_only': 'False', 'log_format': 'default', 'debug': 'False', 'fail_fast': 'False', 'partial_parse': 'True', 'send_anonymous_usage_stats': 'True', 'quiet': 'False', 'warn_error': 'None', 'profiles_dir': '.', 'invocation_command': 'dbt run --profiles-dir .', 'indirect_selection': 'eager', 'use_colors': 'True', 'use_experimental_parser': 'False', 'log_path': 'C:\\DE_projects\\food_del_pipeline\\logs'}
[0m11:01:18.423810 [debug] [MainThread]: Sending event: {'category': 'dbt', 'action': 'project_id', 'label': 'aba03a99-4610-419b-82ca-d1e9a956a2ed', 'context': [<snowplow_tracker.self_describing_json.SelfDescribingJson object at 0x000001DF695A0610>]}
[0m11:01:18.472817 [debug] [MainThread]: Sending event: {'category': 'dbt', 'action': 'adapter_info', 'label': 'aba03a99-4610-419b-82ca-d1e9a956a2ed', 'context': [<snowplow_tracker.self_describing_json.SelfDescribingJson object at 0x000001DF64C5EE50>]}
[0m11:01:18.474812 [info ] [MainThread]: Registered adapter: duckdb=1.10.1
[0m11:01:18.634681 [debug] [MainThread]: checksum: b80718358155fc17c3559352095564dd56ada1cc1a1c0ef2e62c857e71583775, vars: {}, profile: , target: , version: 1.11.7
[0m11:01:18.780715 [debug] [MainThread]: Partial parsing enabled: 0 files deleted, 0 files added, 3 files changed.
[0m11:01:18.781714 [debug] [MainThread]: Partial parsing: updated file: dbt_project://dbt_project/models\staging\stg_order_facts.sql
[0m11:01:18.781714 [debug] [MainThread]: Partial parsing: updated file: dbt_project://dbt_project/models\staging\stg_delivery_timeline.sql
[0m11:01:18.782708 [debug] [MainThread]: Partial parsing: updated file: dbt_project://dbt_project/models\staging\stg_orders.sql
[0m11:01:19.055427 [warn ] [MainThread]: [[33mWARNING[0m]: Configuration paths exist in your dbt_project.yml file which do not apply to any resources.
There are 1 unused configuration paths:
- models.dbt_project.example
[0m11:01:19.067477 [debug] [MainThread]: Sending event: {'category': 'dbt', 'action': 'load_project', 'label': 'aba03a99-4610-419b-82ca-d1e9a956a2ed', 'context': [<snowplow_tracker.self_describing_json.SelfDescribingJson object at 0x000001DF69C37110>]}
[0m11:01:19.133355 [debug] [MainThread]: Wrote artifact WritableManifest to C:\DE_projects\food_del_pipeline\target\manifest.json
[0m11:01:19.136349 [debug] [MainThread]: Wrote artifact SemanticManifest to C:\DE_projects\food_del_pipeline\target\semantic_manifest.json
[0m11:01:19.166359 [debug] [MainThread]: Sending event: {'category': 'dbt', 'action': 'resource_counts', 'label': 'aba03a99-4610-419b-82ca-d1e9a956a2ed', 'context': [<snowplow_tracker.self_describing_json.SelfDescribingJson object at 0x000001DF69CD4F50>]}
[0m11:01:19.166359 [info ] [MainThread]: Found 11 models, 2 sources, 474 macros
[0m11:01:19.167354 [debug] [MainThread]: Sending event: {'category': 'dbt', 'action': 'runnable_timing', 'label': 'aba03a99-4610-419b-82ca-d1e9a956a2ed', 'context': [<snowplow_tracker.self_describing_json.SelfDescribingJson object at 0x000001DF69AD6310>]}
[0m11:01:19.169348 [info ] [MainThread]: 
[0m11:01:19.170374 [info ] [MainThread]: Concurrency: 1 threads (target='dev')
[0m11:01:19.171385 [info ] [MainThread]: 
[0m11:01:19.172384 [debug] [MainThread]: Acquiring new duckdb connection 'master'
[0m11:01:19.176356 [debug] [ThreadPool]: Acquiring new duckdb connection 'list_dev'
[0m11:01:19.232081 [debug] [ThreadPool]: Using duckdb connection "list_dev"
[0m11:01:19.233106 [debug] [ThreadPool]: On list_dev: /* {"app": "dbt", "dbt_version": "1.11.7", "profile_name": "dbt_project", "target_name": "dev", "connection_name": "list_dev"} */

    
    select schema_name
    from system.information_schema.schemata
    
    where lower(catalog_name) = '"dev"'
    
  
  
[0m11:01:19.233106 [debug] [ThreadPool]: Opening a new connection, currently in state init
[0m11:01:19.260099 [debug] [ThreadPool]: SQL status: OK in 0.027 seconds
[0m11:01:19.261070 [debug] [ThreadPool]: On list_dev: Close
[0m11:01:19.262108 [debug] [ThreadPool]: Re-using an available connection from the pool (formerly list_dev, now create_dev_main)
[0m11:01:19.262108 [debug] [ThreadPool]: Creating schema "database: "dev"
schema: "main"
"
[0m11:01:19.267065 [debug] [ThreadPool]: Using duckdb connection "create_dev_main"
[0m11:01:19.267065 [debug] [ThreadPool]: On create_dev_main: /* {"app": "dbt", "dbt_version": "1.11.7", "profile_name": "dbt_project", "target_name": "dev", "connection_name": "create_dev_main"} */

    
        select type from duckdb_databases()
        where lower(database_name)='dev'
        and type='sqlite'
    
  
[0m11:01:19.268076 [debug] [ThreadPool]: Opening a new connection, currently in state closed
[0m11:01:19.269084 [debug] [ThreadPool]: SQL status: OK in 0.001 seconds
[0m11:01:19.270070 [debug] [ThreadPool]: Using duckdb connection "create_dev_main"
[0m11:01:19.270070 [debug] [ThreadPool]: On create_dev_main: BEGIN
[0m11:01:19.271099 [debug] [ThreadPool]: SQL status: OK in 0.000 seconds
[0m11:01:19.271099 [debug] [ThreadPool]: Using duckdb connection "create_dev_main"
[0m11:01:19.271099 [debug] [ThreadPool]: On create_dev_main: /* {"app": "dbt", "dbt_version": "1.11.7", "profile_name": "dbt_project", "target_name": "dev", "connection_name": "create_dev_main"} */

    
    
        create schema if not exists "dev"."main"
    
[0m11:01:19.272072 [debug] [ThreadPool]: SQL status: OK in 0.000 seconds
[0m11:01:19.272072 [debug] [ThreadPool]: On create_dev_main: COMMIT
[0m11:01:19.273064 [debug] [ThreadPool]: Using duckdb connection "create_dev_main"
[0m11:01:19.273064 [debug] [ThreadPool]: On create_dev_main: COMMIT
[0m11:01:19.273064 [debug] [ThreadPool]: SQL status: OK in 0.000 seconds
[0m11:01:19.275063 [debug] [ThreadPool]: On create_dev_main: Close
[0m11:01:19.276039 [debug] [ThreadPool]: Acquiring new duckdb connection 'list_dev_main'
[0m11:01:19.281072 [debug] [ThreadPool]: Using duckdb connection "list_dev_main"
[0m11:01:19.282067 [debug] [ThreadPool]: On list_dev_main: BEGIN
[0m11:01:19.282067 [debug] [ThreadPool]: Opening a new connection, currently in state init
[0m11:01:19.283076 [debug] [ThreadPool]: SQL status: OK in 0.001 seconds
[0m11:01:19.283076 [debug] [ThreadPool]: Using duckdb connection "list_dev_main"
[0m11:01:19.283076 [debug] [ThreadPool]: On list_dev_main: /* {"app": "dbt", "dbt_version": "1.11.7", "profile_name": "dbt_project", "target_name": "dev", "connection_name": "list_dev_main"} */
select
      'dev' as database,
      table_name as name,
      table_schema as schema,
      CASE table_type
        WHEN 'BASE TABLE' THEN 'table'
        WHEN 'VIEW' THEN 'view'
        WHEN 'LOCAL TEMPORARY' THEN 'table'
        END as type
    from system.information_schema.tables
    where lower(table_schema) = 'main'
    and lower(table_catalog) = 'dev'
  
[0m11:01:19.287010 [debug] [ThreadPool]: SQL status: OK in 0.003 seconds
[0m11:01:19.288033 [debug] [ThreadPool]: On list_dev_main: ROLLBACK
[0m11:01:19.289032 [debug] [ThreadPool]: Failed to rollback 'list_dev_main'
[0m11:01:19.289032 [debug] [ThreadPool]: On list_dev_main: Close
[0m11:01:19.290033 [debug] [MainThread]: Sending event: {'category': 'dbt', 'action': 'runnable_timing', 'label': 'aba03a99-4610-419b-82ca-d1e9a956a2ed', 'context': [<snowplow_tracker.self_describing_json.SelfDescribingJson object at 0x000001DF69CD4CD0>]}
[0m11:01:19.290033 [debug] [MainThread]: Using duckdb connection "master"
[0m11:01:19.291063 [debug] [MainThread]: On master: BEGIN
[0m11:01:19.291063 [debug] [MainThread]: Opening a new connection, currently in state init
[0m11:01:19.292086 [debug] [MainThread]: SQL status: OK in 0.001 seconds
[0m11:01:19.292086 [debug] [MainThread]: On master: COMMIT
[0m11:01:19.292086 [debug] [MainThread]: Using duckdb connection "master"
[0m11:01:19.293045 [debug] [MainThread]: On master: COMMIT
[0m11:01:19.293045 [debug] [MainThread]: SQL status: OK in 0.000 seconds
[0m11:01:19.293045 [debug] [MainThread]: On master: Close
[0m11:01:19.297073 [debug] [Thread-1 (]: Began running node model.dbt_project.stg_delivery_timeline
[0m11:01:19.297073 [info ] [Thread-1 (]: 1 of 11 START sql view model main.stg_delivery_timeline ........................ [RUN]
[0m11:01:19.298089 [debug] [Thread-1 (]: Acquiring new duckdb connection 'model.dbt_project.stg_delivery_timeline'
[0m11:01:19.298089 [debug] [Thread-1 (]: Began compiling node model.dbt_project.stg_delivery_timeline
[0m11:01:19.303076 [debug] [Thread-1 (]: Writing injected SQL for node "model.dbt_project.stg_delivery_timeline"
[0m11:01:19.304064 [debug] [Thread-1 (]: Began executing node model.dbt_project.stg_delivery_timeline
[0m11:01:19.327980 [debug] [Thread-1 (]: Writing runtime sql for node "model.dbt_project.stg_delivery_timeline"
[0m11:01:19.328981 [debug] [Thread-1 (]: Using duckdb connection "model.dbt_project.stg_delivery_timeline"
[0m11:01:19.328981 [debug] [Thread-1 (]: On model.dbt_project.stg_delivery_timeline: BEGIN
[0m11:01:19.329986 [debug] [Thread-1 (]: Opening a new connection, currently in state init
[0m11:01:19.331056 [debug] [Thread-1 (]: SQL status: OK in 0.001 seconds
[0m11:01:19.331056 [debug] [Thread-1 (]: Using duckdb connection "model.dbt_project.stg_delivery_timeline"
[0m11:01:19.331056 [debug] [Thread-1 (]: On model.dbt_project.stg_delivery_timeline: /* {"app": "dbt", "dbt_version": "1.11.7", "profile_name": "dbt_project", "target_name": "dev", "node_id": "model.dbt_project.stg_delivery_timeline"} */

  
  create view "dev"."main"."stg_delivery_timeline__dbt_tmp" as (
    SELECT *
FROM read_parquet('../data/silver/delivery_timeline.parquet')
  );

[0m11:01:19.342040 [debug] [Thread-1 (]: SQL status: OK in 0.010 seconds
[0m11:01:19.347044 [debug] [Thread-1 (]: Using duckdb connection "model.dbt_project.stg_delivery_timeline"
[0m11:01:19.347044 [debug] [Thread-1 (]: On model.dbt_project.stg_delivery_timeline: /* {"app": "dbt", "dbt_version": "1.11.7", "profile_name": "dbt_project", "target_name": "dev", "node_id": "model.dbt_project.stg_delivery_timeline"} */
alter view "dev"."main"."stg_delivery_timeline__dbt_tmp" rename to "stg_delivery_timeline"
[0m11:01:19.349984 [debug] [Thread-1 (]: SQL status: OK in 0.003 seconds
[0m11:01:19.358985 [debug] [Thread-1 (]: On model.dbt_project.stg_delivery_timeline: COMMIT
[0m11:01:19.358985 [debug] [Thread-1 (]: Using duckdb connection "model.dbt_project.stg_delivery_timeline"
[0m11:01:19.360035 [debug] [Thread-1 (]: On model.dbt_project.stg_delivery_timeline: COMMIT
[0m11:01:19.368985 [debug] [Thread-1 (]: SQL status: OK in 0.009 seconds
[0m11:01:19.373985 [debug] [Thread-1 (]: Using duckdb connection "model.dbt_project.stg_delivery_timeline"
[0m11:01:19.373985 [debug] [Thread-1 (]: On model.dbt_project.stg_delivery_timeline: /* {"app": "dbt", "dbt_version": "1.11.7", "profile_name": "dbt_project", "target_name": "dev", "node_id": "model.dbt_project.stg_delivery_timeline"} */

      drop view if exists "dev"."main"."stg_delivery_timeline__dbt_backup" cascade
    
[0m11:01:19.379047 [debug] [Thread-1 (]: SQL status: OK in 0.004 seconds
[0m11:01:19.382039 [debug] [Thread-1 (]: On model.dbt_project.stg_delivery_timeline: Close
[0m11:01:19.384031 [debug] [Thread-1 (]: Sending event: {'category': 'dbt', 'action': 'run_model', 'label': 'aba03a99-4610-419b-82ca-d1e9a956a2ed', 'context': [<snowplow_tracker.self_describing_json.SelfDescribingJson object at 0x000001DF69658BD0>]}
[0m11:01:19.384984 [info ] [Thread-1 (]: 1 of 11 OK created sql view model main.stg_delivery_timeline ................... [[32mOK[0m in 0.08s]
[0m11:01:19.385984 [debug] [Thread-1 (]: Finished running node model.dbt_project.stg_delivery_timeline
[0m11:01:19.385984 [debug] [Thread-1 (]: Began running node model.dbt_project.stg_order_facts
[0m11:01:19.387100 [info ] [Thread-1 (]: 2 of 11 START sql view model main.stg_order_facts .............................. [RUN]
[0m11:01:19.388028 [debug] [Thread-1 (]: Re-using an available connection from the pool (formerly model.dbt_project.stg_delivery_timeline, now model.dbt_project.stg_order_facts)
[0m11:01:19.388028 [debug] [Thread-1 (]: Began compiling node model.dbt_project.stg_order_facts
[0m11:01:19.390032 [debug] [Thread-1 (]: Writing injected SQL for node "model.dbt_project.stg_order_facts"
[0m11:01:19.390032 [debug] [Thread-1 (]: Began executing node model.dbt_project.stg_order_facts
[0m11:01:19.393450 [debug] [Thread-1 (]: Writing runtime sql for node "model.dbt_project.stg_order_facts"
[0m11:01:19.394448 [debug] [Thread-1 (]: Using duckdb connection "model.dbt_project.stg_order_facts"
[0m11:01:19.395508 [debug] [Thread-1 (]: On model.dbt_project.stg_order_facts: BEGIN
[0m11:01:19.395508 [debug] [Thread-1 (]: Opening a new connection, currently in state closed
[0m11:01:19.395508 [debug] [Thread-1 (]: SQL status: OK in 0.001 seconds
[0m11:01:19.396556 [debug] [Thread-1 (]: Using duckdb connection "model.dbt_project.stg_order_facts"
[0m11:01:19.396556 [debug] [Thread-1 (]: On model.dbt_project.stg_order_facts: /* {"app": "dbt", "dbt_version": "1.11.7", "profile_name": "dbt_project", "target_name": "dev", "node_id": "model.dbt_project.stg_order_facts"} */

  
  create view "dev"."main"."stg_order_facts__dbt_tmp" as (
    SELECT *
FROM read_parquet('../data/silver/order_facts.parquet')
  );

[0m11:01:19.409497 [debug] [Thread-1 (]: SQL status: OK in 0.012 seconds
[0m11:01:19.412493 [debug] [Thread-1 (]: Using duckdb connection "model.dbt_project.stg_order_facts"
[0m11:01:19.412493 [debug] [Thread-1 (]: On model.dbt_project.stg_order_facts: /* {"app": "dbt", "dbt_version": "1.11.7", "profile_name": "dbt_project", "target_name": "dev", "node_id": "model.dbt_project.stg_order_facts"} */
alter view "dev"."main"."stg_order_facts__dbt_tmp" rename to "stg_order_facts"
[0m11:01:19.413446 [debug] [Thread-1 (]: SQL status: OK in 0.000 seconds
[0m11:01:19.415493 [debug] [Thread-1 (]: On model.dbt_project.stg_order_facts: COMMIT
[0m11:01:19.415493 [debug] [Thread-1 (]: Using duckdb connection "model.dbt_project.stg_order_facts"
[0m11:01:19.416498 [debug] [Thread-1 (]: On model.dbt_project.stg_order_facts: COMMIT
[0m11:01:19.420493 [debug] [Thread-1 (]: SQL status: OK in 0.004 seconds
[0m11:01:19.423488 [debug] [Thread-1 (]: Using duckdb connection "model.dbt_project.stg_order_facts"
[0m11:01:19.423488 [debug] [Thread-1 (]: On model.dbt_project.stg_order_facts: /* {"app": "dbt", "dbt_version": "1.11.7", "profile_name": "dbt_project", "target_name": "dev", "node_id": "model.dbt_project.stg_order_facts"} */

      drop view if exists "dev"."main"."stg_order_facts__dbt_backup" cascade
    
[0m11:01:19.424493 [debug] [Thread-1 (]: SQL status: OK in 0.000 seconds
[0m11:01:19.425450 [debug] [Thread-1 (]: On model.dbt_project.stg_order_facts: Close
[0m11:01:19.425450 [debug] [Thread-1 (]: Sending event: {'category': 'dbt', 'action': 'run_model', 'label': 'aba03a99-4610-419b-82ca-d1e9a956a2ed', 'context': [<snowplow_tracker.self_describing_json.SelfDescribingJson object at 0x000001DF6B11AD90>]}
[0m11:01:19.426495 [info ] [Thread-1 (]: 2 of 11 OK created sql view model main.stg_order_facts ......................... [[32mOK[0m in 0.04s]
[0m11:01:19.427534 [debug] [Thread-1 (]: Finished running node model.dbt_project.stg_order_facts
[0m11:01:19.428491 [debug] [Thread-1 (]: Began running node model.dbt_project.stg_orders
[0m11:01:19.429510 [info ] [Thread-1 (]: 3 of 11 START sql view model main.stg_orders ................................... [RUN]
[0m11:01:19.430591 [debug] [Thread-1 (]: Re-using an available connection from the pool (formerly model.dbt_project.stg_order_facts, now model.dbt_project.stg_orders)
[0m11:01:19.431547 [debug] [Thread-1 (]: Began compiling node model.dbt_project.stg_orders
[0m11:01:19.434495 [debug] [Thread-1 (]: Writing injected SQL for node "model.dbt_project.stg_orders"
[0m11:01:19.434495 [debug] [Thread-1 (]: Began executing node model.dbt_project.stg_orders
[0m11:01:19.437450 [debug] [Thread-1 (]: Writing runtime sql for node "model.dbt_project.stg_orders"
[0m11:01:19.438450 [debug] [Thread-1 (]: Using duckdb connection "model.dbt_project.stg_orders"
[0m11:01:19.438450 [debug] [Thread-1 (]: On model.dbt_project.stg_orders: BEGIN
[0m11:01:19.439470 [debug] [Thread-1 (]: Opening a new connection, currently in state closed
[0m11:01:19.439470 [debug] [Thread-1 (]: SQL status: OK in 0.001 seconds
[0m11:01:19.439470 [debug] [Thread-1 (]: Using duckdb connection "model.dbt_project.stg_orders"
[0m11:01:19.440502 [debug] [Thread-1 (]: On model.dbt_project.stg_orders: /* {"app": "dbt", "dbt_version": "1.11.7", "profile_name": "dbt_project", "target_name": "dev", "node_id": "model.dbt_project.stg_orders"} */

  
  create view "dev"."main"."stg_orders__dbt_tmp" as (
    SELECT *
FROM read_parquet('../data/silver/orders.parquet')
  );

[0m11:01:19.441451 [debug] [Thread-1 (]: SQL status: OK in 0.001 seconds
[0m11:01:19.444445 [debug] [Thread-1 (]: Using duckdb connection "model.dbt_project.stg_orders"
[0m11:01:19.445518 [debug] [Thread-1 (]: On model.dbt_project.stg_orders: /* {"app": "dbt", "dbt_version": "1.11.7", "profile_name": "dbt_project", "target_name": "dev", "node_id": "model.dbt_project.stg_orders"} */
alter view "dev"."main"."stg_orders__dbt_tmp" rename to "stg_orders"
[0m11:01:19.446586 [debug] [Thread-1 (]: SQL status: OK in 0.000 seconds
[0m11:01:19.448599 [debug] [Thread-1 (]: On model.dbt_project.stg_orders: COMMIT
[0m11:01:19.448599 [debug] [Thread-1 (]: Using duckdb connection "model.dbt_project.stg_orders"
[0m11:01:19.449627 [debug] [Thread-1 (]: On model.dbt_project.stg_orders: COMMIT
[0m11:01:19.454094 [debug] [Thread-1 (]: SQL status: OK in 0.004 seconds
[0m11:01:19.456097 [debug] [Thread-1 (]: Using duckdb connection "model.dbt_project.stg_orders"
[0m11:01:19.456097 [debug] [Thread-1 (]: On model.dbt_project.stg_orders: /* {"app": "dbt", "dbt_version": "1.11.7", "profile_name": "dbt_project", "target_name": "dev", "node_id": "model.dbt_project.stg_orders"} */

      drop view if exists "dev"."main"."stg_orders__dbt_backup" cascade
    
[0m11:01:19.457095 [debug] [Thread-1 (]: SQL status: OK in 0.000 seconds
[0m11:01:19.458099 [debug] [Thread-1 (]: On model.dbt_project.stg_orders: Close
[0m11:01:19.459097 [debug] [Thread-1 (]: Sending event: {'category': 'dbt', 'action': 'run_model', 'label': 'aba03a99-4610-419b-82ca-d1e9a956a2ed', 'context': [<snowplow_tracker.self_describing_json.SelfDescribingJson object at 0x000001DF6B150390>]}
[0m11:01:19.459097 [info ] [Thread-1 (]: 3 of 11 OK created sql view model main.stg_orders .............................. [[32mOK[0m in 0.03s]
[0m11:01:19.460160 [debug] [Thread-1 (]: Finished running node model.dbt_project.stg_orders
[0m11:01:19.461146 [debug] [Thread-1 (]: Began running node model.dbt_project.03_refund_drivers
[0m11:01:19.462099 [info ] [Thread-1 (]: 4 of 11 START sql view model main.03_refund_drivers ............................ [RUN]
[0m11:01:19.463110 [debug] [Thread-1 (]: Re-using an available connection from the pool (formerly model.dbt_project.stg_orders, now model.dbt_project.03_refund_drivers)
[0m11:01:19.464147 [debug] [Thread-1 (]: Began compiling node model.dbt_project.03_refund_drivers
[0m11:01:19.466163 [debug] [Thread-1 (]: Writing injected SQL for node "model.dbt_project.03_refund_drivers"
[0m11:01:19.467149 [debug] [Thread-1 (]: Began executing node model.dbt_project.03_refund_drivers
[0m11:01:19.470152 [debug] [Thread-1 (]: Writing runtime sql for node "model.dbt_project.03_refund_drivers"
[0m11:01:19.472167 [debug] [Thread-1 (]: Using duckdb connection "model.dbt_project.03_refund_drivers"
[0m11:01:19.473098 [debug] [Thread-1 (]: On model.dbt_project.03_refund_drivers: BEGIN
[0m11:01:19.473098 [debug] [Thread-1 (]: Opening a new connection, currently in state closed
[0m11:01:19.474107 [debug] [Thread-1 (]: SQL status: OK in 0.001 seconds
[0m11:01:19.474107 [debug] [Thread-1 (]: Using duckdb connection "model.dbt_project.03_refund_drivers"
[0m11:01:19.474107 [debug] [Thread-1 (]: On model.dbt_project.03_refund_drivers: /* {"app": "dbt", "dbt_version": "1.11.7", "profile_name": "dbt_project", "target_name": "dev", "node_id": "model.dbt_project.03_refund_drivers"} */

  
  create view "dev"."main"."03_refund_drivers__dbt_tmp" as (
    SELECT
    CASE
        WHEN sla_breach_flag = 1 THEN 'DELAY'
        WHEN delivery_success_flag = 0 THEN 'CANCELLATION'
        ELSE 'OTHER'
    END AS refund_reason,
    COUNT(order_id) AS total_orders,
    SUM(has_refund_flag) AS refunded_orders,
    SUM(has_refund_flag) * 1.0 / COUNT(order_id) AS refund_rate
FROM "dev"."main"."stg_order_facts"
GROUP BY refund_reason
  );

[0m11:01:19.487096 [debug] [Thread-1 (]: SQL status: OK in 0.012 seconds
[0m11:01:19.490095 [debug] [Thread-1 (]: Using duckdb connection "model.dbt_project.03_refund_drivers"
[0m11:01:19.490095 [debug] [Thread-1 (]: On model.dbt_project.03_refund_drivers: /* {"app": "dbt", "dbt_version": "1.11.7", "profile_name": "dbt_project", "target_name": "dev", "node_id": "model.dbt_project.03_refund_drivers"} */
alter view "dev"."main"."03_refund_drivers__dbt_tmp" rename to "03_refund_drivers"
[0m11:01:19.491102 [debug] [Thread-1 (]: SQL status: OK in 0.001 seconds
[0m11:01:19.493167 [debug] [Thread-1 (]: On model.dbt_project.03_refund_drivers: COMMIT
[0m11:01:19.494151 [debug] [Thread-1 (]: Using duckdb connection "model.dbt_project.03_refund_drivers"
[0m11:01:19.494151 [debug] [Thread-1 (]: On model.dbt_project.03_refund_drivers: COMMIT
[0m11:01:19.497100 [debug] [Thread-1 (]: SQL status: OK in 0.002 seconds
[0m11:01:19.501142 [debug] [Thread-1 (]: Using duckdb connection "model.dbt_project.03_refund_drivers"
[0m11:01:19.501142 [debug] [Thread-1 (]: On model.dbt_project.03_refund_drivers: /* {"app": "dbt", "dbt_version": "1.11.7", "profile_name": "dbt_project", "target_name": "dev", "node_id": "model.dbt_project.03_refund_drivers"} */

      drop view if exists "dev"."main"."03_refund_drivers__dbt_backup" cascade
    
[0m11:01:19.502095 [debug] [Thread-1 (]: SQL status: OK in 0.000 seconds
[0m11:01:19.503141 [debug] [Thread-1 (]: On model.dbt_project.03_refund_drivers: Close
[0m11:01:19.504101 [debug] [Thread-1 (]: Sending event: {'category': 'dbt', 'action': 'run_model', 'label': 'aba03a99-4610-419b-82ca-d1e9a956a2ed', 'context': [<snowplow_tracker.self_describing_json.SelfDescribingJson object at 0x000001DF6B1508D0>]}
[0m11:01:19.505097 [info ] [Thread-1 (]: 4 of 11 OK created sql view model main.03_refund_drivers ....................... [[32mOK[0m in 0.04s]
[0m11:01:19.507295 [debug] [Thread-1 (]: Finished running node model.dbt_project.03_refund_drivers
[0m11:01:19.507295 [debug] [Thread-1 (]: Began running node model.dbt_project.05_weekly_trends
[0m11:01:19.508307 [info ] [Thread-1 (]: 5 of 11 START sql view model main.05_weekly_trends ............................. [RUN]
[0m11:01:19.509302 [debug] [Thread-1 (]: Re-using an available connection from the pool (formerly model.dbt_project.03_refund_drivers, now model.dbt_project.05_weekly_trends)
[0m11:01:19.509302 [debug] [Thread-1 (]: Began compiling node model.dbt_project.05_weekly_trends
[0m11:01:19.513374 [debug] [Thread-1 (]: Writing injected SQL for node "model.dbt_project.05_weekly_trends"
[0m11:01:19.514375 [debug] [Thread-1 (]: Began executing node model.dbt_project.05_weekly_trends
[0m11:01:19.519360 [debug] [Thread-1 (]: Writing runtime sql for node "model.dbt_project.05_weekly_trends"
[0m11:01:19.520307 [debug] [Thread-1 (]: Using duckdb connection "model.dbt_project.05_weekly_trends"
[0m11:01:19.520307 [debug] [Thread-1 (]: On model.dbt_project.05_weekly_trends: BEGIN
[0m11:01:19.520307 [debug] [Thread-1 (]: Opening a new connection, currently in state closed
[0m11:01:19.521352 [debug] [Thread-1 (]: SQL status: OK in 0.001 seconds
[0m11:01:19.521352 [debug] [Thread-1 (]: Using duckdb connection "model.dbt_project.05_weekly_trends"
[0m11:01:19.522323 [debug] [Thread-1 (]: On model.dbt_project.05_weekly_trends: /* {"app": "dbt", "dbt_version": "1.11.7", "profile_name": "dbt_project", "target_name": "dev", "node_id": "model.dbt_project.05_weekly_trends"} */

  
  create view "dev"."main"."05_weekly_trends__dbt_tmp" as (
    SELECT
    DATE_TRUNC('week', order_date) AS week,
    COUNT(order_id) AS total_orders,
    SUM(delivery_success_flag) AS completed_orders,
    SUM(has_refund_flag) AS refunded_orders,
    SUM(sla_breach_flag) AS breached_orders,
    SUM(refund_amount) AS total_refund_amount
FROM "dev"."main"."stg_order_facts"
GROUP BY week
ORDER BY week
  );

[0m11:01:19.526369 [debug] [Thread-1 (]: SQL status: OK in 0.004 seconds
[0m11:01:19.531394 [debug] [Thread-1 (]: Using duckdb connection "model.dbt_project.05_weekly_trends"
[0m11:01:19.531394 [debug] [Thread-1 (]: On model.dbt_project.05_weekly_trends: /* {"app": "dbt", "dbt_version": "1.11.7", "profile_name": "dbt_project", "target_name": "dev", "node_id": "model.dbt_project.05_weekly_trends"} */
alter view "dev"."main"."05_weekly_trends__dbt_tmp" rename to "05_weekly_trends"
[0m11:01:19.533361 [debug] [Thread-1 (]: SQL status: OK in 0.001 seconds
[0m11:01:19.534417 [debug] [Thread-1 (]: On model.dbt_project.05_weekly_trends: COMMIT
[0m11:01:19.535348 [debug] [Thread-1 (]: Using duckdb connection "model.dbt_project.05_weekly_trends"
[0m11:01:19.535348 [debug] [Thread-1 (]: On model.dbt_project.05_weekly_trends: COMMIT
[0m11:01:19.537345 [debug] [Thread-1 (]: SQL status: OK in 0.002 seconds
[0m11:01:19.540372 [debug] [Thread-1 (]: Using duckdb connection "model.dbt_project.05_weekly_trends"
[0m11:01:19.540372 [debug] [Thread-1 (]: On model.dbt_project.05_weekly_trends: /* {"app": "dbt", "dbt_version": "1.11.7", "profile_name": "dbt_project", "target_name": "dev", "node_id": "model.dbt_project.05_weekly_trends"} */

      drop view if exists "dev"."main"."05_weekly_trends__dbt_backup" cascade
    
[0m11:01:19.541385 [debug] [Thread-1 (]: SQL status: OK in 0.000 seconds
[0m11:01:19.543302 [debug] [Thread-1 (]: On model.dbt_project.05_weekly_trends: Close
[0m11:01:19.543302 [debug] [Thread-1 (]: Sending event: {'category': 'dbt', 'action': 'run_model', 'label': 'aba03a99-4610-419b-82ca-d1e9a956a2ed', 'context': [<snowplow_tracker.self_describing_json.SelfDescribingJson object at 0x000001DF6B178750>]}
[0m11:01:19.544350 [info ] [Thread-1 (]: 5 of 11 OK created sql view model main.05_weekly_trends ........................ [[32mOK[0m in 0.03s]
[0m11:01:19.545407 [debug] [Thread-1 (]: Finished running node model.dbt_project.05_weekly_trends
[0m11:01:19.545407 [debug] [Thread-1 (]: Began running node model.dbt_project.int_restaurant_metrics
[0m11:01:19.546398 [info ] [Thread-1 (]: 6 of 11 START sql view model main.int_restaurant_metrics ....................... [RUN]
[0m11:01:19.547558 [debug] [Thread-1 (]: Re-using an available connection from the pool (formerly model.dbt_project.05_weekly_trends, now model.dbt_project.int_restaurant_metrics)
[0m11:01:19.548584 [debug] [Thread-1 (]: Began compiling node model.dbt_project.int_restaurant_metrics
[0m11:01:19.550623 [debug] [Thread-1 (]: Writing injected SQL for node "model.dbt_project.int_restaurant_metrics"
[0m11:01:19.551622 [debug] [Thread-1 (]: Began executing node model.dbt_project.int_restaurant_metrics
[0m11:01:19.556633 [debug] [Thread-1 (]: Writing runtime sql for node "model.dbt_project.int_restaurant_metrics"
[0m11:01:19.558626 [debug] [Thread-1 (]: Using duckdb connection "model.dbt_project.int_restaurant_metrics"
[0m11:01:19.560578 [debug] [Thread-1 (]: On model.dbt_project.int_restaurant_metrics: BEGIN
[0m11:01:19.561809 [debug] [Thread-1 (]: Opening a new connection, currently in state closed
[0m11:01:19.562835 [debug] [Thread-1 (]: SQL status: OK in 0.001 seconds
[0m11:01:19.563883 [debug] [Thread-1 (]: Using duckdb connection "model.dbt_project.int_restaurant_metrics"
[0m11:01:19.563883 [debug] [Thread-1 (]: On model.dbt_project.int_restaurant_metrics: /* {"app": "dbt", "dbt_version": "1.11.7", "profile_name": "dbt_project", "target_name": "dev", "node_id": "model.dbt_project.int_restaurant_metrics"} */

  
  create view "dev"."main"."int_restaurant_metrics__dbt_tmp" as (
    SELECT
    restaurant_id,
    city,
    COUNT(order_id) AS total_orders,
    AVG(prep_delay_minutes) AS avg_prep_delay,
    AVG(delay_minutes) AS avg_delivery_delay,
    SUM(sla_breach_flag) * 1.0 / COUNT(order_id) AS breach_rate
FROM "dev"."main"."stg_order_facts"
GROUP BY restaurant_id, city
  );

[0m11:01:19.565836 [debug] [Thread-1 (]: SQL status: OK in 0.001 seconds
[0m11:01:19.570880 [debug] [Thread-1 (]: Using duckdb connection "model.dbt_project.int_restaurant_metrics"
[0m11:01:19.570880 [debug] [Thread-1 (]: On model.dbt_project.int_restaurant_metrics: /* {"app": "dbt", "dbt_version": "1.11.7", "profile_name": "dbt_project", "target_name": "dev", "node_id": "model.dbt_project.int_restaurant_metrics"} */
alter view "dev"."main"."int_restaurant_metrics__dbt_tmp" rename to "int_restaurant_metrics"
[0m11:01:19.572887 [debug] [Thread-1 (]: SQL status: OK in 0.001 seconds
[0m11:01:19.575834 [debug] [Thread-1 (]: On model.dbt_project.int_restaurant_metrics: COMMIT
[0m11:01:19.576900 [debug] [Thread-1 (]: Using duckdb connection "model.dbt_project.int_restaurant_metrics"
[0m11:01:19.577885 [debug] [Thread-1 (]: On model.dbt_project.int_restaurant_metrics: COMMIT
[0m11:01:19.579879 [debug] [Thread-1 (]: SQL status: OK in 0.002 seconds
[0m11:01:19.581883 [debug] [Thread-1 (]: Using duckdb connection "model.dbt_project.int_restaurant_metrics"
[0m11:01:19.581883 [debug] [Thread-1 (]: On model.dbt_project.int_restaurant_metrics: /* {"app": "dbt", "dbt_version": "1.11.7", "profile_name": "dbt_project", "target_name": "dev", "node_id": "model.dbt_project.int_restaurant_metrics"} */

      drop view if exists "dev"."main"."int_restaurant_metrics__dbt_backup" cascade
    
[0m11:01:19.582826 [debug] [Thread-1 (]: SQL status: OK in 0.000 seconds
[0m11:01:19.583831 [debug] [Thread-1 (]: On model.dbt_project.int_restaurant_metrics: Close
[0m11:01:19.584882 [debug] [Thread-1 (]: Sending event: {'category': 'dbt', 'action': 'run_model', 'label': 'aba03a99-4610-419b-82ca-d1e9a956a2ed', 'context': [<snowplow_tracker.self_describing_json.SelfDescribingJson object at 0x000001DF6B14A050>]}
[0m11:01:19.584882 [info ] [Thread-1 (]: 6 of 11 OK created sql view model main.int_restaurant_metrics .................. [[32mOK[0m in 0.04s]
[0m11:01:19.585881 [debug] [Thread-1 (]: Finished running node model.dbt_project.int_restaurant_metrics
[0m11:01:19.586883 [debug] [Thread-1 (]: Began running node model.dbt_project.int_rider_metrics
[0m11:01:19.586883 [info ] [Thread-1 (]: 7 of 11 START sql view model main.int_rider_metrics ............................ [RUN]
[0m11:01:19.588897 [debug] [Thread-1 (]: Re-using an available connection from the pool (formerly model.dbt_project.int_restaurant_metrics, now model.dbt_project.int_rider_metrics)
[0m11:01:19.588897 [debug] [Thread-1 (]: Began compiling node model.dbt_project.int_rider_metrics
[0m11:01:19.590883 [debug] [Thread-1 (]: Writing injected SQL for node "model.dbt_project.int_rider_metrics"
[0m11:01:19.591881 [debug] [Thread-1 (]: Began executing node model.dbt_project.int_rider_metrics
[0m11:01:19.594831 [debug] [Thread-1 (]: Writing runtime sql for node "model.dbt_project.int_rider_metrics"
[0m11:01:19.595824 [debug] [Thread-1 (]: Using duckdb connection "model.dbt_project.int_rider_metrics"
[0m11:01:19.595824 [debug] [Thread-1 (]: On model.dbt_project.int_rider_metrics: BEGIN
[0m11:01:19.596838 [debug] [Thread-1 (]: Opening a new connection, currently in state closed
[0m11:01:19.596838 [debug] [Thread-1 (]: SQL status: OK in 0.001 seconds
[0m11:01:19.597904 [debug] [Thread-1 (]: Using duckdb connection "model.dbt_project.int_rider_metrics"
[0m11:01:19.597904 [debug] [Thread-1 (]: On model.dbt_project.int_rider_metrics: /* {"app": "dbt", "dbt_version": "1.11.7", "profile_name": "dbt_project", "target_name": "dev", "node_id": "model.dbt_project.int_rider_metrics"} */

  
  create view "dev"."main"."int_rider_metrics__dbt_tmp" as (
    SELECT
    rider_id,
    COUNT(order_id) AS total_orders,
    SUM(sla_breach_flag) AS late_orders,
    SUM(delivery_success_flag) AS successful_orders,
    AVG(actual_delivery_minutes) AS avg_delivery_time,
    AVG(delay_minutes) AS avg_delay_minutes
FROM "dev"."main"."stg_order_facts"
WHERE rider_id IS NOT NULL
GROUP BY rider_id
  );

[0m11:01:19.598833 [debug] [Thread-1 (]: SQL status: OK in 0.001 seconds
[0m11:01:19.601835 [debug] [Thread-1 (]: Using duckdb connection "model.dbt_project.int_rider_metrics"
[0m11:01:19.601835 [debug] [Thread-1 (]: On model.dbt_project.int_rider_metrics: /* {"app": "dbt", "dbt_version": "1.11.7", "profile_name": "dbt_project", "target_name": "dev", "node_id": "model.dbt_project.int_rider_metrics"} */
alter view "dev"."main"."int_rider_metrics__dbt_tmp" rename to "int_rider_metrics"
[0m11:01:19.602835 [debug] [Thread-1 (]: SQL status: OK in 0.000 seconds
[0m11:01:19.603856 [debug] [Thread-1 (]: On model.dbt_project.int_rider_metrics: COMMIT
[0m11:01:19.605021 [debug] [Thread-1 (]: Using duckdb connection "model.dbt_project.int_rider_metrics"
[0m11:01:19.605021 [debug] [Thread-1 (]: On model.dbt_project.int_rider_metrics: COMMIT
[0m11:01:19.606908 [debug] [Thread-1 (]: SQL status: OK in 0.001 seconds
[0m11:01:19.609856 [debug] [Thread-1 (]: Using duckdb connection "model.dbt_project.int_rider_metrics"
[0m11:01:19.609856 [debug] [Thread-1 (]: On model.dbt_project.int_rider_metrics: /* {"app": "dbt", "dbt_version": "1.11.7", "profile_name": "dbt_project", "target_name": "dev", "node_id": "model.dbt_project.int_rider_metrics"} */

      drop view if exists "dev"."main"."int_rider_metrics__dbt_backup" cascade
    
[0m11:01:19.610860 [debug] [Thread-1 (]: SQL status: OK in 0.000 seconds
[0m11:01:19.611903 [debug] [Thread-1 (]: On model.dbt_project.int_rider_metrics: Close
[0m11:01:19.612910 [debug] [Thread-1 (]: Sending event: {'category': 'dbt', 'action': 'run_model', 'label': 'aba03a99-4610-419b-82ca-d1e9a956a2ed', 'context': [<snowplow_tracker.self_describing_json.SelfDescribingJson object at 0x000001DF6A02BF90>]}
[0m11:01:19.612910 [info ] [Thread-1 (]: 7 of 11 OK created sql view model main.int_rider_metrics ....................... [[32mOK[0m in 0.03s]
[0m11:01:19.613911 [debug] [Thread-1 (]: Finished running node model.dbt_project.int_rider_metrics
[0m11:01:19.614854 [debug] [Thread-1 (]: Began running node model.dbt_project.int_sla_metrics
[0m11:01:19.615937 [info ] [Thread-1 (]: 8 of 11 START sql view model main.int_sla_metrics .............................. [RUN]
[0m11:01:19.616966 [debug] [Thread-1 (]: Re-using an available connection from the pool (formerly model.dbt_project.int_rider_metrics, now model.dbt_project.int_sla_metrics)
[0m11:01:19.616966 [debug] [Thread-1 (]: Began compiling node model.dbt_project.int_sla_metrics
[0m11:01:19.621524 [debug] [Thread-1 (]: Writing injected SQL for node "model.dbt_project.int_sla_metrics"
[0m11:01:19.623474 [debug] [Thread-1 (]: Began executing node model.dbt_project.int_sla_metrics
[0m11:01:19.626525 [debug] [Thread-1 (]: Writing runtime sql for node "model.dbt_project.int_sla_metrics"
[0m11:01:19.627470 [debug] [Thread-1 (]: Using duckdb connection "model.dbt_project.int_sla_metrics"
[0m11:01:19.627470 [debug] [Thread-1 (]: On model.dbt_project.int_sla_metrics: BEGIN
[0m11:01:19.628474 [debug] [Thread-1 (]: Opening a new connection, currently in state closed
[0m11:01:19.629471 [debug] [Thread-1 (]: SQL status: OK in 0.001 seconds
[0m11:01:19.629471 [debug] [Thread-1 (]: Using duckdb connection "model.dbt_project.int_sla_metrics"
[0m11:01:19.629471 [debug] [Thread-1 (]: On model.dbt_project.int_sla_metrics: /* {"app": "dbt", "dbt_version": "1.11.7", "profile_name": "dbt_project", "target_name": "dev", "node_id": "model.dbt_project.int_sla_metrics"} */

  
  create view "dev"."main"."int_sla_metrics__dbt_tmp" as (
    WITH base AS (
    SELECT
        order_id,
        city,
        order_hour,
        actual_delivery_minutes,
        delay_minutes,
        sla_breach_flag,
        prep_delay_minutes
    FROM "dev"."main"."stg_order_facts"
)
SELECT
    *,
    
    CASE
        WHEN order_hour BETWEEN 11 AND 14 THEN 'LUNCH'
        WHEN order_hour BETWEEN 18 AND 22 THEN 'DINNER'
        ELSE 'OFF_PEAK'
    END AS time_slot,
    CASE
        WHEN delay_minutes <= 0 THEN 'ON_TIME'
        WHEN delay_minutes <= 10 THEN 'MINOR_DELAY'
        ELSE 'MAJOR_DELAY'
    END AS delay_bucket
FROM base
  );

[0m11:01:19.632471 [debug] [Thread-1 (]: SQL status: OK in 0.002 seconds
[0m11:01:19.635522 [debug] [Thread-1 (]: Using duckdb connection "model.dbt_project.int_sla_metrics"
[0m11:01:19.636468 [debug] [Thread-1 (]: On model.dbt_project.int_sla_metrics: /* {"app": "dbt", "dbt_version": "1.11.7", "profile_name": "dbt_project", "target_name": "dev", "node_id": "model.dbt_project.int_sla_metrics"} */
alter view "dev"."main"."int_sla_metrics__dbt_tmp" rename to "int_sla_metrics"
[0m11:01:19.636468 [debug] [Thread-1 (]: SQL status: OK in 0.000 seconds
[0m11:01:19.638519 [debug] [Thread-1 (]: On model.dbt_project.int_sla_metrics: COMMIT
[0m11:01:19.638519 [debug] [Thread-1 (]: Using duckdb connection "model.dbt_project.int_sla_metrics"
[0m11:01:19.639537 [debug] [Thread-1 (]: On model.dbt_project.int_sla_metrics: COMMIT
[0m11:01:19.641526 [debug] [Thread-1 (]: SQL status: OK in 0.002 seconds
[0m11:01:19.644471 [debug] [Thread-1 (]: Using duckdb connection "model.dbt_project.int_sla_metrics"
[0m11:01:19.644471 [debug] [Thread-1 (]: On model.dbt_project.int_sla_metrics: /* {"app": "dbt", "dbt_version": "1.11.7", "profile_name": "dbt_project", "target_name": "dev", "node_id": "model.dbt_project.int_sla_metrics"} */

      drop view if exists "dev"."main"."int_sla_metrics__dbt_backup" cascade
    
[0m11:01:19.645468 [debug] [Thread-1 (]: SQL status: OK in 0.000 seconds
[0m11:01:19.646473 [debug] [Thread-1 (]: On model.dbt_project.int_sla_metrics: Close
[0m11:01:19.646473 [debug] [Thread-1 (]: Sending event: {'category': 'dbt', 'action': 'run_model', 'label': 'aba03a99-4610-419b-82ca-d1e9a956a2ed', 'context': [<snowplow_tracker.self_describing_json.SelfDescribingJson object at 0x000001DF6B193DD0>]}
[0m11:01:19.647524 [info ] [Thread-1 (]: 8 of 11 OK created sql view model main.int_sla_metrics ......................... [[32mOK[0m in 0.03s]
[0m11:01:19.648519 [debug] [Thread-1 (]: Finished running node model.dbt_project.int_sla_metrics
[0m11:01:19.648519 [debug] [Thread-1 (]: Began running node model.dbt_project.02_restaurants_prep_delay
[0m11:01:19.649521 [info ] [Thread-1 (]: 9 of 11 START sql view model main.02_restaurants_prep_delay .................... [RUN]
[0m11:01:19.650521 [debug] [Thread-1 (]: Re-using an available connection from the pool (formerly model.dbt_project.int_sla_metrics, now model.dbt_project.02_restaurants_prep_delay)
[0m11:01:19.650521 [debug] [Thread-1 (]: Began compiling node model.dbt_project.02_restaurants_prep_delay
[0m11:01:19.653521 [debug] [Thread-1 (]: Writing injected SQL for node "model.dbt_project.02_restaurants_prep_delay"
[0m11:01:19.653521 [debug] [Thread-1 (]: Began executing node model.dbt_project.02_restaurants_prep_delay
[0m11:01:19.656520 [debug] [Thread-1 (]: Writing runtime sql for node "model.dbt_project.02_restaurants_prep_delay"
[0m11:01:19.657486 [debug] [Thread-1 (]: Using duckdb connection "model.dbt_project.02_restaurants_prep_delay"
[0m11:01:19.657486 [debug] [Thread-1 (]: On model.dbt_project.02_restaurants_prep_delay: BEGIN
[0m11:01:19.658473 [debug] [Thread-1 (]: Opening a new connection, currently in state closed
[0m11:01:19.658473 [debug] [Thread-1 (]: SQL status: OK in 0.001 seconds
[0m11:01:19.659516 [debug] [Thread-1 (]: Using duckdb connection "model.dbt_project.02_restaurants_prep_delay"
[0m11:01:19.659516 [debug] [Thread-1 (]: On model.dbt_project.02_restaurants_prep_delay: /* {"app": "dbt", "dbt_version": "1.11.7", "profile_name": "dbt_project", "target_name": "dev", "node_id": "model.dbt_project.02_restaurants_prep_delay"} */

  
  create view "dev"."main"."02_restaurants_prep_delay__dbt_tmp" as (
    SELECT
    restaurant_id,
    city,
    total_orders,
    avg_prep_delay,
    avg_delivery_delay,
    breach_rate
FROM "dev"."main"."int_restaurant_metrics"
ORDER BY breach_rate DESC
  );

[0m11:01:19.660474 [debug] [Thread-1 (]: SQL status: OK in 0.001 seconds
[0m11:01:19.663601 [debug] [Thread-1 (]: Using duckdb connection "model.dbt_project.02_restaurants_prep_delay"
[0m11:01:19.663601 [debug] [Thread-1 (]: On model.dbt_project.02_restaurants_prep_delay: /* {"app": "dbt", "dbt_version": "1.11.7", "profile_name": "dbt_project", "target_name": "dev", "node_id": "model.dbt_project.02_restaurants_prep_delay"} */
alter view "dev"."main"."02_restaurants_prep_delay__dbt_tmp" rename to "02_restaurants_prep_delay"
[0m11:01:19.664598 [debug] [Thread-1 (]: SQL status: OK in 0.000 seconds
[0m11:01:19.665576 [debug] [Thread-1 (]: On model.dbt_project.02_restaurants_prep_delay: COMMIT
[0m11:01:19.665576 [debug] [Thread-1 (]: Using duckdb connection "model.dbt_project.02_restaurants_prep_delay"
[0m11:01:19.666637 [debug] [Thread-1 (]: On model.dbt_project.02_restaurants_prep_delay: COMMIT
[0m11:01:19.668602 [debug] [Thread-1 (]: SQL status: OK in 0.001 seconds
[0m11:01:19.670597 [debug] [Thread-1 (]: Using duckdb connection "model.dbt_project.02_restaurants_prep_delay"
[0m11:01:19.671602 [debug] [Thread-1 (]: On model.dbt_project.02_restaurants_prep_delay: /* {"app": "dbt", "dbt_version": "1.11.7", "profile_name": "dbt_project", "target_name": "dev", "node_id": "model.dbt_project.02_restaurants_prep_delay"} */

      drop view if exists "dev"."main"."02_restaurants_prep_delay__dbt_backup" cascade
    
[0m11:01:19.672649 [debug] [Thread-1 (]: SQL status: OK in 0.000 seconds
[0m11:01:19.673626 [debug] [Thread-1 (]: On model.dbt_project.02_restaurants_prep_delay: Close
[0m11:01:19.674597 [debug] [Thread-1 (]: Sending event: {'category': 'dbt', 'action': 'run_model', 'label': 'aba03a99-4610-419b-82ca-d1e9a956a2ed', 'context': [<snowplow_tracker.self_describing_json.SelfDescribingJson object at 0x000001DF6B192890>]}
[0m11:01:19.674597 [info ] [Thread-1 (]: 9 of 11 OK created sql view model main.02_restaurants_prep_delay ............... [[32mOK[0m in 0.02s]
[0m11:01:19.675618 [debug] [Thread-1 (]: Finished running node model.dbt_project.02_restaurants_prep_delay
[0m11:01:19.676677 [debug] [Thread-1 (]: Began running node model.dbt_project.04_riders_performance
[0m11:01:19.676677 [info ] [Thread-1 (]: 10 of 11 START sql view model main.04_riders_performance ....................... [RUN]
[0m11:01:19.677658 [debug] [Thread-1 (]: Re-using an available connection from the pool (formerly model.dbt_project.02_restaurants_prep_delay, now model.dbt_project.04_riders_performance)
[0m11:01:19.677658 [debug] [Thread-1 (]: Began compiling node model.dbt_project.04_riders_performance
[0m11:01:19.681000 [debug] [Thread-1 (]: Writing injected SQL for node "model.dbt_project.04_riders_performance"
[0m11:01:19.682021 [debug] [Thread-1 (]: Began executing node model.dbt_project.04_riders_performance
[0m11:01:19.687071 [debug] [Thread-1 (]: Writing runtime sql for node "model.dbt_project.04_riders_performance"
[0m11:01:19.688066 [debug] [Thread-1 (]: Using duckdb connection "model.dbt_project.04_riders_performance"
[0m11:01:19.689024 [debug] [Thread-1 (]: On model.dbt_project.04_riders_performance: BEGIN
[0m11:01:19.689024 [debug] [Thread-1 (]: Opening a new connection, currently in state closed
[0m11:01:19.690024 [debug] [Thread-1 (]: SQL status: OK in 0.001 seconds
[0m11:01:19.690024 [debug] [Thread-1 (]: Using duckdb connection "model.dbt_project.04_riders_performance"
[0m11:01:19.691021 [debug] [Thread-1 (]: On model.dbt_project.04_riders_performance: /* {"app": "dbt", "dbt_version": "1.11.7", "profile_name": "dbt_project", "target_name": "dev", "node_id": "model.dbt_project.04_riders_performance"} */

  
  create view "dev"."main"."04_riders_performance__dbt_tmp" as (
    SELECT
    rider_id,
    total_orders,
    late_orders,
    successful_orders,
    avg_delivery_time,
    avg_delay_minutes,
    late_orders * 1.0 / total_orders AS late_rate
FROM "dev"."main"."int_rider_metrics"
ORDER BY total_orders DESC
  );

[0m11:01:19.692023 [debug] [Thread-1 (]: SQL status: OK in 0.001 seconds
[0m11:01:19.695064 [debug] [Thread-1 (]: Using duckdb connection "model.dbt_project.04_riders_performance"
[0m11:01:19.695064 [debug] [Thread-1 (]: On model.dbt_project.04_riders_performance: /* {"app": "dbt", "dbt_version": "1.11.7", "profile_name": "dbt_project", "target_name": "dev", "node_id": "model.dbt_project.04_riders_performance"} */
alter view "dev"."main"."04_riders_performance__dbt_tmp" rename to "04_riders_performance"
[0m11:01:19.696022 [debug] [Thread-1 (]: SQL status: OK in 0.000 seconds
[0m11:01:19.697067 [debug] [Thread-1 (]: On model.dbt_project.04_riders_performance: COMMIT
[0m11:01:19.698115 [debug] [Thread-1 (]: Using duckdb connection "model.dbt_project.04_riders_performance"
[0m11:01:19.698115 [debug] [Thread-1 (]: On model.dbt_project.04_riders_performance: COMMIT
[0m11:01:19.700081 [debug] [Thread-1 (]: SQL status: OK in 0.002 seconds
[0m11:01:19.704064 [debug] [Thread-1 (]: Using duckdb connection "model.dbt_project.04_riders_performance"
[0m11:01:19.704064 [debug] [Thread-1 (]: On model.dbt_project.04_riders_performance: /* {"app": "dbt", "dbt_version": "1.11.7", "profile_name": "dbt_project", "target_name": "dev", "node_id": "model.dbt_project.04_riders_performance"} */

      drop view if exists "dev"."main"."04_riders_performance__dbt_backup" cascade
    
[0m11:01:19.705143 [debug] [Thread-1 (]: SQL status: OK in 0.000 seconds
[0m11:01:19.707083 [debug] [Thread-1 (]: On model.dbt_project.04_riders_performance: Close
[0m11:01:19.707083 [debug] [Thread-1 (]: Sending event: {'category': 'dbt', 'action': 'run_model', 'label': 'aba03a99-4610-419b-82ca-d1e9a956a2ed', 'context': [<snowplow_tracker.self_describing_json.SelfDescribingJson object at 0x000001DF6B19EE50>]}
[0m11:01:19.708067 [info ] [Thread-1 (]: 10 of 11 OK created sql view model main.04_riders_performance .................. [[32mOK[0m in 0.03s]
[0m11:01:19.709076 [debug] [Thread-1 (]: Finished running node model.dbt_project.04_riders_performance
[0m11:01:19.709076 [debug] [Thread-1 (]: Began running node model.dbt_project.01_SLA_breach_analysis
[0m11:01:19.710023 [info ] [Thread-1 (]: 11 of 11 START sql view model main.01_SLA_breach_analysis ...................... [RUN]
[0m11:01:19.711022 [debug] [Thread-1 (]: Re-using an available connection from the pool (formerly model.dbt_project.04_riders_performance, now model.dbt_project.01_SLA_breach_analysis)
[0m11:01:19.711022 [debug] [Thread-1 (]: Began compiling node model.dbt_project.01_SLA_breach_analysis
[0m11:01:19.713070 [debug] [Thread-1 (]: Writing injected SQL for node "model.dbt_project.01_SLA_breach_analysis"
[0m11:01:19.714065 [debug] [Thread-1 (]: Began executing node model.dbt_project.01_SLA_breach_analysis
[0m11:01:19.717074 [debug] [Thread-1 (]: Writing runtime sql for node "model.dbt_project.01_SLA_breach_analysis"
[0m11:01:19.718087 [debug] [Thread-1 (]: Using duckdb connection "model.dbt_project.01_SLA_breach_analysis"
[0m11:01:19.718087 [debug] [Thread-1 (]: On model.dbt_project.01_SLA_breach_analysis: BEGIN
[0m11:01:19.719025 [debug] [Thread-1 (]: Opening a new connection, currently in state closed
[0m11:01:19.720017 [debug] [Thread-1 (]: SQL status: OK in 0.001 seconds
[0m11:01:19.720017 [debug] [Thread-1 (]: Using duckdb connection "model.dbt_project.01_SLA_breach_analysis"
[0m11:01:19.720017 [debug] [Thread-1 (]: On model.dbt_project.01_SLA_breach_analysis: /* {"app": "dbt", "dbt_version": "1.11.7", "profile_name": "dbt_project", "target_name": "dev", "node_id": "model.dbt_project.01_SLA_breach_analysis"} */

  
  create view "dev"."main"."01_SLA_breach_analysis__dbt_tmp" as (
    SELECT
    city,
    time_slot,
    COUNT(order_id) AS total_orders,
    SUM(sla_breach_flag) AS breached_orders,
    SUM(sla_breach_flag) * 1.0 / COUNT(order_id) AS breach_rate
FROM "dev"."main"."int_sla_metrics"
GROUP BY city, time_slot
  );

[0m11:01:19.722080 [debug] [Thread-1 (]: SQL status: OK in 0.001 seconds
[0m11:01:19.724070 [debug] [Thread-1 (]: Using duckdb connection "model.dbt_project.01_SLA_breach_analysis"
[0m11:01:19.725069 [debug] [Thread-1 (]: On model.dbt_project.01_SLA_breach_analysis: /* {"app": "dbt", "dbt_version": "1.11.7", "profile_name": "dbt_project", "target_name": "dev", "node_id": "model.dbt_project.01_SLA_breach_analysis"} */
alter view "dev"."main"."01_SLA_breach_analysis__dbt_tmp" rename to "01_SLA_breach_analysis"
[0m11:01:19.725069 [debug] [Thread-1 (]: SQL status: OK in 0.000 seconds
[0m11:01:19.726024 [debug] [Thread-1 (]: On model.dbt_project.01_SLA_breach_analysis: COMMIT
[0m11:01:19.728023 [debug] [Thread-1 (]: Using duckdb connection "model.dbt_project.01_SLA_breach_analysis"
[0m11:01:19.729028 [debug] [Thread-1 (]: On model.dbt_project.01_SLA_breach_analysis: COMMIT
[0m11:01:19.731024 [debug] [Thread-1 (]: SQL status: OK in 0.002 seconds
[0m11:01:19.736483 [debug] [Thread-1 (]: Using duckdb connection "model.dbt_project.01_SLA_breach_analysis"
[0m11:01:19.736483 [debug] [Thread-1 (]: On model.dbt_project.01_SLA_breach_analysis: /* {"app": "dbt", "dbt_version": "1.11.7", "profile_name": "dbt_project", "target_name": "dev", "node_id": "model.dbt_project.01_SLA_breach_analysis"} */

      drop view if exists "dev"."main"."01_SLA_breach_analysis__dbt_backup" cascade
    
[0m11:01:19.737479 [debug] [Thread-1 (]: SQL status: OK in 0.000 seconds
[0m11:01:19.738482 [debug] [Thread-1 (]: On model.dbt_project.01_SLA_breach_analysis: Close
[0m11:01:19.739482 [debug] [Thread-1 (]: Sending event: {'category': 'dbt', 'action': 'run_model', 'label': 'aba03a99-4610-419b-82ca-d1e9a956a2ed', 'context': [<snowplow_tracker.self_describing_json.SelfDescribingJson object at 0x000001DF6B19F550>]}
[0m11:01:19.739482 [info ] [Thread-1 (]: 11 of 11 OK created sql view model main.01_SLA_breach_analysis ................. [[32mOK[0m in 0.03s]
[0m11:01:19.741477 [debug] [Thread-1 (]: Finished running node model.dbt_project.01_SLA_breach_analysis
[0m11:01:19.743534 [debug] [MainThread]: Using duckdb connection "master"
[0m11:01:19.743534 [debug] [MainThread]: On master: BEGIN
[0m11:01:19.744486 [debug] [MainThread]: Opening a new connection, currently in state closed
[0m11:01:19.745482 [debug] [MainThread]: SQL status: OK in 0.001 seconds
[0m11:01:19.745482 [debug] [MainThread]: On master: COMMIT
[0m11:01:19.745482 [debug] [MainThread]: Using duckdb connection "master"
[0m11:01:19.746531 [debug] [MainThread]: On master: COMMIT
[0m11:01:19.746531 [debug] [MainThread]: SQL status: OK in 0.000 seconds
[0m11:01:19.747503 [debug] [MainThread]: On master: Close
[0m11:01:19.749533 [debug] [MainThread]: Connection 'master' was properly closed.
[0m11:01:19.749533 [debug] [MainThread]: Connection 'create_dev_main' was properly closed.
[0m11:01:19.750532 [debug] [MainThread]: Connection 'list_dev_main' was properly closed.
[0m11:01:19.750532 [debug] [MainThread]: Connection 'model.dbt_project.01_SLA_breach_analysis' was properly closed.
[0m11:01:19.751549 [info ] [MainThread]: 
[0m11:01:19.751549 [info ] [MainThread]: Finished running 11 view models in 0 hours 0 minutes and 0.58 seconds (0.58s).
[0m11:01:19.753539 [debug] [MainThread]: Command end result
[0m11:01:19.776473 [debug] [MainThread]: Wrote artifact WritableManifest to C:\DE_projects\food_del_pipeline\target\manifest.json
[0m11:01:19.778511 [debug] [MainThread]: Wrote artifact SemanticManifest to C:\DE_projects\food_del_pipeline\target\semantic_manifest.json
[0m11:01:19.785523 [debug] [MainThread]: Wrote artifact RunExecutionResult to C:\DE_projects\food_del_pipeline\target\run_results.json
[0m11:01:19.786545 [info ] [MainThread]: 
[0m11:01:19.787569 [info ] [MainThread]: [32mCompleted successfully[0m
[0m11:01:19.787569 [info ] [MainThread]: 
[0m11:01:19.788493 [info ] [MainThread]: Done. PASS=11 WARN=0 ERROR=0 SKIP=0 NO-OP=0 TOTAL=11
[0m11:01:19.789576 [debug] [MainThread]: Command `dbt run` succeeded at 11:01:19.789576 after 1.64 seconds
[0m11:01:19.789576 [debug] [MainThread]: Sending event: {'category': 'dbt', 'action': 'invocation', 'label': 'end', 'context': [<snowplow_tracker.self_describing_json.SelfDescribingJson object at 0x000001DF619A7CD0>, <snowplow_tracker.self_describing_json.SelfDescribingJson object at 0x000001DF619A6ED0>, <snowplow_tracker.self_describing_json.SelfDescribingJson object at 0x000001DF68507710>]}
[0m11:01:19.790496 [debug] [MainThread]: Flushing usage events
[0m11:01:21.816471 [debug] [MainThread]: An error was encountered while trying to flush usage events
[0m11:01:23.800967 [debug] [MainThread]: Sending event: {'category': 'dbt', 'action': 'invocation', 'label': 'start', 'context': [<snowplow_tracker.self_describing_json.SelfDescribingJson object at 0x000001C44737AE90>, <snowplow_tracker.self_describing_json.SelfDescribingJson object at 0x000001C44711B7D0>, <snowplow_tracker.self_describing_json.SelfDescribingJson object at 0x000001C44737AC10>]}


============================== 11:01:23.805076 | e0f4b022-fa8c-4c78-bee8-226dcd62856c ==============================
[0m11:01:23.805076 [info ] [MainThread]: Running with dbt=1.11.7
[0m11:01:23.806098 [debug] [MainThread]: running dbt with arguments {'version_check': 'True', 'no_print': 'None', 'static_parser': 'True', 'warn_error_options': 'WarnErrorOptionsV2(error=[], warn=[], silence=[])', 'target_path': 'None', 'printer_width': '80', 'write_json': 'True', 'empty': 'None', 'log_cache_events': 'False', 'introspect': 'True', 'cache_selected_only': 'False', 'log_format': 'default', 'debug': 'False', 'fail_fast': 'False', 'partial_parse': 'True', 'send_anonymous_usage_stats': 'True', 'quiet': 'False', 'warn_error': 'None', 'profiles_dir': '.', 'invocation_command': 'dbt test --profiles-dir .', 'use_colors': 'True', 'indirect_selection': 'eager', 'use_experimental_parser': 'False', 'log_path': 'C:\\DE_projects\\food_del_pipeline\\logs'}
[0m11:01:23.995422 [debug] [MainThread]: Sending event: {'category': 'dbt', 'action': 'project_id', 'label': 'e0f4b022-fa8c-4c78-bee8-226dcd62856c', 'context': [<snowplow_tracker.self_describing_json.SelfDescribingJson object at 0x000001C446B0D6D0>]}
[0m11:01:24.045427 [debug] [MainThread]: Sending event: {'category': 'dbt', 'action': 'adapter_info', 'label': 'e0f4b022-fa8c-4c78-bee8-226dcd62856c', 'context': [<snowplow_tracker.self_describing_json.SelfDescribingJson object at 0x000001C446AD5F10>]}
[0m11:01:24.047425 [info ] [MainThread]: Registered adapter: duckdb=1.10.1
[0m11:01:24.217114 [debug] [MainThread]: checksum: b80718358155fc17c3559352095564dd56ada1cc1a1c0ef2e62c857e71583775, vars: {}, profile: , target: , version: 1.11.7
[0m11:01:24.330633 [debug] [MainThread]: Partial parsing enabled: 0 files deleted, 0 files added, 0 files changed.
[0m11:01:24.331740 [debug] [MainThread]: Nothing changed, skipping partial parsing.
[0m11:01:24.331740 [debug] [MainThread]: Partial parsing enabled, no changes found, skipping parsing
[0m11:01:24.337205 [warn ] [MainThread]: [[33mWARNING[0m]: Configuration paths exist in your dbt_project.yml file which do not apply to any resources.
There are 1 unused configuration paths:
- models.dbt_project.example
[0m11:01:24.360221 [debug] [MainThread]: Sending event: {'category': 'dbt', 'action': 'load_project', 'label': 'e0f4b022-fa8c-4c78-bee8-226dcd62856c', 'context': [<snowplow_tracker.self_describing_json.SelfDescribingJson object at 0x000001C4488882D0>]}
[0m11:01:24.432822 [debug] [MainThread]: Wrote artifact WritableManifest to C:\DE_projects\food_del_pipeline\target\manifest.json
[0m11:01:24.434825 [debug] [MainThread]: Wrote artifact SemanticManifest to C:\DE_projects\food_del_pipeline\target\semantic_manifest.json
[0m11:01:24.472712 [debug] [MainThread]: Sending event: {'category': 'dbt', 'action': 'resource_counts', 'label': 'e0f4b022-fa8c-4c78-bee8-226dcd62856c', 'context': [<snowplow_tracker.self_describing_json.SelfDescribingJson object at 0x000001C448B9FE90>]}
[0m11:01:24.473733 [info ] [MainThread]: Found 11 models, 2 sources, 474 macros
[0m11:01:24.473733 [debug] [MainThread]: Sending event: {'category': 'dbt', 'action': 'runnable_timing', 'label': 'e0f4b022-fa8c-4c78-bee8-226dcd62856c', 'context': [<snowplow_tracker.self_describing_json.SelfDescribingJson object at 0x000001C448B92ED0>]}
[0m11:01:24.475729 [warn ] [MainThread]: Nothing to do. Try checking your model configs and model specification args
[0m11:01:24.477729 [debug] [MainThread]: Command end result
[0m11:01:24.549718 [debug] [MainThread]: Wrote artifact WritableManifest to C:\DE_projects\food_del_pipeline\target\manifest.json
[0m11:01:24.551734 [debug] [MainThread]: Wrote artifact SemanticManifest to C:\DE_projects\food_del_pipeline\target\semantic_manifest.json
[0m11:01:24.553727 [debug] [MainThread]: Wrote artifact RunExecutionResult to C:\DE_projects\food_del_pipeline\target\run_results.json
[0m11:01:24.554713 [debug] [MainThread]: Command `dbt test` succeeded at 11:01:24.554713 after 0.82 seconds
[0m11:01:24.555712 [debug] [MainThread]: Sending event: {'category': 'dbt', 'action': 'invocation', 'label': 'end', 'context': [<snowplow_tracker.self_describing_json.SelfDescribingJson object at 0x000001C4407C7CD0>, <snowplow_tracker.self_describing_json.SelfDescribingJson object at 0x000001C4407C6ED0>, <snowplow_tracker.self_describing_json.SelfDescribingJson object at 0x000001C446FA2C50>]}
[0m11:01:24.555712 [debug] [MainThread]: Flushing usage events
[0m11:01:26.220532 [debug] [MainThread]: An error was encountered while trying to flush usage events
[0m18:37:52.754838 [debug] [MainThread]: Sending event: {'category': 'dbt', 'action': 'invocation', 'label': 'start', 'context': [<snowplow_tracker.self_describing_json.SelfDescribingJson object at 0x00000233C43AB4D0>, <snowplow_tracker.self_describing_json.SelfDescribingJson object at 0x00000233C42D0E50>, <snowplow_tracker.self_describing_json.SelfDescribingJson object at 0x00000233C43AB490>]}


============================== 18:37:52.759824 | 82d436cc-d9f7-45fd-8555-bed5ca1f93e3 ==============================
[0m18:37:52.759824 [info ] [MainThread]: Running with dbt=1.11.7
[0m18:37:52.760821 [debug] [MainThread]: running dbt with arguments {'version_check': 'True', 'no_print': 'None', 'static_parser': 'True', 'warn_error_options': 'WarnErrorOptionsV2(error=[], warn=[], silence=[])', 'target_path': 'None', 'printer_width': '80', 'write_json': 'True', 'introspect': 'True', 'log_cache_events': 'False', 'empty': 'False', 'cache_selected_only': 'False', 'log_format': 'default', 'debug': 'False', 'fail_fast': 'False', 'partial_parse': 'True', 'send_anonymous_usage_stats': 'True', 'quiet': 'False', 'warn_error': 'None', 'profiles_dir': '.', 'indirect_selection': 'eager', 'use_colors': 'True', 'invocation_command': 'dbt run --profiles-dir .', 'use_experimental_parser': 'False', 'log_path': 'C:\\DE_projects\\food_del_pipeline\\logs'}
[0m18:37:53.026844 [debug] [MainThread]: Sending event: {'category': 'dbt', 'action': 'project_id', 'label': '82d436cc-d9f7-45fd-8555-bed5ca1f93e3', 'context': [<snowplow_tracker.self_describing_json.SelfDescribingJson object at 0x00000233C43CAD50>]}
[0m18:37:53.067931 [debug] [MainThread]: Sending event: {'category': 'dbt', 'action': 'adapter_info', 'label': '82d436cc-d9f7-45fd-8555-bed5ca1f93e3', 'context': [<snowplow_tracker.self_describing_json.SelfDescribingJson object at 0x00000233C0AFF250>]}
[0m18:37:53.080821 [info ] [MainThread]: Registered adapter: duckdb=1.10.1
[0m18:37:53.533696 [debug] [MainThread]: checksum: b80718358155fc17c3559352095564dd56ada1cc1a1c0ef2e62c857e71583775, vars: {}, profile: , target: , version: 1.11.7
[0m18:37:53.607800 [info ] [MainThread]: Unable to do partial parsing because a project config has changed
[0m18:37:53.608749 [debug] [MainThread]: Sending event: {'category': 'dbt', 'action': 'partial_parser', 'label': '82d436cc-d9f7-45fd-8555-bed5ca1f93e3', 'context': [<snowplow_tracker.self_describing_json.SelfDescribingJson object at 0x00000233C339BD90>]}
[0m18:37:56.218192 [warn ] [MainThread]: [[33mWARNING[0m]: Did not find matching node for patch with name 'mart_sla_breach_analysis' in the 'models' section of file 'dbt_project/models\marts\schema.yml'
[0m18:37:56.220193 [warn ] [MainThread]: [[33mWARNING[0m]: Did not find matching node for patch with name 'mart_rider_performance' in the 'models' section of file 'dbt_project/models\marts\schema.yml'
[0m18:37:56.221193 [warn ] [MainThread]: [[33mWARNING[0m]: Did not find matching node for patch with name 'mart_weekly_trends' in the 'models' section of file 'dbt_project/models\marts\schema.yml'
[0m18:37:56.295744 [warn ] [MainThread]: [[33mWARNING[0m]: Test 'test.dbt_project.not_null_mart_sla_breach_analysis_city.0533edd668' (dbt_project/models\marts\schema.yml) depends on a node named 'mart_sla_breach_analysis' in package '' which was not found
[0m18:37:56.296775 [warn ] [MainThread]: [[33mWARNING[0m]: Test 'test.dbt_project.not_null_mart_rider_performance_rider_id.1f28c28af8' (dbt_project/models\marts\schema.yml) depends on a node named 'mart_rider_performance' in package '' which was not found
[0m18:37:56.297997 [warn ] [MainThread]: [[33mWARNING[0m]: Test 'test.dbt_project.not_null_mart_weekly_trends_week.fc4fec8b93' (dbt_project/models\marts\schema.yml) depends on a node named 'mart_weekly_trends' in package '' which was not found
[0m18:37:56.360084 [debug] [MainThread]: Sending event: {'category': 'dbt', 'action': 'load_project', 'label': '82d436cc-d9f7-45fd-8555-bed5ca1f93e3', 'context': [<snowplow_tracker.self_describing_json.SelfDescribingJson object at 0x00000233C5B1DB10>]}
[0m18:37:56.413132 [debug] [MainThread]: Wrote artifact WritableManifest to C:\DE_projects\food_del_pipeline\target\manifest.json
[0m18:37:56.426133 [debug] [MainThread]: Wrote artifact SemanticManifest to C:\DE_projects\food_del_pipeline\target\semantic_manifest.json
[0m18:37:56.458133 [debug] [MainThread]: Sending event: {'category': 'dbt', 'action': 'resource_counts', 'label': '82d436cc-d9f7-45fd-8555-bed5ca1f93e3', 'context': [<snowplow_tracker.self_describing_json.SelfDescribingJson object at 0x00000233C2978D90>]}
[0m18:37:56.458133 [info ] [MainThread]: Found 11 models, 2 sources, 474 macros
[0m18:37:56.459133 [debug] [MainThread]: Sending event: {'category': 'dbt', 'action': 'runnable_timing', 'label': '82d436cc-d9f7-45fd-8555-bed5ca1f93e3', 'context': [<snowplow_tracker.self_describing_json.SelfDescribingJson object at 0x00000233C5D507D0>]}
[0m18:37:56.461149 [info ] [MainThread]: 
[0m18:37:56.461149 [info ] [MainThread]: Concurrency: 1 threads (target='dev')
[0m18:37:56.462133 [info ] [MainThread]: 
[0m18:37:56.462133 [debug] [MainThread]: Acquiring new duckdb connection 'master'
[0m18:37:56.466139 [debug] [ThreadPool]: Acquiring new duckdb connection 'list_dev'
[0m18:37:59.011778 [debug] [ThreadPool]: Using duckdb connection "list_dev"
[0m18:37:59.012775 [debug] [ThreadPool]: On list_dev: /* {"app": "dbt", "dbt_version": "1.11.7", "profile_name": "dbt_project", "target_name": "dev", "connection_name": "list_dev"} */

    
    select schema_name
    from system.information_schema.schemata
    
    where lower(catalog_name) = '"dev"'
    
  
  
[0m18:37:59.013777 [debug] [ThreadPool]: Opening a new connection, currently in state init
[0m18:37:59.050665 [debug] [ThreadPool]: SQL status: OK in 0.037 seconds
[0m18:37:59.052686 [debug] [ThreadPool]: On list_dev: Close
[0m18:37:59.052686 [debug] [ThreadPool]: Re-using an available connection from the pool (formerly list_dev, now create_dev_main)
[0m18:37:59.053666 [debug] [ThreadPool]: Creating schema "database: "dev"
schema: "main"
"
[0m18:37:59.058667 [debug] [ThreadPool]: Using duckdb connection "create_dev_main"
[0m18:37:59.058667 [debug] [ThreadPool]: On create_dev_main: /* {"app": "dbt", "dbt_version": "1.11.7", "profile_name": "dbt_project", "target_name": "dev", "connection_name": "create_dev_main"} */

    
        select type from duckdb_databases()
        where lower(database_name)='dev'
        and type='sqlite'
    
  
[0m18:37:59.058667 [debug] [ThreadPool]: Opening a new connection, currently in state closed
[0m18:37:59.060666 [debug] [ThreadPool]: SQL status: OK in 0.001 seconds
[0m18:37:59.060666 [debug] [ThreadPool]: Using duckdb connection "create_dev_main"
[0m18:37:59.061668 [debug] [ThreadPool]: On create_dev_main: BEGIN
[0m18:37:59.061668 [debug] [ThreadPool]: SQL status: OK in 0.000 seconds
[0m18:37:59.062667 [debug] [ThreadPool]: Using duckdb connection "create_dev_main"
[0m18:37:59.062667 [debug] [ThreadPool]: On create_dev_main: /* {"app": "dbt", "dbt_version": "1.11.7", "profile_name": "dbt_project", "target_name": "dev", "connection_name": "create_dev_main"} */

    
    
        create schema if not exists "dev"."main"
    
[0m18:37:59.063666 [debug] [ThreadPool]: SQL status: OK in 0.001 seconds
[0m18:37:59.064695 [debug] [ThreadPool]: On create_dev_main: COMMIT
[0m18:37:59.064695 [debug] [ThreadPool]: Using duckdb connection "create_dev_main"
[0m18:37:59.064695 [debug] [ThreadPool]: On create_dev_main: COMMIT
[0m18:37:59.065666 [debug] [ThreadPool]: SQL status: OK in 0.000 seconds
[0m18:37:59.065666 [debug] [ThreadPool]: On create_dev_main: Close
[0m18:37:59.066666 [debug] [ThreadPool]: Acquiring new duckdb connection 'list_dev_main'
[0m18:37:59.070690 [debug] [ThreadPool]: Using duckdb connection "list_dev_main"
[0m18:37:59.070690 [debug] [ThreadPool]: On list_dev_main: BEGIN
[0m18:37:59.070690 [debug] [ThreadPool]: Opening a new connection, currently in state init
[0m18:37:59.071667 [debug] [ThreadPool]: SQL status: OK in 0.000 seconds
[0m18:37:59.071667 [debug] [ThreadPool]: Using duckdb connection "list_dev_main"
[0m18:37:59.072665 [debug] [ThreadPool]: On list_dev_main: /* {"app": "dbt", "dbt_version": "1.11.7", "profile_name": "dbt_project", "target_name": "dev", "connection_name": "list_dev_main"} */
select
      'dev' as database,
      table_name as name,
      table_schema as schema,
      CASE table_type
        WHEN 'BASE TABLE' THEN 'table'
        WHEN 'VIEW' THEN 'view'
        WHEN 'LOCAL TEMPORARY' THEN 'table'
        END as type
    from system.information_schema.tables
    where lower(table_schema) = 'main'
    and lower(table_catalog) = 'dev'
  
[0m18:37:59.080665 [debug] [ThreadPool]: SQL status: OK in 0.008 seconds
[0m18:37:59.081666 [debug] [ThreadPool]: On list_dev_main: ROLLBACK
[0m18:37:59.092719 [debug] [ThreadPool]: Failed to rollback 'list_dev_main'
[0m18:37:59.092719 [debug] [ThreadPool]: On list_dev_main: Close
[0m18:37:59.094778 [debug] [MainThread]: Sending event: {'category': 'dbt', 'action': 'runnable_timing', 'label': '82d436cc-d9f7-45fd-8555-bed5ca1f93e3', 'context': [<snowplow_tracker.self_describing_json.SelfDescribingJson object at 0x00000233C5B01C90>]}
[0m18:37:59.094778 [debug] [MainThread]: Using duckdb connection "master"
[0m18:37:59.095668 [debug] [MainThread]: On master: BEGIN
[0m18:37:59.095668 [debug] [MainThread]: Opening a new connection, currently in state init
[0m18:37:59.095668 [debug] [MainThread]: SQL status: OK in 0.000 seconds
[0m18:37:59.096667 [debug] [MainThread]: On master: COMMIT
[0m18:37:59.096667 [debug] [MainThread]: Using duckdb connection "master"
[0m18:37:59.096667 [debug] [MainThread]: On master: COMMIT
[0m18:37:59.096667 [debug] [MainThread]: SQL status: OK in 0.000 seconds
[0m18:37:59.097668 [debug] [MainThread]: On master: Close
[0m18:37:59.101668 [debug] [Thread-1 (]: Began running node model.dbt_project.stg_delivery_timeline
[0m18:37:59.102667 [info ] [Thread-1 (]: 1 of 11 START sql table model main.stg_delivery_timeline ....................... [RUN]
[0m18:37:59.103667 [debug] [Thread-1 (]: Acquiring new duckdb connection 'model.dbt_project.stg_delivery_timeline'
[0m18:37:59.103667 [debug] [Thread-1 (]: Began compiling node model.dbt_project.stg_delivery_timeline
[0m18:37:59.107685 [debug] [Thread-1 (]: Writing injected SQL for node "model.dbt_project.stg_delivery_timeline"
[0m18:37:59.108682 [debug] [Thread-1 (]: Began executing node model.dbt_project.stg_delivery_timeline
[0m18:37:59.130668 [debug] [Thread-1 (]: Writing runtime sql for node "model.dbt_project.stg_delivery_timeline"
[0m18:37:59.131667 [debug] [Thread-1 (]: Using duckdb connection "model.dbt_project.stg_delivery_timeline"
[0m18:37:59.131667 [debug] [Thread-1 (]: On model.dbt_project.stg_delivery_timeline: BEGIN
[0m18:37:59.131667 [debug] [Thread-1 (]: Opening a new connection, currently in state init
[0m18:37:59.132666 [debug] [Thread-1 (]: SQL status: OK in 0.001 seconds
[0m18:37:59.133667 [debug] [Thread-1 (]: Using duckdb connection "model.dbt_project.stg_delivery_timeline"
[0m18:37:59.133667 [debug] [Thread-1 (]: On model.dbt_project.stg_delivery_timeline: /* {"app": "dbt", "dbt_version": "1.11.7", "profile_name": "dbt_project", "target_name": "dev", "node_id": "model.dbt_project.stg_delivery_timeline"} */

  
    
    

    create  table
      "dev"."main"."stg_delivery_timeline__dbt_tmp"
  
    as (
      SELECT *
FROM read_parquet('../data/silver/delivery_timeline.parquet')
    );
  
  
[0m18:37:59.144683 [debug] [Thread-1 (]: SQL status: OK in 0.011 seconds
[0m18:37:59.147682 [debug] [Thread-1 (]: Using duckdb connection "model.dbt_project.stg_delivery_timeline"
[0m18:37:59.148682 [debug] [Thread-1 (]: On model.dbt_project.stg_delivery_timeline: /* {"app": "dbt", "dbt_version": "1.11.7", "profile_name": "dbt_project", "target_name": "dev", "node_id": "model.dbt_project.stg_delivery_timeline"} */

    SELECT index_name
    FROM duckdb_indexes()
    WHERE schema_name = 'main'
      AND table_name = 'stg_delivery_timeline'
  
[0m18:37:59.149666 [debug] [Thread-1 (]: SQL status: OK in 0.000 seconds
[0m18:37:59.150684 [debug] [Thread-1 (]: Using duckdb connection "model.dbt_project.stg_delivery_timeline"
[0m18:37:59.150684 [debug] [Thread-1 (]: On model.dbt_project.stg_delivery_timeline: /* {"app": "dbt", "dbt_version": "1.11.7", "profile_name": "dbt_project", "target_name": "dev", "node_id": "model.dbt_project.stg_delivery_timeline"} */

    SELECT COUNT(*) as remaining_indexes
    FROM duckdb_indexes()
    WHERE schema_name = 'main'
      AND table_name = 'stg_delivery_timeline'
  
[0m18:37:59.155666 [debug] [Thread-1 (]: SQL status: OK in 0.004 seconds
[0m18:37:59.160689 [debug] [Thread-1 (]: Using duckdb connection "model.dbt_project.stg_delivery_timeline"
[0m18:37:59.160689 [debug] [Thread-1 (]: On model.dbt_project.stg_delivery_timeline: /* {"app": "dbt", "dbt_version": "1.11.7", "profile_name": "dbt_project", "target_name": "dev", "node_id": "model.dbt_project.stg_delivery_timeline"} */
alter view "dev"."main"."stg_delivery_timeline" rename to "stg_delivery_timeline__dbt_backup"
[0m18:37:59.162666 [debug] [Thread-1 (]: SQL status: OK in 0.001 seconds
[0m18:37:59.164668 [debug] [Thread-1 (]: Using duckdb connection "model.dbt_project.stg_delivery_timeline"
[0m18:37:59.164668 [debug] [Thread-1 (]: On model.dbt_project.stg_delivery_timeline: /* {"app": "dbt", "dbt_version": "1.11.7", "profile_name": "dbt_project", "target_name": "dev", "node_id": "model.dbt_project.stg_delivery_timeline"} */
alter table "dev"."main"."stg_delivery_timeline__dbt_tmp" rename to "stg_delivery_timeline"
[0m18:37:59.165667 [debug] [Thread-1 (]: SQL status: OK in 0.000 seconds
[0m18:37:59.174666 [debug] [Thread-1 (]: On model.dbt_project.stg_delivery_timeline: COMMIT
[0m18:37:59.174666 [debug] [Thread-1 (]: Using duckdb connection "model.dbt_project.stg_delivery_timeline"
[0m18:37:59.175668 [debug] [Thread-1 (]: On model.dbt_project.stg_delivery_timeline: COMMIT
[0m18:37:59.180786 [debug] [Thread-1 (]: SQL status: OK in 0.005 seconds
[0m18:37:59.184668 [debug] [Thread-1 (]: Using duckdb connection "model.dbt_project.stg_delivery_timeline"
[0m18:37:59.185667 [debug] [Thread-1 (]: On model.dbt_project.stg_delivery_timeline: /* {"app": "dbt", "dbt_version": "1.11.7", "profile_name": "dbt_project", "target_name": "dev", "node_id": "model.dbt_project.stg_delivery_timeline"} */

      drop view if exists "dev"."main"."stg_delivery_timeline__dbt_backup" cascade
    
[0m18:37:59.188793 [debug] [Thread-1 (]: SQL status: OK in 0.003 seconds
[0m18:37:59.190666 [debug] [Thread-1 (]: On model.dbt_project.stg_delivery_timeline: Close
[0m18:37:59.192667 [debug] [Thread-1 (]: Sending event: {'category': 'dbt', 'action': 'run_model', 'label': '82d436cc-d9f7-45fd-8555-bed5ca1f93e3', 'context': [<snowplow_tracker.self_describing_json.SelfDescribingJson object at 0x00000233C5ACCD10>]}
[0m18:37:59.192667 [info ] [Thread-1 (]: 1 of 11 OK created sql table model main.stg_delivery_timeline .................. [[32mOK[0m in 0.09s]
[0m18:37:59.193666 [debug] [Thread-1 (]: Finished running node model.dbt_project.stg_delivery_timeline
[0m18:37:59.193666 [debug] [Thread-1 (]: Began running node model.dbt_project.stg_order_facts
[0m18:37:59.194666 [info ] [Thread-1 (]: 2 of 11 START sql table model main.stg_order_facts ............................. [RUN]
[0m18:37:59.194666 [debug] [Thread-1 (]: Re-using an available connection from the pool (formerly model.dbt_project.stg_delivery_timeline, now model.dbt_project.stg_order_facts)
[0m18:37:59.195666 [debug] [Thread-1 (]: Began compiling node model.dbt_project.stg_order_facts
[0m18:37:59.247668 [debug] [Thread-1 (]: Writing injected SQL for node "model.dbt_project.stg_order_facts"
[0m18:37:59.248682 [debug] [Thread-1 (]: Began executing node model.dbt_project.stg_order_facts
[0m18:37:59.251683 [debug] [Thread-1 (]: Writing runtime sql for node "model.dbt_project.stg_order_facts"
[0m18:37:59.252666 [debug] [Thread-1 (]: Using duckdb connection "model.dbt_project.stg_order_facts"
[0m18:37:59.252666 [debug] [Thread-1 (]: On model.dbt_project.stg_order_facts: BEGIN
[0m18:37:59.252666 [debug] [Thread-1 (]: Opening a new connection, currently in state closed
[0m18:37:59.253665 [debug] [Thread-1 (]: SQL status: OK in 0.001 seconds
[0m18:37:59.253665 [debug] [Thread-1 (]: Using duckdb connection "model.dbt_project.stg_order_facts"
[0m18:37:59.253665 [debug] [Thread-1 (]: On model.dbt_project.stg_order_facts: /* {"app": "dbt", "dbt_version": "1.11.7", "profile_name": "dbt_project", "target_name": "dev", "node_id": "model.dbt_project.stg_order_facts"} */

  
    
    

    create  table
      "dev"."main"."stg_order_facts__dbt_tmp"
  
    as (
      SELECT *
FROM read_parquet('../data/silver/order_facts.parquet')
    );
  
  
[0m18:37:59.285621 [debug] [Thread-1 (]: SQL status: OK in 0.031 seconds
[0m18:37:59.286525 [debug] [Thread-1 (]: Using duckdb connection "model.dbt_project.stg_order_facts"
[0m18:37:59.286525 [debug] [Thread-1 (]: On model.dbt_project.stg_order_facts: /* {"app": "dbt", "dbt_version": "1.11.7", "profile_name": "dbt_project", "target_name": "dev", "node_id": "model.dbt_project.stg_order_facts"} */

    SELECT index_name
    FROM duckdb_indexes()
    WHERE schema_name = 'main'
      AND table_name = 'stg_order_facts'
  
[0m18:37:59.287612 [debug] [Thread-1 (]: SQL status: OK in 0.000 seconds
[0m18:37:59.288602 [debug] [Thread-1 (]: Using duckdb connection "model.dbt_project.stg_order_facts"
[0m18:37:59.288602 [debug] [Thread-1 (]: On model.dbt_project.stg_order_facts: /* {"app": "dbt", "dbt_version": "1.11.7", "profile_name": "dbt_project", "target_name": "dev", "node_id": "model.dbt_project.stg_order_facts"} */

    SELECT COUNT(*) as remaining_indexes
    FROM duckdb_indexes()
    WHERE schema_name = 'main'
      AND table_name = 'stg_order_facts'
  
[0m18:37:59.289504 [debug] [Thread-1 (]: SQL status: OK in 0.000 seconds
[0m18:37:59.291609 [debug] [Thread-1 (]: Using duckdb connection "model.dbt_project.stg_order_facts"
[0m18:37:59.292597 [debug] [Thread-1 (]: On model.dbt_project.stg_order_facts: /* {"app": "dbt", "dbt_version": "1.11.7", "profile_name": "dbt_project", "target_name": "dev", "node_id": "model.dbt_project.stg_order_facts"} */
alter view "dev"."main"."stg_order_facts" rename to "stg_order_facts__dbt_backup"
[0m18:37:59.292597 [debug] [Thread-1 (]: SQL status: OK in 0.000 seconds
[0m18:37:59.294604 [debug] [Thread-1 (]: Using duckdb connection "model.dbt_project.stg_order_facts"
[0m18:37:59.294604 [debug] [Thread-1 (]: On model.dbt_project.stg_order_facts: /* {"app": "dbt", "dbt_version": "1.11.7", "profile_name": "dbt_project", "target_name": "dev", "node_id": "model.dbt_project.stg_order_facts"} */
alter table "dev"."main"."stg_order_facts__dbt_tmp" rename to "stg_order_facts"
[0m18:37:59.295503 [debug] [Thread-1 (]: SQL status: OK in 0.000 seconds
[0m18:37:59.296506 [debug] [Thread-1 (]: On model.dbt_project.stg_order_facts: COMMIT
[0m18:37:59.296506 [debug] [Thread-1 (]: Using duckdb connection "model.dbt_project.stg_order_facts"
[0m18:37:59.297519 [debug] [Thread-1 (]: On model.dbt_project.stg_order_facts: COMMIT
[0m18:37:59.304501 [debug] [Thread-1 (]: SQL status: OK in 0.007 seconds
[0m18:37:59.306503 [debug] [Thread-1 (]: Using duckdb connection "model.dbt_project.stg_order_facts"
[0m18:37:59.307503 [debug] [Thread-1 (]: On model.dbt_project.stg_order_facts: /* {"app": "dbt", "dbt_version": "1.11.7", "profile_name": "dbt_project", "target_name": "dev", "node_id": "model.dbt_project.stg_order_facts"} */

      drop view if exists "dev"."main"."stg_order_facts__dbt_backup" cascade
    
[0m18:37:59.309500 [debug] [Thread-1 (]: SQL status: OK in 0.002 seconds
[0m18:37:59.310518 [debug] [Thread-1 (]: On model.dbt_project.stg_order_facts: Close
[0m18:37:59.310518 [debug] [Thread-1 (]: Sending event: {'category': 'dbt', 'action': 'run_model', 'label': '82d436cc-d9f7-45fd-8555-bed5ca1f93e3', 'context': [<snowplow_tracker.self_describing_json.SelfDescribingJson object at 0x00000233C72FCF90>]}
[0m18:37:59.311501 [info ] [Thread-1 (]: 2 of 11 OK created sql table model main.stg_order_facts ........................ [[32mOK[0m in 0.12s]
[0m18:37:59.311501 [debug] [Thread-1 (]: Finished running node model.dbt_project.stg_order_facts
[0m18:37:59.312502 [debug] [Thread-1 (]: Began running node model.dbt_project.stg_orders
[0m18:37:59.313502 [info ] [Thread-1 (]: 3 of 11 START sql table model main.stg_orders .................................. [RUN]
[0m18:37:59.313502 [debug] [Thread-1 (]: Re-using an available connection from the pool (formerly model.dbt_project.stg_order_facts, now model.dbt_project.stg_orders)
[0m18:37:59.314502 [debug] [Thread-1 (]: Began compiling node model.dbt_project.stg_orders
[0m18:37:59.315504 [debug] [Thread-1 (]: Writing injected SQL for node "model.dbt_project.stg_orders"
[0m18:37:59.316503 [debug] [Thread-1 (]: Began executing node model.dbt_project.stg_orders
[0m18:37:59.319505 [debug] [Thread-1 (]: Writing runtime sql for node "model.dbt_project.stg_orders"
[0m18:37:59.321505 [debug] [Thread-1 (]: Using duckdb connection "model.dbt_project.stg_orders"
[0m18:37:59.321505 [debug] [Thread-1 (]: On model.dbt_project.stg_orders: BEGIN
[0m18:37:59.322504 [debug] [Thread-1 (]: Opening a new connection, currently in state closed
[0m18:37:59.322504 [debug] [Thread-1 (]: SQL status: OK in 0.001 seconds
[0m18:37:59.323503 [debug] [Thread-1 (]: Using duckdb connection "model.dbt_project.stg_orders"
[0m18:37:59.323503 [debug] [Thread-1 (]: On model.dbt_project.stg_orders: /* {"app": "dbt", "dbt_version": "1.11.7", "profile_name": "dbt_project", "target_name": "dev", "node_id": "model.dbt_project.stg_orders"} */

  
    
    

    create  table
      "dev"."main"."stg_orders__dbt_tmp"
  
    as (
      SELECT *
FROM read_parquet('../data/silver/orders.parquet')
    );
  
  
[0m18:37:59.333502 [debug] [Thread-1 (]: SQL status: OK in 0.010 seconds
[0m18:37:59.335503 [debug] [Thread-1 (]: Using duckdb connection "model.dbt_project.stg_orders"
[0m18:37:59.335503 [debug] [Thread-1 (]: On model.dbt_project.stg_orders: /* {"app": "dbt", "dbt_version": "1.11.7", "profile_name": "dbt_project", "target_name": "dev", "node_id": "model.dbt_project.stg_orders"} */

    SELECT index_name
    FROM duckdb_indexes()
    WHERE schema_name = 'main'
      AND table_name = 'stg_orders'
  
[0m18:37:59.336503 [debug] [Thread-1 (]: SQL status: OK in 0.001 seconds
[0m18:37:59.337503 [debug] [Thread-1 (]: Using duckdb connection "model.dbt_project.stg_orders"
[0m18:37:59.338504 [debug] [Thread-1 (]: On model.dbt_project.stg_orders: /* {"app": "dbt", "dbt_version": "1.11.7", "profile_name": "dbt_project", "target_name": "dev", "node_id": "model.dbt_project.stg_orders"} */

    SELECT COUNT(*) as remaining_indexes
    FROM duckdb_indexes()
    WHERE schema_name = 'main'
      AND table_name = 'stg_orders'
  
[0m18:37:59.339504 [debug] [Thread-1 (]: SQL status: OK in 0.001 seconds
[0m18:37:59.342503 [debug] [Thread-1 (]: Using duckdb connection "model.dbt_project.stg_orders"
[0m18:37:59.342503 [debug] [Thread-1 (]: On model.dbt_project.stg_orders: /* {"app": "dbt", "dbt_version": "1.11.7", "profile_name": "dbt_project", "target_name": "dev", "node_id": "model.dbt_project.stg_orders"} */
alter view "dev"."main"."stg_orders" rename to "stg_orders__dbt_backup"
[0m18:37:59.343502 [debug] [Thread-1 (]: SQL status: OK in 0.000 seconds
[0m18:37:59.346502 [debug] [Thread-1 (]: Using duckdb connection "model.dbt_project.stg_orders"
[0m18:37:59.346502 [debug] [Thread-1 (]: On model.dbt_project.stg_orders: /* {"app": "dbt", "dbt_version": "1.11.7", "profile_name": "dbt_project", "target_name": "dev", "node_id": "model.dbt_project.stg_orders"} */
alter table "dev"."main"."stg_orders__dbt_tmp" rename to "stg_orders"
[0m18:37:59.346502 [debug] [Thread-1 (]: SQL status: OK in 0.000 seconds
[0m18:37:59.348504 [debug] [Thread-1 (]: On model.dbt_project.stg_orders: COMMIT
[0m18:37:59.348504 [debug] [Thread-1 (]: Using duckdb connection "model.dbt_project.stg_orders"
[0m18:37:59.348504 [debug] [Thread-1 (]: On model.dbt_project.stg_orders: COMMIT
[0m18:37:59.354501 [debug] [Thread-1 (]: SQL status: OK in 0.005 seconds
[0m18:37:59.356503 [debug] [Thread-1 (]: Using duckdb connection "model.dbt_project.stg_orders"
[0m18:37:59.356503 [debug] [Thread-1 (]: On model.dbt_project.stg_orders: /* {"app": "dbt", "dbt_version": "1.11.7", "profile_name": "dbt_project", "target_name": "dev", "node_id": "model.dbt_project.stg_orders"} */

      drop view if exists "dev"."main"."stg_orders__dbt_backup" cascade
    
[0m18:37:59.359502 [debug] [Thread-1 (]: SQL status: OK in 0.002 seconds
[0m18:37:59.360505 [debug] [Thread-1 (]: On model.dbt_project.stg_orders: Close
[0m18:37:59.361505 [debug] [Thread-1 (]: Sending event: {'category': 'dbt', 'action': 'run_model', 'label': '82d436cc-d9f7-45fd-8555-bed5ca1f93e3', 'context': [<snowplow_tracker.self_describing_json.SelfDescribingJson object at 0x00000233C5E54CD0>]}
[0m18:37:59.361505 [info ] [Thread-1 (]: 3 of 11 OK created sql table model main.stg_orders ............................. [[32mOK[0m in 0.05s]
[0m18:37:59.362503 [debug] [Thread-1 (]: Finished running node model.dbt_project.stg_orders
[0m18:37:59.362503 [debug] [Thread-1 (]: Began running node model.dbt_project.03_refund_drivers
[0m18:37:59.363503 [info ] [Thread-1 (]: 4 of 11 START sql table model main.03_refund_drivers ........................... [RUN]
[0m18:37:59.363503 [debug] [Thread-1 (]: Re-using an available connection from the pool (formerly model.dbt_project.stg_orders, now model.dbt_project.03_refund_drivers)
[0m18:37:59.364502 [debug] [Thread-1 (]: Began compiling node model.dbt_project.03_refund_drivers
[0m18:37:59.368503 [debug] [Thread-1 (]: Writing injected SQL for node "model.dbt_project.03_refund_drivers"
[0m18:37:59.369503 [debug] [Thread-1 (]: Began executing node model.dbt_project.03_refund_drivers
[0m18:37:59.372538 [debug] [Thread-1 (]: Writing runtime sql for node "model.dbt_project.03_refund_drivers"
[0m18:37:59.372538 [debug] [Thread-1 (]: Using duckdb connection "model.dbt_project.03_refund_drivers"
[0m18:37:59.373503 [debug] [Thread-1 (]: On model.dbt_project.03_refund_drivers: BEGIN
[0m18:37:59.373503 [debug] [Thread-1 (]: Opening a new connection, currently in state closed
[0m18:37:59.374502 [debug] [Thread-1 (]: SQL status: OK in 0.001 seconds
[0m18:37:59.374502 [debug] [Thread-1 (]: Using duckdb connection "model.dbt_project.03_refund_drivers"
[0m18:37:59.375504 [debug] [Thread-1 (]: On model.dbt_project.03_refund_drivers: /* {"app": "dbt", "dbt_version": "1.11.7", "profile_name": "dbt_project", "target_name": "dev", "node_id": "model.dbt_project.03_refund_drivers"} */

  
    
    

    create  table
      "dev"."main"."03_refund_drivers__dbt_tmp"
  
    as (
      SELECT
    CASE
        WHEN sla_breach_flag = 1 THEN 'DELAY'
        WHEN delivery_success_flag = 0 THEN 'CANCELLATION'
        ELSE 'OTHER'
    END AS refund_reason,
    COUNT(order_id) AS total_orders,
    SUM(has_refund_flag) AS refunded_orders,
    SUM(has_refund_flag) * 1.0 / COUNT(order_id) AS refund_rate
FROM "dev"."main"."stg_order_facts"
GROUP BY refund_reason
    );
  
  
[0m18:37:59.391501 [debug] [Thread-1 (]: SQL status: OK in 0.016 seconds
[0m18:37:59.393503 [debug] [Thread-1 (]: Using duckdb connection "model.dbt_project.03_refund_drivers"
[0m18:37:59.393503 [debug] [Thread-1 (]: On model.dbt_project.03_refund_drivers: /* {"app": "dbt", "dbt_version": "1.11.7", "profile_name": "dbt_project", "target_name": "dev", "node_id": "model.dbt_project.03_refund_drivers"} */

    SELECT index_name
    FROM duckdb_indexes()
    WHERE schema_name = 'main'
      AND table_name = '03_refund_drivers'
  
[0m18:37:59.394504 [debug] [Thread-1 (]: SQL status: OK in 0.001 seconds
[0m18:37:59.396507 [debug] [Thread-1 (]: Using duckdb connection "model.dbt_project.03_refund_drivers"
[0m18:37:59.396507 [debug] [Thread-1 (]: On model.dbt_project.03_refund_drivers: /* {"app": "dbt", "dbt_version": "1.11.7", "profile_name": "dbt_project", "target_name": "dev", "node_id": "model.dbt_project.03_refund_drivers"} */

    SELECT COUNT(*) as remaining_indexes
    FROM duckdb_indexes()
    WHERE schema_name = 'main'
      AND table_name = '03_refund_drivers'
  
[0m18:37:59.397503 [debug] [Thread-1 (]: SQL status: OK in 0.001 seconds
[0m18:37:59.400504 [debug] [Thread-1 (]: Using duckdb connection "model.dbt_project.03_refund_drivers"
[0m18:37:59.401503 [debug] [Thread-1 (]: On model.dbt_project.03_refund_drivers: /* {"app": "dbt", "dbt_version": "1.11.7", "profile_name": "dbt_project", "target_name": "dev", "node_id": "model.dbt_project.03_refund_drivers"} */
alter view "dev"."main"."03_refund_drivers" rename to "03_refund_drivers__dbt_backup"
[0m18:37:59.401503 [debug] [Thread-1 (]: SQL status: OK in 0.000 seconds
[0m18:37:59.404503 [debug] [Thread-1 (]: Using duckdb connection "model.dbt_project.03_refund_drivers"
[0m18:37:59.404503 [debug] [Thread-1 (]: On model.dbt_project.03_refund_drivers: /* {"app": "dbt", "dbt_version": "1.11.7", "profile_name": "dbt_project", "target_name": "dev", "node_id": "model.dbt_project.03_refund_drivers"} */
alter table "dev"."main"."03_refund_drivers__dbt_tmp" rename to "03_refund_drivers"
[0m18:37:59.404503 [debug] [Thread-1 (]: SQL status: OK in 0.000 seconds
[0m18:37:59.406505 [debug] [Thread-1 (]: On model.dbt_project.03_refund_drivers: COMMIT
[0m18:37:59.406505 [debug] [Thread-1 (]: Using duckdb connection "model.dbt_project.03_refund_drivers"
[0m18:37:59.406505 [debug] [Thread-1 (]: On model.dbt_project.03_refund_drivers: COMMIT
[0m18:37:59.409502 [debug] [Thread-1 (]: SQL status: OK in 0.002 seconds
[0m18:37:59.411529 [debug] [Thread-1 (]: Using duckdb connection "model.dbt_project.03_refund_drivers"
[0m18:37:59.411529 [debug] [Thread-1 (]: On model.dbt_project.03_refund_drivers: /* {"app": "dbt", "dbt_version": "1.11.7", "profile_name": "dbt_project", "target_name": "dev", "node_id": "model.dbt_project.03_refund_drivers"} */

      drop view if exists "dev"."main"."03_refund_drivers__dbt_backup" cascade
    
[0m18:37:59.413527 [debug] [Thread-1 (]: SQL status: OK in 0.002 seconds
[0m18:37:59.414521 [debug] [Thread-1 (]: On model.dbt_project.03_refund_drivers: Close
[0m18:37:59.415526 [debug] [Thread-1 (]: Sending event: {'category': 'dbt', 'action': 'run_model', 'label': '82d436cc-d9f7-45fd-8555-bed5ca1f93e3', 'context': [<snowplow_tracker.self_describing_json.SelfDescribingJson object at 0x00000233C58CC090>]}
[0m18:37:59.416502 [info ] [Thread-1 (]: 4 of 11 OK created sql table model main.03_refund_drivers ...................... [[32mOK[0m in 0.05s]
[0m18:37:59.416502 [debug] [Thread-1 (]: Finished running node model.dbt_project.03_refund_drivers
[0m18:37:59.417503 [debug] [Thread-1 (]: Began running node model.dbt_project.05_weekly_trends
[0m18:37:59.417503 [info ] [Thread-1 (]: 5 of 11 START sql table model main.05_weekly_trends ............................ [RUN]
[0m18:37:59.418504 [debug] [Thread-1 (]: Re-using an available connection from the pool (formerly model.dbt_project.03_refund_drivers, now model.dbt_project.05_weekly_trends)
[0m18:37:59.418504 [debug] [Thread-1 (]: Began compiling node model.dbt_project.05_weekly_trends
[0m18:37:59.421502 [debug] [Thread-1 (]: Writing injected SQL for node "model.dbt_project.05_weekly_trends"
[0m18:37:59.421502 [debug] [Thread-1 (]: Began executing node model.dbt_project.05_weekly_trends
[0m18:37:59.425504 [debug] [Thread-1 (]: Writing runtime sql for node "model.dbt_project.05_weekly_trends"
[0m18:37:59.426504 [debug] [Thread-1 (]: Using duckdb connection "model.dbt_project.05_weekly_trends"
[0m18:37:59.426504 [debug] [Thread-1 (]: On model.dbt_project.05_weekly_trends: BEGIN
[0m18:37:59.426504 [debug] [Thread-1 (]: Opening a new connection, currently in state closed
[0m18:37:59.427503 [debug] [Thread-1 (]: SQL status: OK in 0.001 seconds
[0m18:37:59.427503 [debug] [Thread-1 (]: Using duckdb connection "model.dbt_project.05_weekly_trends"
[0m18:37:59.428502 [debug] [Thread-1 (]: On model.dbt_project.05_weekly_trends: /* {"app": "dbt", "dbt_version": "1.11.7", "profile_name": "dbt_project", "target_name": "dev", "node_id": "model.dbt_project.05_weekly_trends"} */

  
    
    

    create  table
      "dev"."main"."05_weekly_trends__dbt_tmp"
  
    as (
      SELECT
    DATE_TRUNC('week', order_date) AS week,
    COUNT(order_id) AS total_orders,
    SUM(delivery_success_flag) AS completed_orders,
    SUM(has_refund_flag) AS refunded_orders,
    SUM(sla_breach_flag) AS breached_orders,
    SUM(refund_amount) AS total_refund_amount
FROM "dev"."main"."stg_order_facts"
GROUP BY week
ORDER BY week
    );
  
  
[0m18:37:59.436713 [debug] [Thread-1 (]: SQL status: OK in 0.008 seconds
[0m18:37:59.438713 [debug] [Thread-1 (]: Using duckdb connection "model.dbt_project.05_weekly_trends"
[0m18:37:59.438713 [debug] [Thread-1 (]: On model.dbt_project.05_weekly_trends: /* {"app": "dbt", "dbt_version": "1.11.7", "profile_name": "dbt_project", "target_name": "dev", "node_id": "model.dbt_project.05_weekly_trends"} */

    SELECT index_name
    FROM duckdb_indexes()
    WHERE schema_name = 'main'
      AND table_name = '05_weekly_trends'
  
[0m18:37:59.439712 [debug] [Thread-1 (]: SQL status: OK in 0.001 seconds
[0m18:37:59.440712 [debug] [Thread-1 (]: Using duckdb connection "model.dbt_project.05_weekly_trends"
[0m18:37:59.441712 [debug] [Thread-1 (]: On model.dbt_project.05_weekly_trends: /* {"app": "dbt", "dbt_version": "1.11.7", "profile_name": "dbt_project", "target_name": "dev", "node_id": "model.dbt_project.05_weekly_trends"} */

    SELECT COUNT(*) as remaining_indexes
    FROM duckdb_indexes()
    WHERE schema_name = 'main'
      AND table_name = '05_weekly_trends'
  
[0m18:37:59.442712 [debug] [Thread-1 (]: SQL status: OK in 0.001 seconds
[0m18:37:59.444720 [debug] [Thread-1 (]: Using duckdb connection "model.dbt_project.05_weekly_trends"
[0m18:37:59.445714 [debug] [Thread-1 (]: On model.dbt_project.05_weekly_trends: /* {"app": "dbt", "dbt_version": "1.11.7", "profile_name": "dbt_project", "target_name": "dev", "node_id": "model.dbt_project.05_weekly_trends"} */
alter view "dev"."main"."05_weekly_trends" rename to "05_weekly_trends__dbt_backup"
[0m18:37:59.446716 [debug] [Thread-1 (]: SQL status: OK in 0.000 seconds
[0m18:37:59.448716 [debug] [Thread-1 (]: Using duckdb connection "model.dbt_project.05_weekly_trends"
[0m18:37:59.449712 [debug] [Thread-1 (]: On model.dbt_project.05_weekly_trends: /* {"app": "dbt", "dbt_version": "1.11.7", "profile_name": "dbt_project", "target_name": "dev", "node_id": "model.dbt_project.05_weekly_trends"} */
alter table "dev"."main"."05_weekly_trends__dbt_tmp" rename to "05_weekly_trends"
[0m18:37:59.449712 [debug] [Thread-1 (]: SQL status: OK in 0.000 seconds
[0m18:37:59.451712 [debug] [Thread-1 (]: On model.dbt_project.05_weekly_trends: COMMIT
[0m18:37:59.451712 [debug] [Thread-1 (]: Using duckdb connection "model.dbt_project.05_weekly_trends"
[0m18:37:59.451712 [debug] [Thread-1 (]: On model.dbt_project.05_weekly_trends: COMMIT
[0m18:37:59.453734 [debug] [Thread-1 (]: SQL status: OK in 0.001 seconds
[0m18:37:59.455713 [debug] [Thread-1 (]: Using duckdb connection "model.dbt_project.05_weekly_trends"
[0m18:37:59.455713 [debug] [Thread-1 (]: On model.dbt_project.05_weekly_trends: /* {"app": "dbt", "dbt_version": "1.11.7", "profile_name": "dbt_project", "target_name": "dev", "node_id": "model.dbt_project.05_weekly_trends"} */

      drop view if exists "dev"."main"."05_weekly_trends__dbt_backup" cascade
    
[0m18:37:59.458712 [debug] [Thread-1 (]: SQL status: OK in 0.002 seconds
[0m18:37:59.459712 [debug] [Thread-1 (]: On model.dbt_project.05_weekly_trends: Close
[0m18:37:59.459712 [debug] [Thread-1 (]: Sending event: {'category': 'dbt', 'action': 'run_model', 'label': '82d436cc-d9f7-45fd-8555-bed5ca1f93e3', 'context': [<snowplow_tracker.self_describing_json.SelfDescribingJson object at 0x00000233C5ADB750>]}
[0m18:37:59.460712 [info ] [Thread-1 (]: 5 of 11 OK created sql table model main.05_weekly_trends ....................... [[32mOK[0m in 0.04s]
[0m18:37:59.461711 [debug] [Thread-1 (]: Finished running node model.dbt_project.05_weekly_trends
[0m18:37:59.461711 [debug] [Thread-1 (]: Began running node model.dbt_project.int_restaurant_metrics
[0m18:37:59.461711 [info ] [Thread-1 (]: 6 of 11 START sql table model main.int_restaurant_metrics ...................... [RUN]
[0m18:37:59.462712 [debug] [Thread-1 (]: Re-using an available connection from the pool (formerly model.dbt_project.05_weekly_trends, now model.dbt_project.int_restaurant_metrics)
[0m18:37:59.462712 [debug] [Thread-1 (]: Began compiling node model.dbt_project.int_restaurant_metrics
[0m18:37:59.466735 [debug] [Thread-1 (]: Writing injected SQL for node "model.dbt_project.int_restaurant_metrics"
[0m18:37:59.467712 [debug] [Thread-1 (]: Began executing node model.dbt_project.int_restaurant_metrics
[0m18:37:59.469733 [debug] [Thread-1 (]: Writing runtime sql for node "model.dbt_project.int_restaurant_metrics"
[0m18:37:59.470712 [debug] [Thread-1 (]: Using duckdb connection "model.dbt_project.int_restaurant_metrics"
[0m18:37:59.470712 [debug] [Thread-1 (]: On model.dbt_project.int_restaurant_metrics: BEGIN
[0m18:37:59.471711 [debug] [Thread-1 (]: Opening a new connection, currently in state closed
[0m18:37:59.471711 [debug] [Thread-1 (]: SQL status: OK in 0.001 seconds
[0m18:37:59.472711 [debug] [Thread-1 (]: Using duckdb connection "model.dbt_project.int_restaurant_metrics"
[0m18:37:59.472711 [debug] [Thread-1 (]: On model.dbt_project.int_restaurant_metrics: /* {"app": "dbt", "dbt_version": "1.11.7", "profile_name": "dbt_project", "target_name": "dev", "node_id": "model.dbt_project.int_restaurant_metrics"} */

  
    
    

    create  table
      "dev"."main"."int_restaurant_metrics__dbt_tmp"
  
    as (
      SELECT
    restaurant_id,
    city,
    COUNT(order_id) AS total_orders,
    AVG(prep_delay_minutes) AS avg_prep_delay,
    AVG(delay_minutes) AS avg_delivery_delay,
    SUM(sla_breach_flag) * 1.0 / COUNT(order_id) AS breach_rate
FROM "dev"."main"."stg_order_facts"
GROUP BY restaurant_id, city
    );
  
  
[0m18:37:59.479711 [debug] [Thread-1 (]: SQL status: OK in 0.007 seconds
[0m18:37:59.480712 [debug] [Thread-1 (]: Using duckdb connection "model.dbt_project.int_restaurant_metrics"
[0m18:37:59.480712 [debug] [Thread-1 (]: On model.dbt_project.int_restaurant_metrics: /* {"app": "dbt", "dbt_version": "1.11.7", "profile_name": "dbt_project", "target_name": "dev", "node_id": "model.dbt_project.int_restaurant_metrics"} */

    SELECT index_name
    FROM duckdb_indexes()
    WHERE schema_name = 'main'
      AND table_name = 'int_restaurant_metrics'
  
[0m18:37:59.481712 [debug] [Thread-1 (]: SQL status: OK in 0.000 seconds
[0m18:37:59.482741 [debug] [Thread-1 (]: Using duckdb connection "model.dbt_project.int_restaurant_metrics"
[0m18:37:59.483735 [debug] [Thread-1 (]: On model.dbt_project.int_restaurant_metrics: /* {"app": "dbt", "dbt_version": "1.11.7", "profile_name": "dbt_project", "target_name": "dev", "node_id": "model.dbt_project.int_restaurant_metrics"} */

    SELECT COUNT(*) as remaining_indexes
    FROM duckdb_indexes()
    WHERE schema_name = 'main'
      AND table_name = 'int_restaurant_metrics'
  
[0m18:37:59.483735 [debug] [Thread-1 (]: SQL status: OK in 0.000 seconds
[0m18:37:59.486713 [debug] [Thread-1 (]: Using duckdb connection "model.dbt_project.int_restaurant_metrics"
[0m18:37:59.486713 [debug] [Thread-1 (]: On model.dbt_project.int_restaurant_metrics: /* {"app": "dbt", "dbt_version": "1.11.7", "profile_name": "dbt_project", "target_name": "dev", "node_id": "model.dbt_project.int_restaurant_metrics"} */
alter view "dev"."main"."int_restaurant_metrics" rename to "int_restaurant_metrics__dbt_backup"
[0m18:37:59.487712 [debug] [Thread-1 (]: SQL status: OK in 0.000 seconds
[0m18:37:59.490712 [debug] [Thread-1 (]: Using duckdb connection "model.dbt_project.int_restaurant_metrics"
[0m18:37:59.490712 [debug] [Thread-1 (]: On model.dbt_project.int_restaurant_metrics: /* {"app": "dbt", "dbt_version": "1.11.7", "profile_name": "dbt_project", "target_name": "dev", "node_id": "model.dbt_project.int_restaurant_metrics"} */
alter table "dev"."main"."int_restaurant_metrics__dbt_tmp" rename to "int_restaurant_metrics"
[0m18:37:59.491711 [debug] [Thread-1 (]: SQL status: OK in 0.000 seconds
[0m18:37:59.492730 [debug] [Thread-1 (]: On model.dbt_project.int_restaurant_metrics: COMMIT
[0m18:37:59.492730 [debug] [Thread-1 (]: Using duckdb connection "model.dbt_project.int_restaurant_metrics"
[0m18:37:59.493712 [debug] [Thread-1 (]: On model.dbt_project.int_restaurant_metrics: COMMIT
[0m18:37:59.496711 [debug] [Thread-1 (]: SQL status: OK in 0.002 seconds
[0m18:37:59.497727 [debug] [Thread-1 (]: Using duckdb connection "model.dbt_project.int_restaurant_metrics"
[0m18:37:59.498733 [debug] [Thread-1 (]: On model.dbt_project.int_restaurant_metrics: /* {"app": "dbt", "dbt_version": "1.11.7", "profile_name": "dbt_project", "target_name": "dev", "node_id": "model.dbt_project.int_restaurant_metrics"} */

      drop view if exists "dev"."main"."int_restaurant_metrics__dbt_backup" cascade
    
[0m18:37:59.500711 [debug] [Thread-1 (]: SQL status: OK in 0.002 seconds
[0m18:37:59.501729 [debug] [Thread-1 (]: On model.dbt_project.int_restaurant_metrics: Close
[0m18:37:59.501729 [debug] [Thread-1 (]: Sending event: {'category': 'dbt', 'action': 'run_model', 'label': '82d436cc-d9f7-45fd-8555-bed5ca1f93e3', 'context': [<snowplow_tracker.self_describing_json.SelfDescribingJson object at 0x00000233C72FD450>]}
[0m18:37:59.502732 [info ] [Thread-1 (]: 6 of 11 OK created sql table model main.int_restaurant_metrics ................. [[32mOK[0m in 0.04s]
[0m18:37:59.502732 [debug] [Thread-1 (]: Finished running node model.dbt_project.int_restaurant_metrics
[0m18:37:59.503736 [debug] [Thread-1 (]: Began running node model.dbt_project.int_rider_metrics
[0m18:37:59.503736 [info ] [Thread-1 (]: 7 of 11 START sql table model main.int_rider_metrics ........................... [RUN]
[0m18:37:59.504711 [debug] [Thread-1 (]: Re-using an available connection from the pool (formerly model.dbt_project.int_restaurant_metrics, now model.dbt_project.int_rider_metrics)
[0m18:37:59.504711 [debug] [Thread-1 (]: Began compiling node model.dbt_project.int_rider_metrics
[0m18:37:59.506732 [debug] [Thread-1 (]: Writing injected SQL for node "model.dbt_project.int_rider_metrics"
[0m18:37:59.507711 [debug] [Thread-1 (]: Began executing node model.dbt_project.int_rider_metrics
[0m18:37:59.509730 [debug] [Thread-1 (]: Writing runtime sql for node "model.dbt_project.int_rider_metrics"
[0m18:37:59.510728 [debug] [Thread-1 (]: Using duckdb connection "model.dbt_project.int_rider_metrics"
[0m18:37:59.510728 [debug] [Thread-1 (]: On model.dbt_project.int_rider_metrics: BEGIN
[0m18:37:59.511711 [debug] [Thread-1 (]: Opening a new connection, currently in state closed
[0m18:37:59.511711 [debug] [Thread-1 (]: SQL status: OK in 0.001 seconds
[0m18:37:59.512711 [debug] [Thread-1 (]: Using duckdb connection "model.dbt_project.int_rider_metrics"
[0m18:37:59.512711 [debug] [Thread-1 (]: On model.dbt_project.int_rider_metrics: /* {"app": "dbt", "dbt_version": "1.11.7", "profile_name": "dbt_project", "target_name": "dev", "node_id": "model.dbt_project.int_rider_metrics"} */

  
    
    

    create  table
      "dev"."main"."int_rider_metrics__dbt_tmp"
  
    as (
      SELECT
    rider_id,
    COUNT(order_id) AS total_orders,
    SUM(sla_breach_flag) AS late_orders,
    SUM(delivery_success_flag) AS successful_orders,
    AVG(actual_delivery_minutes) AS avg_delivery_time,
    AVG(delay_minutes) AS avg_delay_minutes
FROM "dev"."main"."stg_order_facts"
WHERE rider_id IS NOT NULL
GROUP BY rider_id
    );
  
  
[0m18:37:59.514713 [debug] [Thread-1 (]: SQL status: OK in 0.002 seconds
[0m18:37:59.515734 [debug] [Thread-1 (]: Using duckdb connection "model.dbt_project.int_rider_metrics"
[0m18:37:59.515734 [debug] [Thread-1 (]: On model.dbt_project.int_rider_metrics: /* {"app": "dbt", "dbt_version": "1.11.7", "profile_name": "dbt_project", "target_name": "dev", "node_id": "model.dbt_project.int_rider_metrics"} */

    SELECT index_name
    FROM duckdb_indexes()
    WHERE schema_name = 'main'
      AND table_name = 'int_rider_metrics'
  
[0m18:37:59.516737 [debug] [Thread-1 (]: SQL status: OK in 0.000 seconds
[0m18:37:59.517732 [debug] [Thread-1 (]: Using duckdb connection "model.dbt_project.int_rider_metrics"
[0m18:37:59.517732 [debug] [Thread-1 (]: On model.dbt_project.int_rider_metrics: /* {"app": "dbt", "dbt_version": "1.11.7", "profile_name": "dbt_project", "target_name": "dev", "node_id": "model.dbt_project.int_rider_metrics"} */

    SELECT COUNT(*) as remaining_indexes
    FROM duckdb_indexes()
    WHERE schema_name = 'main'
      AND table_name = 'int_rider_metrics'
  
[0m18:37:59.518712 [debug] [Thread-1 (]: SQL status: OK in 0.000 seconds
[0m18:37:59.520711 [debug] [Thread-1 (]: Using duckdb connection "model.dbt_project.int_rider_metrics"
[0m18:37:59.521712 [debug] [Thread-1 (]: On model.dbt_project.int_rider_metrics: /* {"app": "dbt", "dbt_version": "1.11.7", "profile_name": "dbt_project", "target_name": "dev", "node_id": "model.dbt_project.int_rider_metrics"} */
alter view "dev"."main"."int_rider_metrics" rename to "int_rider_metrics__dbt_backup"
[0m18:37:59.521712 [debug] [Thread-1 (]: SQL status: OK in 0.000 seconds
[0m18:37:59.524735 [debug] [Thread-1 (]: Using duckdb connection "model.dbt_project.int_rider_metrics"
[0m18:37:59.524735 [debug] [Thread-1 (]: On model.dbt_project.int_rider_metrics: /* {"app": "dbt", "dbt_version": "1.11.7", "profile_name": "dbt_project", "target_name": "dev", "node_id": "model.dbt_project.int_rider_metrics"} */
alter table "dev"."main"."int_rider_metrics__dbt_tmp" rename to "int_rider_metrics"
[0m18:37:59.525712 [debug] [Thread-1 (]: SQL status: OK in 0.000 seconds
[0m18:37:59.526727 [debug] [Thread-1 (]: On model.dbt_project.int_rider_metrics: COMMIT
[0m18:37:59.526727 [debug] [Thread-1 (]: Using duckdb connection "model.dbt_project.int_rider_metrics"
[0m18:37:59.526727 [debug] [Thread-1 (]: On model.dbt_project.int_rider_metrics: COMMIT
[0m18:37:59.528712 [debug] [Thread-1 (]: SQL status: OK in 0.001 seconds
[0m18:37:59.530731 [debug] [Thread-1 (]: Using duckdb connection "model.dbt_project.int_rider_metrics"
[0m18:37:59.530731 [debug] [Thread-1 (]: On model.dbt_project.int_rider_metrics: /* {"app": "dbt", "dbt_version": "1.11.7", "profile_name": "dbt_project", "target_name": "dev", "node_id": "model.dbt_project.int_rider_metrics"} */

      drop view if exists "dev"."main"."int_rider_metrics__dbt_backup" cascade
    
[0m18:37:59.532734 [debug] [Thread-1 (]: SQL status: OK in 0.001 seconds
[0m18:37:59.533728 [debug] [Thread-1 (]: On model.dbt_project.int_rider_metrics: Close
[0m18:37:59.534713 [debug] [Thread-1 (]: Sending event: {'category': 'dbt', 'action': 'run_model', 'label': '82d436cc-d9f7-45fd-8555-bed5ca1f93e3', 'context': [<snowplow_tracker.self_describing_json.SelfDescribingJson object at 0x00000233C596D690>]}
[0m18:37:59.534713 [info ] [Thread-1 (]: 7 of 11 OK created sql table model main.int_rider_metrics ...................... [[32mOK[0m in 0.03s]
[0m18:37:59.535713 [debug] [Thread-1 (]: Finished running node model.dbt_project.int_rider_metrics
[0m18:37:59.535713 [debug] [Thread-1 (]: Began running node model.dbt_project.int_sla_metrics
[0m18:37:59.536713 [info ] [Thread-1 (]: 8 of 11 START sql table model main.int_sla_metrics ............................. [RUN]
[0m18:37:59.536713 [debug] [Thread-1 (]: Re-using an available connection from the pool (formerly model.dbt_project.int_rider_metrics, now model.dbt_project.int_sla_metrics)
[0m18:37:59.537714 [debug] [Thread-1 (]: Began compiling node model.dbt_project.int_sla_metrics
[0m18:37:59.540736 [debug] [Thread-1 (]: Writing injected SQL for node "model.dbt_project.int_sla_metrics"
[0m18:37:59.541734 [debug] [Thread-1 (]: Began executing node model.dbt_project.int_sla_metrics
[0m18:37:59.543883 [debug] [Thread-1 (]: Writing runtime sql for node "model.dbt_project.int_sla_metrics"
[0m18:37:59.544883 [debug] [Thread-1 (]: Using duckdb connection "model.dbt_project.int_sla_metrics"
[0m18:37:59.545883 [debug] [Thread-1 (]: On model.dbt_project.int_sla_metrics: BEGIN
[0m18:37:59.545883 [debug] [Thread-1 (]: Opening a new connection, currently in state closed
[0m18:37:59.546883 [debug] [Thread-1 (]: SQL status: OK in 0.001 seconds
[0m18:37:59.546883 [debug] [Thread-1 (]: Using duckdb connection "model.dbt_project.int_sla_metrics"
[0m18:37:59.546883 [debug] [Thread-1 (]: On model.dbt_project.int_sla_metrics: /* {"app": "dbt", "dbt_version": "1.11.7", "profile_name": "dbt_project", "target_name": "dev", "node_id": "model.dbt_project.int_sla_metrics"} */

  
    
    

    create  table
      "dev"."main"."int_sla_metrics__dbt_tmp"
  
    as (
      WITH base AS (
    SELECT
        order_id,
        city,
        order_hour,
        actual_delivery_minutes,
        delay_minutes,
        sla_breach_flag,
        prep_delay_minutes
    FROM "dev"."main"."stg_order_facts"
)
SELECT
    *,
    
    CASE
        WHEN order_hour BETWEEN 11 AND 14 THEN 'LUNCH'
        WHEN order_hour BETWEEN 18 AND 22 THEN 'DINNER'
        ELSE 'OFF_PEAK'
    END AS time_slot,
    CASE
        WHEN delay_minutes <= 0 THEN 'ON_TIME'
        WHEN delay_minutes <= 10 THEN 'MINOR_DELAY'
        ELSE 'MAJOR_DELAY'
    END AS delay_bucket
FROM base
    );
  
  
[0m18:37:59.553896 [debug] [Thread-1 (]: SQL status: OK in 0.007 seconds
[0m18:37:59.554896 [debug] [Thread-1 (]: Using duckdb connection "model.dbt_project.int_sla_metrics"
[0m18:37:59.555898 [debug] [Thread-1 (]: On model.dbt_project.int_sla_metrics: /* {"app": "dbt", "dbt_version": "1.11.7", "profile_name": "dbt_project", "target_name": "dev", "node_id": "model.dbt_project.int_sla_metrics"} */

    SELECT index_name
    FROM duckdb_indexes()
    WHERE schema_name = 'main'
      AND table_name = 'int_sla_metrics'
  
[0m18:37:59.556898 [debug] [Thread-1 (]: SQL status: OK in 0.000 seconds
[0m18:37:59.557897 [debug] [Thread-1 (]: Using duckdb connection "model.dbt_project.int_sla_metrics"
[0m18:37:59.557897 [debug] [Thread-1 (]: On model.dbt_project.int_sla_metrics: /* {"app": "dbt", "dbt_version": "1.11.7", "profile_name": "dbt_project", "target_name": "dev", "node_id": "model.dbt_project.int_sla_metrics"} */

    SELECT COUNT(*) as remaining_indexes
    FROM duckdb_indexes()
    WHERE schema_name = 'main'
      AND table_name = 'int_sla_metrics'
  
[0m18:37:59.558898 [debug] [Thread-1 (]: SQL status: OK in 0.001 seconds
[0m18:37:59.560997 [debug] [Thread-1 (]: Using duckdb connection "model.dbt_project.int_sla_metrics"
[0m18:37:59.561987 [debug] [Thread-1 (]: On model.dbt_project.int_sla_metrics: /* {"app": "dbt", "dbt_version": "1.11.7", "profile_name": "dbt_project", "target_name": "dev", "node_id": "model.dbt_project.int_sla_metrics"} */
alter view "dev"."main"."int_sla_metrics" rename to "int_sla_metrics__dbt_backup"
[0m18:37:59.561987 [debug] [Thread-1 (]: SQL status: OK in 0.000 seconds
[0m18:37:59.563897 [debug] [Thread-1 (]: Using duckdb connection "model.dbt_project.int_sla_metrics"
[0m18:37:59.564902 [debug] [Thread-1 (]: On model.dbt_project.int_sla_metrics: /* {"app": "dbt", "dbt_version": "1.11.7", "profile_name": "dbt_project", "target_name": "dev", "node_id": "model.dbt_project.int_sla_metrics"} */
alter table "dev"."main"."int_sla_metrics__dbt_tmp" rename to "int_sla_metrics"
[0m18:37:59.564902 [debug] [Thread-1 (]: SQL status: OK in 0.000 seconds
[0m18:37:59.566912 [debug] [Thread-1 (]: On model.dbt_project.int_sla_metrics: COMMIT
[0m18:37:59.566912 [debug] [Thread-1 (]: Using duckdb connection "model.dbt_project.int_sla_metrics"
[0m18:37:59.566912 [debug] [Thread-1 (]: On model.dbt_project.int_sla_metrics: COMMIT
[0m18:37:59.570896 [debug] [Thread-1 (]: SQL status: OK in 0.003 seconds
[0m18:37:59.572924 [debug] [Thread-1 (]: Using duckdb connection "model.dbt_project.int_sla_metrics"
[0m18:37:59.572924 [debug] [Thread-1 (]: On model.dbt_project.int_sla_metrics: /* {"app": "dbt", "dbt_version": "1.11.7", "profile_name": "dbt_project", "target_name": "dev", "node_id": "model.dbt_project.int_sla_metrics"} */

      drop view if exists "dev"."main"."int_sla_metrics__dbt_backup" cascade
    
[0m18:37:59.574920 [debug] [Thread-1 (]: SQL status: OK in 0.002 seconds
[0m18:37:59.575896 [debug] [Thread-1 (]: On model.dbt_project.int_sla_metrics: Close
[0m18:37:59.576896 [debug] [Thread-1 (]: Sending event: {'category': 'dbt', 'action': 'run_model', 'label': '82d436cc-d9f7-45fd-8555-bed5ca1f93e3', 'context': [<snowplow_tracker.self_describing_json.SelfDescribingJson object at 0x00000233C3B89C50>]}
[0m18:37:59.576896 [info ] [Thread-1 (]: 8 of 11 OK created sql table model main.int_sla_metrics ........................ [[32mOK[0m in 0.04s]
[0m18:37:59.577896 [debug] [Thread-1 (]: Finished running node model.dbt_project.int_sla_metrics
[0m18:37:59.577896 [debug] [Thread-1 (]: Began running node model.dbt_project.02_restaurants_prep_delay
[0m18:37:59.578897 [info ] [Thread-1 (]: 9 of 11 START sql table model main.02_restaurants_prep_delay ................... [RUN]
[0m18:37:59.578897 [debug] [Thread-1 (]: Re-using an available connection from the pool (formerly model.dbt_project.int_sla_metrics, now model.dbt_project.02_restaurants_prep_delay)
[0m18:37:59.579897 [debug] [Thread-1 (]: Began compiling node model.dbt_project.02_restaurants_prep_delay
[0m18:37:59.581898 [debug] [Thread-1 (]: Writing injected SQL for node "model.dbt_project.02_restaurants_prep_delay"
[0m18:37:59.582897 [debug] [Thread-1 (]: Began executing node model.dbt_project.02_restaurants_prep_delay
[0m18:37:59.584913 [debug] [Thread-1 (]: Writing runtime sql for node "model.dbt_project.02_restaurants_prep_delay"
[0m18:37:59.585896 [debug] [Thread-1 (]: Using duckdb connection "model.dbt_project.02_restaurants_prep_delay"
[0m18:37:59.585896 [debug] [Thread-1 (]: On model.dbt_project.02_restaurants_prep_delay: BEGIN
[0m18:37:59.585896 [debug] [Thread-1 (]: Opening a new connection, currently in state closed
[0m18:37:59.586895 [debug] [Thread-1 (]: SQL status: OK in 0.001 seconds
[0m18:37:59.586895 [debug] [Thread-1 (]: Using duckdb connection "model.dbt_project.02_restaurants_prep_delay"
[0m18:37:59.586895 [debug] [Thread-1 (]: On model.dbt_project.02_restaurants_prep_delay: /* {"app": "dbt", "dbt_version": "1.11.7", "profile_name": "dbt_project", "target_name": "dev", "node_id": "model.dbt_project.02_restaurants_prep_delay"} */

  
    
    

    create  table
      "dev"."main"."02_restaurants_prep_delay__dbt_tmp"
  
    as (
      SELECT
    restaurant_id,
    city,
    total_orders,
    avg_prep_delay,
    avg_delivery_delay,
    breach_rate
FROM "dev"."main"."int_restaurant_metrics"
ORDER BY breach_rate DESC
    );
  
  
[0m18:37:59.588918 [debug] [Thread-1 (]: SQL status: OK in 0.002 seconds
[0m18:37:59.589896 [debug] [Thread-1 (]: Using duckdb connection "model.dbt_project.02_restaurants_prep_delay"
[0m18:37:59.590895 [debug] [Thread-1 (]: On model.dbt_project.02_restaurants_prep_delay: /* {"app": "dbt", "dbt_version": "1.11.7", "profile_name": "dbt_project", "target_name": "dev", "node_id": "model.dbt_project.02_restaurants_prep_delay"} */

    SELECT index_name
    FROM duckdb_indexes()
    WHERE schema_name = 'main'
      AND table_name = '02_restaurants_prep_delay'
  
[0m18:37:59.590895 [debug] [Thread-1 (]: SQL status: OK in 0.000 seconds
[0m18:37:59.591912 [debug] [Thread-1 (]: Using duckdb connection "model.dbt_project.02_restaurants_prep_delay"
[0m18:37:59.591912 [debug] [Thread-1 (]: On model.dbt_project.02_restaurants_prep_delay: /* {"app": "dbt", "dbt_version": "1.11.7", "profile_name": "dbt_project", "target_name": "dev", "node_id": "model.dbt_project.02_restaurants_prep_delay"} */

    SELECT COUNT(*) as remaining_indexes
    FROM duckdb_indexes()
    WHERE schema_name = 'main'
      AND table_name = '02_restaurants_prep_delay'
  
[0m18:37:59.592915 [debug] [Thread-1 (]: SQL status: OK in 0.000 seconds
[0m18:37:59.594912 [debug] [Thread-1 (]: Using duckdb connection "model.dbt_project.02_restaurants_prep_delay"
[0m18:37:59.595911 [debug] [Thread-1 (]: On model.dbt_project.02_restaurants_prep_delay: /* {"app": "dbt", "dbt_version": "1.11.7", "profile_name": "dbt_project", "target_name": "dev", "node_id": "model.dbt_project.02_restaurants_prep_delay"} */
alter view "dev"."main"."02_restaurants_prep_delay" rename to "02_restaurants_prep_delay__dbt_backup"
[0m18:37:59.595911 [debug] [Thread-1 (]: SQL status: OK in 0.000 seconds
[0m18:37:59.597896 [debug] [Thread-1 (]: Using duckdb connection "model.dbt_project.02_restaurants_prep_delay"
[0m18:37:59.598898 [debug] [Thread-1 (]: On model.dbt_project.02_restaurants_prep_delay: /* {"app": "dbt", "dbt_version": "1.11.7", "profile_name": "dbt_project", "target_name": "dev", "node_id": "model.dbt_project.02_restaurants_prep_delay"} */
alter table "dev"."main"."02_restaurants_prep_delay__dbt_tmp" rename to "02_restaurants_prep_delay"
[0m18:37:59.598898 [debug] [Thread-1 (]: SQL status: OK in 0.000 seconds
[0m18:37:59.600900 [debug] [Thread-1 (]: On model.dbt_project.02_restaurants_prep_delay: COMMIT
[0m18:37:59.601897 [debug] [Thread-1 (]: Using duckdb connection "model.dbt_project.02_restaurants_prep_delay"
[0m18:37:59.601897 [debug] [Thread-1 (]: On model.dbt_project.02_restaurants_prep_delay: COMMIT
[0m18:37:59.603939 [debug] [Thread-1 (]: SQL status: OK in 0.002 seconds
[0m18:37:59.605897 [debug] [Thread-1 (]: Using duckdb connection "model.dbt_project.02_restaurants_prep_delay"
[0m18:37:59.606897 [debug] [Thread-1 (]: On model.dbt_project.02_restaurants_prep_delay: /* {"app": "dbt", "dbt_version": "1.11.7", "profile_name": "dbt_project", "target_name": "dev", "node_id": "model.dbt_project.02_restaurants_prep_delay"} */

      drop view if exists "dev"."main"."02_restaurants_prep_delay__dbt_backup" cascade
    
[0m18:37:59.609022 [debug] [Thread-1 (]: SQL status: OK in 0.002 seconds
[0m18:37:59.610008 [debug] [Thread-1 (]: On model.dbt_project.02_restaurants_prep_delay: Close
[0m18:37:59.610008 [debug] [Thread-1 (]: Sending event: {'category': 'dbt', 'action': 'run_model', 'label': '82d436cc-d9f7-45fd-8555-bed5ca1f93e3', 'context': [<snowplow_tracker.self_describing_json.SelfDescribingJson object at 0x00000233C5AB4950>]}
[0m18:37:59.611016 [info ] [Thread-1 (]: 9 of 11 OK created sql table model main.02_restaurants_prep_delay .............. [[32mOK[0m in 0.03s]
[0m18:37:59.611897 [debug] [Thread-1 (]: Finished running node model.dbt_project.02_restaurants_prep_delay
[0m18:37:59.611897 [debug] [Thread-1 (]: Began running node model.dbt_project.04_riders_performance
[0m18:37:59.612898 [info ] [Thread-1 (]: 10 of 11 START sql table model main.04_riders_performance ...................... [RUN]
[0m18:37:59.612898 [debug] [Thread-1 (]: Re-using an available connection from the pool (formerly model.dbt_project.02_restaurants_prep_delay, now model.dbt_project.04_riders_performance)
[0m18:37:59.613935 [debug] [Thread-1 (]: Began compiling node model.dbt_project.04_riders_performance
[0m18:37:59.617005 [debug] [Thread-1 (]: Writing injected SQL for node "model.dbt_project.04_riders_performance"
[0m18:37:59.618002 [debug] [Thread-1 (]: Began executing node model.dbt_project.04_riders_performance
[0m18:37:59.620896 [debug] [Thread-1 (]: Writing runtime sql for node "model.dbt_project.04_riders_performance"
[0m18:37:59.621917 [debug] [Thread-1 (]: Using duckdb connection "model.dbt_project.04_riders_performance"
[0m18:37:59.621917 [debug] [Thread-1 (]: On model.dbt_project.04_riders_performance: BEGIN
[0m18:37:59.622920 [debug] [Thread-1 (]: Opening a new connection, currently in state closed
[0m18:37:59.622920 [debug] [Thread-1 (]: SQL status: OK in 0.001 seconds
[0m18:37:59.623895 [debug] [Thread-1 (]: Using duckdb connection "model.dbt_project.04_riders_performance"
[0m18:37:59.623895 [debug] [Thread-1 (]: On model.dbt_project.04_riders_performance: /* {"app": "dbt", "dbt_version": "1.11.7", "profile_name": "dbt_project", "target_name": "dev", "node_id": "model.dbt_project.04_riders_performance"} */

  
    
    

    create  table
      "dev"."main"."04_riders_performance__dbt_tmp"
  
    as (
      SELECT
    rider_id,
    total_orders,
    late_orders,
    successful_orders,
    avg_delivery_time,
    avg_delay_minutes,
    late_orders * 1.0 / total_orders AS late_rate
FROM "dev"."main"."int_rider_metrics"
ORDER BY total_orders DESC
    );
  
  
[0m18:37:59.627896 [debug] [Thread-1 (]: SQL status: OK in 0.003 seconds
[0m18:37:59.630903 [debug] [Thread-1 (]: Using duckdb connection "model.dbt_project.04_riders_performance"
[0m18:37:59.631897 [debug] [Thread-1 (]: On model.dbt_project.04_riders_performance: /* {"app": "dbt", "dbt_version": "1.11.7", "profile_name": "dbt_project", "target_name": "dev", "node_id": "model.dbt_project.04_riders_performance"} */

    SELECT index_name
    FROM duckdb_indexes()
    WHERE schema_name = 'main'
      AND table_name = '04_riders_performance'
  
[0m18:37:59.632905 [debug] [Thread-1 (]: SQL status: OK in 0.001 seconds
[0m18:37:59.633897 [debug] [Thread-1 (]: Using duckdb connection "model.dbt_project.04_riders_performance"
[0m18:37:59.634897 [debug] [Thread-1 (]: On model.dbt_project.04_riders_performance: /* {"app": "dbt", "dbt_version": "1.11.7", "profile_name": "dbt_project", "target_name": "dev", "node_id": "model.dbt_project.04_riders_performance"} */

    SELECT COUNT(*) as remaining_indexes
    FROM duckdb_indexes()
    WHERE schema_name = 'main'
      AND table_name = '04_riders_performance'
  
[0m18:37:59.635907 [debug] [Thread-1 (]: SQL status: OK in 0.001 seconds
[0m18:37:59.637897 [debug] [Thread-1 (]: Using duckdb connection "model.dbt_project.04_riders_performance"
[0m18:37:59.638896 [debug] [Thread-1 (]: On model.dbt_project.04_riders_performance: /* {"app": "dbt", "dbt_version": "1.11.7", "profile_name": "dbt_project", "target_name": "dev", "node_id": "model.dbt_project.04_riders_performance"} */
alter view "dev"."main"."04_riders_performance" rename to "04_riders_performance__dbt_backup"
[0m18:37:59.639942 [debug] [Thread-1 (]: SQL status: OK in 0.000 seconds
[0m18:37:59.641954 [debug] [Thread-1 (]: Using duckdb connection "model.dbt_project.04_riders_performance"
[0m18:37:59.641954 [debug] [Thread-1 (]: On model.dbt_project.04_riders_performance: /* {"app": "dbt", "dbt_version": "1.11.7", "profile_name": "dbt_project", "target_name": "dev", "node_id": "model.dbt_project.04_riders_performance"} */
alter table "dev"."main"."04_riders_performance__dbt_tmp" rename to "04_riders_performance"
[0m18:37:59.643001 [debug] [Thread-1 (]: SQL status: OK in 0.000 seconds
[0m18:37:59.643995 [debug] [Thread-1 (]: On model.dbt_project.04_riders_performance: COMMIT
[0m18:37:59.644897 [debug] [Thread-1 (]: Using duckdb connection "model.dbt_project.04_riders_performance"
[0m18:37:59.644897 [debug] [Thread-1 (]: On model.dbt_project.04_riders_performance: COMMIT
[0m18:37:59.647021 [debug] [Thread-1 (]: SQL status: OK in 0.001 seconds
[0m18:37:59.648896 [debug] [Thread-1 (]: Using duckdb connection "model.dbt_project.04_riders_performance"
[0m18:37:59.648896 [debug] [Thread-1 (]: On model.dbt_project.04_riders_performance: /* {"app": "dbt", "dbt_version": "1.11.7", "profile_name": "dbt_project", "target_name": "dev", "node_id": "model.dbt_project.04_riders_performance"} */

      drop view if exists "dev"."main"."04_riders_performance__dbt_backup" cascade
    
[0m18:37:59.650922 [debug] [Thread-1 (]: SQL status: OK in 0.002 seconds
[0m18:37:59.651898 [debug] [Thread-1 (]: On model.dbt_project.04_riders_performance: Close
[0m18:37:59.652898 [debug] [Thread-1 (]: Sending event: {'category': 'dbt', 'action': 'run_model', 'label': '82d436cc-d9f7-45fd-8555-bed5ca1f93e3', 'context': [<snowplow_tracker.self_describing_json.SelfDescribingJson object at 0x00000233C5A9F250>]}
[0m18:37:59.652898 [info ] [Thread-1 (]: 10 of 11 OK created sql table model main.04_riders_performance ................. [[32mOK[0m in 0.04s]
[0m18:37:59.653898 [debug] [Thread-1 (]: Finished running node model.dbt_project.04_riders_performance
[0m18:37:59.654898 [debug] [Thread-1 (]: Began running node model.dbt_project.01_SLA_breach_analysis
[0m18:37:59.654898 [info ] [Thread-1 (]: 11 of 11 START sql table model main.01_SLA_breach_analysis ..................... [RUN]
[0m18:37:59.655898 [debug] [Thread-1 (]: Re-using an available connection from the pool (formerly model.dbt_project.04_riders_performance, now model.dbt_project.01_SLA_breach_analysis)
[0m18:37:59.655898 [debug] [Thread-1 (]: Began compiling node model.dbt_project.01_SLA_breach_analysis
[0m18:37:59.657913 [debug] [Thread-1 (]: Writing injected SQL for node "model.dbt_project.01_SLA_breach_analysis"
[0m18:37:59.658906 [debug] [Thread-1 (]: Began executing node model.dbt_project.01_SLA_breach_analysis
[0m18:37:59.660896 [debug] [Thread-1 (]: Writing runtime sql for node "model.dbt_project.01_SLA_breach_analysis"
[0m18:37:59.661914 [debug] [Thread-1 (]: Using duckdb connection "model.dbt_project.01_SLA_breach_analysis"
[0m18:37:59.662897 [debug] [Thread-1 (]: On model.dbt_project.01_SLA_breach_analysis: BEGIN
[0m18:37:59.662897 [debug] [Thread-1 (]: Opening a new connection, currently in state closed
[0m18:37:59.663896 [debug] [Thread-1 (]: SQL status: OK in 0.001 seconds
[0m18:37:59.663896 [debug] [Thread-1 (]: Using duckdb connection "model.dbt_project.01_SLA_breach_analysis"
[0m18:37:59.663896 [debug] [Thread-1 (]: On model.dbt_project.01_SLA_breach_analysis: /* {"app": "dbt", "dbt_version": "1.11.7", "profile_name": "dbt_project", "target_name": "dev", "node_id": "model.dbt_project.01_SLA_breach_analysis"} */

  
    
    

    create  table
      "dev"."main"."01_SLA_breach_analysis__dbt_tmp"
  
    as (
      SELECT
    city,
    time_slot,
    COUNT(order_id) AS total_orders,
    SUM(sla_breach_flag) AS breached_orders,
    SUM(sla_breach_flag) * 1.0 / COUNT(order_id) AS breach_rate
FROM "dev"."main"."int_sla_metrics"
GROUP BY city, time_slot
    );
  
  
[0m18:37:59.667896 [debug] [Thread-1 (]: SQL status: OK in 0.003 seconds
[0m18:37:59.668897 [debug] [Thread-1 (]: Using duckdb connection "model.dbt_project.01_SLA_breach_analysis"
[0m18:37:59.669925 [debug] [Thread-1 (]: On model.dbt_project.01_SLA_breach_analysis: /* {"app": "dbt", "dbt_version": "1.11.7", "profile_name": "dbt_project", "target_name": "dev", "node_id": "model.dbt_project.01_SLA_breach_analysis"} */

    SELECT index_name
    FROM duckdb_indexes()
    WHERE schema_name = 'main'
      AND table_name = '01_SLA_breach_analysis'
  
[0m18:37:59.669925 [debug] [Thread-1 (]: SQL status: OK in 0.000 seconds
[0m18:37:59.670896 [debug] [Thread-1 (]: Using duckdb connection "model.dbt_project.01_SLA_breach_analysis"
[0m18:37:59.671921 [debug] [Thread-1 (]: On model.dbt_project.01_SLA_breach_analysis: /* {"app": "dbt", "dbt_version": "1.11.7", "profile_name": "dbt_project", "target_name": "dev", "node_id": "model.dbt_project.01_SLA_breach_analysis"} */

    SELECT COUNT(*) as remaining_indexes
    FROM duckdb_indexes()
    WHERE schema_name = 'main'
      AND table_name = '01_SLA_breach_analysis'
  
[0m18:37:59.671921 [debug] [Thread-1 (]: SQL status: OK in 0.000 seconds
[0m18:37:59.674897 [debug] [Thread-1 (]: Using duckdb connection "model.dbt_project.01_SLA_breach_analysis"
[0m18:37:59.674897 [debug] [Thread-1 (]: On model.dbt_project.01_SLA_breach_analysis: /* {"app": "dbt", "dbt_version": "1.11.7", "profile_name": "dbt_project", "target_name": "dev", "node_id": "model.dbt_project.01_SLA_breach_analysis"} */
alter view "dev"."main"."01_SLA_breach_analysis" rename to "01_SLA_breach_analysis__dbt_backup"
[0m18:37:59.675896 [debug] [Thread-1 (]: SQL status: OK in 0.000 seconds
[0m18:37:59.677898 [debug] [Thread-1 (]: Using duckdb connection "model.dbt_project.01_SLA_breach_analysis"
[0m18:37:59.677898 [debug] [Thread-1 (]: On model.dbt_project.01_SLA_breach_analysis: /* {"app": "dbt", "dbt_version": "1.11.7", "profile_name": "dbt_project", "target_name": "dev", "node_id": "model.dbt_project.01_SLA_breach_analysis"} */
alter table "dev"."main"."01_SLA_breach_analysis__dbt_tmp" rename to "01_SLA_breach_analysis"
[0m18:37:59.678897 [debug] [Thread-1 (]: SQL status: OK in 0.000 seconds
[0m18:37:59.679898 [debug] [Thread-1 (]: On model.dbt_project.01_SLA_breach_analysis: COMMIT
[0m18:37:59.679898 [debug] [Thread-1 (]: Using duckdb connection "model.dbt_project.01_SLA_breach_analysis"
[0m18:37:59.679898 [debug] [Thread-1 (]: On model.dbt_project.01_SLA_breach_analysis: COMMIT
[0m18:37:59.681941 [debug] [Thread-1 (]: SQL status: OK in 0.002 seconds
[0m18:37:59.684013 [debug] [Thread-1 (]: Using duckdb connection "model.dbt_project.01_SLA_breach_analysis"
[0m18:37:59.684897 [debug] [Thread-1 (]: On model.dbt_project.01_SLA_breach_analysis: /* {"app": "dbt", "dbt_version": "1.11.7", "profile_name": "dbt_project", "target_name": "dev", "node_id": "model.dbt_project.01_SLA_breach_analysis"} */

      drop view if exists "dev"."main"."01_SLA_breach_analysis__dbt_backup" cascade
    
[0m18:37:59.685896 [debug] [Thread-1 (]: SQL status: OK in 0.002 seconds
[0m18:37:59.686897 [debug] [Thread-1 (]: On model.dbt_project.01_SLA_breach_analysis: Close
[0m18:37:59.687895 [debug] [Thread-1 (]: Sending event: {'category': 'dbt', 'action': 'run_model', 'label': '82d436cc-d9f7-45fd-8555-bed5ca1f93e3', 'context': [<snowplow_tracker.self_describing_json.SelfDescribingJson object at 0x00000233C72CB3D0>]}
[0m18:37:59.687895 [info ] [Thread-1 (]: 11 of 11 OK created sql table model main.01_SLA_breach_analysis ................ [[32mOK[0m in 0.03s]
[0m18:37:59.688895 [debug] [Thread-1 (]: Finished running node model.dbt_project.01_SLA_breach_analysis
[0m18:37:59.690896 [debug] [MainThread]: Using duckdb connection "master"
[0m18:37:59.690896 [debug] [MainThread]: On master: BEGIN
[0m18:37:59.690896 [debug] [MainThread]: Opening a new connection, currently in state closed
[0m18:37:59.691897 [debug] [MainThread]: SQL status: OK in 0.000 seconds
[0m18:37:59.691897 [debug] [MainThread]: On master: COMMIT
[0m18:37:59.692897 [debug] [MainThread]: Using duckdb connection "master"
[0m18:37:59.692897 [debug] [MainThread]: On master: COMMIT
[0m18:37:59.692897 [debug] [MainThread]: SQL status: OK in 0.000 seconds
[0m18:37:59.693896 [debug] [MainThread]: On master: Close
[0m18:37:59.693896 [debug] [MainThread]: Connection 'master' was properly closed.
[0m18:37:59.693896 [debug] [MainThread]: Connection 'create_dev_main' was properly closed.
[0m18:37:59.694896 [debug] [MainThread]: Connection 'list_dev_main' was properly closed.
[0m18:37:59.694896 [debug] [MainThread]: Connection 'model.dbt_project.01_SLA_breach_analysis' was properly closed.
[0m18:37:59.694896 [info ] [MainThread]: 
[0m18:37:59.695896 [info ] [MainThread]: Finished running 11 table models in 0 hours 0 minutes and 3.23 seconds (3.23s).
[0m18:37:59.696896 [debug] [MainThread]: Command end result
[0m18:37:59.713896 [debug] [MainThread]: Wrote artifact WritableManifest to C:\DE_projects\food_del_pipeline\target\manifest.json
[0m18:37:59.715897 [debug] [MainThread]: Wrote artifact SemanticManifest to C:\DE_projects\food_del_pipeline\target\semantic_manifest.json
[0m18:37:59.720897 [debug] [MainThread]: Wrote artifact RunExecutionResult to C:\DE_projects\food_del_pipeline\target\run_results.json
[0m18:37:59.720897 [info ] [MainThread]: 
[0m18:37:59.720897 [info ] [MainThread]: [32mCompleted successfully[0m
[0m18:37:59.721942 [info ] [MainThread]: 
[0m18:37:59.722896 [info ] [MainThread]: Done. PASS=11 WARN=0 ERROR=0 SKIP=0 NO-OP=0 TOTAL=11
[0m18:37:59.723896 [debug] [MainThread]: Command `dbt run` succeeded at 18:37:59.723896 after 7.06 seconds
[0m18:37:59.723896 [debug] [MainThread]: Sending event: {'category': 'dbt', 'action': 'invocation', 'label': 'end', 'context': [<snowplow_tracker.self_describing_json.SelfDescribingJson object at 0x00000233C414BC10>, <snowplow_tracker.self_describing_json.SelfDescribingJson object at 0x00000233C413F790>, <snowplow_tracker.self_describing_json.SelfDescribingJson object at 0x00000233C34D9990>]}
[0m18:37:59.723896 [debug] [MainThread]: Flushing usage events
[0m18:38:01.327331 [debug] [MainThread]: An error was encountered while trying to flush usage events
[0m18:38:03.001706 [debug] [MainThread]: Sending event: {'category': 'dbt', 'action': 'invocation', 'label': 'start', 'context': [<snowplow_tracker.self_describing_json.SelfDescribingJson object at 0x000002B41DD08B10>, <snowplow_tracker.self_describing_json.SelfDescribingJson object at 0x000002B41DD0B910>, <snowplow_tracker.self_describing_json.SelfDescribingJson object at 0x000002B41DD08810>]}


============================== 18:38:03.005708 | 001d8c8a-8b93-48a5-859a-965359f7c264 ==============================
[0m18:38:03.005708 [info ] [MainThread]: Running with dbt=1.11.7
[0m18:38:03.006707 [debug] [MainThread]: running dbt with arguments {'static_parser': 'True', 'no_print': 'None', 'version_check': 'True', 'warn_error_options': 'WarnErrorOptionsV2(error=[], warn=[], silence=[])', 'target_path': 'None', 'printer_width': '80', 'write_json': 'True', 'empty': 'None', 'log_cache_events': 'False', 'introspect': 'True', 'cache_selected_only': 'False', 'log_format': 'default', 'debug': 'False', 'fail_fast': 'False', 'partial_parse': 'True', 'send_anonymous_usage_stats': 'True', 'quiet': 'False', 'warn_error': 'None', 'profiles_dir': '.', 'use_colors': 'True', 'indirect_selection': 'eager', 'invocation_command': 'dbt test --profiles-dir .', 'use_experimental_parser': 'False', 'log_path': 'C:\\DE_projects\\food_del_pipeline\\logs'}
[0m18:38:03.169706 [debug] [MainThread]: Sending event: {'category': 'dbt', 'action': 'project_id', 'label': '001d8c8a-8b93-48a5-859a-965359f7c264', 'context': [<snowplow_tracker.self_describing_json.SelfDescribingJson object at 0x000002B41A73CD90>]}
[0m18:38:03.218707 [debug] [MainThread]: Sending event: {'category': 'dbt', 'action': 'adapter_info', 'label': '001d8c8a-8b93-48a5-859a-965359f7c264', 'context': [<snowplow_tracker.self_describing_json.SelfDescribingJson object at 0x000002B41A45D150>]}
[0m18:38:03.220707 [info ] [MainThread]: Registered adapter: duckdb=1.10.1
[0m18:38:03.372694 [debug] [MainThread]: checksum: b80718358155fc17c3559352095564dd56ada1cc1a1c0ef2e62c857e71583775, vars: {}, profile: , target: , version: 1.11.7
[0m18:38:03.474713 [debug] [MainThread]: Partial parsing enabled: 0 files deleted, 0 files added, 0 files changed.
[0m18:38:03.474713 [debug] [MainThread]: Nothing changed, skipping partial parsing.
[0m18:38:03.474713 [debug] [MainThread]: Partial parsing enabled, no changes found, skipping parsing
[0m18:38:03.503692 [debug] [MainThread]: Sending event: {'category': 'dbt', 'action': 'load_project', 'label': '001d8c8a-8b93-48a5-859a-965359f7c264', 'context': [<snowplow_tracker.self_describing_json.SelfDescribingJson object at 0x000002B41F2D3510>]}
[0m18:38:03.558691 [debug] [MainThread]: Wrote artifact WritableManifest to C:\DE_projects\food_del_pipeline\target\manifest.json
[0m18:38:03.560693 [debug] [MainThread]: Wrote artifact SemanticManifest to C:\DE_projects\food_del_pipeline\target\semantic_manifest.json
[0m18:38:03.586694 [debug] [MainThread]: Sending event: {'category': 'dbt', 'action': 'resource_counts', 'label': '001d8c8a-8b93-48a5-859a-965359f7c264', 'context': [<snowplow_tracker.self_describing_json.SelfDescribingJson object at 0x000002B41F543F50>]}
[0m18:38:03.587694 [info ] [MainThread]: Found 11 models, 2 sources, 474 macros
[0m18:38:03.587694 [debug] [MainThread]: Sending event: {'category': 'dbt', 'action': 'runnable_timing', 'label': '001d8c8a-8b93-48a5-859a-965359f7c264', 'context': [<snowplow_tracker.self_describing_json.SelfDescribingJson object at 0x000002B41F1DFC90>]}
[0m18:38:03.588693 [warn ] [MainThread]: Nothing to do. Try checking your model configs and model specification args
[0m18:38:03.590693 [debug] [MainThread]: Command end result
[0m18:38:03.649707 [debug] [MainThread]: Wrote artifact WritableManifest to C:\DE_projects\food_del_pipeline\target\manifest.json
[0m18:38:03.651691 [debug] [MainThread]: Wrote artifact SemanticManifest to C:\DE_projects\food_del_pipeline\target\semantic_manifest.json
[0m18:38:03.653715 [debug] [MainThread]: Wrote artifact RunExecutionResult to C:\DE_projects\food_del_pipeline\target\run_results.json
[0m18:38:03.654693 [debug] [MainThread]: Command `dbt test` succeeded at 18:38:03.654693 after 0.71 seconds
[0m18:38:03.654693 [debug] [MainThread]: Sending event: {'category': 'dbt', 'action': 'invocation', 'label': 'end', 'context': [<snowplow_tracker.self_describing_json.SelfDescribingJson object at 0x000002B41DAAB750>, <snowplow_tracker.self_describing_json.SelfDescribingJson object at 0x000002B4171BC110>, <snowplow_tracker.self_describing_json.SelfDescribingJson object at 0x000002B4171BD750>]}
[0m18:38:03.655691 [debug] [MainThread]: Flushing usage events
[0m18:38:04.691967 [debug] [MainThread]: An error was encountered while trying to flush usage events
[0m18:41:21.254228 [debug] [MainThread]: Sending event: {'category': 'dbt', 'action': 'invocation', 'label': 'start', 'context': [<snowplow_tracker.self_describing_json.SelfDescribingJson object at 0x00000261AA52B990>, <snowplow_tracker.self_describing_json.SelfDescribingJson object at 0x00000261AA52BA50>, <snowplow_tracker.self_describing_json.SelfDescribingJson object at 0x00000261AA52B390>]}


============================== 18:41:21.257245 | 6b4cbcb4-d612-451f-85fc-a579051cc7ca ==============================
[0m18:41:21.257245 [info ] [MainThread]: Running with dbt=1.11.7
[0m18:41:21.258232 [debug] [MainThread]: running dbt with arguments {'static_parser': 'True', 'no_print': 'None', 'version_check': 'True', 'warn_error_options': 'WarnErrorOptionsV2(error=[], warn=[], silence=[])', 'target_path': 'None', 'printer_width': '80', 'write_json': 'True', 'introspect': 'True', 'log_cache_events': 'False', 'empty': 'False', 'cache_selected_only': 'False', 'log_format': 'default', 'debug': 'False', 'fail_fast': 'False', 'profiles_dir': '.', 'send_anonymous_usage_stats': 'True', 'quiet': 'False', 'warn_error': 'None', 'partial_parse': 'True', 'use_colors': 'True', 'invocation_command': 'dbt run --profiles-dir .', 'indirect_selection': 'eager', 'use_experimental_parser': 'False', 'log_path': 'C:\\DE_projects\\food_del_pipeline\\logs'}
[0m18:41:21.435311 [debug] [MainThread]: Sending event: {'category': 'dbt', 'action': 'project_id', 'label': '6b4cbcb4-d612-451f-85fc-a579051cc7ca', 'context': [<snowplow_tracker.self_describing_json.SelfDescribingJson object at 0x00000261AB5CB5D0>]}
[0m18:41:21.478885 [debug] [MainThread]: Sending event: {'category': 'dbt', 'action': 'adapter_info', 'label': '6b4cbcb4-d612-451f-85fc-a579051cc7ca', 'context': [<snowplow_tracker.self_describing_json.SelfDescribingJson object at 0x00000261A6CAF490>]}
[0m18:41:21.480884 [info ] [MainThread]: Registered adapter: duckdb=1.10.1
[0m18:41:21.619970 [debug] [MainThread]: checksum: b80718358155fc17c3559352095564dd56ada1cc1a1c0ef2e62c857e71583775, vars: {}, profile: , target: , version: 1.11.7
[0m18:41:21.711867 [debug] [MainThread]: Partial parsing enabled: 0 files deleted, 0 files added, 1 files changed.
[0m18:41:21.712871 [debug] [MainThread]: Partial parsing: updated file: dbt_project://dbt_project/models\marts\schema.yml
[0m18:41:21.920906 [debug] [MainThread]: Sending event: {'category': 'dbt', 'action': 'load_project', 'label': '6b4cbcb4-d612-451f-85fc-a579051cc7ca', 'context': [<snowplow_tracker.self_describing_json.SelfDescribingJson object at 0x00000261A79130D0>]}
[0m18:41:21.980888 [debug] [MainThread]: Wrote artifact WritableManifest to C:\DE_projects\food_del_pipeline\target\manifest.json
[0m18:41:21.981887 [debug] [MainThread]: Wrote artifact SemanticManifest to C:\DE_projects\food_del_pipeline\target\semantic_manifest.json
[0m18:41:21.999922 [debug] [MainThread]: Sending event: {'category': 'dbt', 'action': 'resource_counts', 'label': '6b4cbcb4-d612-451f-85fc-a579051cc7ca', 'context': [<snowplow_tracker.self_describing_json.SelfDescribingJson object at 0x00000261ABD80050>]}
[0m18:41:22.000980 [info ] [MainThread]: Found 11 models, 3 data tests, 2 sources, 474 macros
[0m18:41:22.000980 [debug] [MainThread]: Sending event: {'category': 'dbt', 'action': 'runnable_timing', 'label': '6b4cbcb4-d612-451f-85fc-a579051cc7ca', 'context': [<snowplow_tracker.self_describing_json.SelfDescribingJson object at 0x00000261A8AFFD10>]}
[0m18:41:22.002919 [info ] [MainThread]: 
[0m18:41:22.002919 [info ] [MainThread]: Concurrency: 1 threads (target='dev')
[0m18:41:22.003883 [info ] [MainThread]: 
[0m18:41:22.003883 [debug] [MainThread]: Acquiring new duckdb connection 'master'
[0m18:41:22.007882 [debug] [ThreadPool]: Acquiring new duckdb connection 'list_dev'
[0m18:41:22.050982 [debug] [ThreadPool]: Using duckdb connection "list_dev"
[0m18:41:22.051994 [debug] [ThreadPool]: On list_dev: /* {"app": "dbt", "dbt_version": "1.11.7", "profile_name": "dbt_project", "target_name": "dev", "connection_name": "list_dev"} */

    
    select schema_name
    from system.information_schema.schemata
    
    where lower(catalog_name) = '"dev"'
    
  
  
[0m18:41:22.051994 [debug] [ThreadPool]: Opening a new connection, currently in state init
[0m18:41:22.064982 [debug] [ThreadPool]: SQL status: OK in 0.013 seconds
[0m18:41:22.065989 [debug] [ThreadPool]: On list_dev: Close
[0m18:41:22.066882 [debug] [ThreadPool]: Re-using an available connection from the pool (formerly list_dev, now create_dev_main)
[0m18:41:22.066882 [debug] [ThreadPool]: Creating schema "database: "dev"
schema: "main"
"
[0m18:41:22.070889 [debug] [ThreadPool]: Using duckdb connection "create_dev_main"
[0m18:41:22.071884 [debug] [ThreadPool]: On create_dev_main: /* {"app": "dbt", "dbt_version": "1.11.7", "profile_name": "dbt_project", "target_name": "dev", "connection_name": "create_dev_main"} */

    
        select type from duckdb_databases()
        where lower(database_name)='dev'
        and type='sqlite'
    
  
[0m18:41:22.071884 [debug] [ThreadPool]: Opening a new connection, currently in state closed
[0m18:41:22.072993 [debug] [ThreadPool]: SQL status: OK in 0.001 seconds
[0m18:41:22.073889 [debug] [ThreadPool]: Using duckdb connection "create_dev_main"
[0m18:41:22.073889 [debug] [ThreadPool]: On create_dev_main: BEGIN
[0m18:41:22.074882 [debug] [ThreadPool]: SQL status: OK in 0.000 seconds
[0m18:41:22.074882 [debug] [ThreadPool]: Using duckdb connection "create_dev_main"
[0m18:41:22.074882 [debug] [ThreadPool]: On create_dev_main: /* {"app": "dbt", "dbt_version": "1.11.7", "profile_name": "dbt_project", "target_name": "dev", "connection_name": "create_dev_main"} */

    
    
        create schema if not exists "dev"."main"
    
[0m18:41:22.075882 [debug] [ThreadPool]: SQL status: OK in 0.000 seconds
[0m18:41:22.076882 [debug] [ThreadPool]: On create_dev_main: COMMIT
[0m18:41:22.076882 [debug] [ThreadPool]: Using duckdb connection "create_dev_main"
[0m18:41:22.076882 [debug] [ThreadPool]: On create_dev_main: COMMIT
[0m18:41:22.077933 [debug] [ThreadPool]: SQL status: OK in 0.000 seconds
[0m18:41:22.077933 [debug] [ThreadPool]: On create_dev_main: Close
[0m18:41:22.079910 [debug] [ThreadPool]: Acquiring new duckdb connection 'list_dev_main'
[0m18:41:22.083896 [debug] [ThreadPool]: Using duckdb connection "list_dev_main"
[0m18:41:22.083896 [debug] [ThreadPool]: On list_dev_main: BEGIN
[0m18:41:22.083896 [debug] [ThreadPool]: Opening a new connection, currently in state init
[0m18:41:22.084880 [debug] [ThreadPool]: SQL status: OK in 0.000 seconds
[0m18:41:22.084880 [debug] [ThreadPool]: Using duckdb connection "list_dev_main"
[0m18:41:22.084880 [debug] [ThreadPool]: On list_dev_main: /* {"app": "dbt", "dbt_version": "1.11.7", "profile_name": "dbt_project", "target_name": "dev", "connection_name": "list_dev_main"} */
select
      'dev' as database,
      table_name as name,
      table_schema as schema,
      CASE table_type
        WHEN 'BASE TABLE' THEN 'table'
        WHEN 'VIEW' THEN 'view'
        WHEN 'LOCAL TEMPORARY' THEN 'table'
        END as type
    from system.information_schema.tables
    where lower(table_schema) = 'main'
    and lower(table_catalog) = 'dev'
  
[0m18:41:22.088880 [debug] [ThreadPool]: SQL status: OK in 0.003 seconds
[0m18:41:22.089882 [debug] [ThreadPool]: On list_dev_main: ROLLBACK
[0m18:41:22.090882 [debug] [ThreadPool]: Failed to rollback 'list_dev_main'
[0m18:41:22.090882 [debug] [ThreadPool]: On list_dev_main: Close
[0m18:41:22.092930 [debug] [MainThread]: Sending event: {'category': 'dbt', 'action': 'runnable_timing', 'label': '6b4cbcb4-d612-451f-85fc-a579051cc7ca', 'context': [<snowplow_tracker.self_describing_json.SelfDescribingJson object at 0x00000261AB763290>]}
[0m18:41:22.093882 [debug] [MainThread]: Using duckdb connection "master"
[0m18:41:22.093882 [debug] [MainThread]: On master: BEGIN
[0m18:41:22.093882 [debug] [MainThread]: Opening a new connection, currently in state init
[0m18:41:22.094940 [debug] [MainThread]: SQL status: OK in 0.001 seconds
[0m18:41:22.094940 [debug] [MainThread]: On master: COMMIT
[0m18:41:22.095881 [debug] [MainThread]: Using duckdb connection "master"
[0m18:41:22.095881 [debug] [MainThread]: On master: COMMIT
[0m18:41:22.095881 [debug] [MainThread]: SQL status: OK in 0.000 seconds
[0m18:41:22.095881 [debug] [MainThread]: On master: Close
[0m18:41:22.098487 [debug] [Thread-1 (]: Began running node model.dbt_project.stg_delivery_timeline
[0m18:41:22.099487 [info ] [Thread-1 (]: 1 of 11 START sql table model main.stg_delivery_timeline ....................... [RUN]
[0m18:41:22.100491 [debug] [Thread-1 (]: Acquiring new duckdb connection 'model.dbt_project.stg_delivery_timeline'
[0m18:41:22.100491 [debug] [Thread-1 (]: Began compiling node model.dbt_project.stg_delivery_timeline
[0m18:41:22.104508 [debug] [Thread-1 (]: Writing injected SQL for node "model.dbt_project.stg_delivery_timeline"
[0m18:41:22.106487 [debug] [Thread-1 (]: Began executing node model.dbt_project.stg_delivery_timeline
[0m18:41:22.129484 [debug] [Thread-1 (]: Writing runtime sql for node "model.dbt_project.stg_delivery_timeline"
[0m18:41:22.129484 [debug] [Thread-1 (]: Using duckdb connection "model.dbt_project.stg_delivery_timeline"
[0m18:41:22.129484 [debug] [Thread-1 (]: On model.dbt_project.stg_delivery_timeline: BEGIN
[0m18:41:22.130925 [debug] [Thread-1 (]: Opening a new connection, currently in state init
[0m18:41:22.130925 [debug] [Thread-1 (]: SQL status: OK in 0.001 seconds
[0m18:41:22.132187 [debug] [Thread-1 (]: Using duckdb connection "model.dbt_project.stg_delivery_timeline"
[0m18:41:22.132187 [debug] [Thread-1 (]: On model.dbt_project.stg_delivery_timeline: /* {"app": "dbt", "dbt_version": "1.11.7", "profile_name": "dbt_project", "target_name": "dev", "node_id": "model.dbt_project.stg_delivery_timeline"} */

  
    
    

    create  table
      "dev"."main"."stg_delivery_timeline__dbt_tmp"
  
    as (
      SELECT *
FROM read_parquet('../data/silver/delivery_timeline.parquet')
    );
  
  
[0m18:41:22.137217 [debug] [Thread-1 (]: SQL status: OK in 0.004 seconds
[0m18:41:22.140215 [debug] [Thread-1 (]: Using duckdb connection "model.dbt_project.stg_delivery_timeline"
[0m18:41:22.141215 [debug] [Thread-1 (]: On model.dbt_project.stg_delivery_timeline: /* {"app": "dbt", "dbt_version": "1.11.7", "profile_name": "dbt_project", "target_name": "dev", "node_id": "model.dbt_project.stg_delivery_timeline"} */

    SELECT index_name
    FROM duckdb_indexes()
    WHERE schema_name = 'main'
      AND table_name = 'stg_delivery_timeline'
  
[0m18:41:22.142201 [debug] [Thread-1 (]: SQL status: OK in 0.000 seconds
[0m18:41:22.143201 [debug] [Thread-1 (]: Using duckdb connection "model.dbt_project.stg_delivery_timeline"
[0m18:41:22.143201 [debug] [Thread-1 (]: On model.dbt_project.stg_delivery_timeline: /* {"app": "dbt", "dbt_version": "1.11.7", "profile_name": "dbt_project", "target_name": "dev", "node_id": "model.dbt_project.stg_delivery_timeline"} */

    SELECT COUNT(*) as remaining_indexes
    FROM duckdb_indexes()
    WHERE schema_name = 'main'
      AND table_name = 'stg_delivery_timeline'
  
[0m18:41:22.144201 [debug] [Thread-1 (]: SQL status: OK in 0.000 seconds
[0m18:41:22.148200 [debug] [Thread-1 (]: Using duckdb connection "model.dbt_project.stg_delivery_timeline"
[0m18:41:22.148200 [debug] [Thread-1 (]: On model.dbt_project.stg_delivery_timeline: /* {"app": "dbt", "dbt_version": "1.11.7", "profile_name": "dbt_project", "target_name": "dev", "node_id": "model.dbt_project.stg_delivery_timeline"} */
alter table "dev"."main"."stg_delivery_timeline" rename to "stg_delivery_timeline__dbt_backup"
[0m18:41:22.149201 [debug] [Thread-1 (]: SQL status: OK in 0.000 seconds
[0m18:41:22.152201 [debug] [Thread-1 (]: Using duckdb connection "model.dbt_project.stg_delivery_timeline"
[0m18:41:22.152201 [debug] [Thread-1 (]: On model.dbt_project.stg_delivery_timeline: /* {"app": "dbt", "dbt_version": "1.11.7", "profile_name": "dbt_project", "target_name": "dev", "node_id": "model.dbt_project.stg_delivery_timeline"} */
alter table "dev"."main"."stg_delivery_timeline__dbt_tmp" rename to "stg_delivery_timeline"
[0m18:41:22.153201 [debug] [Thread-1 (]: SQL status: OK in 0.000 seconds
[0m18:41:22.163309 [debug] [Thread-1 (]: On model.dbt_project.stg_delivery_timeline: COMMIT
[0m18:41:22.163309 [debug] [Thread-1 (]: Using duckdb connection "model.dbt_project.stg_delivery_timeline"
[0m18:41:22.163309 [debug] [Thread-1 (]: On model.dbt_project.stg_delivery_timeline: COMMIT
[0m18:41:22.167202 [debug] [Thread-1 (]: SQL status: OK in 0.003 seconds
[0m18:41:22.171313 [debug] [Thread-1 (]: Using duckdb connection "model.dbt_project.stg_delivery_timeline"
[0m18:41:22.171313 [debug] [Thread-1 (]: On model.dbt_project.stg_delivery_timeline: /* {"app": "dbt", "dbt_version": "1.11.7", "profile_name": "dbt_project", "target_name": "dev", "node_id": "model.dbt_project.stg_delivery_timeline"} */

      drop table if exists "dev"."main"."stg_delivery_timeline__dbt_backup" cascade
    
[0m18:41:22.173461 [debug] [Thread-1 (]: SQL status: OK in 0.002 seconds
[0m18:41:22.174790 [debug] [Thread-1 (]: On model.dbt_project.stg_delivery_timeline: Close
[0m18:41:22.176794 [debug] [Thread-1 (]: Sending event: {'category': 'dbt', 'action': 'run_model', 'label': '6b4cbcb4-d612-451f-85fc-a579051cc7ca', 'context': [<snowplow_tracker.self_describing_json.SelfDescribingJson object at 0x00000261AC0F2590>]}
[0m18:41:22.177793 [info ] [Thread-1 (]: 1 of 11 OK created sql table model main.stg_delivery_timeline .................. [[32mOK[0m in 0.08s]
[0m18:41:22.177793 [debug] [Thread-1 (]: Finished running node model.dbt_project.stg_delivery_timeline
[0m18:41:22.178795 [debug] [Thread-1 (]: Began running node model.dbt_project.stg_order_facts
[0m18:41:22.178795 [info ] [Thread-1 (]: 2 of 11 START sql table model main.stg_order_facts ............................. [RUN]
[0m18:41:22.179807 [debug] [Thread-1 (]: Re-using an available connection from the pool (formerly model.dbt_project.stg_delivery_timeline, now model.dbt_project.stg_order_facts)
[0m18:41:22.179807 [debug] [Thread-1 (]: Began compiling node model.dbt_project.stg_order_facts
[0m18:41:22.181800 [debug] [Thread-1 (]: Writing injected SQL for node "model.dbt_project.stg_order_facts"
[0m18:41:22.181800 [debug] [Thread-1 (]: Began executing node model.dbt_project.stg_order_facts
[0m18:41:22.185103 [debug] [Thread-1 (]: Writing runtime sql for node "model.dbt_project.stg_order_facts"
[0m18:41:22.185921 [debug] [Thread-1 (]: Using duckdb connection "model.dbt_project.stg_order_facts"
[0m18:41:22.185921 [debug] [Thread-1 (]: On model.dbt_project.stg_order_facts: BEGIN
[0m18:41:22.185921 [debug] [Thread-1 (]: Opening a new connection, currently in state closed
[0m18:41:22.186971 [debug] [Thread-1 (]: SQL status: OK in 0.001 seconds
[0m18:41:22.187476 [debug] [Thread-1 (]: Using duckdb connection "model.dbt_project.stg_order_facts"
[0m18:41:22.187476 [debug] [Thread-1 (]: On model.dbt_project.stg_order_facts: /* {"app": "dbt", "dbt_version": "1.11.7", "profile_name": "dbt_project", "target_name": "dev", "node_id": "model.dbt_project.stg_order_facts"} */

  
    
    

    create  table
      "dev"."main"."stg_order_facts__dbt_tmp"
  
    as (
      SELECT *
FROM read_parquet('../data/silver/order_facts.parquet')
    );
  
  
[0m18:41:22.212862 [debug] [Thread-1 (]: SQL status: OK in 0.024 seconds
[0m18:41:22.212862 [debug] [Thread-1 (]: Using duckdb connection "model.dbt_project.stg_order_facts"
[0m18:41:22.213997 [debug] [Thread-1 (]: On model.dbt_project.stg_order_facts: /* {"app": "dbt", "dbt_version": "1.11.7", "profile_name": "dbt_project", "target_name": "dev", "node_id": "model.dbt_project.stg_order_facts"} */

    SELECT index_name
    FROM duckdb_indexes()
    WHERE schema_name = 'main'
      AND table_name = 'stg_order_facts'
  
[0m18:41:22.213997 [debug] [Thread-1 (]: SQL status: OK in 0.000 seconds
[0m18:41:22.215240 [debug] [Thread-1 (]: Using duckdb connection "model.dbt_project.stg_order_facts"
[0m18:41:22.216585 [debug] [Thread-1 (]: On model.dbt_project.stg_order_facts: /* {"app": "dbt", "dbt_version": "1.11.7", "profile_name": "dbt_project", "target_name": "dev", "node_id": "model.dbt_project.stg_order_facts"} */

    SELECT COUNT(*) as remaining_indexes
    FROM duckdb_indexes()
    WHERE schema_name = 'main'
      AND table_name = 'stg_order_facts'
  
[0m18:41:22.216585 [debug] [Thread-1 (]: SQL status: OK in 0.000 seconds
[0m18:41:22.219184 [debug] [Thread-1 (]: Using duckdb connection "model.dbt_project.stg_order_facts"
[0m18:41:22.220191 [debug] [Thread-1 (]: On model.dbt_project.stg_order_facts: /* {"app": "dbt", "dbt_version": "1.11.7", "profile_name": "dbt_project", "target_name": "dev", "node_id": "model.dbt_project.stg_order_facts"} */
alter table "dev"."main"."stg_order_facts" rename to "stg_order_facts__dbt_backup"
[0m18:41:22.221193 [debug] [Thread-1 (]: SQL status: OK in 0.000 seconds
[0m18:41:22.223211 [debug] [Thread-1 (]: Using duckdb connection "model.dbt_project.stg_order_facts"
[0m18:41:22.223211 [debug] [Thread-1 (]: On model.dbt_project.stg_order_facts: /* {"app": "dbt", "dbt_version": "1.11.7", "profile_name": "dbt_project", "target_name": "dev", "node_id": "model.dbt_project.stg_order_facts"} */
alter table "dev"."main"."stg_order_facts__dbt_tmp" rename to "stg_order_facts"
[0m18:41:22.224539 [debug] [Thread-1 (]: SQL status: OK in 0.000 seconds
[0m18:41:22.225543 [debug] [Thread-1 (]: On model.dbt_project.stg_order_facts: COMMIT
[0m18:41:22.225543 [debug] [Thread-1 (]: Using duckdb connection "model.dbt_project.stg_order_facts"
[0m18:41:22.226557 [debug] [Thread-1 (]: On model.dbt_project.stg_order_facts: COMMIT
[0m18:41:22.232658 [debug] [Thread-1 (]: SQL status: OK in 0.006 seconds
[0m18:41:22.234694 [debug] [Thread-1 (]: Using duckdb connection "model.dbt_project.stg_order_facts"
[0m18:41:22.234694 [debug] [Thread-1 (]: On model.dbt_project.stg_order_facts: /* {"app": "dbt", "dbt_version": "1.11.7", "profile_name": "dbt_project", "target_name": "dev", "node_id": "model.dbt_project.stg_order_facts"} */

      drop table if exists "dev"."main"."stg_order_facts__dbt_backup" cascade
    
[0m18:41:22.236675 [debug] [Thread-1 (]: SQL status: OK in 0.002 seconds
[0m18:41:22.237687 [debug] [Thread-1 (]: On model.dbt_project.stg_order_facts: Close
[0m18:41:22.237687 [debug] [Thread-1 (]: Sending event: {'category': 'dbt', 'action': 'run_model', 'label': '6b4cbcb4-d612-451f-85fc-a579051cc7ca', 'context': [<snowplow_tracker.self_describing_json.SelfDescribingJson object at 0x00000261AC0EB510>]}
[0m18:41:22.239089 [info ] [Thread-1 (]: 2 of 11 OK created sql table model main.stg_order_facts ........................ [[32mOK[0m in 0.06s]
[0m18:41:22.239595 [debug] [Thread-1 (]: Finished running node model.dbt_project.stg_order_facts
[0m18:41:22.239595 [debug] [Thread-1 (]: Began running node model.dbt_project.stg_orders
[0m18:41:22.240622 [info ] [Thread-1 (]: 3 of 11 START sql table model main.stg_orders .................................. [RUN]
[0m18:41:22.240622 [debug] [Thread-1 (]: Re-using an available connection from the pool (formerly model.dbt_project.stg_order_facts, now model.dbt_project.stg_orders)
[0m18:41:22.240622 [debug] [Thread-1 (]: Began compiling node model.dbt_project.stg_orders
[0m18:41:22.243157 [debug] [Thread-1 (]: Writing injected SQL for node "model.dbt_project.stg_orders"
[0m18:41:22.243157 [debug] [Thread-1 (]: Began executing node model.dbt_project.stg_orders
[0m18:41:22.246017 [debug] [Thread-1 (]: Writing runtime sql for node "model.dbt_project.stg_orders"
[0m18:41:22.247281 [debug] [Thread-1 (]: Using duckdb connection "model.dbt_project.stg_orders"
[0m18:41:22.247281 [debug] [Thread-1 (]: On model.dbt_project.stg_orders: BEGIN
[0m18:41:22.248281 [debug] [Thread-1 (]: Opening a new connection, currently in state closed
[0m18:41:22.249279 [debug] [Thread-1 (]: SQL status: OK in 0.001 seconds
[0m18:41:22.249279 [debug] [Thread-1 (]: Using duckdb connection "model.dbt_project.stg_orders"
[0m18:41:22.249279 [debug] [Thread-1 (]: On model.dbt_project.stg_orders: /* {"app": "dbt", "dbt_version": "1.11.7", "profile_name": "dbt_project", "target_name": "dev", "node_id": "model.dbt_project.stg_orders"} */

  
    
    

    create  table
      "dev"."main"."stg_orders__dbt_tmp"
  
    as (
      SELECT *
FROM read_parquet('../data/silver/orders.parquet')
    );
  
  
[0m18:41:22.258295 [debug] [Thread-1 (]: SQL status: OK in 0.009 seconds
[0m18:41:22.260280 [debug] [Thread-1 (]: Using duckdb connection "model.dbt_project.stg_orders"
[0m18:41:22.260280 [debug] [Thread-1 (]: On model.dbt_project.stg_orders: /* {"app": "dbt", "dbt_version": "1.11.7", "profile_name": "dbt_project", "target_name": "dev", "node_id": "model.dbt_project.stg_orders"} */

    SELECT index_name
    FROM duckdb_indexes()
    WHERE schema_name = 'main'
      AND table_name = 'stg_orders'
  
[0m18:41:22.262280 [debug] [Thread-1 (]: SQL status: OK in 0.001 seconds
[0m18:41:22.262280 [debug] [Thread-1 (]: Using duckdb connection "model.dbt_project.stg_orders"
[0m18:41:22.263281 [debug] [Thread-1 (]: On model.dbt_project.stg_orders: /* {"app": "dbt", "dbt_version": "1.11.7", "profile_name": "dbt_project", "target_name": "dev", "node_id": "model.dbt_project.stg_orders"} */

    SELECT COUNT(*) as remaining_indexes
    FROM duckdb_indexes()
    WHERE schema_name = 'main'
      AND table_name = 'stg_orders'
  
[0m18:41:22.264280 [debug] [Thread-1 (]: SQL status: OK in 0.001 seconds
[0m18:41:22.267286 [debug] [Thread-1 (]: Using duckdb connection "model.dbt_project.stg_orders"
[0m18:41:22.268284 [debug] [Thread-1 (]: On model.dbt_project.stg_orders: /* {"app": "dbt", "dbt_version": "1.11.7", "profile_name": "dbt_project", "target_name": "dev", "node_id": "model.dbt_project.stg_orders"} */
alter table "dev"."main"."stg_orders" rename to "stg_orders__dbt_backup"
[0m18:41:22.269284 [debug] [Thread-1 (]: SQL status: OK in 0.000 seconds
[0m18:41:22.270302 [debug] [Thread-1 (]: Using duckdb connection "model.dbt_project.stg_orders"
[0m18:41:22.271294 [debug] [Thread-1 (]: On model.dbt_project.stg_orders: /* {"app": "dbt", "dbt_version": "1.11.7", "profile_name": "dbt_project", "target_name": "dev", "node_id": "model.dbt_project.stg_orders"} */
alter table "dev"."main"."stg_orders__dbt_tmp" rename to "stg_orders"
[0m18:41:22.272283 [debug] [Thread-1 (]: SQL status: OK in 0.000 seconds
[0m18:41:22.273303 [debug] [Thread-1 (]: On model.dbt_project.stg_orders: COMMIT
[0m18:41:22.273303 [debug] [Thread-1 (]: Using duckdb connection "model.dbt_project.stg_orders"
[0m18:41:22.274286 [debug] [Thread-1 (]: On model.dbt_project.stg_orders: COMMIT
[0m18:41:22.278281 [debug] [Thread-1 (]: SQL status: OK in 0.004 seconds
[0m18:41:22.280616 [debug] [Thread-1 (]: Using duckdb connection "model.dbt_project.stg_orders"
[0m18:41:22.281669 [debug] [Thread-1 (]: On model.dbt_project.stg_orders: /* {"app": "dbt", "dbt_version": "1.11.7", "profile_name": "dbt_project", "target_name": "dev", "node_id": "model.dbt_project.stg_orders"} */

      drop table if exists "dev"."main"."stg_orders__dbt_backup" cascade
    
[0m18:41:22.283680 [debug] [Thread-1 (]: SQL status: OK in 0.001 seconds
[0m18:41:22.284679 [debug] [Thread-1 (]: On model.dbt_project.stg_orders: Close
[0m18:41:22.284679 [debug] [Thread-1 (]: Sending event: {'category': 'dbt', 'action': 'run_model', 'label': '6b4cbcb4-d612-451f-85fc-a579051cc7ca', 'context': [<snowplow_tracker.self_describing_json.SelfDescribingJson object at 0x00000261AE211050>]}
[0m18:41:22.285680 [info ] [Thread-1 (]: 3 of 11 OK created sql table model main.stg_orders ............................. [[32mOK[0m in 0.04s]
[0m18:41:22.286682 [debug] [Thread-1 (]: Finished running node model.dbt_project.stg_orders
[0m18:41:22.286682 [debug] [Thread-1 (]: Began running node model.dbt_project.03_refund_drivers
[0m18:41:22.287676 [info ] [Thread-1 (]: 4 of 11 START sql table model main.03_refund_drivers ........................... [RUN]
[0m18:41:22.287676 [debug] [Thread-1 (]: Re-using an available connection from the pool (formerly model.dbt_project.stg_orders, now model.dbt_project.03_refund_drivers)
[0m18:41:22.288675 [debug] [Thread-1 (]: Began compiling node model.dbt_project.03_refund_drivers
[0m18:41:22.290675 [debug] [Thread-1 (]: Writing injected SQL for node "model.dbt_project.03_refund_drivers"
[0m18:41:22.291676 [debug] [Thread-1 (]: Began executing node model.dbt_project.03_refund_drivers
[0m18:41:22.294675 [debug] [Thread-1 (]: Writing runtime sql for node "model.dbt_project.03_refund_drivers"
[0m18:41:22.295678 [debug] [Thread-1 (]: Using duckdb connection "model.dbt_project.03_refund_drivers"
[0m18:41:22.296678 [debug] [Thread-1 (]: On model.dbt_project.03_refund_drivers: BEGIN
[0m18:41:22.296678 [debug] [Thread-1 (]: Opening a new connection, currently in state closed
[0m18:41:22.297725 [debug] [Thread-1 (]: SQL status: OK in 0.001 seconds
[0m18:41:22.298685 [debug] [Thread-1 (]: Using duckdb connection "model.dbt_project.03_refund_drivers"
[0m18:41:22.299680 [debug] [Thread-1 (]: On model.dbt_project.03_refund_drivers: /* {"app": "dbt", "dbt_version": "1.11.7", "profile_name": "dbt_project", "target_name": "dev", "node_id": "model.dbt_project.03_refund_drivers"} */

  
    
    

    create  table
      "dev"."main"."03_refund_drivers__dbt_tmp"
  
    as (
      SELECT
    CASE
        WHEN sla_breach_flag = 1 THEN 'DELAY'
        WHEN delivery_success_flag = 0 THEN 'CANCELLATION'
        ELSE 'OTHER'
    END AS refund_reason,
    COUNT(order_id) AS total_orders,
    SUM(has_refund_flag) AS refunded_orders,
    SUM(has_refund_flag) * 1.0 / COUNT(order_id) AS refund_rate
FROM "dev"."main"."stg_order_facts"
GROUP BY refund_reason
    );
  
  
[0m18:41:22.303674 [debug] [Thread-1 (]: SQL status: OK in 0.004 seconds
[0m18:41:22.304695 [debug] [Thread-1 (]: Using duckdb connection "model.dbt_project.03_refund_drivers"
[0m18:41:22.305690 [debug] [Thread-1 (]: On model.dbt_project.03_refund_drivers: /* {"app": "dbt", "dbt_version": "1.11.7", "profile_name": "dbt_project", "target_name": "dev", "node_id": "model.dbt_project.03_refund_drivers"} */

    SELECT index_name
    FROM duckdb_indexes()
    WHERE schema_name = 'main'
      AND table_name = '03_refund_drivers'
  
[0m18:41:22.306689 [debug] [Thread-1 (]: SQL status: OK in 0.001 seconds
[0m18:41:22.307690 [debug] [Thread-1 (]: Using duckdb connection "model.dbt_project.03_refund_drivers"
[0m18:41:22.308675 [debug] [Thread-1 (]: On model.dbt_project.03_refund_drivers: /* {"app": "dbt", "dbt_version": "1.11.7", "profile_name": "dbt_project", "target_name": "dev", "node_id": "model.dbt_project.03_refund_drivers"} */

    SELECT COUNT(*) as remaining_indexes
    FROM duckdb_indexes()
    WHERE schema_name = 'main'
      AND table_name = '03_refund_drivers'
  
[0m18:41:22.309693 [debug] [Thread-1 (]: SQL status: OK in 0.001 seconds
[0m18:41:22.314691 [debug] [Thread-1 (]: Using duckdb connection "model.dbt_project.03_refund_drivers"
[0m18:41:22.315678 [debug] [Thread-1 (]: On model.dbt_project.03_refund_drivers: /* {"app": "dbt", "dbt_version": "1.11.7", "profile_name": "dbt_project", "target_name": "dev", "node_id": "model.dbt_project.03_refund_drivers"} */
alter table "dev"."main"."03_refund_drivers" rename to "03_refund_drivers__dbt_backup"
[0m18:41:22.316673 [debug] [Thread-1 (]: SQL status: OK in 0.000 seconds
[0m18:41:22.320689 [debug] [Thread-1 (]: Using duckdb connection "model.dbt_project.03_refund_drivers"
[0m18:41:22.321677 [debug] [Thread-1 (]: On model.dbt_project.03_refund_drivers: /* {"app": "dbt", "dbt_version": "1.11.7", "profile_name": "dbt_project", "target_name": "dev", "node_id": "model.dbt_project.03_refund_drivers"} */
alter table "dev"."main"."03_refund_drivers__dbt_tmp" rename to "03_refund_drivers"
[0m18:41:22.323690 [debug] [Thread-1 (]: SQL status: OK in 0.001 seconds
[0m18:41:22.326677 [debug] [Thread-1 (]: On model.dbt_project.03_refund_drivers: COMMIT
[0m18:41:22.327681 [debug] [Thread-1 (]: Using duckdb connection "model.dbt_project.03_refund_drivers"
[0m18:41:22.328678 [debug] [Thread-1 (]: On model.dbt_project.03_refund_drivers: COMMIT
[0m18:41:22.331674 [debug] [Thread-1 (]: SQL status: OK in 0.002 seconds
[0m18:41:22.333690 [debug] [Thread-1 (]: Using duckdb connection "model.dbt_project.03_refund_drivers"
[0m18:41:22.333690 [debug] [Thread-1 (]: On model.dbt_project.03_refund_drivers: /* {"app": "dbt", "dbt_version": "1.11.7", "profile_name": "dbt_project", "target_name": "dev", "node_id": "model.dbt_project.03_refund_drivers"} */

      drop table if exists "dev"."main"."03_refund_drivers__dbt_backup" cascade
    
[0m18:41:22.335676 [debug] [Thread-1 (]: SQL status: OK in 0.002 seconds
[0m18:41:22.337690 [debug] [Thread-1 (]: On model.dbt_project.03_refund_drivers: Close
[0m18:41:22.338673 [debug] [Thread-1 (]: Sending event: {'category': 'dbt', 'action': 'run_model', 'label': '6b4cbcb4-d612-451f-85fc-a579051cc7ca', 'context': [<snowplow_tracker.self_describing_json.SelfDescribingJson object at 0x00000261AE213A10>]}
[0m18:41:22.338673 [info ] [Thread-1 (]: 4 of 11 OK created sql table model main.03_refund_drivers ...................... [[32mOK[0m in 0.05s]
[0m18:41:22.339689 [debug] [Thread-1 (]: Finished running node model.dbt_project.03_refund_drivers
[0m18:41:22.340694 [debug] [Thread-1 (]: Began running node model.dbt_project.05_weekly_trends
[0m18:41:22.341690 [info ] [Thread-1 (]: 5 of 11 START sql table model main.05_weekly_trends ............................ [RUN]
[0m18:41:22.342673 [debug] [Thread-1 (]: Re-using an available connection from the pool (formerly model.dbt_project.03_refund_drivers, now model.dbt_project.05_weekly_trends)
[0m18:41:22.342673 [debug] [Thread-1 (]: Began compiling node model.dbt_project.05_weekly_trends
[0m18:41:22.345690 [debug] [Thread-1 (]: Writing injected SQL for node "model.dbt_project.05_weekly_trends"
[0m18:41:22.346675 [debug] [Thread-1 (]: Began executing node model.dbt_project.05_weekly_trends
[0m18:41:22.348689 [debug] [Thread-1 (]: Writing runtime sql for node "model.dbt_project.05_weekly_trends"
[0m18:41:22.349673 [debug] [Thread-1 (]: Using duckdb connection "model.dbt_project.05_weekly_trends"
[0m18:41:22.349673 [debug] [Thread-1 (]: On model.dbt_project.05_weekly_trends: BEGIN
[0m18:41:22.350690 [debug] [Thread-1 (]: Opening a new connection, currently in state closed
[0m18:41:22.350690 [debug] [Thread-1 (]: SQL status: OK in 0.001 seconds
[0m18:41:22.351673 [debug] [Thread-1 (]: Using duckdb connection "model.dbt_project.05_weekly_trends"
[0m18:41:22.351673 [debug] [Thread-1 (]: On model.dbt_project.05_weekly_trends: /* {"app": "dbt", "dbt_version": "1.11.7", "profile_name": "dbt_project", "target_name": "dev", "node_id": "model.dbt_project.05_weekly_trends"} */

  
    
    

    create  table
      "dev"."main"."05_weekly_trends__dbt_tmp"
  
    as (
      SELECT
    DATE_TRUNC('week', order_date) AS week,
    COUNT(order_id) AS total_orders,
    SUM(delivery_success_flag) AS completed_orders,
    SUM(has_refund_flag) AS refunded_orders,
    SUM(sla_breach_flag) AS breached_orders,
    SUM(refund_amount) AS total_refund_amount
FROM "dev"."main"."stg_order_facts"
GROUP BY week
ORDER BY week
    );
  
  
[0m18:41:22.354674 [debug] [Thread-1 (]: SQL status: OK in 0.003 seconds
[0m18:41:22.355691 [debug] [Thread-1 (]: Using duckdb connection "model.dbt_project.05_weekly_trends"
[0m18:41:22.356676 [debug] [Thread-1 (]: On model.dbt_project.05_weekly_trends: /* {"app": "dbt", "dbt_version": "1.11.7", "profile_name": "dbt_project", "target_name": "dev", "node_id": "model.dbt_project.05_weekly_trends"} */

    SELECT index_name
    FROM duckdb_indexes()
    WHERE schema_name = 'main'
      AND table_name = '05_weekly_trends'
  
[0m18:41:22.357676 [debug] [Thread-1 (]: SQL status: OK in 0.001 seconds
[0m18:41:22.358676 [debug] [Thread-1 (]: Using duckdb connection "model.dbt_project.05_weekly_trends"
[0m18:41:22.359675 [debug] [Thread-1 (]: On model.dbt_project.05_weekly_trends: /* {"app": "dbt", "dbt_version": "1.11.7", "profile_name": "dbt_project", "target_name": "dev", "node_id": "model.dbt_project.05_weekly_trends"} */

    SELECT COUNT(*) as remaining_indexes
    FROM duckdb_indexes()
    WHERE schema_name = 'main'
      AND table_name = '05_weekly_trends'
  
[0m18:41:22.360675 [debug] [Thread-1 (]: SQL status: OK in 0.001 seconds
[0m18:41:22.364691 [debug] [Thread-1 (]: Using duckdb connection "model.dbt_project.05_weekly_trends"
[0m18:41:22.364691 [debug] [Thread-1 (]: On model.dbt_project.05_weekly_trends: /* {"app": "dbt", "dbt_version": "1.11.7", "profile_name": "dbt_project", "target_name": "dev", "node_id": "model.dbt_project.05_weekly_trends"} */
alter table "dev"."main"."05_weekly_trends" rename to "05_weekly_trends__dbt_backup"
[0m18:41:22.365674 [debug] [Thread-1 (]: SQL status: OK in 0.000 seconds
[0m18:41:22.368690 [debug] [Thread-1 (]: Using duckdb connection "model.dbt_project.05_weekly_trends"
[0m18:41:22.368690 [debug] [Thread-1 (]: On model.dbt_project.05_weekly_trends: /* {"app": "dbt", "dbt_version": "1.11.7", "profile_name": "dbt_project", "target_name": "dev", "node_id": "model.dbt_project.05_weekly_trends"} */
alter table "dev"."main"."05_weekly_trends__dbt_tmp" rename to "05_weekly_trends"
[0m18:41:22.369697 [debug] [Thread-1 (]: SQL status: OK in 0.000 seconds
[0m18:41:22.371713 [debug] [Thread-1 (]: On model.dbt_project.05_weekly_trends: COMMIT
[0m18:41:22.372712 [debug] [Thread-1 (]: Using duckdb connection "model.dbt_project.05_weekly_trends"
[0m18:41:22.372712 [debug] [Thread-1 (]: On model.dbt_project.05_weekly_trends: COMMIT
[0m18:41:22.374741 [debug] [Thread-1 (]: SQL status: OK in 0.002 seconds
[0m18:41:22.376726 [debug] [Thread-1 (]: Using duckdb connection "model.dbt_project.05_weekly_trends"
[0m18:41:22.377725 [debug] [Thread-1 (]: On model.dbt_project.05_weekly_trends: /* {"app": "dbt", "dbt_version": "1.11.7", "profile_name": "dbt_project", "target_name": "dev", "node_id": "model.dbt_project.05_weekly_trends"} */

      drop table if exists "dev"."main"."05_weekly_trends__dbt_backup" cascade
    
[0m18:41:22.379713 [debug] [Thread-1 (]: SQL status: OK in 0.002 seconds
[0m18:41:22.380712 [debug] [Thread-1 (]: On model.dbt_project.05_weekly_trends: Close
[0m18:41:22.381735 [debug] [Thread-1 (]: Sending event: {'category': 'dbt', 'action': 'run_model', 'label': '6b4cbcb4-d612-451f-85fc-a579051cc7ca', 'context': [<snowplow_tracker.self_describing_json.SelfDescribingJson object at 0x00000261AC1DD2D0>]}
[0m18:41:22.382710 [info ] [Thread-1 (]: 5 of 11 OK created sql table model main.05_weekly_trends ....................... [[32mOK[0m in 0.04s]
[0m18:41:22.383712 [debug] [Thread-1 (]: Finished running node model.dbt_project.05_weekly_trends
[0m18:41:22.383712 [debug] [Thread-1 (]: Began running node model.dbt_project.int_restaurant_metrics
[0m18:41:22.385235 [info ] [Thread-1 (]: 6 of 11 START sql table model main.int_restaurant_metrics ...................... [RUN]
[0m18:41:22.386255 [debug] [Thread-1 (]: Re-using an available connection from the pool (formerly model.dbt_project.05_weekly_trends, now model.dbt_project.int_restaurant_metrics)
[0m18:41:22.386255 [debug] [Thread-1 (]: Began compiling node model.dbt_project.int_restaurant_metrics
[0m18:41:22.389269 [debug] [Thread-1 (]: Writing injected SQL for node "model.dbt_project.int_restaurant_metrics"
[0m18:41:22.389269 [debug] [Thread-1 (]: Began executing node model.dbt_project.int_restaurant_metrics
[0m18:41:22.392254 [debug] [Thread-1 (]: Writing runtime sql for node "model.dbt_project.int_restaurant_metrics"
[0m18:41:22.393253 [debug] [Thread-1 (]: Using duckdb connection "model.dbt_project.int_restaurant_metrics"
[0m18:41:22.393253 [debug] [Thread-1 (]: On model.dbt_project.int_restaurant_metrics: BEGIN
[0m18:41:22.394253 [debug] [Thread-1 (]: Opening a new connection, currently in state closed
[0m18:41:22.394253 [debug] [Thread-1 (]: SQL status: OK in 0.001 seconds
[0m18:41:22.395253 [debug] [Thread-1 (]: Using duckdb connection "model.dbt_project.int_restaurant_metrics"
[0m18:41:22.395253 [debug] [Thread-1 (]: On model.dbt_project.int_restaurant_metrics: /* {"app": "dbt", "dbt_version": "1.11.7", "profile_name": "dbt_project", "target_name": "dev", "node_id": "model.dbt_project.int_restaurant_metrics"} */

  
    
    

    create  table
      "dev"."main"."int_restaurant_metrics__dbt_tmp"
  
    as (
      SELECT
    restaurant_id,
    city,
    COUNT(order_id) AS total_orders,
    AVG(prep_delay_minutes) AS avg_prep_delay,
    AVG(delay_minutes) AS avg_delivery_delay,
    SUM(sla_breach_flag) * 1.0 / COUNT(order_id) AS breach_rate
FROM "dev"."main"."stg_order_facts"
GROUP BY restaurant_id, city
    );
  
  
[0m18:41:22.401268 [debug] [Thread-1 (]: SQL status: OK in 0.006 seconds
[0m18:41:22.402254 [debug] [Thread-1 (]: Using duckdb connection "model.dbt_project.int_restaurant_metrics"
[0m18:41:22.403253 [debug] [Thread-1 (]: On model.dbt_project.int_restaurant_metrics: /* {"app": "dbt", "dbt_version": "1.11.7", "profile_name": "dbt_project", "target_name": "dev", "node_id": "model.dbt_project.int_restaurant_metrics"} */

    SELECT index_name
    FROM duckdb_indexes()
    WHERE schema_name = 'main'
      AND table_name = 'int_restaurant_metrics'
  
[0m18:41:22.403253 [debug] [Thread-1 (]: SQL status: OK in 0.000 seconds
[0m18:41:22.404254 [debug] [Thread-1 (]: Using duckdb connection "model.dbt_project.int_restaurant_metrics"
[0m18:41:22.405254 [debug] [Thread-1 (]: On model.dbt_project.int_restaurant_metrics: /* {"app": "dbt", "dbt_version": "1.11.7", "profile_name": "dbt_project", "target_name": "dev", "node_id": "model.dbt_project.int_restaurant_metrics"} */

    SELECT COUNT(*) as remaining_indexes
    FROM duckdb_indexes()
    WHERE schema_name = 'main'
      AND table_name = 'int_restaurant_metrics'
  
[0m18:41:22.406255 [debug] [Thread-1 (]: SQL status: OK in 0.000 seconds
[0m18:41:22.408271 [debug] [Thread-1 (]: Using duckdb connection "model.dbt_project.int_restaurant_metrics"
[0m18:41:22.409268 [debug] [Thread-1 (]: On model.dbt_project.int_restaurant_metrics: /* {"app": "dbt", "dbt_version": "1.11.7", "profile_name": "dbt_project", "target_name": "dev", "node_id": "model.dbt_project.int_restaurant_metrics"} */
alter table "dev"."main"."int_restaurant_metrics" rename to "int_restaurant_metrics__dbt_backup"
[0m18:41:22.409268 [debug] [Thread-1 (]: SQL status: OK in 0.000 seconds
[0m18:41:22.411268 [debug] [Thread-1 (]: Using duckdb connection "model.dbt_project.int_restaurant_metrics"
[0m18:41:22.412267 [debug] [Thread-1 (]: On model.dbt_project.int_restaurant_metrics: /* {"app": "dbt", "dbt_version": "1.11.7", "profile_name": "dbt_project", "target_name": "dev", "node_id": "model.dbt_project.int_restaurant_metrics"} */
alter table "dev"."main"."int_restaurant_metrics__dbt_tmp" rename to "int_restaurant_metrics"
[0m18:41:22.412267 [debug] [Thread-1 (]: SQL status: OK in 0.000 seconds
[0m18:41:22.414251 [debug] [Thread-1 (]: On model.dbt_project.int_restaurant_metrics: COMMIT
[0m18:41:22.414251 [debug] [Thread-1 (]: Using duckdb connection "model.dbt_project.int_restaurant_metrics"
[0m18:41:22.414251 [debug] [Thread-1 (]: On model.dbt_project.int_restaurant_metrics: COMMIT
[0m18:41:22.417269 [debug] [Thread-1 (]: SQL status: OK in 0.002 seconds
[0m18:41:22.418268 [debug] [Thread-1 (]: Using duckdb connection "model.dbt_project.int_restaurant_metrics"
[0m18:41:22.419267 [debug] [Thread-1 (]: On model.dbt_project.int_restaurant_metrics: /* {"app": "dbt", "dbt_version": "1.11.7", "profile_name": "dbt_project", "target_name": "dev", "node_id": "model.dbt_project.int_restaurant_metrics"} */

      drop table if exists "dev"."main"."int_restaurant_metrics__dbt_backup" cascade
    
[0m18:41:22.421267 [debug] [Thread-1 (]: SQL status: OK in 0.002 seconds
[0m18:41:22.422251 [debug] [Thread-1 (]: On model.dbt_project.int_restaurant_metrics: Close
[0m18:41:22.422251 [debug] [Thread-1 (]: Sending event: {'category': 'dbt', 'action': 'run_model', 'label': '6b4cbcb4-d612-451f-85fc-a579051cc7ca', 'context': [<snowplow_tracker.self_describing_json.SelfDescribingJson object at 0x00000261AC1DD2D0>]}
[0m18:41:22.423253 [info ] [Thread-1 (]: 6 of 11 OK created sql table model main.int_restaurant_metrics ................. [[32mOK[0m in 0.04s]
[0m18:41:22.424251 [debug] [Thread-1 (]: Finished running node model.dbt_project.int_restaurant_metrics
[0m18:41:22.424251 [debug] [Thread-1 (]: Began running node model.dbt_project.int_rider_metrics
[0m18:41:22.425250 [info ] [Thread-1 (]: 7 of 11 START sql table model main.int_rider_metrics ........................... [RUN]
[0m18:41:22.425250 [debug] [Thread-1 (]: Re-using an available connection from the pool (formerly model.dbt_project.int_restaurant_metrics, now model.dbt_project.int_rider_metrics)
[0m18:41:22.426260 [debug] [Thread-1 (]: Began compiling node model.dbt_project.int_rider_metrics
[0m18:41:22.428251 [debug] [Thread-1 (]: Writing injected SQL for node "model.dbt_project.int_rider_metrics"
[0m18:41:22.429250 [debug] [Thread-1 (]: Began executing node model.dbt_project.int_rider_metrics
[0m18:41:22.431268 [debug] [Thread-1 (]: Writing runtime sql for node "model.dbt_project.int_rider_metrics"
[0m18:41:22.432251 [debug] [Thread-1 (]: Using duckdb connection "model.dbt_project.int_rider_metrics"
[0m18:41:22.432251 [debug] [Thread-1 (]: On model.dbt_project.int_rider_metrics: BEGIN
[0m18:41:22.432251 [debug] [Thread-1 (]: Opening a new connection, currently in state closed
[0m18:41:22.433267 [debug] [Thread-1 (]: SQL status: OK in 0.001 seconds
[0m18:41:22.433267 [debug] [Thread-1 (]: Using duckdb connection "model.dbt_project.int_rider_metrics"
[0m18:41:22.433267 [debug] [Thread-1 (]: On model.dbt_project.int_rider_metrics: /* {"app": "dbt", "dbt_version": "1.11.7", "profile_name": "dbt_project", "target_name": "dev", "node_id": "model.dbt_project.int_rider_metrics"} */

  
    
    

    create  table
      "dev"."main"."int_rider_metrics__dbt_tmp"
  
    as (
      SELECT
    rider_id,
    COUNT(order_id) AS total_orders,
    SUM(sla_breach_flag) AS late_orders,
    SUM(delivery_success_flag) AS successful_orders,
    AVG(actual_delivery_minutes) AS avg_delivery_time,
    AVG(delay_minutes) AS avg_delay_minutes
FROM "dev"."main"."stg_order_facts"
WHERE rider_id IS NOT NULL
GROUP BY rider_id
    );
  
  
[0m18:41:22.435250 [debug] [Thread-1 (]: SQL status: OK in 0.001 seconds
[0m18:41:22.436252 [debug] [Thread-1 (]: Using duckdb connection "model.dbt_project.int_rider_metrics"
[0m18:41:22.436252 [debug] [Thread-1 (]: On model.dbt_project.int_rider_metrics: /* {"app": "dbt", "dbt_version": "1.11.7", "profile_name": "dbt_project", "target_name": "dev", "node_id": "model.dbt_project.int_rider_metrics"} */

    SELECT index_name
    FROM duckdb_indexes()
    WHERE schema_name = 'main'
      AND table_name = 'int_rider_metrics'
  
[0m18:41:22.437251 [debug] [Thread-1 (]: SQL status: OK in 0.000 seconds
[0m18:41:22.438251 [debug] [Thread-1 (]: Using duckdb connection "model.dbt_project.int_rider_metrics"
[0m18:41:22.439268 [debug] [Thread-1 (]: On model.dbt_project.int_rider_metrics: /* {"app": "dbt", "dbt_version": "1.11.7", "profile_name": "dbt_project", "target_name": "dev", "node_id": "model.dbt_project.int_rider_metrics"} */

    SELECT COUNT(*) as remaining_indexes
    FROM duckdb_indexes()
    WHERE schema_name = 'main'
      AND table_name = 'int_rider_metrics'
  
[0m18:41:22.440252 [debug] [Thread-1 (]: SQL status: OK in 0.001 seconds
[0m18:41:22.442252 [debug] [Thread-1 (]: Using duckdb connection "model.dbt_project.int_rider_metrics"
[0m18:41:22.443268 [debug] [Thread-1 (]: On model.dbt_project.int_rider_metrics: /* {"app": "dbt", "dbt_version": "1.11.7", "profile_name": "dbt_project", "target_name": "dev", "node_id": "model.dbt_project.int_rider_metrics"} */
alter table "dev"."main"."int_rider_metrics" rename to "int_rider_metrics__dbt_backup"
[0m18:41:22.443268 [debug] [Thread-1 (]: SQL status: OK in 0.000 seconds
[0m18:41:22.447251 [debug] [Thread-1 (]: Using duckdb connection "model.dbt_project.int_rider_metrics"
[0m18:41:22.447251 [debug] [Thread-1 (]: On model.dbt_project.int_rider_metrics: /* {"app": "dbt", "dbt_version": "1.11.7", "profile_name": "dbt_project", "target_name": "dev", "node_id": "model.dbt_project.int_rider_metrics"} */
alter table "dev"."main"."int_rider_metrics__dbt_tmp" rename to "int_rider_metrics"
[0m18:41:22.448269 [debug] [Thread-1 (]: SQL status: OK in 0.000 seconds
[0m18:41:22.449267 [debug] [Thread-1 (]: On model.dbt_project.int_rider_metrics: COMMIT
[0m18:41:22.449267 [debug] [Thread-1 (]: Using duckdb connection "model.dbt_project.int_rider_metrics"
[0m18:41:22.449267 [debug] [Thread-1 (]: On model.dbt_project.int_rider_metrics: COMMIT
[0m18:41:22.451251 [debug] [Thread-1 (]: SQL status: OK in 0.001 seconds
[0m18:41:22.453267 [debug] [Thread-1 (]: Using duckdb connection "model.dbt_project.int_rider_metrics"
[0m18:41:22.453267 [debug] [Thread-1 (]: On model.dbt_project.int_rider_metrics: /* {"app": "dbt", "dbt_version": "1.11.7", "profile_name": "dbt_project", "target_name": "dev", "node_id": "model.dbt_project.int_rider_metrics"} */

      drop table if exists "dev"."main"."int_rider_metrics__dbt_backup" cascade
    
[0m18:41:22.455272 [debug] [Thread-1 (]: SQL status: OK in 0.001 seconds
[0m18:41:22.456268 [debug] [Thread-1 (]: On model.dbt_project.int_rider_metrics: Close
[0m18:41:22.456268 [debug] [Thread-1 (]: Sending event: {'category': 'dbt', 'action': 'run_model', 'label': '6b4cbcb4-d612-451f-85fc-a579051cc7ca', 'context': [<snowplow_tracker.self_describing_json.SelfDescribingJson object at 0x00000261AE278990>]}
[0m18:41:22.457251 [info ] [Thread-1 (]: 7 of 11 OK created sql table model main.int_rider_metrics ...................... [[32mOK[0m in 0.03s]
[0m18:41:22.457251 [debug] [Thread-1 (]: Finished running node model.dbt_project.int_rider_metrics
[0m18:41:22.458270 [debug] [Thread-1 (]: Began running node model.dbt_project.int_sla_metrics
[0m18:41:22.458270 [info ] [Thread-1 (]: 8 of 11 START sql table model main.int_sla_metrics ............................. [RUN]
[0m18:41:22.459268 [debug] [Thread-1 (]: Re-using an available connection from the pool (formerly model.dbt_project.int_rider_metrics, now model.dbt_project.int_sla_metrics)
[0m18:41:22.459268 [debug] [Thread-1 (]: Began compiling node model.dbt_project.int_sla_metrics
[0m18:41:22.461255 [debug] [Thread-1 (]: Writing injected SQL for node "model.dbt_project.int_sla_metrics"
[0m18:41:22.462256 [debug] [Thread-1 (]: Began executing node model.dbt_project.int_sla_metrics
[0m18:41:22.464360 [debug] [Thread-1 (]: Writing runtime sql for node "model.dbt_project.int_sla_metrics"
[0m18:41:22.464360 [debug] [Thread-1 (]: Using duckdb connection "model.dbt_project.int_sla_metrics"
[0m18:41:22.465713 [debug] [Thread-1 (]: On model.dbt_project.int_sla_metrics: BEGIN
[0m18:41:22.465713 [debug] [Thread-1 (]: Opening a new connection, currently in state closed
[0m18:41:22.465713 [debug] [Thread-1 (]: SQL status: OK in 0.000 seconds
[0m18:41:22.466717 [debug] [Thread-1 (]: Using duckdb connection "model.dbt_project.int_sla_metrics"
[0m18:41:22.466717 [debug] [Thread-1 (]: On model.dbt_project.int_sla_metrics: /* {"app": "dbt", "dbt_version": "1.11.7", "profile_name": "dbt_project", "target_name": "dev", "node_id": "model.dbt_project.int_sla_metrics"} */

  
    
    

    create  table
      "dev"."main"."int_sla_metrics__dbt_tmp"
  
    as (
      WITH base AS (
    SELECT
        order_id,
        city,
        order_hour,
        actual_delivery_minutes,
        delay_minutes,
        sla_breach_flag,
        prep_delay_minutes
    FROM "dev"."main"."stg_order_facts"
)
SELECT
    *,
    
    CASE
        WHEN order_hour BETWEEN 11 AND 14 THEN 'LUNCH'
        WHEN order_hour BETWEEN 18 AND 22 THEN 'DINNER'
        ELSE 'OFF_PEAK'
    END AS time_slot,
    CASE
        WHEN delay_minutes <= 0 THEN 'ON_TIME'
        WHEN delay_minutes <= 10 THEN 'MINOR_DELAY'
        ELSE 'MAJOR_DELAY'
    END AS delay_bucket
FROM base
    );
  
  
[0m18:41:22.471733 [debug] [Thread-1 (]: SQL status: OK in 0.005 seconds
[0m18:41:22.472717 [debug] [Thread-1 (]: Using duckdb connection "model.dbt_project.int_sla_metrics"
[0m18:41:22.473733 [debug] [Thread-1 (]: On model.dbt_project.int_sla_metrics: /* {"app": "dbt", "dbt_version": "1.11.7", "profile_name": "dbt_project", "target_name": "dev", "node_id": "model.dbt_project.int_sla_metrics"} */

    SELECT index_name
    FROM duckdb_indexes()
    WHERE schema_name = 'main'
      AND table_name = 'int_sla_metrics'
  
[0m18:41:22.473733 [debug] [Thread-1 (]: SQL status: OK in 0.000 seconds
[0m18:41:22.474718 [debug] [Thread-1 (]: Using duckdb connection "model.dbt_project.int_sla_metrics"
[0m18:41:22.475736 [debug] [Thread-1 (]: On model.dbt_project.int_sla_metrics: /* {"app": "dbt", "dbt_version": "1.11.7", "profile_name": "dbt_project", "target_name": "dev", "node_id": "model.dbt_project.int_sla_metrics"} */

    SELECT COUNT(*) as remaining_indexes
    FROM duckdb_indexes()
    WHERE schema_name = 'main'
      AND table_name = 'int_sla_metrics'
  
[0m18:41:22.476755 [debug] [Thread-1 (]: SQL status: OK in 0.001 seconds
[0m18:41:22.479275 [debug] [Thread-1 (]: Using duckdb connection "model.dbt_project.int_sla_metrics"
[0m18:41:22.479275 [debug] [Thread-1 (]: On model.dbt_project.int_sla_metrics: /* {"app": "dbt", "dbt_version": "1.11.7", "profile_name": "dbt_project", "target_name": "dev", "node_id": "model.dbt_project.int_sla_metrics"} */
alter table "dev"."main"."int_sla_metrics" rename to "int_sla_metrics__dbt_backup"
[0m18:41:22.480312 [debug] [Thread-1 (]: SQL status: OK in 0.000 seconds
[0m18:41:22.482273 [debug] [Thread-1 (]: Using duckdb connection "model.dbt_project.int_sla_metrics"
[0m18:41:22.482273 [debug] [Thread-1 (]: On model.dbt_project.int_sla_metrics: /* {"app": "dbt", "dbt_version": "1.11.7", "profile_name": "dbt_project", "target_name": "dev", "node_id": "model.dbt_project.int_sla_metrics"} */
alter table "dev"."main"."int_sla_metrics__dbt_tmp" rename to "int_sla_metrics"
[0m18:41:22.483372 [debug] [Thread-1 (]: SQL status: OK in 0.000 seconds
[0m18:41:22.484398 [debug] [Thread-1 (]: On model.dbt_project.int_sla_metrics: COMMIT
[0m18:41:22.484398 [debug] [Thread-1 (]: Using duckdb connection "model.dbt_project.int_sla_metrics"
[0m18:41:22.485380 [debug] [Thread-1 (]: On model.dbt_project.int_sla_metrics: COMMIT
[0m18:41:22.488516 [debug] [Thread-1 (]: SQL status: OK in 0.003 seconds
[0m18:41:22.490517 [debug] [Thread-1 (]: Using duckdb connection "model.dbt_project.int_sla_metrics"
[0m18:41:22.490517 [debug] [Thread-1 (]: On model.dbt_project.int_sla_metrics: /* {"app": "dbt", "dbt_version": "1.11.7", "profile_name": "dbt_project", "target_name": "dev", "node_id": "model.dbt_project.int_sla_metrics"} */

      drop table if exists "dev"."main"."int_sla_metrics__dbt_backup" cascade
    
[0m18:41:22.494026 [debug] [Thread-1 (]: SQL status: OK in 0.002 seconds
[0m18:41:22.495026 [debug] [Thread-1 (]: On model.dbt_project.int_sla_metrics: Close
[0m18:41:22.495026 [debug] [Thread-1 (]: Sending event: {'category': 'dbt', 'action': 'run_model', 'label': '6b4cbcb4-d612-451f-85fc-a579051cc7ca', 'context': [<snowplow_tracker.self_describing_json.SelfDescribingJson object at 0x00000261AC21A210>]}
[0m18:41:22.496009 [info ] [Thread-1 (]: 8 of 11 OK created sql table model main.int_sla_metrics ........................ [[32mOK[0m in 0.04s]
[0m18:41:22.497025 [debug] [Thread-1 (]: Finished running node model.dbt_project.int_sla_metrics
[0m18:41:22.497025 [debug] [Thread-1 (]: Began running node model.dbt_project.02_restaurants_prep_delay
[0m18:41:22.498229 [info ] [Thread-1 (]: 9 of 11 START sql table model main.02_restaurants_prep_delay ................... [RUN]
[0m18:41:22.498229 [debug] [Thread-1 (]: Re-using an available connection from the pool (formerly model.dbt_project.int_sla_metrics, now model.dbt_project.02_restaurants_prep_delay)
[0m18:41:22.499236 [debug] [Thread-1 (]: Began compiling node model.dbt_project.02_restaurants_prep_delay
[0m18:41:22.501236 [debug] [Thread-1 (]: Writing injected SQL for node "model.dbt_project.02_restaurants_prep_delay"
[0m18:41:22.501236 [debug] [Thread-1 (]: Began executing node model.dbt_project.02_restaurants_prep_delay
[0m18:41:22.504258 [debug] [Thread-1 (]: Writing runtime sql for node "model.dbt_project.02_restaurants_prep_delay"
[0m18:41:22.505264 [debug] [Thread-1 (]: Using duckdb connection "model.dbt_project.02_restaurants_prep_delay"
[0m18:41:22.505264 [debug] [Thread-1 (]: On model.dbt_project.02_restaurants_prep_delay: BEGIN
[0m18:41:22.505264 [debug] [Thread-1 (]: Opening a new connection, currently in state closed
[0m18:41:22.506242 [debug] [Thread-1 (]: SQL status: OK in 0.001 seconds
[0m18:41:22.506242 [debug] [Thread-1 (]: Using duckdb connection "model.dbt_project.02_restaurants_prep_delay"
[0m18:41:22.507234 [debug] [Thread-1 (]: On model.dbt_project.02_restaurants_prep_delay: /* {"app": "dbt", "dbt_version": "1.11.7", "profile_name": "dbt_project", "target_name": "dev", "node_id": "model.dbt_project.02_restaurants_prep_delay"} */

  
    
    

    create  table
      "dev"."main"."02_restaurants_prep_delay__dbt_tmp"
  
    as (
      SELECT
    restaurant_id,
    city,
    total_orders,
    avg_prep_delay,
    avg_delivery_delay,
    breach_rate
FROM "dev"."main"."int_restaurant_metrics"
ORDER BY breach_rate DESC
    );
  
  
[0m18:41:22.508234 [debug] [Thread-1 (]: SQL status: OK in 0.001 seconds
[0m18:41:22.508234 [debug] [Thread-1 (]: Using duckdb connection "model.dbt_project.02_restaurants_prep_delay"
[0m18:41:22.509642 [debug] [Thread-1 (]: On model.dbt_project.02_restaurants_prep_delay: /* {"app": "dbt", "dbt_version": "1.11.7", "profile_name": "dbt_project", "target_name": "dev", "node_id": "model.dbt_project.02_restaurants_prep_delay"} */

    SELECT index_name
    FROM duckdb_indexes()
    WHERE schema_name = 'main'
      AND table_name = '02_restaurants_prep_delay'
  
[0m18:41:22.509642 [debug] [Thread-1 (]: SQL status: OK in 0.000 seconds
[0m18:41:22.510648 [debug] [Thread-1 (]: Using duckdb connection "model.dbt_project.02_restaurants_prep_delay"
[0m18:41:22.511648 [debug] [Thread-1 (]: On model.dbt_project.02_restaurants_prep_delay: /* {"app": "dbt", "dbt_version": "1.11.7", "profile_name": "dbt_project", "target_name": "dev", "node_id": "model.dbt_project.02_restaurants_prep_delay"} */

    SELECT COUNT(*) as remaining_indexes
    FROM duckdb_indexes()
    WHERE schema_name = 'main'
      AND table_name = '02_restaurants_prep_delay'
  
[0m18:41:22.511648 [debug] [Thread-1 (]: SQL status: OK in 0.000 seconds
[0m18:41:22.514735 [debug] [Thread-1 (]: Using duckdb connection "model.dbt_project.02_restaurants_prep_delay"
[0m18:41:22.514735 [debug] [Thread-1 (]: On model.dbt_project.02_restaurants_prep_delay: /* {"app": "dbt", "dbt_version": "1.11.7", "profile_name": "dbt_project", "target_name": "dev", "node_id": "model.dbt_project.02_restaurants_prep_delay"} */
alter table "dev"."main"."02_restaurants_prep_delay" rename to "02_restaurants_prep_delay__dbt_backup"
[0m18:41:22.515764 [debug] [Thread-1 (]: SQL status: OK in 0.000 seconds
[0m18:41:22.518741 [debug] [Thread-1 (]: Using duckdb connection "model.dbt_project.02_restaurants_prep_delay"
[0m18:41:22.518741 [debug] [Thread-1 (]: On model.dbt_project.02_restaurants_prep_delay: /* {"app": "dbt", "dbt_version": "1.11.7", "profile_name": "dbt_project", "target_name": "dev", "node_id": "model.dbt_project.02_restaurants_prep_delay"} */
alter table "dev"."main"."02_restaurants_prep_delay__dbt_tmp" rename to "02_restaurants_prep_delay"
[0m18:41:22.519742 [debug] [Thread-1 (]: SQL status: OK in 0.000 seconds
[0m18:41:22.520741 [debug] [Thread-1 (]: On model.dbt_project.02_restaurants_prep_delay: COMMIT
[0m18:41:22.521756 [debug] [Thread-1 (]: Using duckdb connection "model.dbt_project.02_restaurants_prep_delay"
[0m18:41:22.521756 [debug] [Thread-1 (]: On model.dbt_project.02_restaurants_prep_delay: COMMIT
[0m18:41:22.523740 [debug] [Thread-1 (]: SQL status: OK in 0.001 seconds
[0m18:41:22.525758 [debug] [Thread-1 (]: Using duckdb connection "model.dbt_project.02_restaurants_prep_delay"
[0m18:41:22.525758 [debug] [Thread-1 (]: On model.dbt_project.02_restaurants_prep_delay: /* {"app": "dbt", "dbt_version": "1.11.7", "profile_name": "dbt_project", "target_name": "dev", "node_id": "model.dbt_project.02_restaurants_prep_delay"} */

      drop table if exists "dev"."main"."02_restaurants_prep_delay__dbt_backup" cascade
    
[0m18:41:22.527757 [debug] [Thread-1 (]: SQL status: OK in 0.002 seconds
[0m18:41:22.528757 [debug] [Thread-1 (]: On model.dbt_project.02_restaurants_prep_delay: Close
[0m18:41:22.528757 [debug] [Thread-1 (]: Sending event: {'category': 'dbt', 'action': 'run_model', 'label': '6b4cbcb4-d612-451f-85fc-a579051cc7ca', 'context': [<snowplow_tracker.self_describing_json.SelfDescribingJson object at 0x00000261AC117A90>]}
[0m18:41:22.529756 [info ] [Thread-1 (]: 9 of 11 OK created sql table model main.02_restaurants_prep_delay .............. [[32mOK[0m in 0.03s]
[0m18:41:22.530742 [debug] [Thread-1 (]: Finished running node model.dbt_project.02_restaurants_prep_delay
[0m18:41:22.530742 [debug] [Thread-1 (]: Began running node model.dbt_project.04_riders_performance
[0m18:41:22.530742 [info ] [Thread-1 (]: 10 of 11 START sql table model main.04_riders_performance ...................... [RUN]
[0m18:41:22.531741 [debug] [Thread-1 (]: Re-using an available connection from the pool (formerly model.dbt_project.02_restaurants_prep_delay, now model.dbt_project.04_riders_performance)
[0m18:41:22.531741 [debug] [Thread-1 (]: Began compiling node model.dbt_project.04_riders_performance
[0m18:41:22.534757 [debug] [Thread-1 (]: Writing injected SQL for node "model.dbt_project.04_riders_performance"
[0m18:41:22.534757 [debug] [Thread-1 (]: Began executing node model.dbt_project.04_riders_performance
[0m18:41:22.537739 [debug] [Thread-1 (]: Writing runtime sql for node "model.dbt_project.04_riders_performance"
[0m18:41:22.538741 [debug] [Thread-1 (]: Using duckdb connection "model.dbt_project.04_riders_performance"
[0m18:41:22.539742 [debug] [Thread-1 (]: On model.dbt_project.04_riders_performance: BEGIN
[0m18:41:22.539742 [debug] [Thread-1 (]: Opening a new connection, currently in state closed
[0m18:41:22.539742 [debug] [Thread-1 (]: SQL status: OK in 0.001 seconds
[0m18:41:22.540742 [debug] [Thread-1 (]: Using duckdb connection "model.dbt_project.04_riders_performance"
[0m18:41:22.540742 [debug] [Thread-1 (]: On model.dbt_project.04_riders_performance: /* {"app": "dbt", "dbt_version": "1.11.7", "profile_name": "dbt_project", "target_name": "dev", "node_id": "model.dbt_project.04_riders_performance"} */

  
    
    

    create  table
      "dev"."main"."04_riders_performance__dbt_tmp"
  
    as (
      SELECT
    rider_id,
    total_orders,
    late_orders,
    successful_orders,
    avg_delivery_time,
    avg_delay_minutes,
    late_orders * 1.0 / total_orders AS late_rate
FROM "dev"."main"."int_rider_metrics"
ORDER BY total_orders DESC
    );
  
  
[0m18:41:22.542741 [debug] [Thread-1 (]: SQL status: OK in 0.001 seconds
[0m18:41:22.542741 [debug] [Thread-1 (]: Using duckdb connection "model.dbt_project.04_riders_performance"
[0m18:41:22.543742 [debug] [Thread-1 (]: On model.dbt_project.04_riders_performance: /* {"app": "dbt", "dbt_version": "1.11.7", "profile_name": "dbt_project", "target_name": "dev", "node_id": "model.dbt_project.04_riders_performance"} */

    SELECT index_name
    FROM duckdb_indexes()
    WHERE schema_name = 'main'
      AND table_name = '04_riders_performance'
  
[0m18:41:22.543742 [debug] [Thread-1 (]: SQL status: OK in 0.000 seconds
[0m18:41:22.544779 [debug] [Thread-1 (]: Using duckdb connection "model.dbt_project.04_riders_performance"
[0m18:41:22.545764 [debug] [Thread-1 (]: On model.dbt_project.04_riders_performance: /* {"app": "dbt", "dbt_version": "1.11.7", "profile_name": "dbt_project", "target_name": "dev", "node_id": "model.dbt_project.04_riders_performance"} */

    SELECT COUNT(*) as remaining_indexes
    FROM duckdb_indexes()
    WHERE schema_name = 'main'
      AND table_name = '04_riders_performance'
  
[0m18:41:22.546742 [debug] [Thread-1 (]: SQL status: OK in 0.000 seconds
[0m18:41:22.548743 [debug] [Thread-1 (]: Using duckdb connection "model.dbt_project.04_riders_performance"
[0m18:41:22.549740 [debug] [Thread-1 (]: On model.dbt_project.04_riders_performance: /* {"app": "dbt", "dbt_version": "1.11.7", "profile_name": "dbt_project", "target_name": "dev", "node_id": "model.dbt_project.04_riders_performance"} */
alter table "dev"."main"."04_riders_performance" rename to "04_riders_performance__dbt_backup"
[0m18:41:22.549740 [debug] [Thread-1 (]: SQL status: OK in 0.000 seconds
[0m18:41:22.551740 [debug] [Thread-1 (]: Using duckdb connection "model.dbt_project.04_riders_performance"
[0m18:41:22.552741 [debug] [Thread-1 (]: On model.dbt_project.04_riders_performance: /* {"app": "dbt", "dbt_version": "1.11.7", "profile_name": "dbt_project", "target_name": "dev", "node_id": "model.dbt_project.04_riders_performance"} */
alter table "dev"."main"."04_riders_performance__dbt_tmp" rename to "04_riders_performance"
[0m18:41:22.553745 [debug] [Thread-1 (]: SQL status: OK in 0.000 seconds
[0m18:41:22.554763 [debug] [Thread-1 (]: On model.dbt_project.04_riders_performance: COMMIT
[0m18:41:22.554763 [debug] [Thread-1 (]: Using duckdb connection "model.dbt_project.04_riders_performance"
[0m18:41:22.554763 [debug] [Thread-1 (]: On model.dbt_project.04_riders_performance: COMMIT
[0m18:41:22.559075 [debug] [Thread-1 (]: SQL status: OK in 0.003 seconds
[0m18:41:22.561072 [debug] [Thread-1 (]: Using duckdb connection "model.dbt_project.04_riders_performance"
[0m18:41:22.561072 [debug] [Thread-1 (]: On model.dbt_project.04_riders_performance: /* {"app": "dbt", "dbt_version": "1.11.7", "profile_name": "dbt_project", "target_name": "dev", "node_id": "model.dbt_project.04_riders_performance"} */

      drop table if exists "dev"."main"."04_riders_performance__dbt_backup" cascade
    
[0m18:41:22.563068 [debug] [Thread-1 (]: SQL status: OK in 0.002 seconds
[0m18:41:22.565084 [debug] [Thread-1 (]: On model.dbt_project.04_riders_performance: Close
[0m18:41:22.565084 [debug] [Thread-1 (]: Sending event: {'category': 'dbt', 'action': 'run_model', 'label': '6b4cbcb4-d612-451f-85fc-a579051cc7ca', 'context': [<snowplow_tracker.self_describing_json.SelfDescribingJson object at 0x00000261AC1C8090>]}
[0m18:41:22.566091 [info ] [Thread-1 (]: 10 of 11 OK created sql table model main.04_riders_performance ................. [[32mOK[0m in 0.03s]
[0m18:41:22.567070 [debug] [Thread-1 (]: Finished running node model.dbt_project.04_riders_performance
[0m18:41:22.567070 [debug] [Thread-1 (]: Began running node model.dbt_project.01_SLA_breach_analysis
[0m18:41:22.567070 [info ] [Thread-1 (]: 11 of 11 START sql table model main.01_SLA_breach_analysis ..................... [RUN]
[0m18:41:22.568090 [debug] [Thread-1 (]: Re-using an available connection from the pool (formerly model.dbt_project.04_riders_performance, now model.dbt_project.01_SLA_breach_analysis)
[0m18:41:22.568090 [debug] [Thread-1 (]: Began compiling node model.dbt_project.01_SLA_breach_analysis
[0m18:41:22.570069 [debug] [Thread-1 (]: Writing injected SQL for node "model.dbt_project.01_SLA_breach_analysis"
[0m18:41:22.571070 [debug] [Thread-1 (]: Began executing node model.dbt_project.01_SLA_breach_analysis
[0m18:41:22.574177 [debug] [Thread-1 (]: Writing runtime sql for node "model.dbt_project.01_SLA_breach_analysis"
[0m18:41:22.575068 [debug] [Thread-1 (]: Using duckdb connection "model.dbt_project.01_SLA_breach_analysis"
[0m18:41:22.575068 [debug] [Thread-1 (]: On model.dbt_project.01_SLA_breach_analysis: BEGIN
[0m18:41:22.575068 [debug] [Thread-1 (]: Opening a new connection, currently in state closed
[0m18:41:22.576117 [debug] [Thread-1 (]: SQL status: OK in 0.001 seconds
[0m18:41:22.576117 [debug] [Thread-1 (]: Using duckdb connection "model.dbt_project.01_SLA_breach_analysis"
[0m18:41:22.576117 [debug] [Thread-1 (]: On model.dbt_project.01_SLA_breach_analysis: /* {"app": "dbt", "dbt_version": "1.11.7", "profile_name": "dbt_project", "target_name": "dev", "node_id": "model.dbt_project.01_SLA_breach_analysis"} */

  
    
    

    create  table
      "dev"."main"."01_SLA_breach_analysis__dbt_tmp"
  
    as (
      SELECT
    city,
    time_slot,
    COUNT(order_id) AS total_orders,
    SUM(sla_breach_flag) AS breached_orders,
    SUM(sla_breach_flag) * 1.0 / COUNT(order_id) AS breach_rate
FROM "dev"."main"."int_sla_metrics"
GROUP BY city, time_slot
    );
  
  
[0m18:41:22.581068 [debug] [Thread-1 (]: SQL status: OK in 0.004 seconds
[0m18:41:22.582085 [debug] [Thread-1 (]: Using duckdb connection "model.dbt_project.01_SLA_breach_analysis"
[0m18:41:22.582085 [debug] [Thread-1 (]: On model.dbt_project.01_SLA_breach_analysis: /* {"app": "dbt", "dbt_version": "1.11.7", "profile_name": "dbt_project", "target_name": "dev", "node_id": "model.dbt_project.01_SLA_breach_analysis"} */

    SELECT index_name
    FROM duckdb_indexes()
    WHERE schema_name = 'main'
      AND table_name = '01_SLA_breach_analysis'
  
[0m18:41:22.583070 [debug] [Thread-1 (]: SQL status: OK in 0.000 seconds
[0m18:41:22.584084 [debug] [Thread-1 (]: Using duckdb connection "model.dbt_project.01_SLA_breach_analysis"
[0m18:41:22.585086 [debug] [Thread-1 (]: On model.dbt_project.01_SLA_breach_analysis: /* {"app": "dbt", "dbt_version": "1.11.7", "profile_name": "dbt_project", "target_name": "dev", "node_id": "model.dbt_project.01_SLA_breach_analysis"} */

    SELECT COUNT(*) as remaining_indexes
    FROM duckdb_indexes()
    WHERE schema_name = 'main'
      AND table_name = '01_SLA_breach_analysis'
  
[0m18:41:22.585086 [debug] [Thread-1 (]: SQL status: OK in 0.000 seconds
[0m18:41:22.588068 [debug] [Thread-1 (]: Using duckdb connection "model.dbt_project.01_SLA_breach_analysis"
[0m18:41:22.588068 [debug] [Thread-1 (]: On model.dbt_project.01_SLA_breach_analysis: /* {"app": "dbt", "dbt_version": "1.11.7", "profile_name": "dbt_project", "target_name": "dev", "node_id": "model.dbt_project.01_SLA_breach_analysis"} */
alter table "dev"."main"."01_SLA_breach_analysis" rename to "01_SLA_breach_analysis__dbt_backup"
[0m18:41:22.589068 [debug] [Thread-1 (]: SQL status: OK in 0.000 seconds
[0m18:41:22.592069 [debug] [Thread-1 (]: Using duckdb connection "model.dbt_project.01_SLA_breach_analysis"
[0m18:41:22.592069 [debug] [Thread-1 (]: On model.dbt_project.01_SLA_breach_analysis: /* {"app": "dbt", "dbt_version": "1.11.7", "profile_name": "dbt_project", "target_name": "dev", "node_id": "model.dbt_project.01_SLA_breach_analysis"} */
alter table "dev"."main"."01_SLA_breach_analysis__dbt_tmp" rename to "01_SLA_breach_analysis"
[0m18:41:22.593069 [debug] [Thread-1 (]: SQL status: OK in 0.000 seconds
[0m18:41:22.594171 [debug] [Thread-1 (]: On model.dbt_project.01_SLA_breach_analysis: COMMIT
[0m18:41:22.594171 [debug] [Thread-1 (]: Using duckdb connection "model.dbt_project.01_SLA_breach_analysis"
[0m18:41:22.595151 [debug] [Thread-1 (]: On model.dbt_project.01_SLA_breach_analysis: COMMIT
[0m18:41:22.597072 [debug] [Thread-1 (]: SQL status: OK in 0.001 seconds
[0m18:41:22.598082 [debug] [Thread-1 (]: Using duckdb connection "model.dbt_project.01_SLA_breach_analysis"
[0m18:41:22.598082 [debug] [Thread-1 (]: On model.dbt_project.01_SLA_breach_analysis: /* {"app": "dbt", "dbt_version": "1.11.7", "profile_name": "dbt_project", "target_name": "dev", "node_id": "model.dbt_project.01_SLA_breach_analysis"} */

      drop table if exists "dev"."main"."01_SLA_breach_analysis__dbt_backup" cascade
    
[0m18:41:22.601085 [debug] [Thread-1 (]: SQL status: OK in 0.002 seconds
[0m18:41:22.602084 [debug] [Thread-1 (]: On model.dbt_project.01_SLA_breach_analysis: Close
[0m18:41:22.602084 [debug] [Thread-1 (]: Sending event: {'category': 'dbt', 'action': 'run_model', 'label': '6b4cbcb4-d612-451f-85fc-a579051cc7ca', 'context': [<snowplow_tracker.self_describing_json.SelfDescribingJson object at 0x00000261AE2A82D0>]}
[0m18:41:22.603066 [info ] [Thread-1 (]: 11 of 11 OK created sql table model main.01_SLA_breach_analysis ................ [[32mOK[0m in 0.03s]
[0m18:41:22.603066 [debug] [Thread-1 (]: Finished running node model.dbt_project.01_SLA_breach_analysis
[0m18:41:22.604085 [debug] [MainThread]: Using duckdb connection "master"
[0m18:41:22.605072 [debug] [MainThread]: On master: BEGIN
[0m18:41:22.605072 [debug] [MainThread]: Opening a new connection, currently in state closed
[0m18:41:22.605072 [debug] [MainThread]: SQL status: OK in 0.000 seconds
[0m18:41:22.606067 [debug] [MainThread]: On master: COMMIT
[0m18:41:22.606067 [debug] [MainThread]: Using duckdb connection "master"
[0m18:41:22.606067 [debug] [MainThread]: On master: COMMIT
[0m18:41:22.607068 [debug] [MainThread]: SQL status: OK in 0.000 seconds
[0m18:41:22.607068 [debug] [MainThread]: On master: Close
[0m18:41:22.607068 [debug] [MainThread]: Connection 'master' was properly closed.
[0m18:41:22.608086 [debug] [MainThread]: Connection 'create_dev_main' was properly closed.
[0m18:41:22.608086 [debug] [MainThread]: Connection 'list_dev_main' was properly closed.
[0m18:41:22.608086 [debug] [MainThread]: Connection 'model.dbt_project.01_SLA_breach_analysis' was properly closed.
[0m18:41:22.609067 [info ] [MainThread]: 
[0m18:41:22.609067 [info ] [MainThread]: Finished running 11 table models in 0 hours 0 minutes and 0.60 seconds (0.60s).
[0m18:41:22.612073 [debug] [MainThread]: Command end result
[0m18:41:22.630178 [debug] [MainThread]: Wrote artifact WritableManifest to C:\DE_projects\food_del_pipeline\target\manifest.json
[0m18:41:22.632097 [debug] [MainThread]: Wrote artifact SemanticManifest to C:\DE_projects\food_del_pipeline\target\semantic_manifest.json
[0m18:41:22.637092 [debug] [MainThread]: Wrote artifact RunExecutionResult to C:\DE_projects\food_del_pipeline\target\run_results.json
[0m18:41:22.637092 [info ] [MainThread]: 
[0m18:41:22.638128 [info ] [MainThread]: [32mCompleted successfully[0m
[0m18:41:22.638128 [info ] [MainThread]: 
[0m18:41:22.639068 [info ] [MainThread]: Done. PASS=11 WARN=0 ERROR=0 SKIP=0 NO-OP=0 TOTAL=11
[0m18:41:22.640068 [debug] [MainThread]: Command `dbt run` succeeded at 18:41:22.640068 after 1.45 seconds
[0m18:41:22.640068 [debug] [MainThread]: Sending event: {'category': 'dbt', 'action': 'invocation', 'label': 'end', 'context': [<snowplow_tracker.self_describing_json.SelfDescribingJson object at 0x00000261A3981E90>, <snowplow_tracker.self_describing_json.SelfDescribingJson object at 0x00000261A3946ED0>, <snowplow_tracker.self_describing_json.SelfDescribingJson object at 0x00000261A3947CD0>]}
[0m18:41:22.641067 [debug] [MainThread]: Flushing usage events
[0m18:41:24.215736 [debug] [MainThread]: An error was encountered while trying to flush usage events
[0m18:41:25.963781 [debug] [MainThread]: Sending event: {'category': 'dbt', 'action': 'invocation', 'label': 'start', 'context': [<snowplow_tracker.self_describing_json.SelfDescribingJson object at 0x0000020717EA9150>, <snowplow_tracker.self_describing_json.SelfDescribingJson object at 0x0000020717EA7BD0>, <snowplow_tracker.self_describing_json.SelfDescribingJson object at 0x0000020718EA7D10>]}


============================== 18:41:25.967784 | 2dc623aa-2f7f-4b1d-bed0-090b64139009 ==============================
[0m18:41:25.967784 [info ] [MainThread]: Running with dbt=1.11.7
[0m18:41:25.968785 [debug] [MainThread]: running dbt with arguments {'version_check': 'True', 'no_print': 'None', 'static_parser': 'True', 'warn_error_options': 'WarnErrorOptionsV2(error=[], warn=[], silence=[])', 'target_path': 'None', 'printer_width': '80', 'write_json': 'True', 'introspect': 'True', 'log_cache_events': 'False', 'empty': 'None', 'cache_selected_only': 'False', 'log_format': 'default', 'debug': 'False', 'fail_fast': 'False', 'partial_parse': 'True', 'send_anonymous_usage_stats': 'True', 'quiet': 'False', 'warn_error': 'None', 'profiles_dir': '.', 'invocation_command': 'dbt test --profiles-dir .', 'use_colors': 'True', 'indirect_selection': 'eager', 'use_experimental_parser': 'False', 'log_path': 'C:\\DE_projects\\food_del_pipeline\\logs'}
[0m18:41:26.142980 [debug] [MainThread]: Sending event: {'category': 'dbt', 'action': 'project_id', 'label': '2dc623aa-2f7f-4b1d-bed0-090b64139009', 'context': [<snowplow_tracker.self_describing_json.SelfDescribingJson object at 0x0000020718F441D0>]}
[0m18:41:26.184982 [debug] [MainThread]: Sending event: {'category': 'dbt', 'action': 'adapter_info', 'label': '2dc623aa-2f7f-4b1d-bed0-090b64139009', 'context': [<snowplow_tracker.self_describing_json.SelfDescribingJson object at 0x00000207145EF110>]}
[0m18:41:26.186982 [info ] [MainThread]: Registered adapter: duckdb=1.10.1
[0m18:41:26.357983 [debug] [MainThread]: checksum: b80718358155fc17c3559352095564dd56ada1cc1a1c0ef2e62c857e71583775, vars: {}, profile: , target: , version: 1.11.7
[0m18:41:26.473512 [debug] [MainThread]: Partial parsing enabled: 0 files deleted, 0 files added, 0 files changed.
[0m18:41:26.474511 [debug] [MainThread]: Nothing changed, skipping partial parsing.
[0m18:41:26.474511 [debug] [MainThread]: Partial parsing enabled, no changes found, skipping parsing
[0m18:41:26.506511 [debug] [MainThread]: Sending event: {'category': 'dbt', 'action': 'load_project', 'label': '2dc623aa-2f7f-4b1d-bed0-090b64139009', 'context': [<snowplow_tracker.self_describing_json.SelfDescribingJson object at 0x00000207195B0B10>]}
[0m18:41:26.564600 [debug] [MainThread]: Wrote artifact WritableManifest to C:\DE_projects\food_del_pipeline\target\manifest.json
[0m18:41:26.566498 [debug] [MainThread]: Wrote artifact SemanticManifest to C:\DE_projects\food_del_pipeline\target\semantic_manifest.json
[0m18:41:26.632496 [debug] [MainThread]: Sending event: {'category': 'dbt', 'action': 'resource_counts', 'label': '2dc623aa-2f7f-4b1d-bed0-090b64139009', 'context': [<snowplow_tracker.self_describing_json.SelfDescribingJson object at 0x0000020718EB5F50>]}
[0m18:41:26.633497 [info ] [MainThread]: Found 11 models, 3 data tests, 2 sources, 474 macros
[0m18:41:26.633497 [debug] [MainThread]: Sending event: {'category': 'dbt', 'action': 'runnable_timing', 'label': '2dc623aa-2f7f-4b1d-bed0-090b64139009', 'context': [<snowplow_tracker.self_describing_json.SelfDescribingJson object at 0x00000207195F9DD0>]}
[0m18:41:26.635514 [info ] [MainThread]: 
[0m18:41:26.635514 [info ] [MainThread]: Concurrency: 1 threads (target='dev')
[0m18:41:26.636495 [info ] [MainThread]: 
[0m18:41:26.636495 [debug] [MainThread]: Acquiring new duckdb connection 'master'
[0m18:41:26.640495 [debug] [ThreadPool]: Acquiring new duckdb connection 'list_dev_main'
[0m18:41:26.687931 [debug] [ThreadPool]: Using duckdb connection "list_dev_main"
[0m18:41:26.687931 [debug] [ThreadPool]: On list_dev_main: BEGIN
[0m18:41:26.687931 [debug] [ThreadPool]: Opening a new connection, currently in state init
[0m18:41:26.724927 [debug] [ThreadPool]: SQL status: OK in 0.036 seconds
[0m18:41:26.724927 [debug] [ThreadPool]: Using duckdb connection "list_dev_main"
[0m18:41:26.725929 [debug] [ThreadPool]: On list_dev_main: /* {"app": "dbt", "dbt_version": "1.11.7", "profile_name": "dbt_project", "target_name": "dev", "connection_name": "list_dev_main"} */
select
      'dev' as database,
      table_name as name,
      table_schema as schema,
      CASE table_type
        WHEN 'BASE TABLE' THEN 'table'
        WHEN 'VIEW' THEN 'view'
        WHEN 'LOCAL TEMPORARY' THEN 'table'
        END as type
    from system.information_schema.tables
    where lower(table_schema) = 'main'
    and lower(table_catalog) = 'dev'
  
[0m18:41:26.728928 [debug] [ThreadPool]: SQL status: OK in 0.003 seconds
[0m18:41:26.729929 [debug] [ThreadPool]: On list_dev_main: ROLLBACK
[0m18:41:26.730928 [debug] [ThreadPool]: Failed to rollback 'list_dev_main'
[0m18:41:26.730928 [debug] [ThreadPool]: On list_dev_main: Close
[0m18:41:26.732928 [debug] [MainThread]: Sending event: {'category': 'dbt', 'action': 'runnable_timing', 'label': '2dc623aa-2f7f-4b1d-bed0-090b64139009', 'context': [<snowplow_tracker.self_describing_json.SelfDescribingJson object at 0x0000020719600610>]}
[0m18:41:26.732928 [debug] [MainThread]: Using duckdb connection "master"
[0m18:41:26.733928 [debug] [MainThread]: On master: BEGIN
[0m18:41:26.733928 [debug] [MainThread]: Opening a new connection, currently in state init
[0m18:41:26.734929 [debug] [MainThread]: SQL status: OK in 0.001 seconds
[0m18:41:26.734929 [debug] [MainThread]: On master: COMMIT
[0m18:41:26.734929 [debug] [MainThread]: Using duckdb connection "master"
[0m18:41:26.735929 [debug] [MainThread]: On master: COMMIT
[0m18:41:26.735929 [debug] [MainThread]: SQL status: OK in 0.000 seconds
[0m18:41:26.735929 [debug] [MainThread]: On master: Close
[0m18:41:26.739928 [debug] [Thread-1 (]: Began running node test.dbt_project.not_null_01_SLA_breach_analysis_city.7c70c8dd24
[0m18:41:26.739928 [info ] [Thread-1 (]: 1 of 3 START test not_null_01_SLA_breach_analysis_city ......................... [RUN]
[0m18:41:26.740927 [debug] [Thread-1 (]: Acquiring new duckdb connection 'test.dbt_project.not_null_01_SLA_breach_analysis_city.7c70c8dd24'
[0m18:41:26.740927 [debug] [Thread-1 (]: Began compiling node test.dbt_project.not_null_01_SLA_breach_analysis_city.7c70c8dd24
[0m18:41:26.753929 [debug] [Thread-1 (]: Writing injected SQL for node "test.dbt_project.not_null_01_SLA_breach_analysis_city.7c70c8dd24"
[0m18:41:26.754928 [debug] [Thread-1 (]: Began executing node test.dbt_project.not_null_01_SLA_breach_analysis_city.7c70c8dd24
[0m18:41:26.767928 [debug] [Thread-1 (]: Writing runtime sql for node "test.dbt_project.not_null_01_SLA_breach_analysis_city.7c70c8dd24"
[0m18:41:26.768929 [debug] [Thread-1 (]: Using duckdb connection "test.dbt_project.not_null_01_SLA_breach_analysis_city.7c70c8dd24"
[0m18:41:26.769928 [debug] [Thread-1 (]: On test.dbt_project.not_null_01_SLA_breach_analysis_city.7c70c8dd24: BEGIN
[0m18:41:26.769928 [debug] [Thread-1 (]: Opening a new connection, currently in state init
[0m18:41:26.770929 [debug] [Thread-1 (]: SQL status: OK in 0.001 seconds
[0m18:41:26.770929 [debug] [Thread-1 (]: Using duckdb connection "test.dbt_project.not_null_01_SLA_breach_analysis_city.7c70c8dd24"
[0m18:41:26.770929 [debug] [Thread-1 (]: On test.dbt_project.not_null_01_SLA_breach_analysis_city.7c70c8dd24: /* {"app": "dbt", "dbt_version": "1.11.7", "profile_name": "dbt_project", "target_name": "dev", "node_id": "test.dbt_project.not_null_01_SLA_breach_analysis_city.7c70c8dd24"} */

    
    select
      count(*) as failures,
      count(*) != 0 as should_warn,
      count(*) != 0 as should_error
    from (
      
    
  
    
    



select city
from "dev"."main"."01_SLA_breach_analysis"
where city is null



  
  
      
    ) dbt_internal_test
[0m18:41:26.773928 [debug] [Thread-1 (]: SQL status: OK in 0.002 seconds
[0m18:41:26.776928 [debug] [Thread-1 (]: On test.dbt_project.not_null_01_SLA_breach_analysis_city.7c70c8dd24: ROLLBACK
[0m18:41:26.776928 [debug] [Thread-1 (]: Failed to rollback 'test.dbt_project.not_null_01_SLA_breach_analysis_city.7c70c8dd24'
[0m18:41:26.777928 [debug] [Thread-1 (]: On test.dbt_project.not_null_01_SLA_breach_analysis_city.7c70c8dd24: Close
[0m18:41:26.777928 [info ] [Thread-1 (]: 1 of 3 PASS not_null_01_SLA_breach_analysis_city ............................... [[32mPASS[0m in 0.04s]
[0m18:41:26.778927 [debug] [Thread-1 (]: Finished running node test.dbt_project.not_null_01_SLA_breach_analysis_city.7c70c8dd24
[0m18:41:26.778927 [debug] [Thread-1 (]: Began running node test.dbt_project.not_null_04_riders_performance_rider_id.7223b889d9
[0m18:41:26.779927 [info ] [Thread-1 (]: 2 of 3 START test not_null_04_riders_performance_rider_id ...................... [RUN]
[0m18:41:26.780927 [debug] [Thread-1 (]: Re-using an available connection from the pool (formerly test.dbt_project.not_null_01_SLA_breach_analysis_city.7c70c8dd24, now test.dbt_project.not_null_04_riders_performance_rider_id.7223b889d9)
[0m18:41:26.780927 [debug] [Thread-1 (]: Began compiling node test.dbt_project.not_null_04_riders_performance_rider_id.7223b889d9
[0m18:41:26.783943 [debug] [Thread-1 (]: Writing injected SQL for node "test.dbt_project.not_null_04_riders_performance_rider_id.7223b889d9"
[0m18:41:26.784928 [debug] [Thread-1 (]: Began executing node test.dbt_project.not_null_04_riders_performance_rider_id.7223b889d9
[0m18:41:26.785961 [debug] [Thread-1 (]: Writing runtime sql for node "test.dbt_project.not_null_04_riders_performance_rider_id.7223b889d9"
[0m18:41:26.786943 [debug] [Thread-1 (]: Using duckdb connection "test.dbt_project.not_null_04_riders_performance_rider_id.7223b889d9"
[0m18:41:26.787927 [debug] [Thread-1 (]: On test.dbt_project.not_null_04_riders_performance_rider_id.7223b889d9: BEGIN
[0m18:41:26.787927 [debug] [Thread-1 (]: Opening a new connection, currently in state closed
[0m18:41:26.787927 [debug] [Thread-1 (]: SQL status: OK in 0.001 seconds
[0m18:41:26.788926 [debug] [Thread-1 (]: Using duckdb connection "test.dbt_project.not_null_04_riders_performance_rider_id.7223b889d9"
[0m18:41:26.788926 [debug] [Thread-1 (]: On test.dbt_project.not_null_04_riders_performance_rider_id.7223b889d9: /* {"app": "dbt", "dbt_version": "1.11.7", "profile_name": "dbt_project", "target_name": "dev", "node_id": "test.dbt_project.not_null_04_riders_performance_rider_id.7223b889d9"} */

    
    select
      count(*) as failures,
      count(*) != 0 as should_warn,
      count(*) != 0 as should_error
    from (
      
    
  
    
    



select rider_id
from "dev"."main"."04_riders_performance"
where rider_id is null



  
  
      
    ) dbt_internal_test
[0m18:41:26.789926 [debug] [Thread-1 (]: SQL status: OK in 0.000 seconds
[0m18:41:26.790926 [debug] [Thread-1 (]: On test.dbt_project.not_null_04_riders_performance_rider_id.7223b889d9: ROLLBACK
[0m18:41:26.791926 [debug] [Thread-1 (]: Failed to rollback 'test.dbt_project.not_null_04_riders_performance_rider_id.7223b889d9'
[0m18:41:26.791926 [debug] [Thread-1 (]: On test.dbt_project.not_null_04_riders_performance_rider_id.7223b889d9: Close
[0m18:41:26.792926 [info ] [Thread-1 (]: 2 of 3 PASS not_null_04_riders_performance_rider_id ............................ [[32mPASS[0m in 0.01s]
[0m18:41:26.792926 [debug] [Thread-1 (]: Finished running node test.dbt_project.not_null_04_riders_performance_rider_id.7223b889d9
[0m18:41:26.793928 [debug] [Thread-1 (]: Began running node test.dbt_project.not_null_05_weekly_trends_week.57fdac3289
[0m18:41:26.793928 [info ] [Thread-1 (]: 3 of 3 START test not_null_05_weekly_trends_week ............................... [RUN]
[0m18:41:26.794948 [debug] [Thread-1 (]: Re-using an available connection from the pool (formerly test.dbt_project.not_null_04_riders_performance_rider_id.7223b889d9, now test.dbt_project.not_null_05_weekly_trends_week.57fdac3289)
[0m18:41:26.794948 [debug] [Thread-1 (]: Began compiling node test.dbt_project.not_null_05_weekly_trends_week.57fdac3289
[0m18:41:26.799928 [debug] [Thread-1 (]: Writing injected SQL for node "test.dbt_project.not_null_05_weekly_trends_week.57fdac3289"
[0m18:41:26.800932 [debug] [Thread-1 (]: Began executing node test.dbt_project.not_null_05_weekly_trends_week.57fdac3289
[0m18:41:26.803933 [debug] [Thread-1 (]: Writing runtime sql for node "test.dbt_project.not_null_05_weekly_trends_week.57fdac3289"
[0m18:41:26.805929 [debug] [Thread-1 (]: Using duckdb connection "test.dbt_project.not_null_05_weekly_trends_week.57fdac3289"
[0m18:41:26.806929 [debug] [Thread-1 (]: On test.dbt_project.not_null_05_weekly_trends_week.57fdac3289: BEGIN
[0m18:41:26.806929 [debug] [Thread-1 (]: Opening a new connection, currently in state closed
[0m18:41:26.807927 [debug] [Thread-1 (]: SQL status: OK in 0.001 seconds
[0m18:41:26.807927 [debug] [Thread-1 (]: Using duckdb connection "test.dbt_project.not_null_05_weekly_trends_week.57fdac3289"
[0m18:41:26.808929 [debug] [Thread-1 (]: On test.dbt_project.not_null_05_weekly_trends_week.57fdac3289: /* {"app": "dbt", "dbt_version": "1.11.7", "profile_name": "dbt_project", "target_name": "dev", "node_id": "test.dbt_project.not_null_05_weekly_trends_week.57fdac3289"} */

    
    select
      count(*) as failures,
      count(*) != 0 as should_warn,
      count(*) != 0 as should_error
    from (
      
    
  
    
    



select week
from "dev"."main"."05_weekly_trends"
where week is null



  
  
      
    ) dbt_internal_test
[0m18:41:26.809928 [debug] [Thread-1 (]: SQL status: OK in 0.001 seconds
[0m18:41:26.810929 [debug] [Thread-1 (]: On test.dbt_project.not_null_05_weekly_trends_week.57fdac3289: ROLLBACK
[0m18:41:26.811952 [debug] [Thread-1 (]: Failed to rollback 'test.dbt_project.not_null_05_weekly_trends_week.57fdac3289'
[0m18:41:26.811952 [debug] [Thread-1 (]: On test.dbt_project.not_null_05_weekly_trends_week.57fdac3289: Close
[0m18:41:26.812928 [info ] [Thread-1 (]: 3 of 3 PASS not_null_05_weekly_trends_week ..................................... [[32mPASS[0m in 0.02s]
[0m18:41:26.813927 [debug] [Thread-1 (]: Finished running node test.dbt_project.not_null_05_weekly_trends_week.57fdac3289
[0m18:41:26.814928 [debug] [MainThread]: Using duckdb connection "master"
[0m18:41:26.814928 [debug] [MainThread]: On master: BEGIN
[0m18:41:26.815928 [debug] [MainThread]: Opening a new connection, currently in state closed
[0m18:41:26.815928 [debug] [MainThread]: SQL status: OK in 0.001 seconds
[0m18:41:26.816928 [debug] [MainThread]: On master: COMMIT
[0m18:41:26.816928 [debug] [MainThread]: Using duckdb connection "master"
[0m18:41:26.817928 [debug] [MainThread]: On master: COMMIT
[0m18:41:26.817928 [debug] [MainThread]: SQL status: OK in 0.000 seconds
[0m18:41:26.818929 [debug] [MainThread]: On master: Close
[0m18:41:26.818929 [debug] [MainThread]: Connection 'master' was properly closed.
[0m18:41:26.819928 [debug] [MainThread]: Connection 'list_dev_main' was properly closed.
[0m18:41:26.819928 [debug] [MainThread]: Connection 'test.dbt_project.not_null_05_weekly_trends_week.57fdac3289' was properly closed.
[0m18:41:26.819928 [info ] [MainThread]: 
[0m18:41:26.820927 [info ] [MainThread]: Finished running 3 data tests in 0 hours 0 minutes and 0.18 seconds (0.18s).
[0m18:41:26.821929 [debug] [MainThread]: Command end result
[0m18:41:26.839926 [debug] [MainThread]: Wrote artifact WritableManifest to C:\DE_projects\food_del_pipeline\target\manifest.json
[0m18:41:26.841929 [debug] [MainThread]: Wrote artifact SemanticManifest to C:\DE_projects\food_del_pipeline\target\semantic_manifest.json
[0m18:41:26.847930 [debug] [MainThread]: Wrote artifact RunExecutionResult to C:\DE_projects\food_del_pipeline\target\run_results.json
[0m18:41:26.847930 [info ] [MainThread]: 
[0m18:41:26.848928 [info ] [MainThread]: [32mCompleted successfully[0m
[0m18:41:26.849932 [info ] [MainThread]: 
[0m18:41:26.849932 [info ] [MainThread]: Done. PASS=3 WARN=0 ERROR=0 SKIP=0 NO-OP=0 TOTAL=3
[0m18:41:26.850928 [debug] [MainThread]: Command `dbt test` succeeded at 18:41:26.850928 after 0.95 seconds
[0m18:41:26.851929 [debug] [MainThread]: Sending event: {'category': 'dbt', 'action': 'invocation', 'label': 'end', 'context': [<snowplow_tracker.self_describing_json.SelfDescribingJson object at 0x0000020717C4BF90>, <snowplow_tracker.self_describing_json.SelfDescribingJson object at 0x0000020717C4BA10>, <snowplow_tracker.self_describing_json.SelfDescribingJson object at 0x00000207113D1E90>]}
[0m18:41:26.851929 [debug] [MainThread]: Flushing usage events
[0m18:41:27.889917 [debug] [MainThread]: An error was encountered while trying to flush usage events
