order_id,item_id,quantity,item_price,cuisine_type
1,1,1,243.14,South Indian
2,2,1,242.02,Street Food
2,3,3,276.28,North Indian
3,4,1,86.56,South Indian
3,5,1,191.18,North Indian
3,6,3,123.74,Street Food
3,7,3,199.89,South Indian
4,8,3,141.2,Cafe
4,9,1,246.94,South Indian
4,10,3,172.98,Chinese
4,11,1,127.37,Cafe
5,12,1,100.4,North Indian
5,13,2,266.45,Biryani
5,14,2,257.57,Street Food
6,15,3,107.46,Pizza
6,16,1,201.45,Cafe
6,17,3,216.07,Cafe
6,18,2,207.02,Street Food
7,19,1,225.48,Cafe
8,20,1,268.17,Cafe
8,21,1,163.63,Pizza
8,22,3,263.5,South Indian
9,23,2,126.09,Chinese
9,24,3,286.06,Street Food
9,25,1,214.01,South Indian
10,26,1,181.7,Chinese
10,27,3,231.4,South Indian
11,28,1,130.39,North Indian
11,29,2,168.26,North Indian
11,30,1,280.89,Biryani
12,31,1,224.2,Pizza
12,32,3,180.95,Chinese
12,33,1,134.26,Biryani
13,34,3,208.61,Biryani
13,35,2,159.64,South Indian
13,36,3,188.57,Cafe
14,37,1,113.63,South Indian
15,38,3,93.98,Pizza
15,39,3,299.15,Biryani
15,40,2,293.64,Cafe
15,41,1,229.66,North Indian
16,42,3,154.84,Chinese
16,43,2,114.79,North Indian
16,44,3,272.69,Chinese
17,45,3,280.78,Cafe
17,46,3,145.66,Street Food
18,47,1,162.26,South Indian
18,48,3,289.77,Biryani
19,49,3,151.31,North Indian
20,50,2,273.32,Cafe
21,51,1,92.74,Biryani
21,52,1,98.84,Pizza
21,53,1,295.16,Biryani
22,54,1,225.15,Biryani
22,55,1,138.31,Cafe
23,56,1,284.36,Cafe
23,57,3,231.77,Street Food
23,58,2,167.78,Street Food
23,59,3,162.15,Biryani
24,60,1,134.54,North Indian
24,61,2,84.63,Biryani
24,62,1,209.46,North Indian
24,63,1,235.73,North Indian
25,64,1,279.19,Cafe
25,65,2,95.59,South Indian
26,66,3,186.79,Biryani
26,67,1,239.14,Biryani
26,68,3,183.99,Cafe
27,69,2,121.89,North Indian
27,70,3,174.83,Pizza
27,71,2,182.75,Street Food
27,72,1,228.14,Street Food
28,73,1,168.58,Chinese
29,74,1,122.15,Biryani
30,75,1,172.81,Chinese
30,76,2,134.96,North Indian
30,77,2,257.76,Cafe
30,78,3,101.54,Street Food
31,79,1,283.8,Cafe
32,80,1,169.41,Pizza
32,81,1,270.22,North Indian
33,82,2,80.47,Pizza
33,83,2,283.83,Cafe
34,84,2,173.06,Street Food
34,85,3,225.61,Pizza
34,86,1,121.78,South Indian
34,87,1,207.42,Biryani
35,88,3,148.99,North Indian
36,89,3,282.27,Biryani
36,90,1,92.51,Biryani
36,91,1,267.3,North Indian
36,92,3,94.95,Cafe
37,93,2,106.38,Biryani
37,94,1,207.36,North Indian
38,95,2,224.62,Biryani
39,96,2,124.94,Street Food
39,97,2,132.51,Pizza
39,98,1,227.77,Chinese
40,99,2,284.38,North Indian
40,100,1,180.82,Biryani
40,101,1,96.12,South Indian
40,102,3,138.34,Chinese
41,103,1,161.3,South Indian
42,104,3,234.78,Biryani
42,105,3,196.37,Street Food
42,106,3,145.86,Street Food
42,107,1,286.56,South Indian
43,108,1,275.74,Street Food
43,109,3,114.2,Chinese
43,110,3,126.34,Chinese
44,111,3,219.53,Chinese
44,112,3,187.48,Cafe
45,113,1,219.54,Cafe
46,114,1,80.78,Cafe
46,115,1,220.16,Chinese
46,116,1,243.07,Biryani
47,117,3,82.13,North Indian
47,118,3,278.86,Biryani
47,119,1,263.61,Biryani
47,120,3,112.58,South Indian
48,121,2,160.22,Cafe
49,122,2,126.22,South Indian
50,123,2,251.63,Cafe
51,124,3,244.89,South Indian
51,125,1,294.77,Cafe
51,126,1,273.91,North Indian
51,127,1,242.04,Chinese
52,128,3,270.09,Cafe
52,129,1,138.7,Cafe
52,130,3,103.78,Cafe
52,131,1,268.89,South Indian
53,132,2,156.92,Cafe
53,133,1,129.04,Street Food
54,134,2,152.22,Cafe
54,135,1,292.72,Chinese
55,136,3,192.07,Street Food
55,137,3,152.85,North Indian
55,138,1,272.95,Chinese
56,139,3,291.76,Chinese
56,140,1,103.85,Pizza
57,141,3,253.01,Pizza
57,142,3,296.53,North Indian
57,143,2,277.89,South Indian
58,144,1,235.93,North Indian
58,145,3,283.63,Biryani
58,146,3,238.27,Street Food
59,147,2,174.89,Street Food
59,148,2,217.09,Street Food
60,149,3,278.01,Biryani
61,150,3,169.85,Pizza
61,151,3,145.04,South Indian
61,152,1,172.5,Pizza
62,153,3,205.2,Pizza
62,154,3,263.42,Chinese
63,155,1,174.58,Biryani
63,156,3,224.04,Pizza
63,157,2,177.28,South Indian
64,158,3,117.33,North Indian
64,159,2,193.4,Street Food
64,160,3,153.74,Cafe
64,161,1,228.02,South Indian
65,162,1,85.37,South Indian
65,163,2,214.48,Cafe
66,164,2,171.18,Street Food
67,165,3,233.2,Pizza
67,166,2,133.68,Street Food
68,167,1,251.25,South Indian
69,168,3,193.95,North Indian
69,169,3,134.82,Cafe
70,170,2,109.33,Pizza
71,171,2,214.78,Street Food
71,172,3,173.88,Biryani
71,173,2,277.39,Street Food
72,174,2,137.02,South Indian
72,175,3,141.01,Cafe
72,176,3,186.61,South Indian
72,177,2,176.77,Street Food
73,178,1,139.78,Chinese
73,179,3,97.73,South Indian
73,180,1,164.27,South Indian
74,181,1,171.27,Chinese
74,182,3,182.5,North Indian
75,183,2,165.68,Cafe
75,184,3,288.13,North Indian
76,185,2,81.3,Chinese
76,186,2,245.76,Cafe
76,187,2,198.41,Street Food
76,188,3,255.97,South Indian
77,189,1,140.05,Pizza
77,190,1,165.55,Street Food
77,191,3,255.59,Street Food
77,192,1,264.91,South Indian
78,193,2,210.22,Street Food
79,194,1,221.4,South Indian
80,195,1,91.06,Pizza
80,196,2,126.57,Chinese
80,197,2,247.47,Pizza
80,198,2,245.44,Cafe
81,199,2,263.68,Pizza
81,200,1,244.79,North Indian
81,201,2,129.33,North Indian
81,202,3,88.86,North Indian
82,203,1,264.63,Biryani
82,204,1,132.48,Pizza
83,205,3,288.51,Pizza
84,206,2,116.91,Biryani
84,207,3,238.04,Cafe
84,208,1,292.24,North Indian
85,209,2,206.68,Pizza
86,210,3,123.63,Biryani
86,211,3,262.73,South Indian
86,212,1,233.38,Chinese
86,213,3,212.09,North Indian
87,214,2,197.2,Street Food
88,215,1,191.31,Chinese
88,216,1,266.91,Cafe
88,217,2,103.22,Chinese
89,218,3,113.66,South Indian
89,219,3,194.78,Street Food
89,220,2,215.5,Biryani
89,221,2,182.27,Cafe
90,222,2,267.38,Cafe
90,223,1,141.36,Pizza
90,224,1,245.1,Biryani
91,225,2,86.31,Cafe
91,226,2,120.0,South Indian
91,227,2,255.52,Chinese
91,228,2,273.67,Street Food
92,229,3,82.23,South Indian
92,230,1,133.1,Pizza
92,231,2,202.14,South Indian
93,232,3,236.61,Pizza
93,233,1,100.47,South Indian
93,234,2,232.19,Chinese
93,235,3,207.94,Pizza
94,236,2,299.26,Biryani
94,237,2,157.4,Pizza
94,238,2,147.46,South Indian
95,239,3,122.37,North Indian
96,240,1,127.6,Pizza
96,241,2,239.41,Cafe
97,242,1,263.18,Chinese
97,243,1,159.39,Chinese
97,244,1,235.76,South Indian
98,245,1,294.34,Biryani
98,246,2,233.43,South Indian
98,247,3,271.06,Pizza
99,248,1,206.29,Pizza
100,249,2,154.96,North Indian
100,250,2,287.03,Pizza
100,251,1,260.87,Pizza
100,252,2,96.3,Street Food
101,253,1,112.82,Biryani
102,254,1,298.66,North Indian
102,255,3,248.18,Biryani
102,256,3,253.96,South Indian
103,257,2,279.87,Chinese
103,258,3,297.81,Chinese
103,259,3,216.63,Biryani
103,260,3,101.83,Cafe
104,261,3,126.43,Street Food
104,262,1,114.55,South Indian
105,263,1,80.59,Pizza
106,264,2,87.18,Chinese
106,265,3,142.2,Cafe
106,266,2,95.66,South Indian
106,267,2,253.32,Street Food
107,268,2,105.25,South Indian
107,269,3,112.78,Chinese
108,270,1,93.12,Cafe
108,271,2,210.91,Cafe
109,272,2,107.36,Street Food
109,273,2,233.94,Chinese
109,274,3,198.8,Pizza
110,275,3,88.77,Pizza
111,276,3,135.08,North Indian
111,277,1,291.62,Cafe
111,278,3,209.17,North Indian
112,279,3,88.85,Cafe
112,280,1,183.51,Street Food
112,281,2,281.54,South Indian
113,282,3,259.13,North Indian
113,283,2,156.55,Chinese
113,284,2,227.43,Cafe
113,285,1,152.56,Street Food
114,286,2,225.77,Pizza
114,287,3,88.07,North Indian
114,288,2,135.53,North Indian
114,289,2,270.28,Cafe
115,290,3,271.26,Pizza
116,291,1,121.27,Chinese
116,292,3,246.42,Street Food
116,293,2,247.2,South Indian
116,294,2,200.83,Chinese
117,295,3,186.64,North Indian
117,296,3,213.95,South Indian
117,297,3,114.84,Biryani
117,298,1,201.5,North Indian
118,299,1,181.52,North Indian
118,300,3,263.07,Pizza
119,301,3,235.19,Pizza
119,302,2,295.65,South Indian
119,303,2,201.28,Pizza
120,304,3,191.81,South Indian
120,305,1,140.77,Cafe
121,306,2,285.53,Biryani
121,307,2,260.52,Chinese
121,308,3,145.68,Biryani
121,309,3,299.76,Pizza
122,310,2,198.49,Chinese
122,311,2,201.42,Biryani
123,312,2,285.23,Cafe
123,313,1,295.77,South Indian
123,314,3,164.25,Cafe
123,315,2,89.6,Street Food
124,316,3,280.95,Pizza
124,317,2,297.45,Cafe
124,318,3,295.78,Pizza
124,319,1,107.77,Biryani
125,320,1,272.32,Pizza
125,321,1,195.71,Pizza
125,322,1,238.94,Pizza
126,323,1,183.29,Chinese
126,324,2,217.12,Pizza
127,325,2,267.52,Cafe
128,326,2,217.9,Cafe
128,327,2,271.92,North Indian
128,328,3,95.05,Street Food
128,329,3,282.6,South Indian
129,330,2,295.23,Cafe
130,331,2,116.6,Chinese
131,332,1,151.36,North Indian
132,333,2,162.47,South Indian
132,334,1,196.86,Biryani
132,335,3,254.35,South Indian
133,336,1,214.09,Pizza
133,337,3,230.29,Pizza
134,338,1,181.45,Chinese
134,339,2,136.17,North Indian
135,340,2,229.07,South Indian
135,341,1,177.18,Chinese
135,342,3,145.81,Pizza
135,343,3,135.02,Cafe
136,344,1,299.86,Cafe
136,345,2,103.46,Pizza
136,346,3,158.97,Chinese
137,347,1,295.15,Street Food
137,348,2,140.39,Biryani
137,349,3,251.23,North Indian
138,350,2,250.66,South Indian
138,351,3,256.43,South Indian
138,352,3,121.83,Chinese
138,353,3,246.23,Cafe
139,354,3,101.38,Street Food
139,355,3,88.67,Cafe
140,356,1,207.51,Street Food
140,357,1,99.83,Chinese
140,358,2,244.45,South Indian
140,359,1,109.08,Biryani
141,360,3,190.39,Chinese
141,361,1,136.53,Cafe
141,362,2,292.82,Chinese
142,363,1,183.03,North Indian
142,364,1,245.91,South Indian
142,365,3,239.33,Pizza
143,366,1,253.95,North Indian
143,367,2,198.05,Pizza
143,368,2,228.02,Street Food
144,369,3,163.83,Street Food
144,370,2,103.84,South Indian
144,371,2,85.51,Biryani
145,372,3,128.7,North Indian
145,373,3,261.25,Street Food
145,374,2,222.83,North Indian
146,375,1,288.18,Chinese
146,376,2,105.55,South Indian
147,377,2,179.8,Street Food
147,378,3,233.23,Biryani
148,379,3,243.3,South Indian
148,380,2,224.08,Cafe
148,381,2,215.44,Chinese
148,382,1,231.86,South Indian
149,383,2,289.12,Cafe
149,384,2,101.86,Street Food
149,385,2,199.78,Street Food
149,386,2,93.32,Chinese
150,387,1,288.78,Cafe
150,388,2,100.17,South Indian
151,389,1,253.09,South Indian
152,390,3,125.15,Cafe
152,391,3,125.57,South Indian
153,392,2,250.36,Cafe
153,393,3,80.62,Cafe
154,394,1,198.85,Cafe
154,395,1,104.18,Cafe
155,396,1,83.27,Cafe
156,397,3,151.23,South Indian
156,398,2,91.53,Street Food
157,399,3,105.0,North Indian
157,400,2,178.62,Chinese
157,401,3,210.61,Pizza
157,402,3,128.74,Biryani
158,403,3,252.31,Cafe
159,404,2,221.53,North Indian
159,405,1,299.69,Cafe
159,406,2,173.78,North Indian
160,407,3,280.13,North Indian
160,408,1,150.86,South Indian
160,409,1,107.76,Biryani
160,410,3,208.78,Street Food
161,411,2,298.82,Biryani
161,412,2,179.82,Biryani
161,413,2,101.82,Street Food
162,414,3,223.2,Cafe
163,415,2,179.34,South Indian
163,416,2,154.56,Pizza
164,417,2,240.51,Chinese
164,418,2,148.76,Chinese
164,419,2,289.79,Street Food
164,420,2,94.77,Cafe
165,421,1,175.01,Street Food
166,422,1,202.4,Biryani
166,423,3,203.57,Street Food
166,424,1,170.38,Cafe
167,425,3,91.32,Chinese
167,426,3,148.74,North Indian
167,427,3,191.63,South Indian
167,428,3,186.08,Cafe
168,429,2,265.98,Chinese
169,430,2,206.3,Cafe
170,431,3,294.4,Cafe
170,432,3,214.99,Street Food
170,433,3,85.78,Street Food
170,434,3,138.84,South Indian
171,435,3,247.73,Chinese
171,436,2,81.34,Cafe
171,437,1,204.59,Pizza
172,438,1,243.01,North Indian
173,439,3,196.71,Pizza
174,440,2,155.0,Chinese
174,441,2,238.75,Cafe
174,442,3,211.17,North Indian
174,443,1,114.63,Biryani
175,444,3,97.95,Pizza
176,445,2,213.56,Pizza
176,446,2,127.43,Biryani
176,447,1,155.94,North Indian
176,448,2,229.21,Biryani
177,449,3,226.77,North Indian
177,450,1,166.96,Biryani
177,451,1,81.69,Chinese
177,452,1,248.82,Cafe
178,453,2,152.19,North Indian
178,454,2,244.34,South Indian
178,455,1,163.65,Street Food
179,456,3,202.92,Street Food
179,457,2,95.86,Cafe
180,458,2,84.12,North Indian
181,459,3,174.44,Pizza
181,460,3,220.83,Chinese
181,461,1,169.11,Chinese
182,462,3,181.22,Street Food
182,463,2,99.39,Cafe
183,464,1,175.85,Pizza
184,465,2,271.52,Street Food
185,466,1,153.28,South Indian
185,467,1,192.31,North Indian
185,468,3,192.19,Cafe
186,469,2,240.02,Cafe
186,470,3,259.31,South Indian
186,471,1,112.22,South Indian
187,472,3,113.63,Cafe
187,473,3,96.58,Cafe
188,474,2,245.98,Cafe
188,475,3,178.76,Biryani
188,476,3,219.77,Biryani
188,477,2,270.13,Street Food
189,478,1,176.75,Pizza
189,479,2,218.9,Cafe
189,480,2,210.11,Chinese
190,481,2,181.58,North Indian
191,482,2,262.97,North Indian
192,483,3,210.7,Pizza
193,484,3,201.95,Cafe
193,485,3,277.09,Pizza
193,486,3,223.4,Chinese
193,487,3,184.64,South Indian
194,488,2,102.77,Cafe
195,489,3,98.55,Street Food
195,490,1,88.61,Street Food
195,491,2,298.02,Biryani
196,492,2,162.03,Chinese
196,493,2,169.93,Chinese
197,494,3,222.41,North Indian
198,495,1,202.75,Pizza
198,496,2,135.44,Cafe
198,497,3,292.17,Biryani
199,498,2,97.93,Street Food
199,499,1,281.68,Chinese
200,500,1,210.91,North Indian
200,501,2,202.96,Street Food
200,502,2,258.9,Street Food
200,503,3,262.37,Street Food
201,504,3,227.5,Biryani
202,505,1,159.77,South Indian
202,506,1,155.18,Cafe
202,507,2,122.24,South Indian
203,508,1,145.07,Cafe
203,509,1,191.69,Biryani
204,510,3,154.09,Cafe
205,511,3,162.88,South Indian
205,512,1,262.9,Cafe
206,513,3,176.29,Pizza
206,514,2,228.8,South Indian
207,515,3,142.68,Street Food
207,516,2,131.48,South Indian
207,517,2,292.43,Cafe
207,518,2,278.87,South Indian
208,519,3,288.37,Pizza
208,520,2,249.28,Cafe
208,521,2,190.64,Pizza
209,522,1,256.28,South Indian
209,523,2,91.48,Pizza
210,524,3,285.54,Street Food
210,525,3,267.26,Chinese
210,526,1,247.89,Chinese
211,527,3,112.42,Pizza
211,528,1,288.21,South Indian
211,529,2,274.62,North Indian
211,530,2,91.72,Biryani
212,531,1,164.96,North Indian
212,532,2,129.4,Chinese
212,533,1,264.62,Street Food
213,534,1,110.27,Chinese
213,535,2,233.14,South Indian
213,536,3,183.2,Biryani
214,537,1,84.18,South Indian
215,538,3,286.85,Biryani
215,539,3,173.12,Cafe
216,540,1,146.25,North Indian
216,541,1,172.36,Cafe
216,542,3,180.56,North Indian
217,543,3,197.93,Street Food
217,544,3,206.51,Street Food
217,545,1,144.08,North Indian
217,546,3,157.62,Biryani
218,547,1,226.16,North Indian
218,548,3,294.42,North Indian
218,549,3,199.7,Cafe
218,550,3,201.91,Pizza
219,551,1,219.85,Chinese
219,552,2,244.41,Chinese
219,553,1,155.86,Street Food
219,554,3,218.22,Cafe
220,555,1,89.75,Biryani
220,556,2,258.97,South Indian
220,557,3,182.22,Street Food
221,558,3,120.1,South Indian
221,559,1,237.53,Pizza
221,560,1,144.56,North Indian
221,561,1,274.87,Chinese
222,562,3,167.61,Cafe
222,563,3,184.15,North Indian
222,564,3,122.04,Chinese
223,565,3,153.02,North Indian
224,566,2,275.69,Street Food
224,567,2,276.82,Pizza
224,568,2,294.22,Pizza
225,569,2,283.35,Biryani
225,570,2,256.25,Street Food
225,571,2,97.36,Biryani
225,572,1,200.0,Chinese
226,573,1,152.14,Chinese
227,574,2,212.58,Pizza
227,575,1,231.75,Chinese
227,576,2,89.32,Cafe
228,577,3,299.59,Chinese
228,578,3,295.61,North Indian
228,579,1,227.66,Pizza
229,580,3,256.24,Street Food
229,581,1,289.61,South Indian
229,582,3,229.18,Pizza
230,583,1,94.79,Cafe
231,584,2,164.23,Biryani
231,585,1,213.12,Street Food
231,586,2,288.74,Chinese
232,587,1,206.26,Biryani
232,588,2,167.57,Street Food
232,589,2,134.91,North Indian
232,590,1,241.85,Pizza
233,591,3,105.91,Cafe
233,592,2,234.89,South Indian
233,593,3,142.83,Pizza
233,594,1,106.98,Cafe
234,595,2,117.98,Street Food
235,596,1,258.31,Cafe
235,597,2,226.92,Street Food
235,598,1,201.0,Chinese
235,599,2,267.3,Street Food
236,600,2,191.93,North Indian
236,601,1,254.25,South Indian
237,602,1,159.4,Biryani
237,603,2,182.83,Biryani
237,604,1,214.63,North Indian
237,605,1,148.04,Street Food
238,606,3,170.37,Pizza
238,607,3,96.23,Chinese
238,608,3,96.32,Pizza
238,609,3,193.82,South Indian
239,610,1,175.18,Cafe
239,611,1,262.91,Biryani
240,612,2,116.22,Chinese
240,613,3,129.6,Biryani
241,614,1,135.13,Street Food
241,615,3,140.38,Street Food
241,616,2,215.17,North Indian
242,617,3,287.15,South Indian
242,618,1,224.92,Street Food
243,619,3,89.06,Cafe
243,620,1,97.87,Street Food
243,621,3,138.22,South Indian
244,622,3,220.58,Pizza
244,623,3,200.03,Street Food
244,624,2,186.25,Cafe
244,625,3,169.34,Pizza
245,626,3,93.18,Pizza
246,627,2,182.18,Chinese
246,628,3,111.61,Cafe
246,629,3,150.25,Cafe
246,630,2,294.58,South Indian
247,631,3,203.56,Chinese
247,632,1,182.62,Chinese
247,633,2,134.54,North Indian
248,634,2,287.98,Cafe
249,635,1,291.79,South Indian
249,636,2,285.43,Street Food
249,637,2,121.76,South Indian
249,638,2,299.11,Pizza
250,639,2,189.42,North Indian
250,640,2,191.2,South Indian
250,641,1,208.34,North Indian
250,642,1,141.9,Biryani
251,643,2,198.07,Cafe
251,644,1,174.8,Chinese
251,645,3,160.47,Pizza
251,646,2,89.95,North Indian
252,647,2,201.71,North Indian
252,648,2,190.94,Cafe
253,649,3,229.69,North Indian
253,650,1,294.52,Pizza
253,651,2,254.88,Chinese
254,652,1,123.79,Biryani
254,653,2,190.02,North Indian
254,654,1,110.15,Chinese
255,655,3,180.54,Biryani
255,656,3,110.75,Biryani
255,657,2,115.75,Biryani
255,658,3,265.37,Biryani
256,659,3,262.22,Biryani
256,660,2,235.92,Chinese
256,661,2,259.46,Chinese
257,662,3,104.11,Pizza
257,663,3,147.69,Street Food
257,664,3,218.44,Biryani
258,665,2,292.76,Cafe
258,666,3,207.08,Street Food
258,667,1,208.38,South Indian
258,668,3,218.39,Biryani
259,669,1,260.77,South Indian
259,670,1,205.97,Street Food
259,671,1,121.97,Pizza
259,672,2,172.13,Pizza
260,673,2,190.4,Biryani
260,674,2,272.02,Street Food
261,675,3,110.38,South Indian
262,676,3,185.24,Pizza
262,677,2,290.47,Pizza
262,678,3,155.31,Chinese
263,679,3,186.52,South Indian
263,680,2,202.78,South Indian
263,681,2,249.66,Street Food
264,682,3,235.1,Chinese
264,683,2,156.74,Cafe
265,684,2,106.81,Street Food
265,685,3,163.53,Pizza
265,686,2,290.01,Cafe
266,687,2,89.25,Street Food
266,688,1,156.2,Pizza
267,689,3,185.4,South Indian
267,690,3,139.65,Biryani
267,691,3,139.76,North Indian
268,692,1,91.17,Biryani
268,693,1,220.35,North Indian
269,694,2,152.66,Pizza
270,695,3,249.57,North Indian
271,696,2,223.64,Pizza
271,697,2,223.12,Cafe
272,698,2,142.79,North Indian
272,699,1,223.51,South Indian
272,700,3,242.51,Cafe
273,701,1,171.93,Cafe
274,702,1,299.38,Pizza
274,703,2,120.99,Street Food
275,704,1,82.04,Biryani
275,705,3,103.61,Chinese
275,706,2,179.96,Street Food
276,707,1,267.23,Pizza
276,708,2,122.42,North Indian
276,709,2,115.75,Pizza
276,710,3,136.6,South Indian
277,711,3,154.16,Chinese
278,712,1,214.41,Street Food
278,713,2,261.94,Biryani
279,714,1,168.18,North Indian
279,715,1,295.97,Pizza
279,716,2,285.88,North Indian
280,717,2,131.81,Cafe
280,718,2,289.89,Chinese
280,719,3,239.03,North Indian
281,720,3,159.1,South Indian
281,721,1,226.91,Pizza
281,722,2,115.14,Street Food
282,723,3,105.83,Chinese
282,724,2,215.22,South Indian
282,725,1,185.2,Pizza
283,726,2,234.43,Pizza
283,727,3,256.44,Cafe
283,728,1,247.61,Street Food
284,729,3,178.28,Street Food
285,730,1,281.79,North Indian
285,731,1,262.33,Biryani
285,732,1,205.99,South Indian
286,733,2,267.99,Pizza
286,734,1,229.66,Street Food
287,735,1,277.76,Pizza
287,736,1,179.76,Biryani
287,737,2,180.5,North Indian
287,738,3,181.72,Cafe
288,739,3,84.79,Chinese
288,740,1,244.08,Biryani
288,741,1,89.96,Chinese
289,742,3,298.71,North Indian
290,743,1,143.16,South Indian
290,744,1,248.48,Street Food
290,745,3,292.03,Chinese
290,746,2,178.68,Pizza
291,747,1,230.2,Street Food
291,748,3,109.26,Cafe
291,749,2,106.1,Biryani
291,750,2,196.35,Street Food
292,751,1,246.36,Chinese
292,752,2,228.17,Biryani
293,753,3,163.44,South Indian
293,754,1,181.34,South Indian
293,755,2,121.47,Street Food
293,756,1,87.09,Street Food
294,757,3,248.53,North Indian
294,758,1,125.34,North Indian
294,759,3,87.39,Biryani
294,760,3,234.72,North Indian
295,761,3,89.73,Pizza
295,762,1,198.75,Cafe
296,763,1,190.86,Chinese
297,764,3,206.74,Biryani
297,765,3,249.96,Cafe
298,766,1,146.39,South Indian
298,767,3,194.68,Pizza
298,768,2,140.53,Biryani
299,769,3,229.33,Biryani
299,770,2,90.31,Chinese
300,771,3,150.12,Pizza
300,772,2,112.83,Pizza
300,773,1,245.97,Pizza
300,774,1,266.86,Chinese
301,775,2,281.24,Biryani
301,776,2,292.91,Biryani
302,777,2,133.43,South Indian
302,778,2,222.28,Pizza
303,779,1,197.84,Cafe
303,780,1,91.34,Pizza
303,781,3,213.09,North Indian
304,782,1,257.02,Biryani
305,783,2,125.96,Chinese
305,784,2,290.54,North Indian
306,785,1,291.66,North Indian
306,786,3,299.91,Pizza
307,787,3,212.97,South Indian
307,788,2,281.33,Biryani
308,789,2,163.75,Biryani
308,790,3,159.04,Chinese
308,791,2,192.82,Pizza
309,792,1,256.62,Street Food
309,793,2,247.56,Chinese
309,794,1,161.56,Pizza
309,795,1,203.76,South Indian
310,796,1,137.37,Biryani
310,797,3,238.4,Chinese
311,798,1,152.57,Pizza
311,799,3,263.34,Pizza
312,800,2,247.94,Pizza
312,801,3,221.17,Pizza
312,802,2,117.01,Cafe
313,803,1,110.79,Biryani
313,804,2,120.49,Biryani
313,805,3,290.59,Biryani
314,806,1,287.94,Street Food
315,807,1,170.73,Cafe
316,808,1,235.58,North Indian
316,809,1,191.26,Chinese
317,810,3,220.3,Biryani
318,811,3,187.33,North Indian
318,812,3,201.36,North Indian
318,813,1,196.47,Chinese
318,814,3,295.05,North Indian
319,815,1,103.54,North Indian
319,816,3,112.76,South Indian
319,817,3,195.82,Cafe
319,818,2,138.81,Pizza
320,819,2,291.05,Pizza
321,820,3,129.69,Street Food
321,821,1,223.82,Cafe
322,822,1,169.16,Pizza
323,823,1,220.08,Street Food
323,824,1,98.19,Cafe
323,825,2,221.88,Chinese
323,826,3,295.01,North Indian
324,827,1,126.51,Cafe
325,828,2,90.24,North Indian
325,829,3,283.63,Biryani
325,830,3,224.78,South Indian
325,831,2,83.44,South Indian
326,832,3,260.6,North Indian
326,833,2,115.74,South Indian
327,834,3,277.24,Chinese
327,835,2,246.23,South Indian
327,836,3,239.32,Biryani
327,837,3,294.35,North Indian
328,838,2,131.07,North Indian
329,839,3,249.18,Biryani
329,840,2,293.16,Chinese
329,841,1,219.51,Cafe
330,842,2,130.19,Biryani
330,843,2,175.01,Street Food
330,844,3,225.35,North Indian
330,845,3,144.98,South Indian
331,846,1,138.95,Pizza
332,847,3,165.72,Chinese
332,848,1,100.13,Chinese
333,849,2,247.5,North Indian
333,850,1,99.21,Pizza
333,851,2,202.54,Biryani
333,852,2,102.72,North Indian
334,853,3,100.47,Biryani
334,854,2,270.02,North Indian
334,855,2,171.04,Cafe
335,856,3,278.25,South Indian
336,857,3,163.76,South Indian
336,858,2,146.25,Pizza
337,859,1,116.79,Chinese
337,860,2,145.95,Cafe
338,861,2,135.37,South Indian
339,862,3,215.67,Pizza
339,863,1,109.81,North Indian
339,864,2,153.09,Biryani
339,865,2,256.9,Chinese
340,866,2,174.74,Cafe
340,867,3,294.33,South Indian
340,868,2,150.55,Street Food
340,869,1,185.38,South Indian
341,870,2,144.12,Street Food
341,871,3,188.02,Biryani
341,872,1,151.69,Chinese
341,873,2,160.3,Biryani
342,874,3,299.4,South Indian
342,875,3,248.88,North Indian
343,876,3,126.12,Cafe
343,877,2,262.88,North Indian
343,878,2,228.06,South Indian
343,879,3,146.62,Chinese
344,880,3,173.09,Pizza
344,881,1,178.79,Biryani
345,882,3,168.18,Biryani
345,883,3,172.03,North Indian
345,884,2,234.36,Cafe
345,885,3,210.64,North Indian
346,886,1,224.67,Chinese
347,887,3,214.79,Biryani
347,888,3,229.04,Pizza
348,889,2,103.31,North Indian
348,890,2,128.84,Street Food
348,891,3,202.76,Street Food
349,892,2,162.31,Pizza
349,893,3,209.49,Biryani
350,894,2,299.49,Pizza
350,895,1,145.0,North Indian
351,896,3,111.17,Chinese
352,897,2,252.54,Biryani
352,898,2,156.63,North Indian
352,899,2,238.84,Pizza
353,900,1,146.06,Cafe
353,901,3,105.32,Cafe
353,902,2,222.55,Street Food
354,903,3,133.66,South Indian
354,904,3,115.23,Biryani
355,905,2,131.01,Pizza
355,906,3,120.58,Street Food
355,907,3,175.07,North Indian
355,908,3,215.1,South Indian
356,909,3,174.5,North Indian
356,910,3,127.26,Chinese
356,911,3,257.92,North Indian
356,912,3,102.39,Cafe
357,913,2,151.72,Pizza
357,914,1,137.72,Cafe
358,915,3,292.5,Chinese
358,916,3,165.5,Pizza
358,917,3,105.13,Chinese
358,918,2,215.82,Cafe
359,919,3,209.84,Street Food
359,920,1,148.9,South Indian
359,921,2,105.73,Chinese
360,922,3,165.46,Biryani
360,923,1,206.46,Pizza
361,924,2,219.81,Street Food
361,925,3,284.75,South Indian
362,926,2,143.54,South Indian
362,927,2,265.24,Biryani
363,928,2,289.41,Pizza
364,929,1,259.35,Biryani
364,930,3,223.68,Pizza
365,931,2,236.23,Pizza
365,932,2,116.8,Biryani
365,933,1,255.09,South Indian
365,934,2,87.19,South Indian
366,935,1,251.76,Biryani
366,936,3,249.96,Pizza
366,937,3,192.38,Biryani
367,938,2,250.52,Cafe
368,939,3,260.97,North Indian
368,940,3,177.1,South Indian
368,941,2,102.53,Cafe
369,942,2,272.46,North Indian
369,943,2,137.82,Cafe
370,944,2,270.36,North Indian
371,945,1,258.35,Biryani
371,946,3,157.14,Street Food
372,947,1,215.55,Cafe
372,948,1,258.98,Cafe
372,949,1,205.42,Biryani
372,950,2,211.31,South Indian
373,951,3,144.38,Biryani
373,952,2,289.53,Biryani
373,953,3,259.34,South Indian
374,954,1,298.35,Cafe
374,955,3,107.92,Cafe
374,956,1,134.93,Street Food
374,957,2,262.27,Cafe
375,958,2,111.28,Street Food
375,959,2,218.12,Pizza
375,960,2,96.61,Cafe
375,961,1,168.63,Street Food
376,962,3,285.99,Chinese
376,963,2,289.06,Chinese
376,964,3,80.54,Cafe
377,965,3,293.87,Street Food
378,966,1,255.05,Pizza
378,967,1,292.99,Cafe
378,968,1,188.84,Chinese
379,969,2,200.41,South Indian
379,970,3,267.53,Cafe
379,971,2,276.71,Cafe
380,972,1,101.91,Cafe
381,973,1,107.33,Cafe
381,974,1,177.08,North Indian
381,975,2,124.51,Street Food
381,976,1,274.07,Chinese
382,977,2,100.53,Chinese
382,978,2,98.13,Street Food
383,979,1,167.2,Chinese
383,980,3,233.88,South Indian
384,981,3,100.06,North Indian
384,982,1,126.95,North Indian
384,983,1,210.61,Biryani
384,984,3,177.91,North Indian
385,985,1,297.39,Pizza
385,986,3,109.08,North Indian
385,987,1,164.28,Street Food
386,988,1,148.94,Chinese
387,989,2,250.16,Cafe
387,990,1,221.15,Street Food
388,991,1,196.71,North Indian
388,992,3,223.0,Pizza
389,993,3,126.87,Street Food
389,994,1,282.38,Biryani
389,995,3,177.32,South Indian
390,996,1,110.8,North Indian
391,997,2,291.91,Chinese
391,998,1,134.51,Street Food
391,999,1,134.6,Biryani
391,1000,3,238.66,Chinese
392,1001,3,272.68,South Indian
393,1002,3,166.19,Street Food
393,1003,1,252.44,Cafe
394,1004,2,164.89,South Indian
394,1005,2,220.38,North Indian
395,1006,2,285.46,South Indian
396,1007,3,172.59,Biryani
396,1008,3,118.01,Pizza
396,1009,1,83.67,North Indian
396,1010,1,137.68,North Indian
397,1011,2,191.45,Street Food
398,1012,2,234.4,North Indian
398,1013,3,198.04,Biryani
398,1014,1,141.04,Chinese
398,1015,1,192.49,South Indian
399,1016,3,151.89,Biryani
399,1017,3,247.91,Street Food
400,1018,2,233.71,Street Food
401,1019,1,133.79,Pizza
401,1020,1,179.74,Biryani
402,1021,2,226.54,Street Food
403,1022,1,82.79,South Indian
403,1023,3,82.5,Pizza
404,1024,3,193.79,Cafe
404,1025,3,137.03,Chinese
404,1026,1,244.95,Cafe
405,1027,3,275.01,Cafe
405,1028,1,153.7,Pizza
405,1029,2,195.25,Chinese
406,1030,2,180.14,Chinese
407,1031,2,269.06,South Indian
408,1032,1,136.13,North Indian
408,1033,3,228.31,North Indian
408,1034,1,242.97,North Indian
409,1035,1,133.8,Pizza
410,1036,2,282.45,South Indian
410,1037,1,201.63,Street Food
410,1038,3,224.25,South Indian
411,1039,1,171.58,Street Food
411,1040,2,139.68,North Indian
411,1041,3,162.02,Biryani
412,1042,1,129.1,Biryani
413,1043,2,95.16,Pizza
414,1044,2,152.01,Biryani
414,1045,2,81.75,South Indian
414,1046,2,204.04,Chinese
415,1047,2,161.02,Pizza
415,1048,1,241.14,Biryani
416,1049,1,81.4,Pizza
416,1050,1,131.26,Chinese
417,1051,2,80.32,Street Food
418,1052,3,239.99,North Indian
418,1053,1,196.56,South Indian
418,1054,2,188.25,North Indian
418,1055,1,236.56,North Indian
419,1056,1,277.4,Biryani
420,1057,3,277.03,Pizza
420,1058,3,98.68,North Indian
420,1059,3,109.37,Cafe
420,1060,2,96.46,Biryani
421,1061,2,225.74,South Indian
422,1062,2,137.42,Chinese
422,1063,2,234.16,Street Food
423,1064,2,179.61,South Indian
423,1065,1,287.58,South Indian
423,1066,3,103.97,North Indian
424,1067,2,182.53,Pizza
424,1068,1,197.9,Cafe
425,1069,2,147.83,Chinese
425,1070,1,99.89,Cafe
426,1071,3,233.31,North Indian
426,1072,1,263.9,Chinese
426,1073,1,100.07,South Indian
427,1074,2,192.96,Street Food
427,1075,2,137.24,South Indian
427,1076,1,289.46,Cafe
428,1077,3,244.58,South Indian
428,1078,1,181.65,Cafe
428,1079,1,106.72,North Indian
428,1080,1,108.76,Cafe
429,1081,2,230.98,Street Food
429,1082,1,208.11,Chinese
429,1083,1,84.8,North Indian
429,1084,1,278.55,Pizza
430,1085,1,279.12,Cafe
430,1086,2,106.96,Pizza
431,1087,1,283.31,Pizza
432,1088,2,86.49,Street Food
432,1089,2,118.02,South Indian
432,1090,1,140.5,Pizza
432,1091,1,87.62,Biryani
433,1092,3,144.92,Pizza
433,1093,3,185.39,North Indian
434,1094,2,110.19,South Indian
434,1095,3,274.62,Biryani
434,1096,1,218.77,Cafe
435,1097,2,252.02,Chinese
436,1098,3,251.92,Chinese
436,1099,3,190.53,Pizza
436,1100,2,119.56,Chinese
436,1101,3,128.18,Cafe
437,1102,1,257.9,Pizza
437,1103,3,158.64,Biryani
437,1104,1,294.28,North Indian
438,1105,3,133.05,Biryani
438,1106,3,92.3,South Indian
439,1107,2,285.75,Cafe
439,1108,1,118.74,Biryani
439,1109,2,257.37,Street Food
439,1110,2,281.08,North Indian
440,1111,3,203.99,Biryani
440,1112,1,264.07,Cafe
440,1113,2,199.27,South Indian
441,1114,1,99.86,South Indian
441,1115,3,128.14,Biryani
441,1116,2,80.15,Biryani
441,1117,1,257.42,Chinese
442,1118,2,93.1,South Indian
442,1119,3,235.03,South Indian
443,1120,3,269.35,North Indian
444,1121,3,287.22,Pizza
444,1122,3,102.23,Chinese
444,1123,2,110.02,South Indian
445,1124,3,291.35,Street Food
445,1125,2,118.32,Biryani
445,1126,3,275.71,Biryani
445,1127,2,129.11,Biryani
446,1128,2,147.5,Street Food
446,1129,2,108.02,Street Food
447,1130,3,288.71,Pizza
448,1131,1,212.53,Cafe
449,1132,3,204.42,Pizza
449,1133,1,152.86,North Indian
450,1134,2,296.12,South Indian
450,1135,3,274.77,North Indian
451,1136,2,82.51,South Indian
451,1137,1,232.5,Chinese
451,1138,2,253.14,Street Food
452,1139,1,164.91,Street Food
453,1140,1,274.6,Pizza
453,1141,2,157.27,Pizza
453,1142,1,262.34,Cafe
453,1143,3,223.21,Street Food
454,1144,1,179.28,Cafe
454,1145,1,144.88,Chinese
455,1146,1,96.32,South Indian
455,1147,2,115.4,North Indian
455,1148,3,287.2,North Indian
456,1149,3,296.76,Pizza
456,1150,3,86.82,Street Food
456,1151,1,213.61,Pizza
457,1152,1,102.28,South Indian
457,1153,1,170.04,Biryani
458,1154,3,141.94,South Indian
458,1155,1,90.92,Biryani
458,1156,3,264.77,South Indian
459,1157,2,80.84,North Indian
460,1158,3,217.52,Pizza
460,1159,1,101.34,South Indian
460,1160,1,220.4,North Indian
461,1161,1,147.84,Pizza
461,1162,2,187.6,Street Food
461,1163,2,100.05,Biryani
461,1164,2,120.67,Pizza
462,1165,1,178.07,Chinese
462,1166,2,182.31,South Indian
462,1167,2,204.13,South Indian
463,1168,1,226.99,Cafe
464,1169,3,130.05,North Indian
464,1170,2,260.05,Pizza
464,1171,3,231.15,Pizza
464,1172,3,273.96,Pizza
465,1173,1,166.86,Cafe
465,1174,3,87.64,Biryani
465,1175,3,256.1,Street Food
466,1176,1,288.84,Pizza
466,1177,1,288.79,South Indian
467,1178,1,107.76,Pizza
467,1179,1,297.42,Pizza
468,1180,3,112.53,Biryani
468,1181,2,150.34,Street Food
469,1182,1,165.38,Pizza
470,1183,2,194.33,Cafe
470,1184,1,253.04,Biryani
470,1185,3,194.96,Pizza
471,1186,2,112.92,Biryani
472,1187,1,203.79,North Indian
473,1188,3,273.63,Pizza
473,1189,2,164.27,Pizza
473,1190,3,213.97,North Indian
474,1191,2,168.65,Biryani
474,1192,3,229.78,Pizza
475,1193,2,275.71,Chinese
476,1194,1,244.06,Chinese
476,1195,2,84.45,Cafe
477,1196,2,141.68,Pizza
477,1197,3,230.67,Cafe
477,1198,1,109.56,Street Food
478,1199,2,139.27,Pizza
478,1200,3,222.02,South Indian
478,1201,2,126.51,Cafe
478,1202,2,243.01,Cafe
479,1203,1,193.36,South Indian
479,1204,1,148.45,Biryani
479,1205,2,109.84,Cafe
480,1206,1,122.41,Cafe
481,1207,1,134.89,Pizza
481,1208,1,281.97,Street Food
482,1209,2,161.04,Pizza
482,1210,3,167.33,North Indian
483,1211,1,161.94,Biryani
484,1212,1,291.31,Pizza
484,1213,3,201.29,Chinese
484,1214,1,264.28,Chinese
484,1215,3,262.79,North Indian
485,1216,1,165.04,South Indian
485,1217,3,251.56,South Indian
485,1218,1,222.42,Street Food
486,1219,2,223.35,Biryani
486,1220,1,270.22,Cafe
487,1221,2,280.53,Street Food
488,1222,3,256.19,South Indian
488,1223,2,213.84,Chinese
489,1224,2,277.01,Cafe
489,1225,2,180.98,South Indian
489,1226,2,146.47,Biryani
490,1227,3,102.51,Biryani
490,1228,3,292.63,Cafe
490,1229,2,203.52,Biryani
490,1230,3,142.19,Street Food
491,1231,2,94.04,Chinese
492,1232,2,137.45,Street Food
492,1233,3,145.73,South Indian
492,1234,3,248.4,North Indian
493,1235,3,150.31,South Indian
493,1236,3,85.6,Pizza
493,1237,2,137.07,Pizza
493,1238,2,165.42,North Indian
494,1239,2,239.84,South Indian
494,1240,3,197.62,Cafe
495,1241,3,158.87,Chinese
495,1242,1,264.94,Biryani
495,1243,1,144.63,Pizza
495,1244,1,243.0,Street Food
496,1245,3,277.91,Street Food
496,1246,1,128.9,South Indian
497,1247,2,253.38,Chinese
497,1248,2,137.32,Chinese
497,1249,2,267.27,Pizza
498,1250,3,208.39,Biryani
499,1251,2,275.67,Biryani
500,1252,3,163.97,Chinese
501,1253,1,271.59,South Indian
501,1254,1,298.32,Chinese
501,1255,2,297.18,Pizza
501,1256,1,149.6,Street Food
502,1257,1,187.27,Street Food
502,1258,1,148.95,North Indian
503,1259,2,140.18,Cafe
504,1260,3,248.19,Pizza
504,1261,1,108.47,Pizza
505,1262,2,174.39,Pizza
505,1263,2,81.03,Biryani
505,1264,1,240.74,North Indian
505,1265,2,246.51,Biryani
506,1266,1,228.88,Street Food
506,1267,3,134.74,Street Food
507,1268,2,108.36,Pizza
507,1269,3,209.51,South Indian
507,1270,1,261.25,Chinese
508,1271,2,240.12,Biryani
508,1272,3,154.32,Street Food
508,1273,1,155.4,Pizza
509,1274,1,116.27,Cafe
509,1275,2,84.21,South Indian
509,1276,3,296.67,South Indian
510,1277,3,191.02,North Indian
511,1278,3,223.12,North Indian
511,1279,2,272.84,Chinese
511,1280,3,217.09,Biryani
512,1281,3,103.78,Cafe
513,1282,1,231.74,Pizza
514,1283,2,107.19,Chinese
514,1284,2,234.41,South Indian
514,1285,3,230.86,North Indian
514,1286,2,172.59,North Indian
515,1287,3,213.24,South Indian
515,1288,2,262.74,North Indian
515,1289,3,238.13,North Indian
516,1290,1,252.65,Pizza
516,1291,1,213.98,Cafe
516,1292,2,262.93,South Indian
517,1293,3,170.15,South Indian
517,1294,1,200.59,South Indian
517,1295,3,285.29,Chinese
518,1296,1,82.8,North Indian
518,1297,1,263.75,Street Food
519,1298,1,288.88,Cafe
519,1299,3,96.51,Street Food
519,1300,1,279.05,Street Food
519,1301,1,180.49,Chinese
520,1302,2,91.02,Cafe
520,1303,1,272.31,Cafe
520,1304,2,159.25,Street Food
521,1305,2,242.48,North Indian
521,1306,1,82.13,South Indian
521,1307,3,222.38,Chinese
522,1308,2,290.12,Chinese
522,1309,3,100.45,Cafe
522,1310,2,120.23,Pizza
523,1311,2,139.8,Pizza
523,1312,3,267.15,Cafe
523,1313,2,222.75,Cafe
523,1314,1,104.87,Street Food
524,1315,1,102.82,Biryani
525,1316,3,229.25,South Indian
525,1317,3,163.55,Chinese
525,1318,3,86.34,Street Food
525,1319,3,294.16,South Indian
526,1320,2,104.85,Pizza
526,1321,2,90.11,Chinese
526,1322,3,149.13,Street Food
526,1323,3,195.46,Street Food
527,1324,3,272.09,Biryani
527,1325,3,231.41,Biryani
528,1326,2,225.58,South Indian
529,1327,2,226.02,Street Food
529,1328,2,112.7,Cafe
529,1329,3,276.25,Biryani
529,1330,1,82.56,South Indian
530,1331,2,271.27,North Indian
530,1332,2,150.54,Chinese
530,1333,2,91.08,South Indian
530,1334,3,221.53,Pizza
531,1335,1,181.0,Cafe
531,1336,3,178.58,Cafe
532,1337,2,149.53,Pizza
532,1338,3,223.74,North Indian
532,1339,2,170.71,Biryani
532,1340,3,80.04,North Indian
533,1341,3,203.71,Street Food
533,1342,3,180.37,Chinese
533,1343,2,261.57,Cafe
534,1344,2,153.03,Cafe
534,1345,3,211.99,Street Food
535,1346,3,179.56,North Indian
535,1347,3,128.78,Chinese
535,1348,2,262.57,Cafe
536,1349,3,194.84,Street Food
536,1350,1,90.07,South Indian
536,1351,2,110.9,Street Food
537,1352,1,135.94,South Indian
537,1353,1,106.56,Cafe
537,1354,2,127.43,Cafe
537,1355,1,237.69,North Indian
538,1356,1,283.86,Cafe
538,1357,3,209.54,Cafe
538,1358,2,180.63,Biryani
538,1359,3,109.62,Pizza
539,1360,3,241.97,Biryani
540,1361,3,186.25,Biryani
540,1362,1,232.2,South Indian
540,1363,3,259.35,North Indian
540,1364,2,224.65,Biryani
541,1365,3,273.91,Pizza
541,1366,3,281.5,Cafe
541,1367,1,140.19,Chinese
542,1368,2,257.06,South Indian
542,1369,2,212.56,Street Food
542,1370,3,145.76,Street Food
543,1371,3,242.1,Biryani
543,1372,3,127.82,South Indian
543,1373,3,237.16,Street Food
544,1374,3,109.19,Street Food
544,1375,3,294.54,South Indian
544,1376,3,199.35,Street Food
545,1377,3,105.39,Chinese
545,1378,3,185.68,Biryani
545,1379,3,236.23,Street Food
546,1380,2,257.83,Biryani
546,1381,1,85.56,South Indian
546,1382,1,227.46,South Indian
547,1383,1,296.38,Street Food
547,1384,2,112.21,North Indian
547,1385,3,252.56,South Indian
548,1386,2,259.09,North Indian
549,1387,3,222.37,Pizza
549,1388,1,192.4,Cafe
550,1389,3,226.19,Pizza
550,1390,2,171.64,Cafe
550,1391,3,148.78,Biryani
551,1392,1,243.61,South Indian
552,1393,1,280.53,Street Food
552,1394,3,222.48,Cafe
552,1395,3,200.26,Biryani
552,1396,1,250.75,South Indian
553,1397,2,119.03,Street Food
553,1398,1,121.13,South Indian
553,1399,3,193.05,Pizza
554,1400,2,141.4,Chinese
555,1401,1,208.48,Chinese
555,1402,1,152.72,Street Food
556,1403,1,113.81,Chinese
556,1404,3,91.19,Street Food
557,1405,2,253.78,Biryani
557,1406,2,96.03,Street Food
557,1407,2,195.59,South Indian
558,1408,3,115.06,Biryani
559,1409,1,156.87,South Indian
559,1410,3,153.01,Chinese
559,1411,2,128.06,Cafe
559,1412,3,196.71,Biryani
560,1413,1,227.17,Pizza
561,1414,3,215.01,Biryani
561,1415,1,290.96,Street Food
562,1416,2,281.51,North Indian
562,1417,2,136.45,Street Food
562,1418,2,85.44,Biryani
563,1419,3,256.62,Pizza
563,1420,2,89.65,Street Food
563,1421,1,150.47,North Indian
564,1422,1,293.76,Cafe
565,1423,3,94.4,Street Food
566,1424,3,173.33,North Indian
566,1425,1,198.31,Street Food
567,1426,3,259.69,North Indian
567,1427,3,230.93,North Indian
567,1428,2,237.71,North Indian
567,1429,1,96.11,South Indian
568,1430,3,95.5,Cafe
568,1431,1,280.42,Pizza
568,1432,2,179.25,Pizza
569,1433,2,83.72,Street Food
569,1434,1,197.66,Street Food
569,1435,3,216.04,Cafe
569,1436,3,208.83,Street Food
570,1437,2,284.17,North Indian
571,1438,3,146.3,North Indian
571,1439,2,248.36,Pizza
571,1440,2,166.92,Street Food
572,1441,2,114.39,South Indian
573,1442,3,166.02,Cafe
573,1443,3,144.9,Street Food
574,1444,2,229.0,Cafe
574,1445,3,222.55,North Indian
575,1446,1,89.19,Biryani
575,1447,3,166.7,Biryani
576,1448,2,126.21,Street Food
577,1449,1,170.78,Street Food
577,1450,3,111.34,South Indian
577,1451,1,215.71,Chinese
578,1452,1,119.9,Cafe
578,1453,3,267.5,Cafe
579,1454,3,200.93,Chinese
579,1455,3,94.82,North Indian
579,1456,1,239.63,Pizza
579,1457,2,158.57,Street Food
580,1458,1,142.73,North Indian
580,1459,1,149.91,Pizza
581,1460,3,225.07,Street Food
581,1461,3,113.53,Biryani
581,1462,2,257.69,Pizza
582,1463,1,148.91,Cafe
582,1464,1,236.68,Street Food
583,1465,2,264.82,South Indian
583,1466,3,241.25,Pizza
583,1467,2,177.98,Cafe
583,1468,2,187.13,North Indian
584,1469,3,213.46,Cafe
584,1470,2,268.92,South Indian
585,1471,2,241.38,Street Food
585,1472,1,240.03,North Indian
586,1473,3,207.36,Cafe
587,1474,1,201.35,Biryani
587,1475,3,183.86,Cafe
588,1476,2,166.35,Cafe
588,1477,3,241.31,Chinese
589,1478,2,190.25,North Indian
589,1479,2,160.05,North Indian
590,1480,3,230.52,Cafe
590,1481,3,110.88,South Indian
591,1482,3,288.72,Street Food
591,1483,1,241.9,Pizza
592,1484,1,128.14,Pizza
592,1485,1,93.83,Chinese
592,1486,1,89.42,South Indian
593,1487,2,183.33,Pizza
593,1488,1,88.78,Street Food
593,1489,2,102.71,Biryani
594,1490,3,137.93,Biryani
594,1491,3,118.25,Street Food
594,1492,2,160.37,Street Food
595,1493,3,135.35,South Indian
596,1494,2,259.79,Chinese
596,1495,2,254.38,Biryani
596,1496,1,190.4,South Indian
596,1497,2,116.43,North Indian
597,1498,1,113.05,South Indian
597,1499,2,212.44,Cafe
597,1500,1,225.44,Pizza
598,1501,3,104.93,Street Food
598,1502,2,185.38,Biryani
598,1503,1,222.4,Pizza
599,1504,1,89.49,Biryani
600,1505,1,218.5,North Indian
600,1506,3,112.31,South Indian
601,1507,1,193.66,Pizza
601,1508,3,293.23,Street Food
601,1509,1,273.27,Street Food
602,1510,1,127.65,Biryani
602,1511,2,270.81,South Indian
602,1512,1,262.68,Biryani
603,1513,3,260.5,South Indian
603,1514,3,225.12,Chinese
604,1515,3,230.83,Pizza
604,1516,3,209.93,South Indian
605,1517,2,109.09,North Indian
605,1518,1,195.0,Biryani
605,1519,3,172.35,South Indian
605,1520,3,101.19,Pizza
606,1521,3,190.73,North Indian
607,1522,2,225.07,Biryani
608,1523,3,222.83,Biryani
609,1524,2,272.46,Street Food
609,1525,3,174.37,Cafe
609,1526,2,253.7,Pizza
609,1527,2,209.59,Street Food
610,1528,2,109.45,Pizza
611,1529,1,142.32,Biryani
611,1530,2,136.72,North Indian
612,1531,3,194.96,Biryani
613,1532,2,224.0,Street Food
614,1533,2,159.7,South Indian
614,1534,2,223.35,Chinese
614,1535,2,268.09,Pizza
615,1536,3,140.62,Street Food
615,1537,2,246.09,Pizza
615,1538,3,252.43,Pizza
616,1539,2,203.0,Pizza
616,1540,2,297.47,Biryani
617,1541,3,167.59,South Indian
617,1542,3,106.2,South Indian
617,1543,2,252.28,South Indian
618,1544,1,191.84,Cafe
619,1545,3,215.09,Street Food
619,1546,3,91.45,Pizza
619,1547,3,81.16,North Indian
620,1548,2,283.69,Pizza
620,1549,1,94.1,South Indian
621,1550,1,213.99,Street Food
621,1551,2,284.75,Pizza
621,1552,3,224.36,Chinese
622,1553,1,220.86,Pizza
623,1554,1,267.12,Cafe
624,1555,1,87.39,Biryani
624,1556,3,193.48,South Indian
624,1557,3,117.29,North Indian
625,1558,1,224.1,South Indian
625,1559,1,299.3,Cafe
625,1560,2,157.69,Pizza
626,1561,3,124.07,North Indian
626,1562,3,234.8,North Indian
626,1563,3,142.59,Cafe
626,1564,3,281.3,Chinese
627,1565,2,129.79,South Indian
627,1566,2,284.54,Biryani
627,1567,1,137.44,Pizza
628,1568,3,95.92,Chinese
629,1569,1,256.65,Chinese
629,1570,3,258.89,Biryani
629,1571,2,232.72,Pizza
630,1572,1,246.64,Cafe
630,1573,2,229.95,Biryani
630,1574,1,186.03,Chinese
630,1575,1,164.19,Cafe
631,1576,3,234.26,Cafe
631,1577,2,170.73,Chinese
632,1578,3,263.08,South Indian
633,1579,1,167.76,Street Food
633,1580,2,96.73,South Indian
633,1581,2,149.05,South Indian
634,1582,1,288.37,Street Food
634,1583,1,189.78,South Indian
634,1584,1,241.79,Cafe
635,1585,1,130.43,Cafe
635,1586,1,263.99,Chinese
635,1587,1,251.37,North Indian
636,1588,3,290.27,Pizza
637,1589,3,290.76,Cafe
638,1590,2,216.55,Pizza
638,1591,3,271.13,Pizza
638,1592,1,296.57,Biryani
638,1593,2,167.53,Cafe
639,1594,1,195.66,Pizza
639,1595,2,286.72,North Indian
640,1596,2,269.29,Cafe
640,1597,1,180.58,North Indian
640,1598,3,194.01,Chinese
641,1599,1,228.3,Pizza
642,1600,2,159.55,Cafe
643,1601,1,200.68,South Indian
643,1602,2,183.7,Biryani
643,1603,2,160.5,Pizza
644,1604,1,172.2,Cafe
644,1605,2,160.32,Pizza
644,1606,2,179.16,Biryani
644,1607,1,295.44,Street Food
645,1608,1,238.58,Cafe
645,1609,1,202.17,Cafe
646,1610,1,112.09,Street Food
646,1611,1,184.06,North Indian
646,1612,1,172.73,South Indian
646,1613,3,193.74,Street Food
647,1614,2,146.01,Biryani
647,1615,3,90.5,North Indian
647,1616,3,115.94,South Indian
648,1617,2,264.57,North Indian
648,1618,2,243.81,Chinese
648,1619,2,159.27,Biryani
649,1620,2,84.36,North Indian
649,1621,2,270.82,Biryani
649,1622,1,206.91,Street Food
650,1623,2,158.12,Street Food
650,1624,3,187.25,Street Food
651,1625,1,163.84,Chinese
651,1626,2,218.98,South Indian
651,1627,1,220.93,Chinese
651,1628,2,218.88,Biryani
652,1629,1,97.4,Chinese
652,1630,1,148.97,Street Food
652,1631,2,236.3,Biryani
652,1632,3,167.0,Pizza
653,1633,3,209.12,Pizza
653,1634,2,116.81,Cafe
653,1635,1,107.51,South Indian
654,1636,3,234.15,North Indian
654,1637,1,116.72,North Indian
654,1638,1,94.03,Pizza
655,1639,1,249.61,Biryani
656,1640,1,137.74,South Indian
657,1641,3,284.95,Pizza
658,1642,1,134.43,Chinese
658,1643,2,217.83,South Indian
658,1644,3,264.47,North Indian
659,1645,3,158.51,Chinese
660,1646,2,294.5,Biryani
660,1647,2,200.68,South Indian
660,1648,3,198.64,Biryani
660,1649,3,180.44,Street Food
661,1650,3,220.75,Biryani
661,1651,2,279.96,Pizza
661,1652,3,129.97,North Indian
661,1653,2,147.73,Pizza
662,1654,1,146.79,North Indian
662,1655,3,259.38,Cafe
662,1656,1,155.65,Pizza
663,1657,3,282.86,Cafe
664,1658,2,82.01,Pizza
664,1659,2,211.34,Cafe
664,1660,1,200.61,South Indian
664,1661,2,274.08,Pizza
665,1662,1,115.92,Street Food
665,1663,3,165.74,Pizza
665,1664,1,137.86,Pizza
665,1665,3,132.7,Cafe
666,1666,2,222.66,Biryani
666,1667,2,170.84,Cafe
666,1668,1,120.13,Chinese
667,1669,3,180.18,Pizza
668,1670,3,217.01,South Indian
668,1671,2,84.27,North Indian
668,1672,3,84.87,North Indian
669,1673,2,107.51,Pizza
669,1674,3,81.8,North Indian
669,1675,1,83.24,South Indian
670,1676,2,148.55,Cafe
670,1677,2,299.55,Pizza
670,1678,3,254.11,Chinese
671,1679,1,92.33,Cafe
672,1680,1,199.5,South Indian
672,1681,1,277.05,Chinese
672,1682,2,262.22,North Indian
672,1683,3,134.77,Cafe
673,1684,1,242.28,North Indian
673,1685,1,181.38,Cafe
673,1686,1,194.65,South Indian
673,1687,2,165.61,Chinese
674,1688,1,218.42,North Indian
674,1689,3,286.23,Biryani
674,1690,1,135.73,Street Food
675,1691,1,159.29,North Indian
675,1692,3,127.91,North Indian
675,1693,1,219.24,Chinese
676,1694,1,254.77,Biryani
677,1695,2,253.61,North Indian
678,1696,3,252.36,Pizza
679,1697,2,249.58,South Indian
679,1698,1,189.98,Street Food
680,1699,3,93.21,Chinese
680,1700,3,113.86,Biryani
680,1701,1,107.68,South Indian
681,1702,3,253.48,Cafe
681,1703,2,257.22,Pizza
681,1704,3,122.45,Street Food
682,1705,2,239.37,Chinese
682,1706,1,186.77,Pizza
682,1707,3,144.84,Street Food
682,1708,2,121.75,South Indian
683,1709,2,241.13,Chinese
683,1710,3,281.18,Biryani
683,1711,1,95.15,South Indian
684,1712,2,260.27,Biryani
684,1713,2,179.9,Cafe
684,1714,3,191.31,Street Food
684,1715,1,274.25,Biryani
685,1716,3,132.53,Street Food
685,1717,1,224.82,Biryani
685,1718,2,121.77,Street Food
686,1719,3,113.91,Chinese
686,1720,2,170.16,Chinese
686,1721,1,101.18,Street Food
686,1722,1,89.63,South Indian
687,1723,1,124.46,Pizza
687,1724,1,101.73,Biryani
688,1725,3,187.78,Biryani
688,1726,3,209.87,North Indian
688,1727,2,128.56,Street Food
688,1728,1,82.88,South Indian
689,1729,1,182.97,Street Food
689,1730,1,159.4,Street Food
689,1731,2,260.85,Cafe
689,1732,3,92.83,Biryani
690,1733,3,88.94,North Indian
690,1734,2,97.15,South Indian
690,1735,3,101.37,Street Food
691,1736,3,164.77,South Indian
691,1737,3,224.51,Biryani
692,1738,3,244.82,Pizza
692,1739,3,103.21,Street Food
693,1740,3,180.92,Street Food
693,1741,2,274.22,South Indian
693,1742,1,200.99,Biryani
694,1743,3,114.8,Biryani
694,1744,2,285.37,Chinese
694,1745,3,298.12,Chinese
695,1746,2,248.12,Pizza
695,1747,3,151.16,South Indian
695,1748,3,200.04,Pizza
696,1749,2,291.56,Pizza
696,1750,2,80.04,North Indian
696,1751,2,211.07,Biryani
697,1752,2,81.45,South Indian
697,1753,1,268.26,North Indian
698,1754,3,192.48,Biryani
698,1755,3,114.04,North Indian
698,1756,2,158.24,South Indian
699,1757,2,275.72,South Indian
699,1758,1,136.37,Chinese
699,1759,1,205.51,Biryani
700,1760,3,96.98,Chinese
700,1761,2,118.04,Cafe
701,1762,3,221.3,North Indian
702,1763,1,251.63,Cafe
702,1764,2,156.54,Cafe
702,1765,2,171.63,Cafe
702,1766,1,271.35,South Indian
703,1767,3,251.03,Pizza
704,1768,2,195.36,Chinese
705,1769,2,190.53,South Indian
705,1770,1,91.11,Street Food
706,1771,2,245.62,Biryani
706,1772,3,99.82,Pizza
706,1773,2,253.0,South Indian
706,1774,1,153.96,Pizza
707,1775,3,167.82,North Indian
708,1776,3,175.59,Street Food
708,1777,1,247.65,Pizza
708,1778,3,123.58,Pizza
708,1779,3,205.69,Biryani
709,1780,1,95.76,Cafe
709,1781,2,151.15,Biryani
710,1782,1,227.78,Pizza
711,1783,2,121.91,Chinese
711,1784,3,224.19,Cafe
711,1785,2,117.24,Chinese
712,1786,3,112.08,North Indian
712,1787,1,123.93,Chinese
712,1788,1,246.7,Cafe
712,1789,1,104.72,North Indian
713,1790,3,283.88,Cafe
713,1791,2,83.02,Street Food
714,1792,2,179.01,North Indian
715,1793,1,242.8,South Indian
715,1794,1,200.21,Cafe
715,1795,2,200.74,Biryani
716,1796,3,233.73,North Indian
716,1797,2,208.26,Street Food
717,1798,2,117.47,Chinese
718,1799,3,215.95,North Indian
718,1800,2,224.05,North Indian
719,1801,2,225.28,Street Food
720,1802,1,84.2,Cafe
720,1803,3,165.04,Pizza
720,1804,3,294.85,North Indian
721,1805,2,270.69,Biryani
721,1806,1,121.01,Biryani
721,1807,2,203.35,Street Food
722,1808,1,134.43,Biryani
723,1809,2,187.79,Street Food
723,1810,1,84.04,Street Food
723,1811,2,158.18,Chinese
724,1812,3,140.69,North Indian
724,1813,3,136.69,Pizza
725,1814,3,288.81,South Indian
726,1815,2,277.38,Street Food
726,1816,1,99.31,Pizza
727,1817,2,132.88,South Indian
727,1818,2,293.52,Biryani
728,1819,2,199.29,South Indian
728,1820,3,110.49,Biryani
728,1821,3,256.02,Cafe
729,1822,2,231.48,Biryani
729,1823,1,174.61,Cafe
730,1824,3,285.27,South Indian
730,1825,2,94.92,Biryani
731,1826,1,149.87,South Indian
732,1827,2,273.63,Pizza
733,1828,2,177.46,Cafe
733,1829,3,285.32,Chinese
733,1830,1,251.4,North Indian
733,1831,1,120.64,Cafe
734,1832,3,204.75,South Indian
734,1833,3,131.08,Street Food
734,1834,1,159.04,Street Food
735,1835,1,190.51,Biryani
735,1836,2,236.64,Chinese
735,1837,1,267.47,Pizza
735,1838,2,110.25,South Indian
736,1839,1,169.89,North Indian
736,1840,2,289.04,South Indian
737,1841,1,94.55,Pizza
737,1842,3,187.79,Chinese
738,1843,1,174.06,Cafe
738,1844,1,213.74,Cafe
738,1845,2,238.44,Pizza
738,1846,3,286.61,Biryani
739,1847,3,104.05,Pizza
740,1848,1,194.11,Pizza
741,1849,3,165.23,Cafe
742,1850,1,144.06,Pizza
743,1851,2,181.5,Pizza
743,1852,2,214.89,North Indian
743,1853,3,193.73,South Indian
744,1854,3,179.37,Street Food
744,1855,3,104.9,Cafe
744,1856,3,286.33,Street Food
744,1857,3,109.77,Pizza
745,1858,2,85.48,Pizza
745,1859,3,277.26,South Indian
745,1860,2,99.84,Chinese
746,1861,3,241.32,North Indian
746,1862,1,235.37,Street Food
747,1863,1,195.24,Pizza
747,1864,3,254.03,Biryani
747,1865,3,288.95,Pizza
748,1866,1,249.02,Chinese
748,1867,3,271.69,Cafe
748,1868,1,115.67,South Indian
748,1869,1,249.21,North Indian
749,1870,2,148.09,Cafe
749,1871,2,143.53,South Indian
749,1872,1,277.68,South Indian
749,1873,1,216.96,Chinese
750,1874,2,189.48,Pizza
751,1875,3,274.19,South Indian
752,1876,3,225.08,Pizza
752,1877,2,177.21,Biryani
753,1878,1,274.08,Chinese
754,1879,1,120.66,North Indian
754,1880,3,156.78,South Indian
755,1881,3,207.18,Biryani
756,1882,2,282.48,North Indian
756,1883,1,171.73,South Indian
756,1884,1,227.86,Biryani
757,1885,2,244.85,Chinese
757,1886,1,100.49,Chinese
758,1887,2,277.46,Cafe
758,1888,1,246.86,Cafe
758,1889,3,94.28,Pizza
759,1890,1,232.82,Chinese
759,1891,2,195.95,Biryani
760,1892,3,125.99,North Indian
760,1893,1,205.7,Street Food
761,1894,2,239.3,Biryani
762,1895,2,213.95,Chinese
762,1896,2,195.59,Biryani
762,1897,2,283.96,Biryani
763,1898,3,240.42,Pizza
763,1899,2,257.76,Biryani
763,1900,1,235.89,South Indian
763,1901,1,106.01,Pizza
764,1902,3,266.58,Cafe
765,1903,2,90.01,Chinese
765,1904,3,257.33,South Indian
765,1905,1,220.94,Street Food
765,1906,2,135.97,North Indian
766,1907,2,191.47,Chinese
766,1908,1,105.04,Chinese
766,1909,2,167.13,Biryani
767,1910,1,122.68,Cafe
768,1911,3,185.4,Pizza
768,1912,1,222.04,Pizza
768,1913,1,217.98,Cafe
769,1914,2,252.48,Pizza
769,1915,3,92.32,Biryani
769,1916,2,204.29,Street Food
770,1917,3,197.89,South Indian
770,1918,3,230.81,Cafe
770,1919,2,94.57,South Indian
771,1920,1,154.61,Pizza
771,1921,3,197.54,South Indian
771,1922,3,213.25,South Indian
772,1923,2,235.16,Chinese
773,1924,2,171.05,Pizza
774,1925,2,179.42,Chinese
774,1926,1,195.52,South Indian
775,1927,2,252.69,Cafe
776,1928,1,177.63,North Indian
776,1929,2,279.09,South Indian
777,1930,2,283.2,Street Food
777,1931,3,148.28,Chinese
778,1932,1,260.87,Biryani
778,1933,3,298.4,South Indian
779,1934,2,165.27,Cafe
780,1935,1,148.42,North Indian
781,1936,2,182.71,North Indian
782,1937,3,248.56,Street Food
783,1938,1,207.06,Chinese
783,1939,3,276.27,Chinese
783,1940,1,122.36,Chinese
784,1941,2,227.65,Chinese
784,1942,1,114.65,North Indian
784,1943,1,290.83,Biryani
785,1944,1,199.36,Biryani
786,1945,2,111.14,Street Food
786,1946,2,206.3,South Indian
786,1947,1,148.5,Chinese
787,1948,1,108.62,Pizza
787,1949,3,91.1,Pizza
787,1950,1,98.95,Pizza
787,1951,1,235.03,Biryani
788,1952,3,158.24,Chinese
788,1953,1,236.84,Street Food
788,1954,3,97.28,Cafe
788,1955,2,204.91,North Indian
789,1956,1,180.23,Street Food
789,1957,3,236.25,Pizza
789,1958,2,130.97,South Indian
789,1959,1,269.44,Biryani
790,1960,2,166.26,Street Food
790,1961,3,152.67,Cafe
790,1962,2,179.72,North Indian
791,1963,2,104.84,Pizza
792,1964,1,142.1,Chinese
792,1965,3,206.43,Biryani
792,1966,1,169.25,Street Food
792,1967,1,151.69,Street Food
793,1968,2,197.2,Pizza
794,1969,1,216.59,Biryani
794,1970,1,294.26,Pizza
794,1971,1,154.96,Cafe
794,1972,3,210.01,Cafe
795,1973,3,253.21,Biryani
795,1974,3,131.95,Street Food
795,1975,3,97.14,Street Food
795,1976,3,264.08,North Indian
796,1977,2,202.12,Cafe
796,1978,2,118.76,Pizza
796,1979,1,211.62,Street Food
796,1980,3,249.7,Pizza
797,1981,2,221.9,North Indian
797,1982,1,127.87,South Indian
797,1983,3,278.72,Street Food
798,1984,1,225.39,Pizza
799,1985,2,215.43,Pizza
799,1986,1,125.25,Chinese
799,1987,2,205.46,Street Food
800,1988,2,237.91,Chinese
800,1989,1,208.2,Biryani
800,1990,3,168.92,South Indian
801,1991,1,161.23,Biryani
801,1992,1,80.19,Biryani
801,1993,2,104.13,Chinese
802,1994,1,174.98,Biryani
803,1995,3,149.99,Pizza
803,1996,2,163.94,Biryani
803,1997,1,225.75,Pizza
803,1998,1,121.41,Pizza
804,1999,2,113.94,Cafe
804,2000,3,107.62,North Indian
804,2001,1,222.65,South Indian
805,2002,3,176.08,South Indian
805,2003,1,110.19,Cafe
805,2004,2,269.23,Cafe
805,2005,3,212.97,Pizza
806,2006,2,192.07,Biryani
806,2007,2,164.64,South Indian
807,2008,2,213.01,Biryani
807,2009,2,266.3,South Indian
808,2010,2,283.84,Biryani
808,2011,2,87.36,North Indian
808,2012,3,186.32,Chinese
809,2013,3,185.94,Street Food
810,2014,1,240.64,Biryani
811,2015,2,193.73,Biryani
811,2016,3,99.46,Pizza
811,2017,3,243.17,Street Food
812,2018,3,219.41,Cafe
813,2019,3,91.61,Chinese
813,2020,3,251.28,Pizza
813,2021,2,192.79,Pizza
814,2022,2,157.64,Cafe
814,2023,2,143.63,North Indian
814,2024,3,283.03,Street Food
815,2025,3,252.7,Chinese
815,2026,1,218.45,Biryani
815,2027,1,206.03,Street Food
816,2028,3,217.35,Chinese
816,2029,2,98.15,Biryani
816,2030,1,267.32,Chinese
817,2031,1,215.48,Chinese
817,2032,2,83.12,North Indian
817,2033,3,118.42,Biryani
818,2034,3,178.26,Cafe
818,2035,1,137.48,Street Food
819,2036,2,119.78,Biryani
819,2037,1,155.43,North Indian
820,2038,3,285.47,South Indian
820,2039,2,245.61,Pizza
821,2040,1,225.35,Street Food
821,2041,3,116.8,Biryani
821,2042,3,265.2,North Indian
821,2043,3,138.17,Cafe
822,2044,1,116.87,Pizza
823,2045,2,184.78,Cafe
823,2046,3,131.41,Street Food
823,2047,3,165.82,Chinese
823,2048,1,196.7,Pizza
824,2049,2,283.99,Pizza
825,2050,3,149.45,Biryani
825,2051,3,290.29,North Indian
825,2052,3,220.23,Cafe
825,2053,2,214.31,Street Food
826,2054,2,139.47,Cafe
826,2055,1,136.18,Biryani
826,2056,2,181.44,Street Food
827,2057,3,227.82,Cafe
827,2058,1,194.39,Street Food
828,2059,2,200.47,Street Food
828,2060,1,262.97,North Indian
829,2061,1,195.56,Street Food
829,2062,2,157.33,Street Food
829,2063,2,135.42,North Indian
829,2064,1,216.27,North Indian
830,2065,3,220.38,Street Food
830,2066,1,99.01,Biryani
831,2067,2,224.41,Street Food
831,2068,3,256.7,South Indian
832,2069,3,120.54,Chinese
833,2070,3,285.96,Street Food
833,2071,2,282.99,Chinese
833,2072,2,232.29,Street Food
833,2073,2,136.61,Cafe
834,2074,2,250.96,Pizza
835,2075,2,299.11,Chinese
835,2076,2,119.14,North Indian
835,2077,2,295.47,South Indian
835,2078,3,166.38,Street Food
836,2079,1,111.65,Cafe
836,2080,2,128.05,Street Food
836,2081,1,280.77,Street Food
836,2082,2,102.72,North Indian
837,2083,3,240.06,Cafe
838,2084,1,277.23,South Indian
838,2085,3,220.87,North Indian
838,2086,3,165.91,South Indian
838,2087,3,152.56,Pizza
839,2088,3,235.67,Cafe
840,2089,2,175.93,Cafe
840,2090,3,251.81,Cafe
840,2091,1,198.83,North Indian
840,2092,2,289.91,Cafe
841,2093,1,204.79,Chinese
841,2094,2,230.0,Pizza
841,2095,1,219.1,Street Food
841,2096,1,160.38,Cafe
842,2097,1,265.06,Cafe
842,2098,2,222.51,South Indian
842,2099,3,88.65,Pizza
843,2100,2,233.09,North Indian
843,2101,3,231.55,Pizza
844,2102,3,176.36,South Indian
845,2103,1,122.48,Street Food
845,2104,3,132.47,Pizza
846,2105,3,221.55,Pizza
847,2106,1,88.15,North Indian
847,2107,2,253.31,North Indian
847,2108,2,106.0,Cafe
847,2109,3,226.81,Pizza
848,2110,3,207.46,North Indian
848,2111,1,241.8,Pizza
849,2112,2,279.58,Biryani
850,2113,1,234.29,South Indian
851,2114,1,219.19,Chinese
852,2115,2,214.47,Cafe
853,2116,1,105.12,Biryani
854,2117,1,256.98,Pizza
854,2118,2,258.53,Street Food
855,2119,2,106.58,Street Food
855,2120,3,200.09,Chinese
855,2121,1,248.13,Biryani
855,2122,1,153.81,North Indian
856,2123,1,246.66,South Indian
856,2124,3,161.38,South Indian
856,2125,2,133.6,Biryani
857,2126,1,101.99,Cafe
858,2127,1,83.44,Pizza
858,2128,1,81.4,South Indian
858,2129,1,235.48,Biryani
858,2130,2,171.57,Cafe
859,2131,3,107.92,South Indian
859,2132,3,139.61,Pizza
859,2133,2,132.64,South Indian
859,2134,3,232.17,Biryani
860,2135,3,189.98,North Indian
860,2136,3,261.83,Chinese
861,2137,2,81.01,South Indian
861,2138,1,105.85,Biryani
861,2139,1,216.16,Cafe
862,2140,2,249.47,Street Food
862,2141,1,140.81,South Indian
863,2142,1,230.75,Pizza
864,2143,1,115.15,North Indian
864,2144,1,221.87,Chinese
864,2145,1,175.63,Chinese
864,2146,3,257.13,Cafe
865,2147,1,102.97,North Indian
865,2148,3,118.7,Cafe
865,2149,1,186.71,North Indian
865,2150,1,276.92,Street Food
866,2151,3,207.55,Pizza
866,2152,1,244.36,Chinese
866,2153,1,251.37,Chinese
866,2154,1,101.57,Street Food
867,2155,1,162.62,South Indian
867,2156,1,183.62,Pizza
867,2157,1,275.91,South Indian
867,2158,1,284.14,Pizza
868,2159,2,162.17,Pizza
868,2160,3,122.71,Chinese
869,2161,1,153.9,North Indian
869,2162,3,205.11,Chinese
869,2163,1,104.44,Pizza
870,2164,2,117.66,Chinese
870,2165,1,275.01,Biryani
870,2166,1,253.7,Street Food
870,2167,3,279.23,Biryani
871,2168,1,170.57,Biryani
871,2169,2,269.68,South Indian
872,2170,2,141.42,Street Food
872,2171,2,241.96,South Indian
872,2172,1,152.01,Biryani
872,2173,1,276.2,Biryani
873,2174,3,277.62,Pizza
873,2175,1,88.81,Pizza
874,2176,2,196.85,Pizza
875,2177,2,188.96,North Indian
876,2178,3,240.99,South Indian
877,2179,2,145.07,Street Food
877,2180,1,83.5,Street Food
878,2181,1,234.73,Cafe
878,2182,3,244.4,North Indian
878,2183,2,182.03,South Indian
879,2184,1,253.77,Chinese
879,2185,3,182.15,Street Food
879,2186,1,269.28,North Indian
879,2187,2,276.56,Chinese
880,2188,2,173.7,Chinese
881,2189,3,97.81,Chinese
881,2190,3,285.09,Biryani
882,2191,1,104.41,Chinese
882,2192,2,216.21,Chinese
882,2193,2,118.56,Biryani
883,2194,3,236.05,South Indian
884,2195,2,132.5,North Indian
884,2196,3,185.27,Cafe
885,2197,3,247.39,Chinese
885,2198,2,277.55,Biryani
886,2199,2,91.98,Chinese
886,2200,2,179.53,Biryani
886,2201,3,262.5,Pizza
886,2202,3,197.02,Cafe
887,2203,2,216.61,Cafe
887,2204,3,287.98,Cafe
887,2205,1,121.44,Pizza
888,2206,1,165.95,South Indian
889,2207,1,104.06,Chinese
889,2208,1,233.36,Pizza
889,2209,1,272.5,Biryani
890,2210,2,171.64,Street Food
891,2211,2,156.27,Pizza
891,2212,3,221.83,Chinese
892,2213,1,84.85,Cafe
892,2214,1,263.69,Biryani
893,2215,2,207.32,Street Food
893,2216,3,253.1,Pizza
893,2217,3,226.49,Biryani
894,2218,2,146.9,South Indian
894,2219,2,117.78,Chinese
894,2220,1,186.53,Chinese
894,2221,1,112.63,Chinese
895,2222,1,216.1,South Indian
895,2223,3,197.77,South Indian
895,2224,1,264.65,Street Food
895,2225,3,254.78,South Indian
896,2226,1,89.05,Chinese
896,2227,3,107.82,Chinese
897,2228,1,125.13,Street Food
897,2229,1,226.42,Chinese
897,2230,1,162.04,Biryani
898,2231,3,146.34,North Indian
898,2232,2,284.84,Cafe
899,2233,2,284.12,South Indian
899,2234,1,293.43,Biryani
900,2235,3,235.2,Pizza
900,2236,2,293.31,Cafe
900,2237,3,226.72,Cafe
901,2238,2,231.61,Street Food
901,2239,2,278.04,South Indian
901,2240,3,201.21,Chinese
901,2241,1,168.36,Cafe
902,2242,2,158.63,Chinese
902,2243,1,213.79,South Indian
903,2244,2,123.06,North Indian
903,2245,3,266.88,Street Food
904,2246,3,166.77,Pizza
905,2247,3,213.12,North Indian
905,2248,3,159.43,South Indian
905,2249,3,267.84,Chinese
906,2250,2,82.68,Chinese
906,2251,2,147.78,Pizza
906,2252,3,99.27,Street Food
906,2253,2,243.14,Pizza
907,2254,2,116.03,Street Food
907,2255,2,240.29,Pizza
907,2256,1,263.81,Biryani
907,2257,1,111.6,Chinese
908,2258,3,297.06,North Indian
908,2259,3,246.35,North Indian
908,2260,1,170.08,Chinese
908,2261,2,118.48,Pizza
909,2262,1,120.92,Pizza
909,2263,2,201.85,North Indian
910,2264,3,146.86,Biryani
910,2265,3,181.96,North Indian
910,2266,1,113.89,Chinese
911,2267,1,223.84,Chinese
911,2268,2,119.46,Street Food
911,2269,3,133.85,North Indian
911,2270,2,188.47,North Indian
912,2271,3,185.71,Pizza
912,2272,2,218.16,Pizza
912,2273,3,260.02,Chinese
913,2274,2,115.83,North Indian
914,2275,2,181.43,Street Food
914,2276,1,158.62,North Indian
915,2277,2,172.29,Chinese
915,2278,1,143.77,Biryani
915,2279,3,285.99,Biryani
916,2280,3,120.31,North Indian
916,2281,3,245.58,Biryani
917,2282,2,261.9,Street Food
917,2283,2,139.72,Street Food
917,2284,3,159.75,Biryani
918,2285,1,82.84,Biryani
918,2286,2,162.06,Pizza
918,2287,2,154.87,South Indian
919,2288,1,114.0,South Indian
920,2289,3,214.95,Cafe
920,2290,3,266.14,Street Food
921,2291,2,181.31,North Indian
922,2292,1,283.15,Pizza
923,2293,2,232.03,South Indian
923,2294,2,275.74,Biryani
923,2295,3,247.99,Chinese
924,2296,3,147.03,Street Food
924,2297,1,128.92,Cafe
925,2298,3,129.85,South Indian
925,2299,1,108.65,North Indian
926,2300,3,247.87,North Indian
926,2301,1,84.14,Pizza
926,2302,2,89.35,North Indian
926,2303,1,254.47,Biryani
927,2304,2,106.16,Chinese
928,2305,1,146.36,North Indian
929,2306,1,282.42,South Indian
930,2307,1,227.53,North Indian
930,2308,1,112.02,Street Food
931,2309,3,156.52,South Indian
931,2310,3,251.78,Biryani
931,2311,1,191.08,North Indian
932,2312,3,247.91,Biryani
933,2313,3,122.14,Chinese
933,2314,1,278.37,Biryani
934,2315,3,101.71,South Indian
935,2316,2,233.59,South Indian
935,2317,2,228.18,North Indian
935,2318,1,263.64,Pizza
935,2319,2,127.14,South Indian
936,2320,1,247.51,Chinese
936,2321,1,182.5,Biryani
936,2322,1,189.08,Chinese
936,2323,3,143.42,Street Food
937,2324,1,152.19,North Indian
938,2325,2,180.53,Street Food
938,2326,2,231.15,Cafe
938,2327,2,129.69,Pizza
938,2328,2,296.69,Pizza
939,2329,1,276.85,Cafe
939,2330,2,286.6,Chinese
940,2331,1,299.72,Pizza
940,2332,3,103.14,Pizza
941,2333,1,111.54,Pizza
942,2334,3,283.56,South Indian
943,2335,2,294.55,Chinese
944,2336,3,265.69,Pizza
944,2337,1,131.23,Pizza
945,2338,2,248.26,Cafe
945,2339,3,210.6,Cafe
945,2340,3,287.51,Chinese
945,2341,2,226.67,Pizza
946,2342,3,141.36,Cafe
946,2343,2,103.77,Chinese
946,2344,2,189.4,Street Food
946,2345,1,86.54,Street Food
947,2346,1,189.59,North Indian
948,2347,2,213.01,Chinese
948,2348,1,146.61,Biryani
949,2349,1,225.44,Biryani
950,2350,2,124.42,Street Food
950,2351,2,187.86,Chinese
950,2352,3,155.6,Cafe
950,2353,3,200.26,Cafe
951,2354,2,273.63,North Indian
952,2355,2,149.2,Pizza
952,2356,2,181.12,North Indian
952,2357,1,202.47,Cafe
952,2358,2,274.63,South Indian
953,2359,2,109.59,Street Food
953,2360,2,187.24,North Indian
953,2361,3,228.51,Street Food
953,2362,3,230.78,Biryani
954,2363,2,203.7,South Indian
954,2364,3,92.26,Chinese
954,2365,2,210.03,Pizza
954,2366,3,228.83,Cafe
955,2367,2,93.51,Biryani
955,2368,1,108.2,Chinese
955,2369,2,258.1,Biryani
956,2370,3,155.08,North Indian
957,2371,2,298.23,Pizza
957,2372,2,92.42,South Indian
957,2373,1,131.62,Chinese
957,2374,3,98.69,Street Food
958,2375,2,105.18,South Indian
959,2376,3,151.75,Pizza
960,2377,3,193.25,Pizza
960,2378,2,84.49,Pizza
960,2379,3,84.89,Chinese
960,2380,2,205.48,Chinese
961,2381,2,102.01,Street Food
962,2382,2,189.28,Cafe
962,2383,3,154.7,Biryani
963,2384,2,293.27,South Indian
963,2385,2,219.8,Cafe
963,2386,1,264.88,Biryani
964,2387,2,138.33,Chinese
964,2388,3,168.45,South Indian
965,2389,3,265.72,North Indian
966,2390,2,94.8,Cafe
966,2391,3,184.56,South Indian
966,2392,2,255.04,Street Food
967,2393,3,256.91,Pizza
967,2394,3,198.79,South Indian
967,2395,2,168.51,Biryani
968,2396,3,247.96,South Indian
968,2397,1,218.13,Biryani
968,2398,1,206.91,South Indian
968,2399,3,291.67,Street Food
969,2400,2,286.18,Biryani
969,2401,3,267.61,Pizza
969,2402,3,239.86,North Indian
969,2403,3,124.14,Pizza
970,2404,1,113.1,Street Food
970,2405,2,265.71,Pizza
971,2406,1,219.46,Cafe
971,2407,2,138.73,Chinese
971,2408,3,115.33,Street Food
972,2409,2,132.47,South Indian
972,2410,1,86.09,Cafe
973,2411,2,186.78,Pizza
973,2412,2,222.32,North Indian
973,2413,1,115.06,South Indian
974,2414,2,253.73,Chinese
975,2415,3,267.55,Street Food
975,2416,2,252.09,North Indian
976,2417,2,212.35,Cafe
977,2418,2,277.29,Street Food
978,2419,2,287.5,Street Food
979,2420,1,104.63,Street Food
979,2421,3,285.25,Biryani
980,2422,2,274.6,South Indian
980,2423,3,106.9,Cafe
980,2424,2,152.44,Biryani
981,2425,3,243.67,Pizza
981,2426,1,111.74,South Indian
981,2427,1,293.38,Pizza
981,2428,2,135.95,Biryani
982,2429,2,197.36,Street Food
983,2430,2,200.06,Pizza
984,2431,2,273.48,South Indian
984,2432,2,184.55,Chinese
985,2433,1,221.99,Biryani
985,2434,1,265.12,Street Food
985,2435,1,231.95,Cafe
986,2436,2,201.6,Chinese
986,2437,3,290.87,Chinese
987,2438,3,270.73,Cafe
988,2439,2,81.73,Pizza
988,2440,2,146.2,Cafe
988,2441,1,145.43,Cafe
988,2442,1,281.5,Street Food
989,2443,3,169.38,North Indian
989,2444,2,270.62,Cafe
989,2445,2,183.64,Pizza
990,2446,3,172.92,Cafe
990,2447,1,261.37,Street Food
990,2448,2,191.39,Chinese
991,2449,3,240.43,Biryani
991,2450,3,151.89,Street Food
991,2451,1,247.63,Street Food
991,2452,3,120.42,Pizza
992,2453,1,168.15,Street Food
992,2454,2,149.02,North Indian
993,2455,1,134.91,Street Food
994,2456,3,230.87,Cafe
994,2457,2,179.33,Cafe
995,2458,2,118.17,Biryani
995,2459,2,255.9,South Indian
996,2460,2,160.87,Pizza
997,2461,3,129.39,North Indian
997,2462,3,222.36,Street Food
997,2463,1,279.51,Pizza
997,2464,1,137.59,Cafe
998,2465,1,168.23,Pizza
998,2466,3,137.23,North Indian
999,2467,1,288.39,North Indian
999,2468,1,238.09,Pizza
999,2469,2,262.0,Pizza
1000,2470,1,236.98,South Indian
1001,2471,2,244.22,Pizza
1001,2472,1,174.89,South Indian
1001,2473,3,127.42,Cafe
1002,2474,3,228.98,Pizza
1002,2475,1,169.88,South Indian
1002,2476,1,143.84,Chinese
1003,2477,3,179.21,South Indian
1003,2478,2,208.24,Street Food
1004,2479,1,82.27,South Indian
1004,2480,2,294.37,Pizza
1004,2481,3,126.69,Pizza
1004,2482,3,173.12,Biryani
1005,2483,1,100.96,North Indian
1005,2484,1,153.23,South Indian
1005,2485,2,279.81,Biryani
1006,2486,1,135.8,Biryani
1007,2487,2,295.06,Street Food
1007,2488,2,109.09,Biryani
1007,2489,1,207.71,Chinese
1007,2490,1,190.82,Chinese
1008,2491,1,99.72,Street Food
1008,2492,3,175.24,Chinese
1008,2493,1,148.92,South Indian
1008,2494,2,271.77,Cafe
1009,2495,3,159.33,Pizza
1009,2496,2,278.61,Chinese
1009,2497,3,262.51,Chinese
1010,2498,2,276.39,Chinese
1010,2499,3,298.8,Cafe
1010,2500,1,202.25,Street Food
1011,2501,1,121.56,North Indian
1011,2502,1,120.29,Pizza
1011,2503,2,115.98,Pizza
1011,2504,2,105.53,Pizza
1012,2505,2,158.43,Street Food
1013,2506,2,188.46,Cafe
1013,2507,3,270.71,North Indian
1013,2508,2,100.59,Cafe
1013,2509,2,119.74,South Indian
1014,2510,3,276.0,Biryani
1014,2511,1,208.38,North Indian
1014,2512,3,248.71,South Indian
1015,2513,1,134.15,Pizza
1015,2514,3,100.75,Chinese
1015,2515,1,142.54,Street Food
1015,2516,1,166.72,Biryani
1016,2517,2,113.83,North Indian
1017,2518,3,225.1,Pizza
1017,2519,3,290.14,Biryani
1017,2520,3,81.28,North Indian
1017,2521,3,216.92,Pizza
1018,2522,3,299.96,Cafe
1018,2523,3,108.45,Cafe
1018,2524,1,256.34,Chinese
1019,2525,1,243.64,Biryani
1019,2526,3,163.91,Pizza
1019,2527,2,119.16,Cafe
1020,2528,1,84.51,South Indian
1020,2529,1,165.47,Pizza
1020,2530,2,222.38,Street Food
1020,2531,1,106.53,Pizza
1021,2532,3,257.4,Chinese
1021,2533,3,212.77,Chinese
1021,2534,3,101.14,Chinese
1021,2535,3,123.97,Pizza
1022,2536,2,139.07,Biryani
1022,2537,2,99.85,Pizza
1022,2538,2,215.05,Pizza
1022,2539,3,173.72,North Indian
1023,2540,2,228.82,Street Food
1023,2541,3,237.0,Pizza
1023,2542,3,218.5,Biryani
1024,2543,2,183.01,North Indian
1025,2544,2,112.69,South Indian
1025,2545,3,278.64,Cafe
1025,2546,1,195.08,Chinese
1025,2547,3,90.5,North Indian
1026,2548,3,103.68,Pizza
1027,2549,1,182.22,Street Food
1027,2550,3,258.82,Chinese
1027,2551,2,208.82,Cafe
1027,2552,3,83.58,Street Food
1028,2553,1,252.96,Cafe
1028,2554,2,89.96,Pizza
1028,2555,3,145.48,Biryani
1028,2556,3,180.1,Street Food
1029,2557,3,257.72,Chinese
1029,2558,1,126.44,North Indian
1029,2559,3,296.08,Chinese
1029,2560,3,103.39,Biryani
1030,2561,1,166.89,North Indian
1031,2562,3,184.97,Street Food
1031,2563,2,271.13,Street Food
1032,2564,2,216.07,Biryani
1032,2565,2,231.95,Street Food
1032,2566,3,166.9,Chinese
1032,2567,1,107.52,North Indian
1033,2568,1,259.51,Street Food
1033,2569,1,268.98,South Indian
1034,2570,3,111.93,South Indian
1034,2571,2,265.26,Cafe
1034,2572,3,122.0,Chinese
1034,2573,2,112.6,Pizza
1035,2574,1,116.54,South Indian
1036,2575,2,183.73,Cafe
1036,2576,2,208.75,South Indian
1036,2577,2,205.27,Cafe
1036,2578,2,91.2,North Indian
1037,2579,3,266.48,Pizza
1038,2580,2,242.16,Biryani
1038,2581,3,201.95,Chinese
1038,2582,1,187.25,Pizza
1038,2583,3,210.03,Biryani
1039,2584,1,237.14,Biryani
1039,2585,1,172.84,Chinese
1039,2586,3,93.97,Street Food
1039,2587,2,275.61,North Indian
1040,2588,3,286.57,Chinese
1040,2589,2,233.45,North Indian
1040,2590,1,143.36,South Indian
1040,2591,2,155.65,South Indian
1041,2592,3,280.0,Chinese
1041,2593,3,267.76,Street Food
1042,2594,1,274.3,Street Food
1042,2595,3,165.88,Pizza
1042,2596,3,223.55,Chinese
1042,2597,2,255.95,Cafe
1043,2598,3,125.59,Street Food
1043,2599,3,98.96,Pizza
1044,2600,1,123.89,Biryani
1044,2601,2,102.2,Pizza
1045,2602,2,131.64,Biryani
1045,2603,1,299.84,Chinese
1045,2604,2,158.55,South Indian
1045,2605,1,262.15,Biryani
1046,2606,1,154.3,North Indian
1047,2607,1,203.64,Pizza
1047,2608,2,298.61,Cafe
1048,2609,1,249.42,Biryani
1048,2610,2,277.19,Cafe
1048,2611,3,272.21,Biryani
1049,2612,3,91.09,Pizza
1050,2613,1,294.43,Cafe
1050,2614,3,214.12,Cafe
1050,2615,1,261.19,North Indian
1050,2616,3,103.19,Street Food
1051,2617,1,280.42,South Indian
1052,2618,3,177.13,Biryani
1052,2619,2,241.16,North Indian
1052,2620,1,222.36,Chinese
1053,2621,1,266.69,Pizza
1053,2622,2,249.23,North Indian
1054,2623,2,155.09,Biryani
1054,2624,1,98.75,Chinese
1055,2625,2,218.48,South Indian
1055,2626,1,245.71,Biryani
1055,2627,2,253.19,South Indian
1055,2628,2,170.95,Pizza
1056,2629,3,254.81,Chinese
1056,2630,1,177.37,Cafe
1056,2631,1,237.88,Biryani
1056,2632,1,98.65,Chinese
1057,2633,1,175.5,Pizza
1057,2634,1,225.24,Street Food
1057,2635,1,278.55,North Indian
1057,2636,3,295.61,Cafe
1058,2637,2,168.44,Street Food
1058,2638,3,201.79,Chinese
1058,2639,3,243.39,Chinese
1059,2640,2,278.05,Biryani
1060,2641,3,168.87,Street Food
1060,2642,1,275.27,Biryani
1061,2643,3,155.96,Cafe
1061,2644,3,168.99,South Indian
1061,2645,2,98.54,Biryani
1061,2646,2,165.8,Street Food
1062,2647,3,298.22,Chinese
1062,2648,1,100.42,Biryani
1063,2649,3,154.96,Street Food
1063,2650,1,85.15,Cafe
1063,2651,3,210.35,South Indian
1064,2652,3,173.0,Biryani
1064,2653,1,241.04,Cafe
1064,2654,2,137.15,Biryani
1065,2655,1,90.5,Street Food
1065,2656,1,178.72,Biryani
1065,2657,3,81.15,Chinese
1066,2658,3,297.58,Biryani
1066,2659,3,276.75,Street Food
1067,2660,2,145.82,Street Food
1067,2661,3,206.01,South Indian
1068,2662,3,242.25,North Indian
1068,2663,2,193.62,South Indian
1068,2664,2,179.95,South Indian
1068,2665,3,173.65,Pizza
1069,2666,1,93.68,South Indian
1070,2667,1,178.16,Chinese
1070,2668,3,195.78,Biryani
1070,2669,3,194.17,Pizza
1070,2670,2,208.55,Street Food
1071,2671,2,231.58,Pizza
1071,2672,3,294.12,Cafe
1071,2673,1,111.76,South Indian
1071,2674,2,236.45,South Indian
1072,2675,3,126.78,Pizza
1073,2676,3,114.5,Biryani
1074,2677,1,212.35,Pizza
1074,2678,1,106.59,Biryani
1074,2679,2,88.86,South Indian
1075,2680,2,147.08,Chinese
1076,2681,2,186.9,Cafe
1076,2682,1,111.27,Biryani
1076,2683,2,90.7,Chinese
1077,2684,1,120.28,Street Food
1077,2685,2,80.46,Biryani
1077,2686,2,94.86,North Indian
1078,2687,2,206.07,Biryani
1078,2688,2,278.06,Cafe
1078,2689,2,184.55,Street Food
1078,2690,3,109.22,South Indian
1079,2691,2,226.79,South Indian
1079,2692,3,151.55,Cafe
1079,2693,3,226.19,Pizza
1079,2694,2,131.22,Pizza
1080,2695,3,90.08,Street Food
1080,2696,2,241.9,Street Food
1080,2697,1,270.51,Street Food
1081,2698,3,218.62,Cafe
1082,2699,3,221.94,Street Food
1082,2700,3,98.73,Biryani
1082,2701,3,206.91,North Indian
1083,2702,2,190.58,North Indian
1083,2703,1,224.82,Biryani
1084,2704,1,140.49,South Indian
1084,2705,1,262.53,Cafe
1085,2706,1,257.52,Biryani
1085,2707,2,168.4,North Indian
1085,2708,2,269.63,North Indian
1085,2709,2,176.14,Pizza
1086,2710,3,149.82,Chinese
1087,2711,1,295.55,Biryani
1088,2712,2,111.69,Chinese
1088,2713,1,113.93,Pizza
1089,2714,1,215.18,Chinese
1089,2715,1,85.98,North Indian
1090,2716,2,101.72,South Indian
1090,2717,2,276.46,Chinese
1090,2718,2,287.15,North Indian
1091,2719,1,132.72,Biryani
1092,2720,2,191.9,Biryani
1092,2721,2,288.86,Chinese
1093,2722,2,182.26,Pizza
1094,2723,2,86.36,Street Food
1095,2724,1,139.22,Biryani
1095,2725,3,102.33,Cafe
1096,2726,2,205.01,Pizza
1096,2727,1,266.18,Biryani
1097,2728,1,162.13,South Indian
1097,2729,1,198.26,Pizza
1098,2730,1,80.22,Pizza
1098,2731,3,143.63,South Indian
1098,2732,1,93.24,Pizza
1098,2733,2,211.53,Cafe
1099,2734,2,265.34,South Indian
1099,2735,3,264.95,Chinese
1099,2736,1,115.51,Biryani
1099,2737,3,95.39,North Indian
1100,2738,3,107.05,South Indian
1100,2739,3,202.43,Chinese
1100,2740,2,126.39,Biryani
1100,2741,2,274.46,Chinese
1101,2742,3,179.6,South Indian
1101,2743,3,296.26,Chinese
1101,2744,1,181.16,Biryani
1102,2745,1,281.08,South Indian
1102,2746,3,282.9,Biryani
1102,2747,2,80.94,North Indian
1103,2748,2,202.27,Street Food
1103,2749,3,187.57,Pizza
1104,2750,3,223.28,Biryani
1105,2751,3,177.94,North Indian
1106,2752,2,262.04,Chinese
1106,2753,2,118.98,Cafe
1106,2754,3,296.44,North Indian
1107,2755,2,285.97,Pizza
1107,2756,1,128.73,North Indian
1107,2757,2,229.72,Street Food
1107,2758,2,122.13,Cafe
1108,2759,3,128.65,Pizza
1108,2760,2,88.1,Pizza
1108,2761,3,235.53,South Indian
1109,2762,1,296.54,Street Food
1110,2763,1,271.38,Biryani
1110,2764,3,188.68,Biryani
1110,2765,1,225.16,Biryani
1110,2766,3,230.12,Biryani
1111,2767,1,209.4,Street Food
1111,2768,1,108.03,Biryani
1112,2769,3,240.36,Chinese
1112,2770,1,266.49,North Indian
1113,2771,3,203.23,Pizza
1113,2772,1,286.34,Street Food
1113,2773,3,287.48,North Indian
1114,2774,2,265.76,Pizza
1114,2775,2,106.78,Biryani
1114,2776,2,189.03,Biryani
1115,2777,3,129.4,Chinese
1116,2778,3,178.75,North Indian
1116,2779,2,122.81,North Indian
1116,2780,3,257.69,Street Food
1116,2781,1,295.18,Pizza
1117,2782,1,123.31,Chinese
1118,2783,1,217.72,North Indian
1118,2784,1,185.59,Cafe
1118,2785,1,210.36,Street Food
1119,2786,2,134.37,Pizza
1119,2787,1,290.94,Cafe
1119,2788,1,260.76,Biryani
1120,2789,1,250.66,Biryani
1120,2790,2,248.1,Street Food
1121,2791,3,107.46,North Indian
1121,2792,1,163.03,Cafe
1121,2793,3,94.31,South Indian
1121,2794,1,282.21,Pizza
1122,2795,2,214.36,Pizza
1123,2796,1,229.06,Biryani
1124,2797,2,266.98,Pizza
1125,2798,3,245.43,South Indian
1126,2799,2,164.46,Cafe
1127,2800,3,216.23,Chinese
1127,2801,3,286.27,Cafe
1127,2802,1,179.9,Chinese
1127,2803,3,122.35,North Indian
1128,2804,3,236.93,Biryani
1129,2805,3,107.72,Biryani
1129,2806,2,158.19,Pizza
1130,2807,1,133.49,Cafe
1130,2808,1,93.31,Chinese
1130,2809,3,175.89,Street Food
1130,2810,2,148.46,Biryani
1131,2811,1,183.3,Biryani
1131,2812,2,144.03,North Indian
1132,2813,1,132.23,Cafe
1132,2814,3,268.91,Pizza
1133,2815,1,294.83,Street Food
1133,2816,1,252.76,Chinese
1133,2817,1,226.93,Street Food
1134,2818,3,232.33,Cafe
1134,2819,3,204.54,Chinese
1134,2820,3,145.92,Chinese
1134,2821,1,103.07,Cafe
1135,2822,2,128.27,North Indian
1136,2823,3,130.66,Biryani
1136,2824,1,132.58,Street Food
1137,2825,3,162.7,Pizza
1137,2826,1,261.74,North Indian
1137,2827,2,82.18,Chinese
1138,2828,3,105.34,Chinese
1139,2829,1,218.89,Cafe
1139,2830,2,89.66,North Indian
1139,2831,1,123.52,South Indian
1139,2832,1,274.78,Street Food
1140,2833,2,266.46,South Indian
1140,2834,1,123.12,South Indian
1141,2835,1,84.62,Street Food
1141,2836,1,163.36,Cafe
1141,2837,1,154.44,South Indian
1142,2838,2,132.83,Cafe
1142,2839,2,225.4,Biryani
1142,2840,3,273.97,Street Food
1143,2841,1,111.78,South Indian
1144,2842,1,197.16,Street Food
1144,2843,2,149.95,Pizza
1145,2844,1,247.88,Biryani
1145,2845,1,267.98,Chinese
1146,2846,2,134.38,Street Food
1146,2847,2,272.03,Cafe
1147,2848,1,240.01,Cafe
1147,2849,2,254.02,Biryani
1147,2850,1,116.84,Pizza
1147,2851,3,245.25,Chinese
1148,2852,3,182.14,Chinese
1148,2853,3,162.25,Street Food
1148,2854,2,237.44,Pizza
1148,2855,2,139.03,Pizza
1149,2856,1,128.3,South Indian
1150,2857,1,167.1,Chinese
1150,2858,2,275.52,Biryani
1150,2859,1,285.81,Chinese
1150,2860,2,201.12,South Indian
1151,2861,2,177.79,Chinese
1152,2862,3,89.05,Biryani
1152,2863,3,154.0,Pizza
1153,2864,2,169.97,Cafe
1153,2865,2,149.74,Pizza
1153,2866,1,119.5,South Indian
1153,2867,2,221.98,Chinese
1154,2868,2,265.37,Biryani
1155,2869,2,283.85,North Indian
1156,2870,1,159.25,Biryani
1157,2871,2,123.26,Chinese
1157,2872,2,146.6,Cafe
1158,2873,1,235.24,South Indian
1158,2874,3,242.76,Chinese
1158,2875,1,249.42,Chinese
1159,2876,2,288.08,Cafe
1159,2877,3,246.72,North Indian
1159,2878,2,223.9,Cafe
1160,2879,2,130.07,Street Food
1160,2880,3,126.17,South Indian
1161,2881,3,259.17,Chinese
1161,2882,1,148.88,South Indian
1161,2883,2,249.43,Street Food
1161,2884,2,126.11,Pizza
1162,2885,2,110.57,Cafe
1163,2886,2,287.54,North Indian
1163,2887,2,258.29,Cafe
1164,2888,2,129.61,Pizza
1164,2889,3,245.58,Cafe
1164,2890,3,198.27,Chinese
1165,2891,3,252.78,South Indian
1166,2892,2,205.0,Cafe
1166,2893,3,281.03,Biryani
1167,2894,2,124.93,Pizza
1167,2895,1,197.59,South Indian
1167,2896,2,103.9,Biryani
1167,2897,2,220.58,Chinese
1168,2898,1,102.95,Biryani
1169,2899,1,261.82,Biryani
1169,2900,2,85.9,South Indian
1170,2901,2,142.44,South Indian
1171,2902,3,195.37,Pizza
1171,2903,1,161.1,North Indian
1171,2904,1,151.89,Pizza
1172,2905,1,297.71,South Indian
1172,2906,3,172.05,Street Food
1172,2907,1,165.58,Cafe
1172,2908,1,108.59,South Indian
1173,2909,2,259.94,Street Food
1173,2910,2,114.93,Biryani
1173,2911,2,209.25,Biryani
1174,2912,2,124.37,South Indian
1174,2913,2,94.07,Pizza
1174,2914,3,257.66,Biryani
1174,2915,2,280.27,Pizza
1175,2916,2,206.75,Street Food
1175,2917,1,143.34,Pizza
1175,2918,2,234.07,Street Food
1175,2919,2,166.04,Cafe
1176,2920,2,134.81,Biryani
1176,2921,3,175.06,Pizza
1177,2922,3,205.1,Pizza
1177,2923,3,288.05,South Indian
1178,2924,2,274.16,Biryani
1178,2925,2,226.66,North Indian
1179,2926,2,170.48,Cafe
1179,2927,3,106.67,Chinese
1180,2928,1,190.97,Cafe
1181,2929,2,179.21,Chinese
1181,2930,1,191.33,Pizza
1181,2931,1,96.1,Street Food
1182,2932,2,155.6,Pizza
1182,2933,1,167.27,North Indian
1182,2934,2,105.23,South Indian
1182,2935,2,227.47,Pizza
1183,2936,2,95.01,Biryani
1183,2937,3,133.3,Pizza
1183,2938,1,183.57,Chinese
1183,2939,1,117.53,North Indian
1184,2940,1,144.71,Biryani
1185,2941,1,97.07,Cafe
1185,2942,1,229.02,South Indian
1185,2943,2,158.78,South Indian
1185,2944,3,87.58,Street Food
1186,2945,2,233.28,Cafe
1186,2946,3,258.53,Street Food
1187,2947,2,231.88,Pizza
1188,2948,3,81.03,Cafe
1189,2949,1,284.34,Chinese
1189,2950,1,124.0,North Indian
1189,2951,2,86.15,North Indian
1189,2952,2,260.52,Street Food
1190,2953,1,290.92,North Indian
1191,2954,3,116.75,Pizza
1191,2955,3,103.69,Chinese
1192,2956,3,217.89,Biryani
1192,2957,1,285.55,Pizza
1192,2958,2,106.58,South Indian
1193,2959,2,151.14,North Indian
1194,2960,3,149.57,Pizza
1194,2961,1,180.93,North Indian
1194,2962,3,259.32,Street Food
1194,2963,3,161.18,North Indian
1195,2964,2,146.34,Biryani
1195,2965,2,296.28,North Indian
1196,2966,2,290.99,Biryani
1196,2967,2,295.91,Street Food
1197,2968,3,283.4,Cafe
1197,2969,3,109.24,South Indian
1197,2970,3,247.58,Street Food
1197,2971,2,295.16,Street Food
1198,2972,1,153.72,Biryani
1198,2973,3,178.76,Biryani
1198,2974,3,243.2,Biryani
1198,2975,3,235.02,North Indian
1199,2976,1,215.6,North Indian
1199,2977,2,132.01,Pizza
1200,2978,3,97.47,South Indian
1200,2979,2,189.72,South Indian
1201,2980,2,124.96,North Indian
1201,2981,1,283.15,Biryani
1202,2982,3,273.01,South Indian
1202,2983,2,149.86,Cafe
1202,2984,1,194.59,Pizza
1202,2985,3,258.8,Cafe
1203,2986,1,266.33,Chinese
1204,2987,1,125.28,North Indian
1204,2988,3,297.44,Cafe
1204,2989,3,233.18,South Indian
1205,2990,3,150.76,Pizza
1205,2991,3,81.33,Cafe
1205,2992,2,95.4,South Indian
1205,2993,1,219.56,South Indian
1206,2994,1,100.19,Biryani
1206,2995,3,262.87,South Indian
1207,2996,3,97.2,Street Food
1207,2997,2,148.52,Street Food
1208,2998,1,173.28,Biryani
1208,2999,1,146.68,Biryani
1209,3000,3,124.31,Cafe
1209,3001,2,97.6,Chinese
1209,3002,2,163.1,Pizza
1209,3003,2,172.99,Biryani
1210,3004,1,260.31,Cafe
1210,3005,2,84.36,Pizza
1210,3006,2,267.89,Cafe
1210,3007,2,210.94,South Indian
1211,3008,2,163.7,Chinese
1211,3009,2,142.31,Biryani
1212,3010,1,153.31,Street Food
1212,3011,2,123.06,South Indian
1212,3012,1,82.82,Biryani
1212,3013,3,239.58,Pizza
1213,3014,2,286.86,Street Food
1213,3015,2,164.49,Chinese
1213,3016,3,297.25,North Indian
1213,3017,2,274.7,North Indian
1214,3018,3,115.72,Cafe
1214,3019,2,290.56,Cafe
1214,3020,3,156.69,Street Food
1214,3021,2,219.7,Chinese
1215,3022,3,164.77,Pizza
1216,3023,1,185.1,Cafe
1216,3024,2,218.81,Street Food
1217,3025,3,226.45,South Indian
1218,3026,3,180.2,Street Food
1218,3027,1,135.94,Biryani
1218,3028,3,289.39,Cafe
1219,3029,1,105.68,North Indian
1219,3030,3,236.55,Pizza
1220,3031,3,208.96,North Indian
1220,3032,3,280.19,Pizza
1220,3033,1,262.54,Chinese
1220,3034,3,146.49,Biryani
1221,3035,3,147.76,Pizza
1221,3036,3,271.27,North Indian
1221,3037,3,205.97,Cafe
1221,3038,2,259.13,Chinese
1222,3039,3,167.55,Chinese
1222,3040,1,297.15,Cafe
1223,3041,1,101.31,Cafe
1223,3042,3,171.92,Pizza
1223,3043,3,143.43,Pizza
1223,3044,1,118.81,South Indian
1224,3045,1,187.02,Biryani
1224,3046,1,179.15,Cafe
1225,3047,1,124.21,Street Food
1225,3048,1,258.02,South Indian
1226,3049,2,176.96,Biryani
1226,3050,1,271.04,South Indian
1226,3051,1,144.49,Pizza
1227,3052,2,94.14,North Indian
1228,3053,2,186.74,Cafe
1228,3054,1,82.09,Chinese
1229,3055,3,208.14,North Indian
1230,3056,1,194.91,North Indian
1231,3057,3,194.42,Cafe
1231,3058,2,285.07,Pizza
1231,3059,2,212.96,Chinese
1231,3060,2,230.01,Chinese
1232,3061,1,287.02,Street Food
1232,3062,2,163.26,North Indian
1232,3063,2,272.08,Cafe
1233,3064,1,180.52,Street Food
1234,3065,3,263.79,South Indian
1234,3066,1,212.42,Cafe
1234,3067,3,141.48,Street Food
1234,3068,1,161.05,Biryani
1235,3069,3,170.89,South Indian
1235,3070,1,296.96,Cafe
1235,3071,2,83.66,Chinese
1235,3072,1,293.31,Street Food
1236,3073,3,177.75,Biryani
1236,3074,2,168.04,Biryani
1236,3075,1,156.63,Pizza
1237,3076,3,164.67,Biryani
1238,3077,3,111.5,Biryani
1238,3078,3,252.67,Street Food
1239,3079,1,189.54,North Indian
1240,3080,3,299.19,Cafe
1240,3081,2,116.97,Pizza
1240,3082,1,186.08,Biryani
1241,3083,1,126.56,Cafe
1241,3084,3,233.98,North Indian
1242,3085,3,86.43,Chinese
1242,3086,2,248.59,South Indian
1242,3087,3,136.68,Pizza
1242,3088,3,107.08,South Indian
1243,3089,1,255.02,Chinese
1243,3090,1,284.99,Cafe
1243,3091,3,94.23,Chinese
1243,3092,2,280.24,Street Food
1244,3093,3,221.26,Biryani
1244,3094,2,257.86,South Indian
1244,3095,2,105.45,North Indian
1244,3096,1,99.61,Street Food
1245,3097,3,287.24,Biryani
1245,3098,2,108.03,Chinese
1246,3099,3,242.12,Chinese
1246,3100,1,209.81,South Indian
1246,3101,2,295.57,Chinese
1246,3102,2,255.45,Cafe
1247,3103,3,226.02,Biryani
1247,3104,1,103.45,North Indian
1248,3105,2,111.83,Chinese
1248,3106,1,189.96,Pizza
1248,3107,1,212.32,South Indian
1248,3108,3,226.38,Cafe
1249,3109,3,150.43,Biryani
1250,3110,2,299.31,Street Food
1251,3111,3,262.31,Pizza
1251,3112,2,234.91,Pizza
1251,3113,1,295.85,Chinese
1251,3114,1,262.13,South Indian
1252,3115,3,241.86,Cafe
1252,3116,1,268.49,Street Food
1253,3117,2,296.57,Street Food
1253,3118,1,298.03,Biryani
1253,3119,2,154.23,Street Food
1253,3120,2,297.87,Cafe
1254,3121,2,95.8,Street Food
1254,3122,2,142.12,South Indian
1254,3123,3,268.38,Pizza
1254,3124,1,108.8,Cafe
1255,3125,3,146.9,Street Food
1256,3126,3,110.26,Street Food
1256,3127,2,144.04,South Indian
1257,3128,1,256.96,South Indian
1257,3129,3,223.27,Chinese
1258,3130,3,252.81,Cafe
1259,3131,2,289.09,Pizza
1259,3132,3,265.17,North Indian
1260,3133,2,294.31,South Indian
1261,3134,1,295.66,Street Food
1262,3135,3,175.44,South Indian
1262,3136,3,238.96,South Indian
1262,3137,1,106.14,Pizza
1263,3138,2,231.36,South Indian
1263,3139,3,243.94,Cafe
1263,3140,3,298.06,Street Food
1263,3141,3,99.71,Pizza
1264,3142,2,219.11,Pizza
1264,3143,2,82.55,North Indian
1264,3144,1,106.85,Street Food
1264,3145,3,279.87,South Indian
1265,3146,3,206.06,Biryani
1266,3147,2,232.62,North Indian
1266,3148,3,119.84,Pizza
1266,3149,3,234.6,Chinese
1266,3150,3,107.55,Chinese
1267,3151,3,279.95,Cafe
1268,3152,2,258.83,North Indian
1268,3153,2,202.33,Biryani
1269,3154,1,194.16,Biryani
1269,3155,3,237.02,Cafe
1269,3156,3,107.3,Cafe
1269,3157,1,292.45,North Indian
1270,3158,3,232.95,North Indian
1270,3159,3,178.39,Chinese
1271,3160,1,108.34,South Indian
1272,3161,1,203.75,Cafe
1272,3162,1,98.61,North Indian
1273,3163,2,292.58,South Indian
1273,3164,2,294.96,Street Food
1273,3165,1,134.63,North Indian
1274,3166,3,197.5,South Indian
1274,3167,3,187.9,Chinese
1274,3168,3,280.37,Chinese
1275,3169,3,101.78,Cafe
1275,3170,1,132.16,South Indian
1276,3171,2,268.34,South Indian
1276,3172,1,212.47,South Indian
1277,3173,2,108.27,Biryani
1277,3174,2,96.36,Chinese
1277,3175,2,163.99,South Indian
1278,3176,2,98.32,Chinese
1278,3177,3,173.58,Street Food
1278,3178,1,197.9,North Indian
1278,3179,3,241.19,Street Food
1279,3180,3,161.87,Street Food
1279,3181,3,260.51,Biryani
1280,3182,2,260.74,Chinese
1280,3183,2,163.37,Biryani
1281,3184,1,139.43,Biryani
1281,3185,1,230.48,Pizza
1282,3186,2,220.84,Chinese
1283,3187,2,112.19,Cafe
1283,3188,1,140.2,North Indian
1283,3189,2,295.49,South Indian
1284,3190,1,252.2,North Indian
1284,3191,1,195.82,Chinese
1284,3192,3,260.7,Pizza
1284,3193,1,196.37,Street Food
1285,3194,3,139.63,North Indian
1285,3195,1,117.56,Cafe
1285,3196,2,119.75,Cafe
1286,3197,2,210.31,Chinese
1286,3198,1,231.06,Street Food
1286,3199,1,224.66,South Indian
1286,3200,2,204.86,Chinese
1287,3201,3,220.62,Chinese
1288,3202,3,213.91,Street Food
1288,3203,2,120.28,Chinese
1289,3204,3,143.1,Pizza
1289,3205,3,287.17,Cafe
1289,3206,1,147.14,Cafe
1289,3207,1,288.44,Pizza
1290,3208,1,219.63,North Indian
1290,3209,3,132.81,North Indian
1290,3210,1,206.57,North Indian
1291,3211,3,284.51,Cafe
1291,3212,1,291.68,Pizza
1291,3213,3,191.91,Street Food
1292,3214,2,189.52,Street Food
1292,3215,3,275.38,Street Food
1293,3216,2,83.06,South Indian
1294,3217,3,173.5,Biryani
1295,3218,1,298.73,Street Food
1295,3219,3,230.5,North Indian
1295,3220,3,178.7,South Indian
1296,3221,1,96.53,Cafe
1296,3222,1,193.01,North Indian
1297,3223,2,163.4,Chinese
1297,3224,1,154.35,Street Food
1297,3225,1,262.98,Cafe
1297,3226,1,143.81,Pizza
1298,3227,2,126.87,Street Food
1298,3228,3,205.15,South Indian
1298,3229,2,284.4,Street Food
1299,3230,2,276.35,Cafe
1300,3231,1,158.26,Biryani
1300,3232,2,152.28,Chinese
1300,3233,1,81.13,Street Food
1300,3234,1,168.45,North Indian
1301,3235,2,188.25,North Indian
1302,3236,2,107.25,Pizza
1302,3237,1,114.24,Street Food
1303,3238,1,183.55,Chinese
1303,3239,2,160.19,South Indian
1303,3240,3,258.54,North Indian
1304,3241,3,264.66,South Indian
1304,3242,1,157.82,Pizza
1304,3243,1,159.03,Cafe
1304,3244,3,123.66,South Indian
1305,3245,1,109.41,Pizza
1305,3246,3,152.87,North Indian
1305,3247,1,226.57,Pizza
1306,3248,1,172.64,Biryani
1306,3249,2,255.96,Street Food
1306,3250,1,151.48,Cafe
1307,3251,3,239.72,Street Food
1307,3252,2,108.91,North Indian
1307,3253,1,107.75,Chinese
1307,3254,3,83.0,Street Food
1308,3255,1,229.23,Chinese
1308,3256,2,294.82,Street Food
1309,3257,2,185.64,Chinese
1310,3258,1,247.4,South Indian
1310,3259,3,113.55,Biryani
1310,3260,1,134.88,Cafe
1310,3261,1,270.12,Street Food
1311,3262,3,260.53,South Indian
1311,3263,2,235.42,Cafe
1312,3264,3,240.7,Biryani
1313,3265,1,298.36,Biryani
1313,3266,3,219.58,South Indian
1314,3267,1,168.28,Chinese
1315,3268,1,173.79,Biryani
1315,3269,1,100.01,North Indian
1316,3270,2,195.49,Street Food
1316,3271,3,295.63,South Indian
1316,3272,2,173.74,North Indian
1316,3273,3,173.96,North Indian
1317,3274,1,139.23,Chinese
1317,3275,2,236.55,South Indian
1317,3276,2,276.92,South Indian
1318,3277,1,91.47,Street Food
1319,3278,1,142.77,Chinese
1319,3279,3,102.17,South Indian
1319,3280,2,288.63,Chinese
1320,3281,2,104.54,Street Food
1320,3282,1,230.25,Cafe
1320,3283,1,152.87,Street Food
1321,3284,3,251.34,Biryani
1321,3285,3,161.75,Street Food
1321,3286,2,126.21,Pizza
1322,3287,1,108.71,Street Food
1323,3288,1,209.04,Street Food
1324,3289,1,235.03,North Indian
1324,3290,1,287.2,Biryani
1325,3291,2,239.58,Cafe
1325,3292,1,197.38,South Indian
1325,3293,1,108.12,Pizza
1326,3294,3,294.53,Chinese
1326,3295,2,218.57,North Indian
1326,3296,2,94.9,Pizza
1327,3297,1,211.81,Street Food
1328,3298,2,90.0,Biryani
1328,3299,1,254.77,Street Food
1329,3300,3,259.2,Pizza
1329,3301,3,197.14,Biryani
1330,3302,1,176.3,Biryani
1331,3303,3,251.46,Pizza
1331,3304,3,139.73,South Indian
1331,3305,1,115.2,South Indian
1331,3306,3,233.28,Cafe
1332,3307,3,235.71,Biryani
1332,3308,2,146.75,South Indian
1332,3309,2,235.82,Biryani
1332,3310,1,117.64,North Indian
1333,3311,2,88.6,South Indian
1333,3312,2,283.99,Chinese
1334,3313,3,295.61,Cafe
1335,3314,3,105.56,Street Food
1335,3315,2,219.19,Chinese
1336,3316,1,288.21,Biryani
1336,3317,2,238.86,Pizza
1336,3318,3,144.88,North Indian
1337,3319,2,128.24,Chinese
1338,3320,2,293.75,Biryani
1338,3321,3,295.33,Cafe
1339,3322,3,244.07,Pizza
1340,3323,3,219.55,Biryani
1340,3324,1,259.71,South Indian
1340,3325,2,139.13,Biryani
1341,3326,1,178.13,Street Food
1341,3327,3,175.46,South Indian
1341,3328,2,100.61,South Indian
1341,3329,2,120.71,Cafe
1342,3330,1,205.32,Street Food
1342,3331,1,222.46,North Indian
1343,3332,1,274.76,Cafe
1343,3333,2,231.22,South Indian
1343,3334,1,111.57,Pizza
1344,3335,2,280.01,Pizza
1344,3336,1,239.35,South Indian
1345,3337,3,101.94,Pizza
1346,3338,1,261.84,Cafe
1347,3339,1,134.64,North Indian
1348,3340,1,286.49,Biryani
1348,3341,1,254.33,North Indian
1348,3342,1,199.32,Cafe
1349,3343,3,98.69,South Indian
1349,3344,2,247.13,Pizza
1349,3345,1,147.62,Pizza
1350,3346,1,92.29,Street Food
1350,3347,2,218.05,North Indian
1351,3348,1,102.62,Chinese
1352,3349,3,275.02,Pizza
1353,3350,1,280.68,North Indian
1353,3351,1,173.97,South Indian
1354,3352,3,143.11,Street Food
1354,3353,2,231.09,Street Food
1354,3354,1,188.2,North Indian
1355,3355,1,290.42,Chinese
1355,3356,2,96.78,Chinese
1356,3357,2,283.13,North Indian
1357,3358,3,113.24,Pizza
1358,3359,3,119.9,Pizza
1358,3360,1,276.49,Street Food
1358,3361,2,217.45,Chinese
1359,3362,1,139.64,Pizza
1359,3363,3,161.2,Chinese
1359,3364,3,255.71,Cafe
1360,3365,1,251.11,South Indian
1361,3366,1,165.93,Street Food
1361,3367,2,259.22,North Indian
1361,3368,3,174.04,Street Food
1362,3369,1,99.9,South Indian
1362,3370,1,248.86,Chinese
1362,3371,2,188.73,Pizza
1363,3372,3,254.57,Chinese
1363,3373,1,256.47,Street Food
1363,3374,1,164.3,Biryani
1363,3375,2,198.52,Pizza
1364,3376,2,98.4,Street Food
1364,3377,2,195.93,Cafe
1365,3378,3,99.2,Chinese
1365,3379,1,124.72,Cafe
1366,3380,2,202.84,South Indian
1367,3381,1,280.5,Chinese
1368,3382,2,181.29,Cafe
1368,3383,3,293.8,Pizza
1369,3384,1,262.12,North Indian
1369,3385,3,110.32,Street Food
1370,3386,2,241.28,Street Food
1370,3387,2,161.77,Street Food
1371,3388,3,207.95,Pizza
1372,3389,1,112.32,South Indian
1372,3390,1,133.91,North Indian
1373,3391,1,248.39,Pizza
1373,3392,3,110.82,Biryani
1373,3393,3,288.73,Pizza
1373,3394,2,238.96,Pizza
1374,3395,2,104.48,North Indian
1375,3396,3,245.25,Biryani
1376,3397,1,167.21,Pizza
1376,3398,3,288.61,Pizza
1377,3399,3,190.41,Street Food
1377,3400,1,173.21,South Indian
1377,3401,2,294.09,Biryani
1378,3402,1,243.49,Pizza
1378,3403,3,92.32,Pizza
1378,3404,1,260.95,Biryani
1378,3405,3,265.18,Cafe
1379,3406,2,148.9,Street Food
1379,3407,2,262.0,South Indian
1379,3408,1,256.73,Street Food
1379,3409,2,122.84,North Indian
1380,3410,1,159.79,Cafe
1381,3411,1,132.7,South Indian
1381,3412,3,103.42,South Indian
1381,3413,3,82.41,Chinese
1382,3414,3,124.38,North Indian
1382,3415,1,139.22,Biryani
1383,3416,3,297.03,Pizza
1384,3417,1,149.21,Chinese
1385,3418,2,245.37,Pizza
1386,3419,2,245.41,Street Food
1386,3420,2,294.25,Street Food
1387,3421,2,169.6,Street Food
1388,3422,3,257.65,South Indian
1389,3423,3,255.14,Pizza
1390,3424,2,115.47,Street Food
1391,3425,1,274.74,North Indian
1391,3426,3,130.95,South Indian
1391,3427,3,223.93,Cafe
1391,3428,3,115.43,Biryani
1392,3429,2,252.78,Chinese
1392,3430,2,159.27,Cafe
1392,3431,2,88.8,Street Food
1393,3432,1,125.94,Biryani
1393,3433,3,96.5,South Indian
1393,3434,3,218.11,Pizza
1393,3435,1,257.04,South Indian
1394,3436,3,270.86,Cafe
1394,3437,1,189.76,Pizza
1394,3438,2,117.34,Chinese
1395,3439,1,141.63,Chinese
1395,3440,2,99.63,South Indian
1396,3441,2,296.95,Chinese
1396,3442,2,223.06,South Indian
1396,3443,1,293.77,Pizza
1396,3444,1,159.96,Chinese
1397,3445,2,268.54,Street Food
1397,3446,1,176.98,Biryani
1397,3447,3,289.45,Chinese
1397,3448,1,230.08,Biryani
1398,3449,2,273.03,Street Food
1398,3450,1,216.54,Street Food
1398,3451,1,243.03,South Indian
1398,3452,3,260.67,North Indian
1399,3453,1,143.95,South Indian
1399,3454,3,167.84,North Indian
1400,3455,2,272.31,Street Food
1400,3456,1,156.77,Pizza
1401,3457,1,98.88,Street Food
1401,3458,1,281.84,Pizza
1401,3459,2,123.88,Chinese
1401,3460,1,149.8,Biryani
1402,3461,1,234.5,Pizza
1402,3462,1,141.24,North Indian
1402,3463,3,114.26,Pizza
1402,3464,1,220.85,Chinese
1403,3465,3,250.33,North Indian
1404,3466,2,295.28,South Indian
1404,3467,1,126.53,North Indian
1404,3468,3,173.04,Chinese
1405,3469,1,111.18,Chinese
1405,3470,2,97.98,Cafe
1406,3471,2,195.45,Street Food
1406,3472,2,120.5,North Indian
1406,3473,1,276.89,Pizza
1406,3474,2,291.94,Chinese
1407,3475,1,156.84,Pizza
1407,3476,2,184.61,Street Food
1408,3477,3,176.09,Street Food
1408,3478,3,165.61,North Indian
1409,3479,1,239.0,Biryani
1409,3480,3,111.82,Street Food
1410,3481,1,113.11,Pizza
1410,3482,1,189.88,Chinese
1410,3483,1,254.24,Street Food
1411,3484,2,194.55,North Indian
1411,3485,2,287.53,Cafe
1411,3486,1,219.54,Street Food
1411,3487,3,101.44,South Indian
1412,3488,2,233.22,Cafe
1412,3489,1,212.21,South Indian
1413,3490,1,289.52,Street Food
1413,3491,3,290.12,Chinese
1413,3492,2,83.56,Chinese
1414,3493,3,189.81,Pizza
1415,3494,2,157.38,Cafe
1415,3495,3,173.69,Cafe
1415,3496,2,104.94,South Indian
1415,3497,2,174.24,South Indian
1416,3498,3,175.89,Chinese
1416,3499,3,231.48,Pizza
1417,3500,3,216.48,Cafe
1417,3501,1,298.98,Cafe
1417,3502,1,99.72,North Indian
1418,3503,1,189.21,Cafe
1418,3504,3,283.99,North Indian
1418,3505,3,177.7,Biryani
1418,3506,1,226.9,Cafe
1419,3507,1,129.03,Pizza
1419,3508,3,163.84,South Indian
1419,3509,2,289.12,Chinese
1419,3510,2,170.85,Cafe
1420,3511,1,286.72,Cafe
1420,3512,1,191.66,Chinese
1420,3513,3,138.19,Cafe
1420,3514,2,228.13,North Indian
1421,3515,1,83.42,South Indian
1421,3516,2,264.97,Biryani
1421,3517,3,211.99,Chinese
1421,3518,1,291.02,Pizza
1422,3519,3,294.17,South Indian
1422,3520,3,221.78,Cafe
1423,3521,3,174.4,Street Food
1424,3522,3,118.22,Chinese
1424,3523,3,114.86,South Indian
1424,3524,1,236.21,South Indian
1424,3525,3,106.04,Biryani
1425,3526,3,281.67,Cafe
1425,3527,3,114.99,Chinese
1425,3528,1,100.52,North Indian
1425,3529,2,82.54,Cafe
1426,3530,1,215.98,Biryani
1426,3531,1,205.79,North Indian
1427,3532,2,219.58,Cafe
1427,3533,2,121.04,Street Food
1428,3534,2,122.64,Cafe
1428,3535,1,239.79,Cafe
1429,3536,2,225.04,Chinese
1429,3537,1,285.69,Street Food
1429,3538,1,220.45,Biryani
1429,3539,1,104.4,Biryani
1430,3540,1,111.2,Chinese
1431,3541,1,97.02,Cafe
1431,3542,2,280.8,South Indian
1432,3543,1,188.03,North Indian
1432,3544,2,96.19,Street Food
1432,3545,1,126.27,Pizza
1432,3546,2,275.74,Street Food
1433,3547,1,119.56,North Indian
1433,3548,1,225.13,Street Food
1433,3549,3,268.06,North Indian
1433,3550,2,298.62,Pizza
1434,3551,1,194.78,Chinese
1435,3552,1,213.34,Biryani
1436,3553,3,192.58,South Indian
1437,3554,2,105.25,South Indian
1437,3555,1,152.06,South Indian
1438,3556,3,232.15,South Indian
1439,3557,2,185.95,North Indian
1439,3558,2,235.78,Street Food
1439,3559,2,182.75,Cafe
1440,3560,2,192.78,Pizza
1440,3561,1,135.02,South Indian
1440,3562,3,266.13,Street Food
1440,3563,2,291.61,North Indian
1441,3564,1,254.7,Street Food
1441,3565,2,175.36,Pizza
1441,3566,2,211.19,Chinese
1442,3567,3,103.66,Pizza
1442,3568,2,123.94,Chinese
1442,3569,2,277.54,Cafe
1443,3570,2,116.79,North Indian
1444,3571,3,170.16,Biryani
1444,3572,3,289.08,Biryani
1444,3573,2,167.63,North Indian
1445,3574,2,174.47,South Indian
1445,3575,2,133.97,South Indian
1446,3576,2,111.91,Chinese
1446,3577,1,82.12,Street Food
1446,3578,1,237.7,South Indian
1447,3579,3,254.95,South Indian
1447,3580,3,94.57,Chinese
1447,3581,3,126.68,South Indian
1447,3582,1,203.41,Street Food
1448,3583,3,276.39,Pizza
1449,3584,2,258.95,South Indian
1449,3585,1,90.93,Pizza
1449,3586,2,90.29,Chinese
1449,3587,2,106.24,Pizza
1450,3588,3,151.91,Pizza
1450,3589,1,206.81,Chinese
1451,3590,3,252.33,Biryani
1452,3591,2,142.56,Cafe
1453,3592,1,277.08,Biryani
1453,3593,1,154.23,North Indian
1453,3594,1,183.38,Cafe
1453,3595,2,239.12,Chinese
1454,3596,2,168.08,Biryani
1454,3597,2,188.64,North Indian
1454,3598,2,145.66,Pizza
1455,3599,3,292.77,North Indian
1455,3600,2,286.29,North Indian
1455,3601,1,129.28,Cafe
1455,3602,1,110.52,Chinese
1456,3603,1,117.44,South Indian
1456,3604,3,278.5,Chinese
1456,3605,3,297.7,Street Food
1456,3606,1,137.13,Cafe
1457,3607,1,90.56,Chinese
1458,3608,2,152.45,Biryani
1459,3609,2,233.71,South Indian
1459,3610,3,181.35,South Indian
1459,3611,2,269.62,Cafe
1459,3612,3,275.32,Pizza
1460,3613,3,106.92,Biryani
1460,3614,1,207.13,Street Food
1460,3615,2,294.8,Chinese
1460,3616,3,186.2,North Indian
1461,3617,2,236.5,Chinese
1461,3618,3,263.82,South Indian
1461,3619,3,222.37,Cafe
1462,3620,3,97.16,Pizza
1462,3621,1,126.74,Street Food
1463,3622,2,260.07,South Indian
1463,3623,2,103.0,South Indian
1464,3624,2,235.87,Street Food
1464,3625,1,266.52,North Indian
1464,3626,1,128.13,Chinese
1465,3627,2,270.93,Biryani
1465,3628,1,251.6,South Indian
1465,3629,1,141.12,South Indian
1465,3630,3,147.57,Cafe
1466,3631,1,181.41,North Indian
1467,3632,1,83.65,Pizza
1468,3633,2,86.29,Street Food
1468,3634,3,179.58,Chinese
1469,3635,3,98.49,Pizza
1470,3636,1,167.32,Pizza
1470,3637,3,153.42,Pizza
1471,3638,2,101.52,Street Food
1471,3639,2,241.04,Pizza
1471,3640,1,144.68,Pizza
1472,3641,3,140.7,Biryani
1472,3642,2,194.1,North Indian
1473,3643,3,134.77,North Indian
1474,3644,1,91.69,North Indian
1474,3645,3,138.56,North Indian
1475,3646,2,129.82,Biryani
1476,3647,2,166.43,South Indian
1476,3648,3,261.3,Street Food
1476,3649,2,188.94,South Indian
1476,3650,1,156.48,Chinese
1477,3651,3,80.68,South Indian
1477,3652,3,279.71,Biryani
1477,3653,2,242.6,Cafe
1478,3654,1,149.32,North Indian
1478,3655,1,121.22,Pizza
1479,3656,1,226.53,Pizza
1479,3657,2,84.58,Chinese
1480,3658,1,229.42,Cafe
1481,3659,3,157.47,Pizza
1482,3660,2,272.11,Pizza
1483,3661,1,260.16,Biryani
1484,3662,1,195.56,South Indian
1484,3663,1,250.56,North Indian
1484,3664,2,256.86,Chinese
1485,3665,2,241.66,Biryani
1485,3666,2,225.95,Chinese
1485,3667,2,180.93,Cafe
1485,3668,2,146.25,Chinese
1486,3669,1,139.39,Biryani
1486,3670,3,220.76,South Indian
1486,3671,2,268.38,Street Food
1486,3672,1,158.58,North Indian
1487,3673,3,243.02,Pizza
1487,3674,2,125.39,North Indian
1488,3675,2,220.52,Chinese
1488,3676,3,229.34,Pizza
1489,3677,2,280.27,Chinese
1489,3678,2,166.03,Pizza
1490,3679,2,121.93,Biryani
1490,3680,3,234.4,Cafe
1490,3681,3,107.05,Cafe
1491,3682,3,292.99,Cafe
1491,3683,2,143.45,North Indian
1491,3684,2,283.99,South Indian
1491,3685,2,229.8,Biryani
1492,3686,3,202.79,South Indian
1492,3687,2,187.1,North Indian
1492,3688,2,83.43,North Indian
1493,3689,2,261.6,North Indian
1493,3690,1,187.44,North Indian
1494,3691,2,225.26,North Indian
1494,3692,1,135.32,Chinese
1494,3693,2,252.76,Biryani
1494,3694,3,290.88,Biryani
1495,3695,1,236.9,South Indian
1495,3696,3,123.28,Biryani
1496,3697,2,128.15,Pizza
1497,3698,1,258.58,Street Food
1497,3699,2,172.96,North Indian
1497,3700,2,282.44,Biryani
1498,3701,1,204.06,Street Food
1498,3702,2,256.96,South Indian
1498,3703,3,248.89,Chinese
1499,3704,2,201.94,Chinese
1499,3705,2,98.83,Biryani
1500,3706,3,120.34,Cafe
1500,3707,2,101.13,Biryani
1500,3708,2,232.71,Biryani
1500,3709,3,236.77,Pizza
1501,3710,2,182.64,Pizza
1501,3711,2,86.09,Biryani
1501,3712,1,290.65,Pizza
1502,3713,1,215.35,Chinese
1503,3714,3,192.69,South Indian
1503,3715,3,199.52,Biryani
1504,3716,1,246.17,Pizza
1504,3717,1,168.65,North Indian
1504,3718,2,257.65,Cafe
1505,3719,1,98.63,Chinese
1505,3720,3,103.55,Biryani
1505,3721,1,260.83,Biryani
1505,3722,2,231.93,Cafe
1506,3723,1,242.9,Street Food
1507,3724,3,125.11,South Indian
1508,3725,1,129.18,Street Food
1508,3726,3,267.5,Chinese
1508,3727,3,148.4,North Indian
1508,3728,2,217.21,South Indian
1509,3729,1,80.01,Biryani
1510,3730,3,101.31,South Indian
1511,3731,2,85.42,Biryani
1512,3732,2,92.24,North Indian
1512,3733,2,169.0,South Indian
1512,3734,1,265.18,Biryani
1512,3735,2,260.77,Street Food
1513,3736,3,215.77,Pizza
1513,3737,1,219.96,South Indian
1513,3738,1,260.08,Street Food
1513,3739,1,117.57,Street Food
1514,3740,2,185.7,Chinese
1514,3741,3,102.0,Biryani
1515,3742,2,226.89,Pizza
1515,3743,2,233.48,North Indian
1515,3744,2,171.72,Pizza
1515,3745,1,86.15,Pizza
1516,3746,3,165.67,Biryani
1517,3747,1,221.92,Street Food
1517,3748,3,177.79,Chinese
1517,3749,1,182.94,Street Food
1518,3750,2,82.01,South Indian
1518,3751,2,190.14,Cafe
1518,3752,3,126.37,Street Food
1518,3753,3,165.94,North Indian
1519,3754,3,113.31,Street Food
1519,3755,3,203.89,Pizza
1520,3756,2,252.69,Street Food
1520,3757,2,283.16,North Indian
1521,3758,2,291.76,Biryani
1521,3759,3,119.68,Street Food
1521,3760,3,250.59,Biryani
1521,3761,2,108.47,Chinese
1522,3762,3,215.84,Pizza
1522,3763,1,89.88,Cafe
1522,3764,3,115.02,North Indian
1523,3765,2,285.53,Pizza
1524,3766,1,295.89,Cafe
1524,3767,3,255.03,North Indian
1524,3768,1,240.2,Pizza
1525,3769,1,93.62,Chinese
1525,3770,1,88.23,Street Food
1525,3771,1,177.14,Chinese
1525,3772,3,218.88,North Indian
1526,3773,2,103.69,Pizza
1526,3774,2,109.31,Street Food
1527,3775,1,135.55,Pizza
1527,3776,3,142.94,South Indian
1528,3777,2,259.04,Cafe
1528,3778,1,98.92,North Indian
1529,3779,1,87.31,South Indian
1530,3780,2,250.36,Biryani
1531,3781,2,120.77,Street Food
1532,3782,1,263.13,Biryani
1532,3783,2,190.19,Chinese
1532,3784,3,277.95,Cafe
1532,3785,1,256.35,Pizza
1533,3786,3,162.75,North Indian
1533,3787,3,97.19,Cafe
1533,3788,3,145.61,North Indian
1533,3789,2,130.73,Biryani
1534,3790,1,129.28,Chinese
1534,3791,2,165.89,Chinese
1534,3792,1,271.94,South Indian
1535,3793,1,197.57,South Indian
1535,3794,3,285.0,Biryani
1535,3795,2,167.83,North Indian
1536,3796,3,183.62,Chinese
1537,3797,1,154.37,Chinese
1538,3798,2,275.37,North Indian
1538,3799,1,124.93,Cafe
1539,3800,3,280.71,North Indian
1539,3801,1,188.58,Cafe
1539,3802,3,278.95,Street Food
1540,3803,2,295.83,Pizza
1541,3804,3,185.33,South Indian
1542,3805,3,89.18,North Indian
1542,3806,2,191.67,Street Food
1542,3807,2,174.93,Chinese
1543,3808,1,284.87,North Indian
1543,3809,1,197.52,Cafe
1544,3810,3,230.39,North Indian
1544,3811,3,186.08,Pizza
1544,3812,2,233.0,Pizza
1544,3813,3,173.9,South Indian
1545,3814,2,105.96,Biryani
1546,3815,2,122.6,Pizza
1546,3816,1,132.4,North Indian
1546,3817,3,82.21,Pizza
1547,3818,1,272.12,South Indian
1548,3819,1,92.46,Pizza
1549,3820,2,89.62,Chinese
1549,3821,3,224.15,South Indian
1550,3822,1,213.35,Pizza
1550,3823,3,106.92,North Indian
1550,3824,1,135.04,Biryani
1551,3825,2,235.16,Cafe
1551,3826,2,277.48,Cafe
1552,3827,2,236.89,Chinese
1552,3828,3,144.39,Street Food
1553,3829,3,276.46,Chinese
1553,3830,3,199.11,North Indian
1554,3831,2,278.09,Street Food
1555,3832,2,97.26,South Indian
1555,3833,3,130.72,Street Food
1555,3834,3,126.37,Chinese
1555,3835,3,259.6,South Indian
1556,3836,1,233.64,Street Food
1557,3837,1,84.68,Cafe
1557,3838,1,139.47,Biryani
1557,3839,2,146.09,North Indian
1557,3840,1,141.4,Biryani
1558,3841,2,84.15,Pizza
1558,3842,2,177.68,South Indian
1558,3843,1,163.45,Street Food
1558,3844,2,197.15,Street Food
1559,3845,1,199.14,Chinese
1559,3846,1,280.21,Cafe
1559,3847,2,282.99,Chinese
1560,3848,1,155.01,Cafe
1560,3849,3,175.5,Pizza
1561,3850,1,201.72,Street Food
1562,3851,3,181.97,Biryani
1562,3852,3,205.03,Biryani
1562,3853,2,115.76,Pizza
1563,3854,3,298.37,South Indian
1563,3855,1,279.7,Chinese
1563,3856,3,289.21,North Indian
1563,3857,1,249.69,Chinese
1564,3858,3,166.81,Biryani
1564,3859,2,159.57,Street Food
1564,3860,2,252.13,Cafe
1565,3861,1,147.52,Street Food
1566,3862,2,266.47,Pizza
1566,3863,2,83.8,North Indian
1566,3864,2,88.14,Chinese
1567,3865,3,265.75,South Indian
1567,3866,2,92.89,North Indian
1567,3867,2,277.35,Biryani
1567,3868,2,289.72,Pizza
1568,3869,2,248.51,Chinese
1568,3870,2,271.19,South Indian
1569,3871,3,118.39,Cafe
1569,3872,3,224.32,South Indian
1570,3873,3,88.47,Street Food
1571,3874,3,149.81,Biryani
1571,3875,3,130.15,Street Food
1571,3876,2,294.56,North Indian
1571,3877,3,265.88,Cafe
1572,3878,3,238.03,Biryani
1572,3879,1,156.94,North Indian
1572,3880,3,177.64,Biryani
1573,3881,1,124.89,Biryani
1574,3882,3,171.51,Street Food
1574,3883,2,272.69,South Indian
1574,3884,1,151.84,Cafe
1575,3885,2,294.52,Street Food
1575,3886,2,183.55,Chinese
1575,3887,3,86.85,Chinese
1576,3888,2,284.67,Biryani
1577,3889,1,213.99,Cafe
1578,3890,3,237.47,Street Food
1578,3891,3,252.36,Street Food
1578,3892,2,286.79,Pizza
1579,3893,3,239.78,Pizza
1580,3894,1,290.9,South Indian
1581,3895,3,241.27,Cafe
1581,3896,3,255.61,Biryani
1581,3897,2,225.02,Biryani
1581,3898,2,149.73,South Indian
1582,3899,1,152.31,Cafe
1582,3900,2,130.8,Chinese
1582,3901,3,293.93,Street Food
1583,3902,2,241.22,Pizza
1583,3903,2,97.53,Biryani
1584,3904,2,223.73,Biryani
1585,3905,2,252.99,South Indian
1585,3906,3,262.12,South Indian
1586,3907,2,228.3,Street Food
1586,3908,1,213.22,Cafe
1587,3909,2,149.05,North Indian
1587,3910,2,172.62,South Indian
1587,3911,3,188.72,Cafe
1588,3912,1,272.81,North Indian
1588,3913,1,106.57,Chinese
1589,3914,3,102.22,Cafe
1589,3915,1,263.45,North Indian
1589,3916,3,116.73,North Indian
1589,3917,1,193.28,Biryani
1590,3918,2,157.96,Pizza
1590,3919,3,202.53,Street Food
1590,3920,2,106.19,Cafe
1590,3921,2,210.13,Biryani
1591,3922,3,89.95,Street Food
1592,3923,2,280.35,Street Food
1592,3924,2,242.95,Pizza
1592,3925,2,246.69,Street Food
1593,3926,3,120.36,Cafe
1593,3927,3,281.6,Biryani
1594,3928,1,277.03,Biryani
1595,3929,3,222.87,Pizza
1595,3930,2,176.49,Biryani
1595,3931,3,209.38,Cafe
1596,3932,1,145.42,Chinese
1597,3933,3,193.89,Biryani
1598,3934,2,151.02,Chinese
1598,3935,1,289.77,North Indian
1598,3936,3,274.12,Street Food
1598,3937,1,174.72,Chinese
1599,3938,1,156.42,South Indian
1599,3939,1,143.33,Pizza
1599,3940,2,129.2,South Indian
1600,3941,2,297.54,Cafe
1600,3942,1,283.39,Street Food
1600,3943,2,111.02,South Indian
1601,3944,1,211.65,North Indian
1601,3945,3,198.34,South Indian
1602,3946,2,263.15,North Indian
1603,3947,1,142.0,Biryani
1603,3948,2,241.06,Biryani
1603,3949,1,262.83,Chinese
1604,3950,3,235.39,Cafe
1605,3951,2,275.55,Pizza
1606,3952,1,270.19,Chinese
1606,3953,3,227.12,Chinese
1606,3954,1,243.74,South Indian
1607,3955,2,114.48,Chinese
1608,3956,2,218.74,Biryani
1608,3957,3,250.95,Street Food
1608,3958,3,149.26,North Indian
1609,3959,1,285.12,Cafe
1609,3960,3,149.86,Cafe
1609,3961,3,225.45,Street Food
1609,3962,1,288.82,Street Food
1610,3963,1,110.11,Pizza
1611,3964,3,123.05,Pizza
1611,3965,1,186.59,South Indian
1612,3966,2,108.99,Street Food
1612,3967,1,289.18,Cafe
1612,3968,3,244.88,North Indian
1612,3969,2,94.8,Biryani
1613,3970,3,119.19,Pizza
1613,3971,3,137.88,Pizza
1614,3972,3,156.71,Biryani
1614,3973,3,289.95,Chinese
1615,3974,2,226.95,Pizza
1615,3975,3,166.29,Chinese
1616,3976,2,101.24,North Indian
1616,3977,2,172.31,Pizza
1616,3978,2,134.43,Pizza
1616,3979,1,118.76,Chinese
1617,3980,2,233.33,Street Food
1618,3981,2,264.83,Cafe
1618,3982,2,212.23,Street Food
1619,3983,1,144.0,Biryani
1619,3984,1,275.76,Cafe
1620,3985,1,203.7,Chinese
1620,3986,2,228.5,Pizza
1620,3987,2,257.99,Pizza
1620,3988,2,137.35,North Indian
1621,3989,2,240.2,Chinese
1621,3990,3,260.08,Chinese
1621,3991,2,170.16,Biryani
1622,3992,3,125.36,Street Food
1622,3993,1,288.53,Biryani
1623,3994,1,213.09,North Indian
1623,3995,3,84.65,Pizza
1623,3996,1,251.7,Chinese
1624,3997,3,93.96,North Indian
1624,3998,3,126.3,Biryani
1624,3999,1,296.75,Cafe
1625,4000,3,130.45,Cafe
1625,4001,1,280.34,Chinese
1625,4002,2,127.44,Street Food
1625,4003,1,286.8,North Indian
1626,4004,3,102.55,Pizza
1627,4005,1,114.53,Chinese
1627,4006,1,130.6,Cafe
1627,4007,3,134.41,Chinese
1627,4008,3,107.2,Cafe
1628,4009,3,168.17,Cafe
1628,4010,3,272.86,Cafe
1628,4011,1,96.84,Biryani
1628,4012,3,234.77,Street Food
1629,4013,1,83.24,Cafe
1629,4014,3,213.07,South Indian
1629,4015,1,241.89,Cafe
1629,4016,2,122.74,Biryani
1630,4017,2,173.53,Street Food
1630,4018,1,146.47,Pizza
1630,4019,1,101.93,Street Food
1631,4020,2,144.07,North Indian
1631,4021,1,292.71,Biryani
1631,4022,2,186.34,Street Food
1631,4023,3,191.45,Pizza
1632,4024,2,240.06,Chinese
1633,4025,2,129.29,North Indian
1634,4026,1,178.36,Pizza
1634,4027,3,103.97,Chinese
1634,4028,2,111.63,Street Food
1634,4029,1,100.99,South Indian
1635,4030,2,210.55,North Indian
1635,4031,1,168.7,Cafe
1636,4032,3,239.07,Biryani
1636,4033,1,92.97,Pizza
1636,4034,2,170.61,Street Food
1636,4035,2,263.55,North Indian
1637,4036,3,204.37,Pizza
1637,4037,1,138.99,South Indian
1637,4038,3,254.83,Biryani
1638,4039,2,291.08,South Indian
1638,4040,2,181.5,Pizza
1638,4041,3,202.06,Street Food
1638,4042,3,97.92,North Indian
1639,4043,3,97.05,South Indian
1639,4044,1,115.66,Street Food
1639,4045,1,116.56,Pizza
1639,4046,1,88.59,Pizza
1640,4047,1,217.76,Biryani
1640,4048,2,110.77,Cafe
1640,4049,3,171.99,North Indian
1640,4050,2,105.87,Chinese
1641,4051,3,150.92,Chinese
1641,4052,3,223.05,South Indian
1641,4053,2,195.12,South Indian
1642,4054,3,212.99,Pizza
1642,4055,2,126.34,Chinese
1642,4056,3,238.43,Cafe
1643,4057,1,195.36,Cafe
1643,4058,2,82.16,Pizza
1644,4059,1,183.51,North Indian
1644,4060,2,234.32,South Indian
1645,4061,3,180.89,North Indian
1646,4062,3,183.11,South Indian
1647,4063,2,220.0,South Indian
1648,4064,3,83.11,South Indian
1648,4065,2,142.52,Cafe
1648,4066,2,208.58,Chinese
1649,4067,3,248.74,Chinese
1649,4068,3,199.02,Street Food
1649,4069,1,97.04,South Indian
1650,4070,3,127.62,South Indian
1651,4071,3,102.51,Cafe
1651,4072,3,209.21,Cafe
1651,4073,2,152.64,Cafe
1652,4074,3,271.69,Street Food
1652,4075,2,126.05,North Indian
1652,4076,1,297.6,North Indian
1653,4077,1,116.26,Cafe
1653,4078,1,151.13,North Indian
1654,4079,3,257.59,Pizza
1654,4080,3,183.77,Chinese
1655,4081,1,203.23,Pizza
1656,4082,3,184.39,Chinese
1656,4083,3,149.73,North Indian
1656,4084,3,265.28,South Indian
1656,4085,3,263.39,Street Food
1657,4086,2,203.31,Pizza
1657,4087,3,253.57,Street Food
1658,4088,3,277.95,Street Food
1659,4089,1,85.57,Chinese
1659,4090,2,249.56,Chinese
1659,4091,3,173.3,Biryani
1660,4092,2,162.33,Street Food
1660,4093,1,123.08,Chinese
1661,4094,1,208.96,Chinese
1661,4095,1,280.43,Chinese
1662,4096,3,140.07,Street Food
1663,4097,3,185.32,North Indian
1663,4098,3,234.94,Chinese
1663,4099,3,92.59,Biryani
1664,4100,3,284.07,Biryani
1665,4101,2,118.23,Street Food
1665,4102,3,245.13,Cafe
1665,4103,1,88.4,North Indian
1665,4104,3,276.74,South Indian
1666,4105,1,98.22,Cafe
1666,4106,1,92.33,Street Food
1667,4107,2,101.44,Biryani
1668,4108,1,224.12,Street Food
1668,4109,1,153.19,Street Food
1668,4110,2,277.5,South Indian
1669,4111,3,83.12,Street Food
1669,4112,2,171.6,Street Food
1669,4113,3,93.53,South Indian
1670,4114,3,138.66,South Indian
1670,4115,2,89.79,Biryani
1671,4116,3,191.2,South Indian
1671,4117,3,244.3,Cafe
1672,4118,2,140.23,Chinese
1673,4119,2,182.58,Cafe
1674,4120,3,284.66,North Indian
1675,4121,1,120.15,North Indian
1676,4122,2,210.05,North Indian
1676,4123,1,253.52,South Indian
1677,4124,2,97.88,Street Food
1677,4125,1,147.71,Street Food
1677,4126,3,287.38,Cafe
1678,4127,3,246.28,South Indian
1678,4128,2,91.73,Street Food
1679,4129,1,141.37,Biryani
1679,4130,2,171.08,Cafe
1679,4131,1,140.02,South Indian
1680,4132,2,137.06,Pizza
1680,4133,2,100.33,Chinese
1681,4134,2,249.92,Biryani
1681,4135,2,262.49,Street Food
1681,4136,1,88.08,Cafe
1682,4137,1,198.35,South Indian
1682,4138,3,175.45,Street Food
1682,4139,3,255.18,South Indian
1682,4140,2,233.92,Biryani
1683,4141,1,192.92,South Indian
1683,4142,2,128.02,Chinese
1683,4143,1,282.82,Biryani
1684,4144,2,110.76,Biryani
1684,4145,2,161.9,Pizza
1685,4146,2,234.28,Street Food
1686,4147,1,114.93,Pizza
1686,4148,2,154.07,North Indian
1686,4149,1,280.89,Chinese
1687,4150,2,200.29,Cafe
1687,4151,1,176.58,Biryani
1688,4152,3,206.71,Pizza
1688,4153,3,167.85,Cafe
1688,4154,1,135.57,Chinese
1688,4155,3,154.33,Street Food
1689,4156,2,88.83,South Indian
1689,4157,3,103.73,Pizza
1689,4158,2,289.88,Pizza
1689,4159,3,86.28,Biryani
1690,4160,2,275.05,Street Food
1690,4161,3,123.66,Biryani
1691,4162,1,225.95,Cafe
1691,4163,1,293.47,Chinese
1692,4164,2,180.92,South Indian
1692,4165,2,80.19,South Indian
1693,4166,1,146.28,North Indian
1693,4167,1,131.96,South Indian
1694,4168,1,239.31,South Indian
1694,4169,3,202.18,Cafe
1694,4170,2,81.09,South Indian
1694,4171,2,101.98,Biryani
1695,4172,3,126.75,Pizza
1695,4173,3,162.78,Pizza
1695,4174,3,133.4,North Indian
1695,4175,2,108.27,Cafe
1696,4176,2,250.12,Chinese
1696,4177,3,240.68,Pizza
1697,4178,3,95.76,Pizza
1697,4179,3,242.89,Biryani
1697,4180,1,128.77,Biryani
1697,4181,1,248.93,Chinese
1698,4182,2,190.32,North Indian
1698,4183,3,211.82,Pizza
1698,4184,1,222.03,South Indian
1699,4185,1,89.73,Chinese
1699,4186,2,100.43,Pizza
1699,4187,3,119.57,South Indian
1699,4188,2,148.44,Street Food
1700,4189,1,137.42,Pizza
1700,4190,1,115.98,Street Food
1700,4191,3,263.53,Pizza
1700,4192,1,156.18,Street Food
1701,4193,3,269.74,Cafe
1702,4194,1,150.19,Biryani
1703,4195,3,180.03,Pizza
1703,4196,3,291.18,Pizza
1703,4197,2,249.7,Chinese
1703,4198,2,136.9,Street Food
1704,4199,3,257.57,Pizza
1705,4200,2,236.65,Cafe
1705,4201,3,293.79,North Indian
1705,4202,1,295.76,Biryani
1706,4203,3,97.6,North Indian
1706,4204,2,288.6,Street Food
1706,4205,3,136.72,Biryani
1706,4206,3,240.08,Pizza
1707,4207,1,182.25,North Indian
1707,4208,1,270.94,Pizza
1707,4209,2,91.02,Biryani
1707,4210,3,161.25,Pizza
1708,4211,3,145.15,Cafe
1708,4212,1,199.4,South Indian
1708,4213,2,158.51,North Indian
1709,4214,2,145.49,North Indian
1709,4215,3,104.57,Street Food
1709,4216,1,196.88,Pizza
1709,4217,1,118.55,Biryani
1710,4218,1,239.89,Street Food
1711,4219,2,276.4,Chinese
1711,4220,2,231.58,South Indian
1711,4221,3,260.51,Biryani
1711,4222,2,88.94,Chinese
1712,4223,1,112.29,Street Food
1712,4224,3,258.74,North Indian
1712,4225,2,192.78,Street Food
1713,4226,2,284.04,Street Food
1714,4227,2,168.16,South Indian
1714,4228,3,136.51,Street Food
1714,4229,3,274.24,Cafe
1715,4230,1,254.6,Biryani
1715,4231,2,298.88,Biryani
1715,4232,3,198.61,Cafe
1715,4233,1,232.74,North Indian
1716,4234,3,184.04,Cafe
1716,4235,2,140.45,Street Food
1716,4236,1,140.91,Street Food
1717,4237,3,167.71,South Indian
1718,4238,2,81.11,South Indian
1718,4239,1,252.05,Street Food
1718,4240,1,140.45,Pizza
1719,4241,1,128.69,North Indian
1719,4242,3,151.41,North Indian
1719,4243,3,143.32,Street Food
1720,4244,3,172.57,Biryani
1720,4245,2,199.12,Pizza
1720,4246,3,82.76,Chinese
1720,4247,2,156.2,Pizza
1721,4248,2,267.96,Pizza
1721,4249,1,197.09,South Indian
1722,4250,2,168.65,Street Food
1722,4251,3,292.9,Street Food
1722,4252,2,203.49,Chinese
1722,4253,1,125.66,Biryani
1723,4254,2,144.2,Chinese
1723,4255,2,228.39,North Indian
1723,4256,1,217.47,South Indian
1724,4257,3,174.94,Cafe
1724,4258,1,245.31,Chinese
1724,4259,3,243.69,South Indian
1725,4260,3,108.97,Biryani
1725,4261,1,101.34,South Indian
1725,4262,1,298.27,Biryani
1725,4263,2,119.3,South Indian
1726,4264,3,169.87,Cafe
1726,4265,1,172.0,Biryani
1726,4266,2,150.27,Chinese
1726,4267,3,103.24,Street Food
1727,4268,3,197.84,Pizza
1727,4269,1,268.99,Pizza
1727,4270,2,142.98,Pizza
1728,4271,1,168.01,North Indian
1728,4272,3,262.57,Cafe
1729,4273,3,117.9,North Indian
1729,4274,2,207.63,Pizza
1729,4275,2,170.26,Street Food
1729,4276,1,216.15,South Indian
1730,4277,3,205.53,Pizza
1731,4278,2,214.16,South Indian
1732,4279,3,100.01,Chinese
1732,4280,1,243.45,Cafe
1732,4281,3,165.65,Biryani
1732,4282,1,267.07,South Indian
1733,4283,2,239.07,South Indian
1733,4284,1,183.88,Street Food
1733,4285,1,151.0,Chinese
1733,4286,1,276.78,South Indian
1734,4287,2,133.91,Biryani
1734,4288,2,297.74,Cafe
1734,4289,1,294.02,Biryani
1734,4290,3,104.45,Biryani
1735,4291,1,133.87,Street Food
1735,4292,1,81.51,North Indian
1735,4293,3,228.91,Cafe
1736,4294,2,95.48,Pizza
1736,4295,2,274.34,Biryani
1736,4296,1,237.47,Biryani
1736,4297,3,297.63,Street Food
1737,4298,2,185.78,Street Food
1738,4299,2,258.57,Cafe
1739,4300,2,167.87,Biryani
1740,4301,2,253.23,North Indian
1740,4302,1,266.36,Cafe
1740,4303,3,245.79,North Indian
1740,4304,3,117.17,Pizza
1741,4305,1,280.85,Cafe
1741,4306,2,126.22,North Indian
1741,4307,2,221.25,North Indian
1742,4308,3,188.15,South Indian
1742,4309,2,155.34,Street Food
1742,4310,2,152.75,Pizza
1742,4311,3,136.74,Chinese
1743,4312,1,112.57,Chinese
1744,4313,1,273.64,Biryani
1745,4314,3,144.07,Street Food
1745,4315,1,204.88,Chinese
1745,4316,2,236.88,Street Food
1746,4317,1,243.62,Street Food
1746,4318,1,112.24,Chinese
1746,4319,2,136.61,South Indian
1747,4320,1,208.31,South Indian
1748,4321,2,160.12,Biryani
1749,4322,2,216.06,South Indian
1749,4323,2,221.65,Biryani
1749,4324,3,149.15,Chinese
1749,4325,2,270.39,Pizza
1750,4326,3,186.05,Pizza
1750,4327,2,83.13,North Indian
1751,4328,1,148.05,South Indian
1751,4329,1,141.23,Cafe
1751,4330,3,253.64,Street Food
1752,4331,2,189.73,Biryani
1752,4332,3,279.39,Cafe
1753,4333,3,124.56,Street Food
1753,4334,1,167.67,North Indian
1754,4335,3,94.78,Biryani
1754,4336,3,266.25,Biryani
1754,4337,1,293.5,North Indian
1755,4338,3,195.05,South Indian
1755,4339,2,255.4,South Indian
1755,4340,3,285.99,Cafe
1755,4341,1,130.23,Street Food
1756,4342,1,88.85,Biryani
1756,4343,2,201.43,North Indian
1756,4344,3,121.8,Cafe
1756,4345,1,279.35,South Indian
1757,4346,1,125.7,South Indian
1757,4347,3,247.57,Pizza
1757,4348,2,101.62,Cafe
1758,4349,2,253.8,North Indian
1759,4350,2,105.61,North Indian
1759,4351,2,123.43,Biryani
1760,4352,3,187.19,Biryani
1760,4353,1,207.98,Cafe
1761,4354,3,275.03,Cafe
1762,4355,3,257.27,Biryani
1762,4356,2,298.29,Chinese
1763,4357,3,139.56,Street Food
1763,4358,1,152.3,Pizza
1763,4359,3,142.43,Street Food
1763,4360,2,138.12,Biryani
1764,4361,2,140.56,Biryani
1764,4362,3,147.94,Pizza
1765,4363,1,187.27,Chinese
1766,4364,2,115.89,North Indian
1766,4365,2,228.05,North Indian
1766,4366,2,155.33,Street Food
1766,4367,3,260.96,South Indian
1767,4368,1,126.91,Biryani
1768,4369,2,248.61,Pizza
1768,4370,1,230.64,Biryani
1768,4371,1,205.62,South Indian
1769,4372,1,122.22,Pizza
1769,4373,1,267.52,Biryani
1769,4374,3,114.57,Biryani
1770,4375,3,210.95,Pizza
1770,4376,3,139.26,Chinese
1770,4377,2,285.55,Cafe
1770,4378,2,161.57,Chinese
1771,4379,3,157.87,Street Food
1771,4380,2,178.94,Pizza
1771,4381,3,166.58,Pizza
1772,4382,2,92.17,Pizza
1773,4383,3,257.18,Pizza
1773,4384,2,84.29,Street Food
1773,4385,1,125.89,Street Food
1774,4386,2,263.16,North Indian
1774,4387,2,174.05,Pizza
1774,4388,2,202.77,Street Food
1775,4389,1,215.86,Pizza
1775,4390,2,103.5,South Indian
1776,4391,2,239.03,Street Food
1776,4392,3,183.37,North Indian
1777,4393,3,291.14,Street Food
1777,4394,2,134.97,Biryani
1777,4395,3,162.5,North Indian
1777,4396,1,220.72,Chinese
1778,4397,2,283.19,North Indian
1778,4398,2,109.54,Street Food
1778,4399,1,151.4,Cafe
1779,4400,1,272.27,Biryani
1779,4401,2,206.3,Biryani
1779,4402,1,176.42,Chinese
1779,4403,3,200.25,Street Food
1780,4404,3,196.83,Chinese
1780,4405,3,84.81,Cafe
1780,4406,1,271.56,Street Food
1781,4407,2,279.12,Pizza
1781,4408,3,274.61,South Indian
1781,4409,2,183.03,Pizza
1782,4410,2,123.78,Street Food
1782,4411,2,136.18,Street Food
1782,4412,1,110.86,Street Food
1783,4413,2,167.19,Pizza
1783,4414,1,262.97,North Indian
1783,4415,3,162.16,Biryani
1783,4416,2,299.04,Biryani
1784,4417,3,188.24,Biryani
1784,4418,2,219.56,Street Food
1784,4419,1,204.37,Biryani
1785,4420,3,114.81,Biryani
1786,4421,3,282.95,Biryani
1787,4422,1,248.77,Pizza
1787,4423,2,182.46,Street Food
1788,4424,3,152.69,South Indian
1788,4425,3,206.55,Pizza
1789,4426,1,168.32,Chinese
1789,4427,1,217.21,Pizza
1789,4428,1,81.88,Chinese
1789,4429,2,113.11,Cafe
1790,4430,3,228.4,Chinese
1790,4431,3,180.71,Street Food
1791,4432,3,283.58,Street Food
1791,4433,3,113.57,Cafe
1792,4434,1,147.87,North Indian
1792,4435,1,197.35,Cafe
1793,4436,1,198.82,North Indian
1794,4437,2,284.26,Street Food
1794,4438,1,124.37,South Indian
1794,4439,2,298.02,South Indian
1795,4440,2,86.01,Pizza
1795,4441,1,263.51,Pizza
1796,4442,2,270.86,Cafe
1797,4443,2,90.83,Pizza
1797,4444,2,123.7,Cafe
1798,4445,3,259.19,North Indian
1798,4446,1,191.47,Biryani
1798,4447,3,193.63,South Indian
1798,4448,1,106.48,Pizza
1799,4449,3,298.98,Pizza
1799,4450,1,126.27,North Indian
1799,4451,3,159.17,Chinese
1800,4452,2,83.55,Pizza
1801,4453,2,291.55,North Indian
1801,4454,2,159.29,Chinese
1801,4455,1,175.51,Cafe
1801,4456,3,146.15,Street Food
1802,4457,3,221.59,Pizza
1803,4458,1,289.29,Chinese
1803,4459,3,222.42,Chinese
1803,4460,1,110.96,South Indian
1803,4461,1,204.21,South Indian
1804,4462,1,232.92,Cafe
1804,4463,1,93.46,Cafe
1805,4464,3,225.41,Chinese
1805,4465,3,171.27,South Indian
1806,4466,1,118.42,Biryani
1806,4467,1,243.23,Cafe
1806,4468,3,119.96,North Indian
1806,4469,1,86.6,South Indian
1807,4470,2,217.57,Cafe
1807,4471,2,216.82,North Indian
1807,4472,1,152.95,Pizza
1808,4473,3,271.85,Pizza
1809,4474,3,162.95,Biryani
1810,4475,1,102.03,Chinese
1810,4476,1,100.27,North Indian
1811,4477,2,182.18,Pizza
1812,4478,1,268.52,Cafe
1812,4479,3,80.16,Pizza
1812,4480,2,277.9,Chinese
1812,4481,1,151.03,Biryani
1813,4482,3,227.06,North Indian
1813,4483,2,188.42,Cafe
1813,4484,3,123.18,South Indian
1814,4485,1,129.62,North Indian
1814,4486,3,100.85,Pizza
1815,4487,3,103.15,South Indian
1815,4488,2,120.62,Street Food
1815,4489,2,152.3,Pizza
1816,4490,1,152.15,Chinese
1816,4491,3,111.95,Street Food
1816,4492,1,244.55,Cafe
1817,4493,3,90.56,South Indian
1817,4494,1,83.15,Street Food
1817,4495,1,263.78,South Indian
1817,4496,1,167.29,North Indian
1818,4497,2,268.69,South Indian
1818,4498,3,271.3,Biryani
1818,4499,2,179.46,South Indian
1818,4500,2,216.69,Biryani
1819,4501,1,243.89,Street Food
1819,4502,3,283.25,Chinese
1819,4503,1,136.16,Cafe
1819,4504,2,249.84,Pizza
1820,4505,3,268.37,Cafe
1821,4506,1,252.03,Pizza
1821,4507,3,85.59,Biryani
1821,4508,1,100.81,Pizza
1822,4509,1,201.1,Chinese
1823,4510,2,147.55,Pizza
1823,4511,3,296.55,North Indian
1824,4512,2,260.41,Biryani
1824,4513,1,111.18,Street Food
1825,4514,1,123.71,Street Food
1825,4515,2,195.63,Cafe
1826,4516,3,269.18,Biryani
1826,4517,1,256.06,Chinese
1827,4518,3,288.38,Biryani
1827,4519,1,162.38,North Indian
1828,4520,3,219.55,Biryani
1828,4521,1,265.51,Cafe
1829,4522,3,287.28,Biryani
1829,4523,2,268.82,Chinese
1830,4524,2,145.23,Biryani
1831,4525,2,182.96,South Indian
1831,4526,3,286.39,North Indian
1831,4527,1,135.29,Biryani
1831,4528,3,148.55,Street Food
1832,4529,1,246.14,South Indian
1833,4530,2,260.94,Cafe
1833,4531,1,166.07,South Indian
1834,4532,2,210.11,South Indian
1834,4533,2,95.52,Chinese
1834,4534,1,276.38,North Indian
1834,4535,3,242.72,Street Food
1835,4536,1,177.54,Street Food
1835,4537,2,247.33,North Indian
1836,4538,3,148.46,North Indian
1837,4539,1,225.29,Chinese
1837,4540,1,199.08,Biryani
1837,4541,2,113.81,Cafe
1837,4542,3,155.1,Chinese
1838,4543,2,264.36,Chinese
1839,4544,3,182.64,Biryani
1840,4545,3,232.12,Cafe
1840,4546,2,246.86,South Indian
1841,4547,1,299.47,Biryani
1842,4548,1,271.26,Street Food
1842,4549,2,264.08,Pizza
1842,4550,2,92.46,North Indian
1843,4551,3,241.14,Chinese
1843,4552,3,191.72,Pizza
1843,4553,3,263.99,Chinese
1844,4554,1,102.25,Cafe
1845,4555,1,208.87,South Indian
1845,4556,3,175.43,Chinese
1845,4557,1,299.41,Cafe
1845,4558,3,187.33,Biryani
1846,4559,3,194.17,Street Food
1846,4560,2,89.26,North Indian
1846,4561,3,264.41,Street Food
1846,4562,1,206.64,North Indian
1847,4563,2,207.63,Street Food
1847,4564,3,172.8,Pizza
1848,4565,2,222.36,Pizza
1849,4566,3,269.95,North Indian
1849,4567,2,258.9,Street Food
1849,4568,3,251.08,Street Food
1849,4569,1,127.53,South Indian
1850,4570,3,288.11,North Indian
1851,4571,2,256.42,Street Food
1851,4572,2,266.87,Chinese
1851,4573,2,260.04,Chinese
1852,4574,1,140.86,Cafe
1852,4575,1,151.39,Street Food
1852,4576,3,137.9,Cafe
1853,4577,1,202.87,Cafe
1853,4578,3,222.62,Street Food
1854,4579,2,251.81,South Indian
1854,4580,2,268.46,Chinese
1854,4581,2,215.61,Street Food
1854,4582,1,149.64,Chinese
1855,4583,3,99.9,Pizza
1856,4584,3,189.38,South Indian
1856,4585,2,124.47,Cafe
1856,4586,3,186.8,Chinese
1857,4587,2,246.05,South Indian
1857,4588,2,83.5,South Indian
1857,4589,3,148.32,Biryani
1857,4590,3,221.31,Chinese
1858,4591,2,216.06,North Indian
1858,4592,1,100.54,Street Food
1859,4593,2,112.07,Chinese
1859,4594,3,157.84,South Indian
1859,4595,2,102.8,Street Food
1859,4596,2,214.95,North Indian
1860,4597,1,177.36,North Indian
1860,4598,1,200.56,Street Food
1860,4599,2,85.8,South Indian
1861,4600,1,272.53,Pizza
1861,4601,3,258.54,South Indian
1862,4602,2,133.61,North Indian
1863,4603,2,171.2,Biryani
1863,4604,3,122.29,South Indian
1863,4605,3,207.8,Street Food
1863,4606,3,275.49,Pizza
1864,4607,3,255.3,Chinese
1864,4608,2,174.89,Chinese
1864,4609,1,150.43,Chinese
1865,4610,3,109.59,Cafe
1866,4611,3,207.37,North Indian
1866,4612,3,235.84,Biryani
1867,4613,1,257.6,Biryani
1867,4614,1,238.42,Street Food
1867,4615,3,221.89,Biryani
1868,4616,2,139.21,Cafe
1868,4617,1,181.25,Pizza
1869,4618,3,175.96,South Indian
1869,4619,1,203.19,Biryani
1869,4620,3,92.66,Chinese
1869,4621,2,270.87,South Indian
1870,4622,3,157.97,Street Food
1871,4623,3,135.44,Street Food
1871,4624,1,236.99,Pizza
1871,4625,2,234.93,South Indian
1872,4626,1,225.6,Chinese
1872,4627,3,233.39,Chinese
1872,4628,2,131.16,Cafe
1872,4629,3,288.18,South Indian
1873,4630,1,293.6,North Indian
1873,4631,3,245.98,Biryani
1873,4632,1,250.42,North Indian
1874,4633,3,171.02,South Indian
1875,4634,1,295.55,Cafe
1875,4635,1,263.86,North Indian
1876,4636,3,106.29,North Indian
1876,4637,1,288.15,Biryani
1876,4638,3,288.79,Pizza
1876,4639,2,163.88,Pizza
1877,4640,2,120.26,Chinese
1877,4641,2,119.03,Pizza
1878,4642,2,99.96,Chinese
1878,4643,2,124.13,Chinese
1878,4644,3,219.26,Chinese
1879,4645,1,195.25,North Indian
1879,4646,3,93.4,Biryani
1879,4647,1,230.2,North Indian
1879,4648,1,80.38,Biryani
1880,4649,1,151.91,Chinese
1881,4650,3,203.94,Cafe
1882,4651,1,121.47,Biryani
1883,4652,1,197.75,Chinese
1883,4653,1,271.86,South Indian
1883,4654,3,162.32,South Indian
1883,4655,2,235.4,Cafe
1884,4656,3,112.75,Cafe
1884,4657,2,86.68,North Indian
1885,4658,2,285.71,North Indian
1886,4659,3,119.69,Biryani
1886,4660,1,278.05,Pizza
1886,4661,1,212.77,Biryani
1887,4662,2,284.29,Biryani
1887,4663,2,252.49,North Indian
1887,4664,3,201.98,Chinese
1888,4665,2,111.1,Cafe
1888,4666,2,121.43,Pizza
1889,4667,2,92.9,Pizza
1890,4668,3,100.01,Street Food
1891,4669,3,203.86,Street Food
1891,4670,3,194.77,Cafe
1891,4671,3,221.5,Chinese
1892,4672,1,178.54,South Indian
1892,4673,2,287.73,Pizza
1892,4674,2,175.73,North Indian
1893,4675,1,188.07,Chinese
1893,4676,3,186.5,Pizza
1893,4677,2,189.48,Cafe
1893,4678,2,249.59,Street Food
1894,4679,3,262.88,South Indian
1895,4680,2,276.26,Street Food
1896,4681,3,149.0,North Indian
1896,4682,3,86.15,Chinese
1897,4683,1,157.39,Biryani
1897,4684,1,261.22,Street Food
1897,4685,2,242.48,Biryani
1897,4686,1,191.92,Street Food
1898,4687,1,101.7,South Indian
1899,4688,3,150.47,Street Food
1899,4689,1,188.96,Biryani
1900,4690,1,282.86,South Indian
1901,4691,2,81.04,South Indian
1902,4692,1,297.16,Cafe
1902,4693,1,161.79,Cafe
1902,4694,2,89.85,South Indian
1903,4695,3,227.08,Pizza
1903,4696,3,205.52,Cafe
1904,4697,1,286.86,Street Food
1904,4698,3,281.02,Pizza
1904,4699,3,82.25,Cafe
1905,4700,2,141.18,South Indian
1905,4701,2,135.75,North Indian
1905,4702,3,232.36,North Indian
1905,4703,3,248.77,South Indian
1906,4704,1,220.27,North Indian
1906,4705,1,278.49,Pizza
1907,4706,1,198.13,South Indian
1908,4707,3,237.31,Street Food
1908,4708,2,142.66,Chinese
1908,4709,2,268.21,Chinese
1909,4710,1,166.88,South Indian
1910,4711,3,266.22,South Indian
1911,4712,3,299.02,Pizza
1911,4713,2,104.06,South Indian
1912,4714,2,120.59,Cafe
1913,4715,1,175.91,Chinese
1914,4716,3,111.41,Biryani
1914,4717,1,225.83,Biryani
1914,4718,1,249.08,Street Food
1914,4719,2,89.63,North Indian
1915,4720,2,269.09,Chinese
1915,4721,1,157.03,South Indian
1916,4722,2,163.61,Chinese
1917,4723,1,120.47,South Indian
1918,4724,3,238.66,North Indian
1918,4725,2,95.26,South Indian
1918,4726,3,196.28,Biryani
1919,4727,1,200.37,Chinese
1919,4728,1,104.5,North Indian
1920,4729,3,197.54,Biryani
1920,4730,3,117.38,Chinese
1920,4731,2,88.45,North Indian
1920,4732,3,131.41,Pizza
1921,4733,3,92.85,Pizza
1922,4734,1,247.68,North Indian
1923,4735,1,222.75,Pizza
1924,4736,2,230.83,Pizza
1924,4737,2,280.25,South Indian
1924,4738,3,187.92,Chinese
1924,4739,2,295.63,Street Food
1925,4740,2,282.27,South Indian
1925,4741,2,198.02,Chinese
1925,4742,1,111.77,Street Food
1925,4743,3,118.36,Pizza
1926,4744,1,160.98,North Indian
1926,4745,2,257.2,South Indian
1926,4746,1,181.19,Street Food
1927,4747,2,107.51,Street Food
1927,4748,2,125.78,Pizza
1928,4749,2,181.33,Pizza
1928,4750,2,289.52,Pizza
1928,4751,2,154.32,Street Food
1928,4752,2,109.29,Biryani
1929,4753,1,127.73,South Indian
1929,4754,3,122.81,Cafe
1930,4755,2,200.61,Cafe
1930,4756,2,162.46,Chinese
1930,4757,1,166.42,Pizza
1931,4758,3,223.49,Chinese
1932,4759,1,123.87,Chinese
1932,4760,3,275.78,Street Food
1932,4761,2,286.17,Pizza
1932,4762,1,287.5,North Indian
1933,4763,2,204.83,South Indian
1933,4764,2,296.4,Street Food
1934,4765,3,168.41,Cafe
1934,4766,1,113.15,Chinese
1935,4767,1,270.97,South Indian
1935,4768,2,149.57,Cafe
1935,4769,3,196.73,Street Food
1935,4770,1,228.76,Cafe
1936,4771,1,84.72,Cafe
1937,4772,2,267.57,Chinese
1938,4773,1,243.59,South Indian
1938,4774,2,264.95,Chinese
1938,4775,3,280.03,Biryani
1939,4776,2,154.5,South Indian
1939,4777,2,146.71,Cafe
1939,4778,3,115.16,South Indian
1939,4779,1,171.34,Biryani
1940,4780,1,203.57,Street Food
1940,4781,2,233.97,Chinese
1940,4782,3,266.56,South Indian
1940,4783,1,226.05,South Indian
1941,4784,1,246.25,South Indian
1941,4785,2,184.02,Pizza
1941,4786,1,248.77,Biryani
1941,4787,3,297.31,Chinese
1942,4788,3,205.82,Pizza
1942,4789,1,293.47,Street Food
1942,4790,3,155.64,Chinese
1942,4791,1,275.03,North Indian
1943,4792,1,217.29,Street Food
1943,4793,2,281.69,North Indian
1944,4794,3,150.55,Street Food
1944,4795,1,158.04,Cafe
1945,4796,1,216.81,Biryani
1945,4797,2,298.17,Chinese
1945,4798,2,122.25,Chinese
1945,4799,3,278.94,North Indian
1946,4800,2,279.28,North Indian
1946,4801,3,132.54,Chinese
1946,4802,2,178.76,Pizza
1946,4803,2,88.9,Street Food
1947,4804,3,97.65,Biryani
1947,4805,1,108.74,Biryani
1947,4806,1,241.62,North Indian
1947,4807,2,163.75,Pizza
1948,4808,2,87.92,Street Food
1948,4809,2,233.31,Chinese
1948,4810,2,256.69,Cafe
1948,4811,2,169.58,Chinese
1949,4812,2,238.21,Biryani
1949,4813,1,187.54,Chinese
1950,4814,2,282.13,North Indian
1951,4815,3,277.08,North Indian
1951,4816,1,257.37,North Indian
1951,4817,1,96.37,Chinese
1952,4818,1,205.82,South Indian
1953,4819,1,82.12,North Indian
1954,4820,3,95.48,Biryani
1954,4821,3,292.44,Pizza
1954,4822,3,272.15,Cafe
1955,4823,3,106.84,Street Food
1956,4824,1,281.96,North Indian
1956,4825,1,100.17,North Indian
1957,4826,2,254.15,South Indian
1958,4827,1,237.74,Pizza
1958,4828,2,217.6,South Indian
1959,4829,1,235.81,Pizza
1959,4830,3,235.38,Pizza
1959,4831,2,240.94,Biryani
1959,4832,1,177.35,Biryani
1960,4833,1,118.69,South Indian
1961,4834,1,273.2,Biryani
1961,4835,1,233.99,Street Food
1961,4836,1,121.4,Cafe
1962,4837,1,115.73,Street Food
1962,4838,3,145.28,Pizza
1962,4839,3,220.93,South Indian
1963,4840,2,261.38,Street Food
1963,4841,1,196.72,Street Food
1963,4842,3,135.37,Cafe
1963,4843,1,94.22,North Indian
1964,4844,2,278.59,North Indian
1964,4845,3,246.24,Pizza
1964,4846,1,228.29,Street Food
1964,4847,2,82.64,Street Food
1965,4848,2,209.39,Chinese
1966,4849,3,137.74,Cafe
1967,4850,2,158.78,Cafe
1967,4851,2,161.5,Chinese
1967,4852,2,148.96,Street Food
1968,4853,1,209.19,North Indian
1968,4854,3,157.64,Pizza
1969,4855,2,283.16,Cafe
1969,4856,2,182.0,Pizza
1969,4857,2,113.59,Street Food
1969,4858,2,172.31,North Indian
1970,4859,2,163.92,Cafe
1970,4860,3,112.86,Chinese
1971,4861,2,254.1,Street Food
1972,4862,1,210.45,South Indian
1972,4863,1,100.87,Pizza
1973,4864,1,139.6,South Indian
1973,4865,1,189.41,South Indian
1973,4866,2,262.55,Cafe
1973,4867,3,141.09,South Indian
1974,4868,3,239.22,Pizza
1974,4869,2,288.41,South Indian
1974,4870,2,293.2,North Indian
1974,4871,2,291.52,North Indian
1975,4872,3,184.87,Chinese
1975,4873,1,131.73,Pizza
1975,4874,1,171.6,North Indian
1976,4875,3,114.89,Street Food
1976,4876,2,230.49,Pizza
1976,4877,3,106.81,South Indian
1977,4878,2,239.45,Cafe
1977,4879,3,270.1,Chinese
1977,4880,3,293.49,North Indian
1978,4881,2,161.4,South Indian
1979,4882,2,231.42,Cafe
1979,4883,2,219.45,Pizza
1980,4884,3,154.97,Cafe
1980,4885,2,233.63,South Indian
1980,4886,2,251.95,Biryani
1981,4887,3,210.42,South Indian
1981,4888,1,187.49,Pizza
1982,4889,2,192.41,North Indian
1983,4890,1,217.19,North Indian
1983,4891,3,188.01,Biryani
1983,4892,3,138.52,Pizza
1983,4893,2,251.04,Cafe
1984,4894,3,111.48,Cafe
1984,4895,1,184.22,South Indian
1984,4896,3,80.67,Chinese
1985,4897,3,112.15,Chinese
1985,4898,2,186.63,Chinese
1985,4899,3,274.31,South Indian
1985,4900,3,121.4,Biryani
1986,4901,2,241.35,Street Food
1987,4902,3,255.75,Chinese
1987,4903,1,253.96,Pizza
1988,4904,2,137.42,South Indian
1989,4905,1,86.34,Street Food
1989,4906,2,97.32,Pizza
1989,4907,1,178.27,Pizza
1990,4908,3,177.71,Chinese
1990,4909,1,286.12,Pizza
1991,4910,1,235.39,Pizza
1991,4911,2,115.84,South Indian
1991,4912,2,290.34,North Indian
1992,4913,2,201.57,Chinese
1993,4914,2,263.0,Pizza
1993,4915,3,85.6,Pizza
1994,4916,2,119.16,Biryani
1994,4917,1,221.6,Chinese
1994,4918,3,246.43,North Indian
1995,4919,3,237.8,South Indian
1996,4920,1,283.93,South Indian
1996,4921,1,102.5,South Indian
1996,4922,3,131.7,Cafe
1996,4923,2,293.91,Chinese
1997,4924,2,155.59,North Indian
1998,4925,2,199.92,Biryani
1998,4926,2,221.2,Pizza
1998,4927,3,114.1,Cafe
1998,4928,1,259.16,Pizza
1999,4929,1,247.81,Cafe
1999,4930,2,130.03,North Indian
2000,4931,1,221.44,Street Food
2001,4932,2,89.33,South Indian
2001,4933,1,288.99,Cafe
2002,4934,3,150.28,Pizza
2002,4935,3,227.46,North Indian
2003,4936,2,85.17,Street Food
2003,4937,3,171.29,North Indian
2003,4938,1,124.03,North Indian
2004,4939,1,208.2,North Indian
2004,4940,2,234.4,Biryani
2005,4941,3,277.69,South Indian
2005,4942,2,126.81,Biryani
2005,4943,1,281.34,Street Food
2006,4944,2,202.38,Biryani
2006,4945,2,115.17,South Indian
2006,4946,3,136.38,South Indian
2007,4947,2,166.38,Street Food
2007,4948,2,179.36,Pizza
2007,4949,3,292.9,Street Food
2008,4950,1,120.66,North Indian
2008,4951,2,257.02,Street Food
2008,4952,1,124.03,Biryani
2008,4953,3,244.4,Cafe
2009,4954,3,259.93,Chinese
2009,4955,2,91.96,Street Food
2010,4956,3,275.85,Cafe
2010,4957,2,127.7,North Indian
2011,4958,1,127.61,South Indian
2011,4959,2,125.4,Street Food
2011,4960,2,238.39,Pizza
2012,4961,3,245.85,Pizza
2012,4962,2,203.38,Chinese
2012,4963,3,268.62,South Indian
2012,4964,1,215.6,North Indian
2013,4965,3,91.01,North Indian
2014,4966,1,146.76,Pizza
2014,4967,3,204.98,South Indian
2014,4968,1,91.78,South Indian
2015,4969,2,243.21,Chinese
2015,4970,1,141.6,Street Food
2016,4971,2,249.5,North Indian
2017,4972,1,137.8,Cafe
2017,4973,1,106.47,Street Food
2017,4974,3,289.53,Cafe
2018,4975,2,118.41,North Indian
2019,4976,3,131.66,Cafe
2020,4977,2,84.96,Biryani
2020,4978,2,93.92,Street Food
2020,4979,1,127.4,Pizza
2021,4980,1,88.18,Pizza
2021,4981,2,170.73,North Indian
2021,4982,3,277.43,Street Food
2021,4983,1,291.07,Chinese
2022,4984,3,185.42,Cafe
2022,4985,2,85.37,Chinese
2022,4986,1,131.66,Pizza
2023,4987,3,89.71,Biryani
2024,4988,3,289.47,Pizza
2024,4989,1,237.43,Street Food
2024,4990,1,143.03,North Indian
2024,4991,3,160.81,Cafe
2025,4992,3,116.06,Street Food
2025,4993,2,239.76,Biryani
2025,4994,1,150.56,Street Food
2025,4995,2,169.54,Biryani
2026,4996,2,182.85,Chinese
2026,4997,2,112.48,Street Food
2026,4998,2,228.66,Pizza
2026,4999,2,291.51,North Indian
2027,5000,1,153.22,Chinese
2027,5001,3,182.64,Cafe
2027,5002,3,269.6,South Indian
2028,5003,2,191.4,Cafe
2029,5004,3,155.16,Street Food
2029,5005,3,115.07,Cafe
2030,5006,1,261.43,Pizza
2030,5007,1,261.16,North Indian
2031,5008,3,102.84,North Indian
2032,5009,3,226.22,South Indian
2032,5010,3,129.89,Street Food
2032,5011,2,187.62,Chinese
2033,5012,3,286.12,Biryani
2033,5013,3,260.26,South Indian
2033,5014,3,157.25,Pizza
2034,5015,1,220.9,Pizza
2035,5016,3,276.95,South Indian
2035,5017,3,80.13,Cafe
2036,5018,2,111.76,North Indian
2037,5019,1,246.28,Chinese
2037,5020,1,199.23,North Indian
2037,5021,1,85.17,North Indian
2038,5022,1,125.56,Cafe
2038,5023,3,95.69,Chinese
2038,5024,2,289.22,Pizza
2039,5025,3,168.66,Street Food
2039,5026,3,146.05,Pizza
2039,5027,2,125.86,Pizza
2040,5028,3,215.26,North Indian
2040,5029,3,188.09,North Indian
2040,5030,2,150.32,North Indian
2040,5031,2,234.14,Cafe
2041,5032,3,249.35,Pizza
2041,5033,3,209.17,Chinese
2041,5034,3,187.87,North Indian
2041,5035,2,88.51,Pizza
2042,5036,2,135.47,North Indian
2043,5037,1,239.34,Street Food
2044,5038,2,163.57,Chinese
2045,5039,3,296.48,North Indian
2045,5040,2,148.16,Cafe
2046,5041,1,215.02,North Indian
2046,5042,1,230.44,Biryani
2046,5043,3,251.78,Biryani
2046,5044,2,95.2,South Indian
2047,5045,2,233.37,Pizza
2047,5046,3,223.81,North Indian
2047,5047,2,208.85,Street Food
2047,5048,3,188.04,Pizza
2048,5049,1,88.76,Biryani
2048,5050,2,173.88,Street Food
2048,5051,1,293.08,North Indian
2049,5052,2,186.97,North Indian
2049,5053,2,250.66,Cafe
2050,5054,2,89.65,South Indian
2050,5055,1,154.82,Street Food
2051,5056,1,237.04,Cafe
2051,5057,3,288.57,North Indian
2051,5058,1,116.18,South Indian
2051,5059,3,295.34,Biryani
2052,5060,2,189.15,Cafe
2053,5061,1,235.85,Street Food
2053,5062,2,219.66,North Indian
2053,5063,2,184.2,Chinese
2053,5064,2,202.6,Pizza
2054,5065,1,99.19,Street Food
2055,5066,2,168.29,South Indian
2055,5067,1,106.62,South Indian
2055,5068,1,205.49,Street Food
2056,5069,2,225.17,Biryani
2056,5070,2,202.62,Pizza
2057,5071,3,120.81,Pizza
2058,5072,3,88.75,South Indian
2059,5073,2,109.31,Street Food
2059,5074,2,82.46,North Indian
2060,5075,1,195.4,Chinese
2061,5076,2,273.68,South Indian
2062,5077,1,269.33,Cafe
2062,5078,1,121.51,Pizza
2062,5079,2,185.32,North Indian
2063,5080,2,201.67,Street Food
2063,5081,3,268.91,North Indian
2064,5082,3,107.93,Biryani
2064,5083,1,269.46,North Indian
2065,5084,3,297.77,North Indian
2065,5085,3,116.24,Street Food
2065,5086,2,264.75,Chinese
2065,5087,1,262.15,Pizza
2066,5088,2,89.44,Chinese
2067,5089,1,122.37,Street Food
2067,5090,2,165.97,Biryani
2067,5091,1,244.69,South Indian
2067,5092,2,215.28,Cafe
2068,5093,3,271.81,Street Food
2068,5094,1,133.09,Biryani
2068,5095,2,189.37,North Indian
2068,5096,2,211.96,Pizza
2069,5097,3,98.67,Cafe
2070,5098,3,88.79,Chinese
2070,5099,2,141.78,Street Food
2071,5100,2,263.99,Biryani
2071,5101,2,282.25,Cafe
2071,5102,2,192.52,Pizza
2072,5103,2,154.16,Street Food
2072,5104,2,294.55,Biryani
2073,5105,2,218.41,Chinese
2074,5106,3,192.97,Chinese
2074,5107,2,279.59,Biryani
2074,5108,1,156.67,Chinese
2075,5109,2,193.89,Pizza
2075,5110,2,138.06,Pizza
2076,5111,3,275.92,South Indian
2076,5112,3,144.9,Street Food
2077,5113,3,199.41,Chinese
2077,5114,1,255.57,Biryani
2077,5115,3,118.15,Street Food
2078,5116,3,134.35,Biryani
2078,5117,3,262.69,South Indian
2078,5118,3,258.11,Chinese
2079,5119,2,186.56,Chinese
2079,5120,3,181.0,Chinese
2080,5121,2,213.32,Chinese
2080,5122,1,292.63,Cafe
2081,5123,1,94.64,Cafe
2081,5124,2,284.12,Pizza
2081,5125,3,208.39,Chinese
2081,5126,3,204.84,South Indian
2082,5127,1,295.95,Street Food
2082,5128,2,210.96,Pizza
2082,5129,2,165.11,North Indian
2083,5130,1,107.04,Cafe
2083,5131,1,89.03,North Indian
2084,5132,1,200.67,Chinese
2084,5133,1,252.45,Street Food
2084,5134,3,173.12,North Indian
2085,5135,1,104.52,Biryani
2086,5136,2,174.56,South Indian
2086,5137,1,216.03,Biryani
2086,5138,2,284.13,Chinese
2087,5139,1,85.05,Biryani
2087,5140,2,247.72,South Indian
2088,5141,1,199.18,North Indian
2088,5142,1,100.06,Street Food
2088,5143,3,295.31,Chinese
2088,5144,2,107.4,South Indian
2089,5145,1,133.25,Biryani
2089,5146,1,276.21,South Indian
2089,5147,2,103.63,South Indian
2089,5148,3,147.87,Biryani
2090,5149,2,126.95,North Indian
2090,5150,1,169.88,Pizza
2090,5151,2,113.08,Pizza
2090,5152,3,245.15,North Indian
2091,5153,1,274.0,Pizza
2091,5154,2,253.71,Biryani
2091,5155,2,150.86,Pizza
2092,5156,2,213.44,Chinese
2092,5157,1,234.76,Biryani
2092,5158,3,230.32,South Indian
2092,5159,2,125.57,Chinese
2093,5160,2,140.31,Street Food
2093,5161,2,277.66,Pizza
2093,5162,3,273.1,North Indian
2094,5163,3,233.47,Pizza
2094,5164,3,256.02,Pizza
2095,5165,2,163.81,Pizza
2095,5166,2,239.32,Pizza
2095,5167,1,176.22,Chinese
2096,5168,2,160.65,Chinese
2096,5169,2,114.78,South Indian
2097,5170,1,295.42,Chinese
2097,5171,1,247.36,North Indian
2098,5172,1,215.4,Biryani
2098,5173,1,135.09,Biryani
2099,5174,2,112.79,South Indian
2099,5175,2,141.27,South Indian
2099,5176,1,170.08,South Indian
2100,5177,1,271.8,Biryani
2101,5178,3,224.02,Cafe
2102,5179,2,200.55,Pizza
2102,5180,1,131.97,Cafe
2103,5181,3,236.76,North Indian
2103,5182,1,139.19,Cafe
2104,5183,3,107.31,Pizza
2104,5184,3,247.39,Street Food
2105,5185,1,197.4,South Indian
2105,5186,1,253.12,Chinese
2106,5187,2,192.91,North Indian
2106,5188,3,190.99,North Indian
2107,5189,1,116.74,Pizza
2107,5190,1,266.24,South Indian
2107,5191,3,263.54,Biryani
2107,5192,2,181.73,Pizza
2108,5193,3,104.17,South Indian
2108,5194,1,220.83,Cafe
2109,5195,1,296.23,South Indian
2110,5196,2,181.37,Cafe
2111,5197,3,245.94,Biryani
2111,5198,3,239.77,Biryani
2111,5199,2,291.66,Biryani
2111,5200,2,253.0,Biryani
2112,5201,2,195.16,Pizza
2112,5202,1,190.69,Pizza
2112,5203,1,257.06,South Indian
2112,5204,1,211.96,Chinese
2113,5205,1,212.97,Pizza
2113,5206,2,162.71,Chinese
2113,5207,1,149.2,South Indian
2114,5208,1,175.82,Street Food
2115,5209,2,270.34,Cafe
2115,5210,3,110.77,Cafe
2116,5211,2,133.79,North Indian
2116,5212,1,278.81,Chinese
2116,5213,2,167.83,Street Food
2117,5214,2,274.12,Pizza
2117,5215,1,171.48,North Indian
2117,5216,1,288.5,Street Food
2117,5217,1,144.99,North Indian
2118,5218,2,280.07,Street Food
2118,5219,2,97.19,Chinese
2118,5220,2,260.64,Biryani
2119,5221,1,285.47,Cafe
2119,5222,2,94.91,Chinese
2119,5223,1,148.28,Biryani
2119,5224,1,82.43,North Indian
2120,5225,3,236.44,Chinese
2120,5226,1,85.43,South Indian
2121,5227,1,178.64,Chinese
2121,5228,3,181.26,Biryani
2121,5229,2,142.68,North Indian
2122,5230,2,246.87,Pizza
2123,5231,3,251.45,Street Food
2124,5232,1,285.25,Pizza
2125,5233,3,237.14,Street Food
2125,5234,3,219.75,South Indian
2125,5235,1,247.66,South Indian
2126,5236,3,164.46,Pizza
2127,5237,1,89.68,North Indian
2127,5238,1,122.79,Biryani
2128,5239,2,255.88,South Indian
2128,5240,2,200.35,Chinese
2129,5241,1,298.03,South Indian
2129,5242,1,138.41,Pizza
2130,5243,1,183.03,South Indian
2131,5244,1,97.59,Pizza
2131,5245,2,215.7,Chinese
2131,5246,2,290.25,Chinese
2131,5247,3,202.89,Cafe
2132,5248,3,226.29,Biryani
2132,5249,1,226.91,Cafe
2132,5250,3,209.75,Street Food
2133,5251,3,251.23,South Indian
2133,5252,1,259.29,Pizza
2133,5253,2,139.88,Biryani
2134,5254,2,294.01,Pizza
2134,5255,1,289.46,Chinese
2134,5256,2,103.43,South Indian
2135,5257,1,273.76,South Indian
2135,5258,2,279.14,North Indian
2136,5259,2,243.36,Pizza
2136,5260,3,152.87,North Indian
2136,5261,1,115.74,Pizza
2137,5262,2,283.75,North Indian
2138,5263,2,259.31,South Indian
2138,5264,2,184.1,North Indian
2138,5265,2,286.27,North Indian
2138,5266,2,131.85,Pizza
2139,5267,3,127.09,Pizza
2139,5268,1,143.02,Biryani
2139,5269,1,153.94,Biryani
2139,5270,2,210.56,Cafe
2140,5271,1,98.06,Cafe
2141,5272,1,198.88,Pizza
2142,5273,3,222.55,North Indian
2143,5274,2,119.07,South Indian
2144,5275,2,229.32,Cafe
2144,5276,3,158.6,Biryani
2144,5277,1,88.89,Chinese
2145,5278,1,88.57,Biryani
2145,5279,1,297.4,Biryani
2145,5280,1,260.71,South Indian
2146,5281,2,261.32,Pizza
2146,5282,1,138.81,Chinese
2147,5283,3,142.58,North Indian
2148,5284,3,267.53,South Indian
2148,5285,3,250.74,Biryani
2148,5286,1,189.21,South Indian
2148,5287,3,142.41,Pizza
2149,5288,3,115.82,Pizza
2149,5289,2,158.93,Biryani
2149,5290,2,144.6,Street Food
2150,5291,2,257.53,South Indian
2150,5292,2,226.58,South Indian
2150,5293,1,181.48,Street Food
2150,5294,1,88.1,North Indian
2151,5295,1,103.69,Pizza
2152,5296,1,239.01,Chinese
2152,5297,2,231.3,Biryani
2153,5298,3,185.95,Pizza
2153,5299,1,284.57,Street Food
2154,5300,3,126.15,Pizza
2154,5301,3,87.44,South Indian
2154,5302,2,122.13,North Indian
2155,5303,1,265.05,Cafe
2156,5304,2,121.04,Pizza
2156,5305,2,224.83,Pizza
2156,5306,3,269.77,Pizza
2157,5307,2,243.96,Street Food
2157,5308,2,224.85,Cafe
2158,5309,1,271.22,South Indian
2158,5310,2,171.48,Pizza
2159,5311,1,89.25,South Indian
2159,5312,1,192.81,Pizza
2159,5313,2,279.61,Street Food
2160,5314,2,88.46,North Indian
2160,5315,3,159.36,Chinese
2161,5316,2,80.6,Pizza
2161,5317,3,124.38,South Indian
2161,5318,2,229.68,Cafe
2162,5319,3,165.95,Biryani
2162,5320,3,214.74,Biryani
2162,5321,1,175.69,Street Food
2163,5322,2,292.11,Biryani
2164,5323,3,299.29,Pizza
2164,5324,1,142.59,North Indian
2164,5325,2,209.65,Cafe
2165,5326,2,262.5,Pizza
2166,5327,3,205.82,Chinese
2166,5328,3,129.04,Chinese
2166,5329,2,276.13,Cafe
2166,5330,1,259.68,Street Food
2167,5331,2,138.38,Biryani
2167,5332,1,88.92,Cafe
2167,5333,2,132.58,North Indian
2168,5334,1,290.9,Cafe
2168,5335,2,197.76,Biryani
2168,5336,2,83.6,Cafe
2168,5337,3,254.82,Street Food
2169,5338,3,225.93,Pizza
2169,5339,3,126.95,Street Food
2169,5340,3,143.26,North Indian
2170,5341,2,203.37,Chinese
2170,5342,1,199.91,South Indian
2171,5343,3,174.49,Chinese
2172,5344,2,84.55,South Indian
2172,5345,3,240.82,South Indian
2173,5346,3,136.56,South Indian
2173,5347,2,124.9,South Indian
2173,5348,2,101.47,Chinese
2174,5349,3,232.14,Street Food
2174,5350,1,96.77,South Indian
2174,5351,1,267.67,North Indian
2175,5352,1,251.31,Cafe
2175,5353,2,292.33,North Indian
2176,5354,2,106.72,Cafe
2176,5355,3,182.37,North Indian
2176,5356,2,226.96,Chinese
2176,5357,1,158.38,North Indian
2177,5358,1,165.33,South Indian
2177,5359,3,287.89,Street Food
2177,5360,1,280.4,Biryani
2178,5361,1,115.7,Chinese
2179,5362,3,259.35,Biryani
2179,5363,1,185.31,Cafe
2180,5364,1,154.84,Pizza
2180,5365,2,102.79,Biryani
2180,5366,2,126.72,South Indian
2181,5367,3,244.5,North Indian
2181,5368,3,129.89,Street Food
2181,5369,2,202.64,Pizza
2181,5370,2,150.89,Chinese
2182,5371,1,88.0,South Indian
2182,5372,1,205.61,North Indian
2183,5373,3,154.52,Street Food
2183,5374,1,293.31,Cafe
2183,5375,2,98.75,Cafe
2184,5376,3,194.51,Cafe
2185,5377,3,109.87,Pizza
2186,5378,1,217.49,North Indian
2186,5379,3,149.75,Chinese
2186,5380,3,260.88,Chinese
2187,5381,1,92.08,Chinese
2188,5382,3,136.82,Pizza
2188,5383,1,141.75,Cafe
2189,5384,1,294.53,Chinese
2189,5385,1,189.62,Street Food
2189,5386,2,169.51,North Indian
2189,5387,2,152.11,Street Food
2190,5388,1,284.91,Biryani
2191,5389,2,104.94,Chinese
2192,5390,2,275.45,South Indian
2192,5391,3,126.71,Cafe
2192,5392,1,130.93,Chinese
2193,5393,3,246.06,Cafe
2193,5394,1,258.55,Biryani
2193,5395,3,271.47,Biryani
2194,5396,3,224.74,North Indian
2194,5397,2,245.51,North Indian
2194,5398,2,282.14,Pizza
2195,5399,3,153.32,Street Food
2196,5400,1,95.12,Biryani
2197,5401,1,276.11,North Indian
2198,5402,2,169.32,North Indian
2198,5403,2,114.94,Biryani
2198,5404,1,98.04,South Indian
2198,5405,1,222.67,Biryani
2199,5406,3,258.69,Pizza
2200,5407,3,235.8,South Indian
2200,5408,3,290.6,Cafe
2201,5409,2,81.16,Biryani
2201,5410,2,206.87,Street Food
2202,5411,2,200.46,North Indian
2202,5412,2,126.42,Street Food
2203,5413,1,261.51,Chinese
2203,5414,2,109.97,Biryani
2203,5415,2,280.36,Chinese
2203,5416,2,134.79,Cafe
2204,5417,3,172.45,Street Food
2205,5418,1,295.12,Pizza
2205,5419,3,122.06,Chinese
2205,5420,3,108.2,South Indian
2205,5421,3,207.64,Street Food
2206,5422,1,236.44,South Indian
2206,5423,1,243.87,Street Food
2207,5424,3,166.84,South Indian
2208,5425,1,206.41,Street Food
2208,5426,1,237.79,Cafe
2208,5427,3,83.03,North Indian
2209,5428,1,178.36,South Indian
2209,5429,3,222.55,North Indian
2209,5430,2,151.52,Pizza
2210,5431,3,194.15,Chinese
2210,5432,2,225.89,Cafe
2210,5433,3,112.1,Pizza
2210,5434,2,121.36,Street Food
2211,5435,2,187.56,Chinese
2211,5436,2,90.77,North Indian
2212,5437,2,114.89,Cafe
2212,5438,1,244.63,Biryani
2212,5439,2,124.84,North Indian
2212,5440,2,110.95,Chinese
2213,5441,2,249.19,Pizza
2213,5442,3,94.36,Pizza
2214,5443,2,221.74,Pizza
2214,5444,1,231.45,Chinese
2214,5445,2,291.97,Chinese
2215,5446,2,128.52,South Indian
2215,5447,1,251.82,Street Food
2216,5448,2,128.15,Biryani
2216,5449,3,221.22,South Indian
2216,5450,1,138.89,Chinese
2216,5451,3,136.06,North Indian
2217,5452,3,193.63,Chinese
2217,5453,3,168.82,North Indian
2217,5454,3,290.57,North Indian
2218,5455,2,135.46,South Indian
2218,5456,3,284.9,Cafe
2219,5457,3,189.35,Biryani
2219,5458,1,112.8,North Indian
2220,5459,3,249.33,Pizza
2220,5460,3,155.09,Pizza
2220,5461,1,121.22,Street Food
2221,5462,3,248.12,Chinese
2221,5463,3,257.01,Biryani
2221,5464,1,218.35,Street Food
2222,5465,1,163.58,Biryani
2222,5466,1,275.86,Chinese
2222,5467,1,268.72,Chinese
2223,5468,1,197.15,Pizza
2223,5469,1,174.78,Biryani
2223,5470,1,231.74,North Indian
2223,5471,3,277.1,South Indian
2224,5472,1,125.09,Pizza
2224,5473,3,299.11,North Indian
2224,5474,1,229.81,Biryani
2224,5475,2,238.05,South Indian
2225,5476,1,161.59,North Indian
2225,5477,2,82.57,Biryani
2226,5478,1,298.09,Street Food
2226,5479,3,275.76,South Indian
2226,5480,1,154.98,South Indian
2226,5481,3,106.13,Cafe
2227,5482,3,198.12,Street Food
2227,5483,1,89.72,Street Food
2227,5484,2,199.04,Street Food
2228,5485,2,259.75,South Indian
2229,5486,2,102.02,Biryani
2229,5487,3,130.45,Biryani
2229,5488,2,80.02,Street Food
2229,5489,2,285.62,Cafe
2230,5490,3,233.11,North Indian
2230,5491,3,101.45,Street Food
2230,5492,3,84.7,Chinese
2230,5493,1,117.86,South Indian
2231,5494,3,89.94,South Indian
2231,5495,1,262.0,South Indian
2232,5496,2,181.39,Street Food
2232,5497,2,129.64,South Indian
2233,5498,1,239.66,Street Food
2234,5499,2,217.97,Cafe
2234,5500,2,263.64,Pizza
2235,5501,3,93.92,South Indian
2235,5502,2,163.18,South Indian
2236,5503,1,197.27,Street Food
2236,5504,2,103.88,Cafe
2236,5505,1,126.59,South Indian
2237,5506,1,175.62,Street Food
2237,5507,1,138.55,Biryani
2237,5508,3,202.1,Street Food
2237,5509,3,288.99,Biryani
2238,5510,2,114.63,Biryani
2238,5511,3,225.31,South Indian
2238,5512,2,173.47,Biryani
2239,5513,2,149.46,Biryani
2239,5514,1,283.77,Cafe
2239,5515,1,123.18,Chinese
2239,5516,2,249.96,Pizza
2240,5517,3,105.38,Street Food
2241,5518,1,130.54,Street Food
2241,5519,3,288.9,North Indian
2242,5520,2,280.05,Biryani
2242,5521,3,242.27,South Indian
2242,5522,1,193.95,Biryani
2242,5523,1,255.77,South Indian
2243,5524,3,268.83,Biryani
2244,5525,1,198.58,North Indian
2245,5526,3,198.26,Chinese
2245,5527,2,153.06,South Indian
2245,5528,1,89.68,Pizza
2246,5529,1,256.63,South Indian
2246,5530,3,219.97,Biryani
2247,5531,3,177.32,Pizza
2247,5532,3,219.45,North Indian
2248,5533,2,116.22,Chinese
2248,5534,2,86.59,Cafe
2248,5535,1,251.61,Cafe
2249,5536,3,86.68,Chinese
2250,5537,3,257.75,Biryani
2250,5538,1,98.18,South Indian
2251,5539,1,176.58,Biryani
2251,5540,3,161.74,Cafe
2251,5541,3,244.66,Biryani
2251,5542,1,238.23,Chinese
2252,5543,2,227.88,Cafe
2252,5544,3,222.03,Cafe
2252,5545,2,137.38,North Indian
2253,5546,3,226.99,Biryani
2253,5547,2,143.18,Biryani
2254,5548,1,118.66,Cafe
2255,5549,3,216.76,North Indian
2255,5550,2,163.48,North Indian
2255,5551,3,175.63,North Indian
2256,5552,3,90.75,Street Food
2257,5553,1,163.14,Street Food
2257,5554,2,99.51,Street Food
2257,5555,3,140.52,South Indian
2258,5556,2,203.86,South Indian
2258,5557,2,112.84,Chinese
2258,5558,3,130.13,Chinese
2258,5559,2,225.49,Chinese
2259,5560,1,252.73,Pizza
2259,5561,3,89.21,Street Food
2259,5562,1,217.5,North Indian
2260,5563,1,132.89,Biryani
2260,5564,3,202.82,Biryani
2260,5565,2,253.04,North Indian
2260,5566,3,251.3,Cafe
2261,5567,1,94.19,Chinese
2261,5568,1,284.19,Cafe
2262,5569,2,263.68,North Indian
2262,5570,3,281.35,Street Food
2262,5571,1,137.55,Street Food
2262,5572,2,291.67,Street Food
2263,5573,3,288.66,Pizza
2263,5574,1,193.45,Pizza
2264,5575,3,222.5,Pizza
2264,5576,2,133.29,Street Food
2265,5577,1,233.26,Biryani
2266,5578,3,117.59,Biryani
2266,5579,3,227.29,Street Food
2266,5580,2,169.68,South Indian
2267,5581,1,273.48,Cafe
2268,5582,2,238.89,Cafe
2268,5583,3,174.8,North Indian
2269,5584,2,98.08,Cafe
2269,5585,1,260.85,Chinese
2269,5586,3,165.77,Chinese
2270,5587,2,270.58,North Indian
2270,5588,1,168.72,South Indian
2270,5589,3,228.67,Chinese
2271,5590,2,122.17,Cafe
2271,5591,3,85.12,North Indian
2272,5592,2,147.7,Cafe
2272,5593,2,269.88,Biryani
2272,5594,3,291.19,Biryani
2272,5595,3,281.58,North Indian
2273,5596,3,103.97,South Indian
2273,5597,3,233.43,Biryani
2274,5598,2,152.94,South Indian
2274,5599,2,214.22,Street Food
2275,5600,3,231.42,North Indian
2276,5601,3,220.6,Cafe
2276,5602,2,132.54,South Indian
2276,5603,1,293.34,Cafe
2277,5604,1,262.28,Chinese
2277,5605,3,149.32,Street Food
2277,5606,1,166.84,South Indian
2278,5607,1,99.81,Street Food
2278,5608,3,180.04,Pizza
2279,5609,3,90.63,South Indian
2280,5610,3,100.11,Street Food
2280,5611,1,188.37,South Indian
2281,5612,3,151.06,South Indian
2281,5613,1,274.12,Cafe
2281,5614,1,239.14,North Indian
2281,5615,3,247.5,Pizza
2282,5616,2,100.97,Biryani
2282,5617,2,251.36,Street Food
2282,5618,3,276.2,North Indian
2283,5619,1,260.48,Cafe
2283,5620,1,208.94,Chinese
2284,5621,1,200.94,Cafe
2284,5622,3,195.25,North Indian
2284,5623,1,231.45,Chinese
2284,5624,2,220.1,Pizza
2285,5625,3,142.4,Biryani
2285,5626,1,291.28,Pizza
2285,5627,1,274.1,Street Food
2286,5628,2,160.94,Cafe
2286,5629,2,109.46,North Indian
2287,5630,2,212.81,Cafe
2288,5631,3,220.64,Biryani
2289,5632,1,198.63,South Indian
2289,5633,1,167.34,Pizza
2289,5634,2,264.37,Biryani
2290,5635,2,122.84,Cafe
2290,5636,3,114.69,South Indian
2291,5637,1,132.83,Chinese
2291,5638,2,154.29,North Indian
2292,5639,2,285.43,Street Food
2293,5640,1,194.33,Pizza
2293,5641,3,89.43,Chinese
2293,5642,3,84.68,Cafe
2294,5643,1,188.32,Pizza
2294,5644,2,175.78,Cafe
2294,5645,3,90.2,Street Food
2295,5646,1,244.2,Pizza
2296,5647,1,287.65,Cafe
2297,5648,3,274.69,Chinese
2298,5649,2,274.6,North Indian
2298,5650,1,164.98,Street Food
2298,5651,2,95.99,Street Food
2298,5652,1,101.99,South Indian
2299,5653,2,277.45,Chinese
2299,5654,1,259.83,Biryani
2300,5655,2,205.85,Pizza
2300,5656,3,266.43,Pizza
2301,5657,3,126.39,Biryani
2301,5658,2,143.89,North Indian
2302,5659,1,146.88,Biryani
2303,5660,3,296.73,Cafe
2304,5661,2,145.66,Pizza
2304,5662,3,280.8,Street Food
2305,5663,2,90.15,South Indian
2305,5664,3,162.35,Street Food
2306,5665,1,102.54,Chinese
2307,5666,3,232.67,Biryani
2307,5667,1,191.63,Biryani
2307,5668,3,235.66,Cafe
2307,5669,2,142.87,South Indian
2308,5670,3,298.98,Chinese
2309,5671,2,246.37,Street Food
2309,5672,3,217.23,Street Food
2310,5673,3,206.0,Pizza
2310,5674,3,145.21,Biryani
2310,5675,3,213.03,Biryani
2310,5676,3,240.55,Street Food
2311,5677,1,275.61,Chinese
2311,5678,1,197.76,Chinese
2311,5679,3,164.5,Biryani
2311,5680,1,112.33,Biryani
2312,5681,2,84.68,Biryani
2313,5682,3,216.13,Cafe
2313,5683,1,289.72,South Indian
2313,5684,1,120.69,Cafe
2314,5685,2,251.72,Cafe
2314,5686,2,168.93,Biryani
2315,5687,2,216.89,North Indian
2316,5688,1,167.56,North Indian
2316,5689,2,248.03,North Indian
2316,5690,3,177.24,Street Food
2316,5691,1,148.09,Street Food
2317,5692,3,213.48,Chinese
2317,5693,3,225.76,Chinese
2318,5694,3,110.48,Biryani
2318,5695,1,263.91,Chinese
2319,5696,2,291.2,Street Food
2320,5697,1,278.49,Biryani
2321,5698,2,86.59,Cafe
2321,5699,1,169.37,Cafe
2321,5700,2,199.79,South Indian
2321,5701,2,225.4,North Indian
2322,5702,3,163.23,Pizza
2322,5703,3,96.02,Cafe
2322,5704,1,83.29,Pizza
2322,5705,2,101.62,Cafe
2323,5706,1,257.59,Chinese
2323,5707,3,154.11,Cafe
2324,5708,2,265.53,Cafe
2325,5709,2,199.12,South Indian
2325,5710,3,255.18,Chinese
2325,5711,3,139.82,North Indian
2326,5712,1,185.25,South Indian
2327,5713,1,226.9,Biryani
2328,5714,3,165.95,Pizza
2328,5715,1,299.66,North Indian
2328,5716,2,190.86,North Indian
2328,5717,1,227.03,Cafe
2329,5718,1,90.54,North Indian
2329,5719,2,196.12,Biryani
2329,5720,3,141.43,Chinese
2330,5721,3,150.71,Pizza
2331,5722,1,269.84,Biryani
2331,5723,1,271.8,Pizza
2331,5724,3,170.45,South Indian
2331,5725,1,240.59,South Indian
2332,5726,2,83.7,Pizza
2332,5727,2,177.39,Chinese
2332,5728,2,115.71,Street Food
2333,5729,1,239.72,Cafe
2333,5730,2,227.71,Biryani
2333,5731,1,155.8,Biryani
2333,5732,1,244.09,Pizza
2334,5733,2,283.08,South Indian
2334,5734,3,233.84,Biryani
2334,5735,1,249.2,Chinese
2334,5736,1,167.4,Biryani
2335,5737,1,293.47,South Indian
2335,5738,1,179.85,North Indian
2335,5739,1,289.92,Chinese
2336,5740,3,284.73,South Indian
2336,5741,2,281.48,Pizza
2336,5742,1,182.78,North Indian
2337,5743,1,125.08,South Indian
2337,5744,3,102.36,Biryani
2337,5745,1,80.1,North Indian
2337,5746,1,245.07,South Indian
2338,5747,1,182.9,Biryani
2338,5748,3,294.82,Pizza
2338,5749,1,121.89,Pizza
2339,5750,3,199.94,Chinese
2340,5751,3,90.82,South Indian
2340,5752,3,151.06,South Indian
2340,5753,2,144.68,North Indian
2341,5754,2,140.59,North Indian
2342,5755,2,125.08,Chinese
2342,5756,1,167.64,Biryani
2343,5757,1,279.11,Street Food
2344,5758,3,192.95,South Indian
2344,5759,1,83.08,South Indian
2344,5760,3,100.3,Pizza
2344,5761,3,197.97,South Indian
2345,5762,3,122.54,Biryani
2346,5763,1,205.95,Chinese
2346,5764,3,262.54,Cafe
2346,5765,3,231.09,Pizza
2346,5766,1,246.73,Cafe
2347,5767,3,133.47,North Indian
2347,5768,3,118.99,Street Food
2348,5769,2,86.41,South Indian
2348,5770,3,245.06,Street Food
2348,5771,1,188.42,Street Food
2349,5772,2,229.76,North Indian
2349,5773,2,185.23,North Indian
2349,5774,2,269.4,Pizza
2349,5775,1,278.07,Biryani
2350,5776,1,160.32,North Indian
2350,5777,2,198.94,North Indian
2351,5778,1,129.26,Chinese
2351,5779,2,228.25,North Indian
2352,5780,3,272.16,Chinese
2352,5781,1,251.0,Biryani
2352,5782,2,286.15,Street Food
2352,5783,2,169.09,South Indian
2353,5784,3,223.29,South Indian
2354,5785,3,110.52,Biryani
2355,5786,2,246.09,North Indian
2355,5787,3,209.94,Cafe
2355,5788,3,139.07,Pizza
2355,5789,3,213.97,Chinese
2356,5790,1,107.91,North Indian
2357,5791,1,289.31,Street Food
2357,5792,3,130.56,Cafe
2357,5793,3,175.29,Street Food
2358,5794,3,293.19,Street Food
2358,5795,1,145.59,Biryani
2358,5796,2,266.15,Biryani
2359,5797,3,98.48,Chinese
2360,5798,3,200.05,Pizza
2360,5799,1,232.96,Pizza
2360,5800,1,158.53,South Indian
2360,5801,1,276.94,Pizza
2361,5802,2,185.07,Biryani
2361,5803,3,121.09,Biryani
2361,5804,2,140.48,Cafe
2361,5805,1,291.98,North Indian
2362,5806,2,214.3,Pizza
2362,5807,2,199.23,Cafe
2362,5808,3,206.41,Pizza
2362,5809,3,189.39,Cafe
2363,5810,1,150.43,Biryani
2363,5811,1,188.66,Street Food
2364,5812,3,197.07,Street Food
2365,5813,2,221.58,Street Food
2366,5814,2,91.41,Chinese
2366,5815,1,225.99,Cafe
2367,5816,2,163.81,Biryani
2367,5817,2,230.83,Biryani
2367,5818,1,86.74,North Indian
2368,5819,2,277.95,South Indian
2368,5820,3,155.38,Chinese
2369,5821,2,120.16,Biryani
2369,5822,2,181.35,Pizza
2369,5823,1,110.88,Cafe
2370,5824,1,220.43,Street Food
2370,5825,1,230.38,Street Food
2370,5826,3,266.28,Cafe
2371,5827,1,270.58,South Indian
2371,5828,3,291.3,Biryani
2371,5829,1,154.84,South Indian
2371,5830,2,97.51,Street Food
2372,5831,1,197.27,Chinese
2372,5832,3,297.66,Pizza
2372,5833,1,281.07,Chinese
2373,5834,1,293.1,South Indian
2373,5835,2,288.13,South Indian
2373,5836,3,128.9,Biryani
2373,5837,3,251.97,Chinese
2374,5838,1,269.3,Biryani
2375,5839,3,236.34,Chinese
2376,5840,1,289.36,Pizza
2376,5841,3,137.83,Pizza
2376,5842,3,151.36,Biryani
2377,5843,2,250.06,Chinese
2377,5844,2,129.33,South Indian
2377,5845,2,218.19,North Indian
2378,5846,1,281.05,Biryani
2379,5847,1,90.32,Biryani
2379,5848,3,153.4,South Indian
2379,5849,2,254.56,North Indian
2379,5850,2,126.24,Chinese
2380,5851,2,144.6,North Indian
2381,5852,2,124.51,South Indian
2381,5853,3,118.17,Biryani
2381,5854,1,259.86,Pizza
2382,5855,1,255.74,Pizza
2383,5856,1,83.53,Biryani
2383,5857,2,289.6,South Indian
2383,5858,3,270.14,Cafe
2384,5859,2,289.09,Cafe
2385,5860,1,250.79,South Indian
2386,5861,2,215.46,North Indian
2386,5862,3,210.18,Pizza
2386,5863,3,93.23,Street Food
2386,5864,1,246.71,North Indian
2387,5865,2,108.55,Cafe
2387,5866,3,195.89,Cafe
2387,5867,2,168.48,South Indian
2388,5868,3,258.0,Cafe
2388,5869,2,171.54,Chinese
2388,5870,3,191.42,Cafe
2389,5871,3,177.28,Chinese
2389,5872,1,110.41,Street Food
2389,5873,2,192.25,Street Food
2389,5874,3,141.52,Street Food
2390,5875,3,209.43,Chinese
2390,5876,2,253.27,Cafe
2390,5877,3,143.37,Biryani
2391,5878,2,290.76,North Indian
2391,5879,1,258.73,Pizza
2392,5880,1,109.95,Cafe
2392,5881,1,274.15,North Indian
2392,5882,1,256.36,Chinese
2393,5883,3,222.41,South Indian
2393,5884,1,290.86,South Indian
2394,5885,2,271.07,North Indian
2395,5886,1,151.27,Pizza
2395,5887,1,194.79,Street Food
2396,5888,3,242.39,Street Food
2396,5889,1,142.46,Chinese
2396,5890,3,195.45,Pizza
2396,5891,2,209.02,Street Food
2397,5892,1,189.91,Cafe
2397,5893,3,297.9,South Indian
2397,5894,2,178.78,Street Food
2397,5895,2,238.26,Chinese
2398,5896,1,244.32,South Indian
2398,5897,2,266.11,Street Food
2398,5898,3,116.9,Chinese
2398,5899,2,126.01,North Indian
2399,5900,1,235.66,Cafe
2399,5901,1,242.15,South Indian
2400,5902,1,124.04,South Indian
2401,5903,3,147.07,North Indian
2402,5904,2,242.43,North Indian
2403,5905,2,137.73,South Indian
2403,5906,1,237.86,Pizza
2404,5907,1,197.15,Cafe
2404,5908,2,168.89,Street Food
2404,5909,1,226.33,South Indian
2405,5910,2,185.62,Chinese
2405,5911,2,244.3,Chinese
2406,5912,2,109.85,South Indian
2406,5913,3,287.27,Chinese
2406,5914,1,216.09,Biryani
2407,5915,2,277.92,Biryani
2407,5916,1,240.5,Pizza
2407,5917,1,200.86,South Indian
2407,5918,3,176.7,North Indian
2408,5919,1,93.93,Street Food
2408,5920,1,123.63,Cafe
2408,5921,3,240.23,Biryani
2408,5922,3,208.16,South Indian
2409,5923,2,119.99,South Indian
2410,5924,3,170.63,South Indian
2410,5925,1,241.22,Cafe
2411,5926,3,267.85,North Indian
2411,5927,3,146.7,Biryani
2411,5928,3,111.65,South Indian
2412,5929,3,160.01,South Indian
2412,5930,3,268.25,Biryani
2412,5931,1,150.44,Chinese
2413,5932,2,106.87,Street Food
2413,5933,3,181.87,Street Food
2413,5934,2,128.15,Cafe
2414,5935,2,134.37,North Indian
2414,5936,3,153.18,Cafe
2414,5937,2,207.07,Cafe
2414,5938,2,214.47,Street Food
2415,5939,1,276.52,Biryani
2416,5940,1,121.09,South Indian
2416,5941,2,95.37,North Indian
2416,5942,2,134.23,Biryani
2416,5943,2,247.14,Pizza
2417,5944,1,187.87,Cafe
2418,5945,1,207.51,Biryani
2418,5946,3,133.47,South Indian
2418,5947,1,258.71,Cafe
2419,5948,1,254.51,Pizza
2420,5949,3,121.46,North Indian
2421,5950,2,247.42,Pizza
2422,5951,3,190.76,Cafe
2422,5952,3,176.44,Street Food
2422,5953,1,232.53,Street Food
2422,5954,3,273.27,Street Food
2423,5955,1,132.1,Biryani
2423,5956,2,283.35,Cafe
2423,5957,1,124.44,Chinese
2424,5958,1,282.96,Street Food
2424,5959,1,259.23,Cafe
2424,5960,3,150.56,Pizza
2425,5961,2,263.74,South Indian
2426,5962,3,205.51,Cafe
2426,5963,1,85.02,South Indian
2427,5964,3,287.2,Street Food
2427,5965,2,226.08,North Indian
2428,5966,1,185.15,Street Food
2428,5967,3,192.5,North Indian
2428,5968,3,261.11,North Indian
2429,5969,2,98.18,Street Food
2429,5970,3,189.97,Biryani
2429,5971,1,111.94,North Indian
2429,5972,3,113.2,South Indian
2430,5973,1,114.63,Cafe
2431,5974,2,182.64,Street Food
2431,5975,1,91.77,Biryani
2431,5976,3,228.16,North Indian
2431,5977,1,164.17,North Indian
2432,5978,1,89.21,Biryani
2432,5979,3,87.02,South Indian
2433,5980,3,243.37,Biryani
2433,5981,2,285.13,South Indian
2433,5982,3,244.29,South Indian
2434,5983,2,205.81,Pizza
2435,5984,2,125.85,North Indian
2435,5985,3,119.34,Street Food
2435,5986,3,258.48,Cafe
2435,5987,3,102.8,Cafe
2436,5988,1,102.1,Chinese
2436,5989,1,253.76,Street Food
2436,5990,2,217.58,South Indian
2437,5991,1,206.81,Chinese
2437,5992,1,113.03,Chinese
2437,5993,2,108.34,Cafe
2438,5994,3,266.31,Chinese
2438,5995,3,163.71,Cafe
2439,5996,3,241.92,North Indian
2440,5997,3,226.73,Biryani
2440,5998,2,108.2,Street Food
2441,5999,1,250.8,South Indian
2441,6000,2,106.1,Chinese
2441,6001,1,173.25,Chinese
2441,6002,3,151.86,Chinese
2442,6003,2,247.77,South Indian
2442,6004,1,266.2,Chinese
2442,6005,1,275.38,Cafe
2442,6006,1,85.64,Pizza
2443,6007,2,107.08,Biryani
2444,6008,2,130.78,Pizza
2444,6009,2,93.27,Biryani
2445,6010,2,238.15,North Indian
2446,6011,2,269.63,North Indian
2446,6012,2,130.2,South Indian
2446,6013,2,196.83,North Indian
2446,6014,2,150.28,Cafe
2447,6015,3,218.98,North Indian
2447,6016,1,234.26,Cafe
2448,6017,1,134.93,North Indian
2448,6018,1,215.55,Pizza
2448,6019,2,204.17,Cafe
2449,6020,2,173.1,Cafe
2449,6021,2,217.04,Chinese
2449,6022,2,209.83,Cafe
2449,6023,2,161.83,Pizza
2450,6024,1,135.28,Cafe
2450,6025,1,110.11,Cafe
2451,6026,2,175.52,North Indian
2451,6027,1,202.09,Cafe
2451,6028,1,255.4,Biryani
2452,6029,1,125.59,Cafe
2453,6030,3,130.57,Pizza
2453,6031,2,140.76,North Indian
2453,6032,2,115.61,Biryani
2453,6033,1,199.76,Biryani
2454,6034,3,227.44,Pizza
2455,6035,1,210.4,Cafe
2456,6036,2,234.95,Pizza
2457,6037,1,191.84,Pizza
2458,6038,1,134.23,Pizza
2458,6039,3,130.42,North Indian
2458,6040,1,258.86,Chinese
2458,6041,2,293.39,Chinese
2459,6042,2,123.89,Pizza
2459,6043,1,105.13,South Indian
2459,6044,1,83.83,Pizza
2459,6045,1,156.77,Cafe
2460,6046,2,173.7,Pizza
2460,6047,3,135.83,North Indian
2460,6048,1,106.51,North Indian
2461,6049,1,299.95,Cafe
2461,6050,1,213.53,South Indian
2461,6051,2,282.83,Cafe
2462,6052,2,176.1,South Indian
2462,6053,1,157.71,North Indian
2462,6054,3,132.92,South Indian
2462,6055,3,267.82,North Indian
2463,6056,1,295.56,Pizza
2464,6057,2,102.04,Chinese
2464,6058,3,209.65,Cafe
2464,6059,1,254.92,North Indian
2464,6060,2,209.47,Street Food
2465,6061,1,281.06,North Indian
2465,6062,1,244.78,Chinese
2465,6063,3,131.91,Cafe
2465,6064,3,94.95,Street Food
2466,6065,3,80.67,South Indian
2466,6066,3,299.45,North Indian
2466,6067,2,252.58,North Indian
2467,6068,3,213.95,North Indian
2467,6069,3,145.48,Cafe
2467,6070,3,260.78,Pizza
2468,6071,3,129.21,North Indian
2468,6072,1,181.91,Pizza
2468,6073,3,106.46,Pizza
2468,6074,2,212.66,Street Food
2469,6075,1,170.4,Pizza
2469,6076,1,112.66,Pizza
2469,6077,2,289.56,Pizza
2470,6078,3,138.56,South Indian
2470,6079,1,247.68,Pizza
2470,6080,1,126.41,Street Food
2470,6081,3,227.34,Biryani
2471,6082,3,205.06,North Indian
2471,6083,3,178.13,North Indian
2471,6084,1,236.53,Chinese
2472,6085,2,266.59,Street Food
2472,6086,1,85.79,Pizza
2473,6087,3,181.36,Biryani
2474,6088,1,99.59,North Indian
2474,6089,1,225.37,Street Food
2475,6090,3,256.71,Street Food
2476,6091,1,266.92,Biryani
2476,6092,1,131.75,Street Food
2476,6093,3,245.2,Biryani
2477,6094,1,277.44,North Indian
2477,6095,2,291.75,Street Food
2477,6096,3,190.8,Biryani
2477,6097,2,284.12,Biryani
2478,6098,1,293.51,Pizza
2479,6099,2,197.72,South Indian
2479,6100,1,179.28,Chinese
2479,6101,3,192.89,South Indian
2480,6102,3,162.24,North Indian
2480,6103,3,117.97,Cafe
2480,6104,1,137.09,North Indian
2480,6105,2,184.35,Pizza
2481,6106,1,265.27,Pizza
2482,6107,2,211.05,North Indian
2483,6108,1,192.4,Pizza
2484,6109,1,211.98,Pizza
2484,6110,3,278.84,South Indian
2484,6111,2,239.77,Pizza
2485,6112,3,219.79,Chinese
2485,6113,1,209.55,South Indian
2485,6114,3,105.94,Cafe
2485,6115,1,253.83,Pizza
2486,6116,2,173.97,Pizza
2487,6117,1,187.25,Street Food
2487,6118,3,201.71,South Indian
2488,6119,3,163.03,North Indian
2488,6120,2,207.83,Cafe
2488,6121,3,227.41,Pizza
2489,6122,2,220.8,Biryani
2489,6123,2,234.44,Chinese
2490,6124,2,200.3,Street Food
2490,6125,2,285.82,Pizza
2490,6126,1,138.44,Biryani
2490,6127,2,113.37,Pizza
2491,6128,1,203.38,North Indian
2492,6129,1,115.16,Chinese
2492,6130,3,247.21,Cafe
2492,6131,3,169.46,Biryani
2492,6132,3,107.51,Biryani
2493,6133,2,197.62,Biryani
2493,6134,3,190.4,Biryani
2494,6135,2,110.24,Chinese
2495,6136,2,113.29,Cafe
2495,6137,3,177.94,Biryani
2495,6138,1,173.48,Biryani
2495,6139,1,99.62,North Indian
2496,6140,1,209.03,Cafe
2496,6141,3,134.62,Street Food
2497,6142,1,237.24,North Indian
2497,6143,1,126.94,Street Food
2498,6144,1,155.18,South Indian
2498,6145,1,282.04,Chinese
2498,6146,3,192.43,Pizza
2498,6147,2,251.55,Street Food
2499,6148,1,159.27,Chinese
2500,6149,2,111.82,North Indian
2500,6150,3,101.42,Chinese
2500,6151,3,86.94,South Indian
2501,6152,2,86.22,Biryani
2501,6153,2,168.45,North Indian
2501,6154,2,246.23,Pizza
2502,6155,3,107.89,Chinese
2503,6156,3,199.03,Street Food
2504,6157,2,181.58,Biryani
2505,6158,1,139.73,Pizza
2505,6159,2,171.01,Cafe
2506,6160,1,264.74,Biryani
2507,6161,2,217.85,Chinese
2507,6162,3,172.88,Street Food
2508,6163,3,294.56,Pizza
2508,6164,3,216.08,Pizza
2509,6165,3,163.86,Chinese
2509,6166,3,276.36,North Indian
2509,6167,2,154.86,Chinese
2510,6168,3,90.85,North Indian
2510,6169,3,109.65,Biryani
2510,6170,3,119.73,Cafe
2511,6171,2,134.21,Pizza
2511,6172,3,89.79,North Indian
2511,6173,1,184.39,Pizza
2511,6174,3,240.2,South Indian
2512,6175,1,172.67,South Indian
2512,6176,2,294.69,Street Food
2512,6177,1,102.0,Biryani
2512,6178,2,152.08,Biryani
2513,6179,2,186.81,North Indian
2514,6180,3,224.33,Biryani
2515,6181,1,145.72,Biryani
2515,6182,2,119.36,Chinese
2515,6183,2,299.7,Street Food
2516,6184,3,269.54,Biryani
2516,6185,2,174.89,Pizza
2516,6186,1,151.91,Pizza
2517,6187,1,83.16,Cafe
2517,6188,2,149.24,Cafe
2517,6189,2,187.81,Pizza
2518,6190,3,276.34,Biryani
2518,6191,2,252.15,Chinese
2518,6192,2,292.25,South Indian
2519,6193,2,108.79,Cafe
2520,6194,2,255.76,Pizza
2520,6195,1,267.94,South Indian
2520,6196,2,154.03,Chinese
2521,6197,1,167.23,Chinese
2522,6198,1,283.58,North Indian
2522,6199,3,285.02,Pizza
2522,6200,1,268.23,North Indian
2523,6201,1,144.7,Cafe
2523,6202,2,174.2,Pizza
2524,6203,2,168.27,Cafe
2524,6204,2,214.92,Pizza
2524,6205,1,102.8,South Indian
2524,6206,2,236.01,North Indian
2525,6207,2,280.36,Cafe
2526,6208,3,255.31,Street Food
2526,6209,2,298.54,North Indian
2526,6210,3,83.3,Pizza
2527,6211,2,236.41,Biryani
2527,6212,1,123.09,North Indian
2527,6213,1,207.12,Chinese
2527,6214,2,284.76,North Indian
2528,6215,2,109.68,Street Food
2528,6216,2,254.36,Cafe
2528,6217,1,220.49,Pizza
2529,6218,1,240.7,South Indian
2530,6219,1,196.33,South Indian
2531,6220,2,130.15,Chinese
2531,6221,3,209.52,Pizza
2531,6222,3,90.58,Biryani
2531,6223,2,294.21,Street Food
2532,6224,2,296.35,Biryani
2532,6225,1,148.15,North Indian
2533,6226,3,151.35,Chinese
2533,6227,2,255.32,Chinese
2534,6228,1,228.68,Pizza
2535,6229,2,223.62,Chinese
2535,6230,3,182.79,Street Food
2535,6231,1,271.37,Cafe
2536,6232,1,110.79,South Indian
2537,6233,3,296.64,Chinese
2537,6234,3,215.25,Street Food
2538,6235,3,286.82,Street Food
2538,6236,1,179.17,Cafe
2538,6237,2,248.11,South Indian
2538,6238,3,144.56,Street Food
2539,6239,2,117.34,South Indian
2539,6240,3,198.56,Street Food
2540,6241,1,277.5,Chinese
2540,6242,3,82.78,Biryani
2541,6243,1,213.48,Pizza
2542,6244,1,136.08,Street Food
2542,6245,3,122.76,Pizza
2543,6246,2,238.22,Biryani
2543,6247,1,138.69,South Indian
2544,6248,1,273.84,North Indian
2544,6249,1,268.72,Cafe
2544,6250,3,253.32,Street Food
2545,6251,3,95.21,Cafe
2546,6252,2,184.32,Chinese
2546,6253,3,279.1,Cafe
2546,6254,2,155.97,South Indian
2546,6255,2,135.9,Street Food
2547,6256,2,137.62,North Indian
2547,6257,3,126.26,Biryani
2547,6258,2,231.46,Pizza
2548,6259,2,235.01,Biryani
2548,6260,1,83.43,Street Food
2549,6261,1,221.6,North Indian
2549,6262,1,198.06,Biryani
2549,6263,3,225.44,Cafe
2550,6264,3,204.94,Pizza
2550,6265,3,196.09,Cafe
2550,6266,1,274.66,Cafe
2550,6267,3,211.75,Chinese
2551,6268,2,207.33,South Indian
2551,6269,2,103.02,Cafe
2551,6270,2,229.83,Chinese
2552,6271,1,88.01,North Indian
2552,6272,3,297.03,Biryani
2552,6273,3,291.97,Street Food
2552,6274,2,118.51,South Indian
2553,6275,3,222.71,Biryani
2553,6276,2,115.8,South Indian
2554,6277,3,254.32,South Indian
2554,6278,1,296.77,Street Food
2555,6279,1,166.22,Cafe
2555,6280,1,287.61,Biryani
2555,6281,1,296.35,Biryani
2555,6282,3,283.31,Street Food
2556,6283,1,112.06,North Indian
2556,6284,1,83.28,South Indian
2557,6285,1,83.58,Street Food
2557,6286,3,164.91,Pizza
2558,6287,1,89.97,North Indian
2558,6288,3,265.08,Biryani
2558,6289,3,270.92,Cafe
2558,6290,3,185.79,Pizza
2559,6291,1,200.5,Cafe
2560,6292,1,161.99,Cafe
2560,6293,1,143.53,Street Food
2560,6294,1,277.5,Chinese
2561,6295,3,133.67,North Indian
2561,6296,3,192.27,North Indian
2561,6297,2,140.8,Cafe
2562,6298,1,149.27,Pizza
2562,6299,3,149.61,Street Food
2563,6300,1,80.8,Street Food
2564,6301,2,263.77,Pizza
2565,6302,1,161.41,Cafe
2565,6303,2,287.56,Street Food
2566,6304,2,263.5,Chinese
2566,6305,1,278.65,North Indian
2566,6306,2,175.23,Street Food
2566,6307,2,172.86,North Indian
2567,6308,1,279.1,Pizza
2568,6309,2,270.85,Street Food
2568,6310,1,234.9,South Indian
2568,6311,2,80.35,Pizza
2569,6312,1,167.74,Cafe
2569,6313,3,139.15,Biryani
2569,6314,2,89.23,Biryani
2570,6315,2,250.06,Cafe
2571,6316,2,172.33,South Indian
2571,6317,2,201.87,Pizza
2572,6318,1,165.45,Pizza
2572,6319,1,196.15,Biryani
2572,6320,2,202.77,Biryani
2572,6321,3,204.47,Pizza
2573,6322,3,95.98,North Indian
2573,6323,2,256.63,Pizza
2573,6324,1,159.86,Cafe
2573,6325,1,205.26,Pizza
2574,6326,3,210.83,South Indian
2575,6327,1,109.19,Street Food
2576,6328,2,266.84,Street Food
2576,6329,3,207.01,Cafe
2576,6330,1,163.63,Chinese
2577,6331,3,268.05,Cafe
2578,6332,1,286.96,Cafe
2578,6333,2,159.47,Biryani
2578,6334,2,293.73,North Indian
2579,6335,2,180.52,Street Food
2579,6336,1,227.61,South Indian
2579,6337,2,145.3,Biryani
2579,6338,1,252.49,North Indian
2580,6339,2,100.22,Street Food
2580,6340,3,168.62,South Indian
2581,6341,2,118.95,South Indian
2581,6342,3,287.47,Chinese
2581,6343,3,209.28,Pizza
2581,6344,1,258.46,Chinese
2582,6345,2,281.57,North Indian
2582,6346,3,156.25,Chinese
2582,6347,2,186.94,Cafe
2583,6348,2,175.73,Biryani
2584,6349,1,265.88,South Indian
2584,6350,1,265.8,Chinese
2585,6351,1,236.27,North Indian
2585,6352,3,90.95,Street Food
2585,6353,2,128.3,Street Food
2585,6354,2,170.2,North Indian
2586,6355,1,126.48,South Indian
2586,6356,2,266.48,Pizza
2586,6357,1,190.68,Biryani
2586,6358,3,152.18,Street Food
2587,6359,1,92.85,Pizza
2587,6360,3,223.43,Cafe
2587,6361,3,120.21,Street Food
2588,6362,3,179.58,North Indian
2588,6363,1,298.61,North Indian
2588,6364,2,287.15,Biryani
2589,6365,1,185.92,North Indian
2589,6366,2,287.45,Street Food
2589,6367,3,245.67,North Indian
2590,6368,1,206.36,North Indian
2591,6369,2,274.9,North Indian
2591,6370,3,98.96,South Indian
2592,6371,1,244.46,North Indian
2592,6372,3,159.8,Cafe
2592,6373,2,91.71,Biryani
2592,6374,1,123.91,North Indian
2593,6375,1,258.13,Biryani
2593,6376,2,229.71,North Indian
2593,6377,2,136.41,Street Food
2593,6378,3,99.06,Biryani
2594,6379,3,236.5,Street Food
2594,6380,2,129.94,Street Food
2594,6381,1,255.44,Biryani
2595,6382,2,210.48,Biryani
2595,6383,1,270.34,Pizza
2595,6384,2,108.93,Chinese
2595,6385,2,290.44,Cafe
2596,6386,2,263.99,North Indian
2597,6387,2,124.48,Chinese
2597,6388,3,98.18,Cafe
2598,6389,1,136.72,North Indian
2599,6390,2,250.43,Street Food
2599,6391,3,168.72,Street Food
2600,6392,1,183.02,Chinese
2600,6393,1,293.58,Cafe
2601,6394,2,136.33,Cafe
2601,6395,1,154.23,South Indian
2601,6396,2,196.59,Pizza
2602,6397,3,175.79,Street Food
2602,6398,2,178.52,Biryani
2602,6399,3,128.19,Street Food
2603,6400,2,284.81,Biryani
2603,6401,1,200.38,South Indian
2603,6402,2,256.04,Pizza
2604,6403,2,281.3,Biryani
2604,6404,1,152.79,North Indian
2604,6405,2,259.59,Chinese
2605,6406,2,159.22,Biryani
2606,6407,2,97.61,Pizza
2606,6408,1,125.32,South Indian
2606,6409,3,261.42,Biryani
2607,6410,3,286.12,Cafe
2608,6411,1,89.35,Street Food
2608,6412,3,148.08,North Indian
2608,6413,3,297.82,North Indian
2609,6414,1,289.23,North Indian
2609,6415,2,251.36,Pizza
2610,6416,3,296.98,North Indian
2611,6417,2,257.2,Street Food
2611,6418,2,230.03,North Indian
2612,6419,1,219.45,Pizza
2612,6420,3,216.62,South Indian
2613,6421,2,233.7,North Indian
2613,6422,3,118.97,North Indian
2613,6423,1,226.71,South Indian
2614,6424,2,252.69,Biryani
2614,6425,2,271.82,North Indian
2614,6426,1,114.74,Pizza
2614,6427,3,282.17,North Indian
2615,6428,1,154.2,Cafe
2615,6429,3,284.71,Chinese
2615,6430,3,231.0,Biryani
2616,6431,2,219.42,Biryani
2616,6432,2,87.04,Chinese
2616,6433,1,290.29,Pizza
2617,6434,2,234.92,Cafe
2618,6435,2,210.89,North Indian
2618,6436,2,235.83,Biryani
2619,6437,3,86.17,South Indian
2619,6438,3,245.22,North Indian
2619,6439,1,82.14,Pizza
2620,6440,3,216.85,Chinese
2620,6441,3,82.69,Street Food
2620,6442,3,106.07,Chinese
2621,6443,1,286.29,South Indian
2621,6444,2,90.03,Biryani
2621,6445,3,293.91,Chinese
2622,6446,1,199.41,Street Food
2623,6447,1,297.91,Chinese
2624,6448,3,159.02,Cafe
2624,6449,1,280.05,Street Food
2625,6450,1,90.06,Pizza
2625,6451,1,87.32,Pizza
2625,6452,2,205.27,Biryani
2626,6453,3,84.23,Biryani
2627,6454,3,92.93,Biryani
2627,6455,2,237.77,Pizza
2627,6456,2,89.7,Street Food
2627,6457,1,299.15,Biryani
2628,6458,3,229.65,Street Food
2628,6459,1,225.69,Biryani
2628,6460,2,147.49,Street Food
2629,6461,1,84.51,Pizza
2629,6462,2,180.86,Cafe
2629,6463,1,153.52,North Indian
2630,6464,1,219.23,Cafe
2630,6465,1,96.03,South Indian
2631,6466,2,136.12,Pizza
2631,6467,1,142.89,Pizza
2631,6468,3,136.05,Biryani
2631,6469,1,218.1,Street Food
2632,6470,1,253.64,Chinese
2632,6471,2,268.32,North Indian
2633,6472,3,253.24,Biryani
2634,6473,3,276.91,Pizza
2635,6474,2,133.74,Street Food
2636,6475,3,135.72,North Indian
2636,6476,1,275.01,North Indian
2636,6477,1,164.49,Pizza
2636,6478,1,254.81,Biryani
2637,6479,2,277.2,Chinese
2638,6480,2,245.93,Biryani
2638,6481,3,253.79,Biryani
2638,6482,2,151.12,Biryani
2638,6483,1,99.3,Biryani
2639,6484,2,116.85,North Indian
2639,6485,1,289.72,South Indian
2639,6486,2,227.63,South Indian
2639,6487,1,274.64,South Indian
2640,6488,2,157.82,South Indian
2640,6489,1,136.28,Pizza
2640,6490,1,232.88,South Indian
2640,6491,1,279.61,North Indian
2641,6492,2,265.21,South Indian
2642,6493,1,121.59,Street Food
2643,6494,1,222.35,Biryani
2643,6495,3,225.26,North Indian
2644,6496,3,252.85,Biryani
2644,6497,3,280.17,Street Food
2644,6498,1,231.01,Biryani
2645,6499,2,103.41,North Indian
2646,6500,1,197.82,Chinese
2646,6501,3,201.13,Street Food
2646,6502,3,273.76,Biryani
2646,6503,3,182.03,Pizza
2647,6504,3,231.96,Pizza
2647,6505,3,193.69,Street Food
2648,6506,2,281.78,Pizza
2649,6507,1,200.45,Pizza
2649,6508,3,287.37,Biryani
2650,6509,1,256.82,Chinese
2650,6510,2,291.52,Chinese
2650,6511,1,224.62,Biryani
2650,6512,1,116.99,Cafe
2651,6513,1,80.27,South Indian
2651,6514,3,127.03,Chinese
2651,6515,3,108.04,Cafe
2651,6516,1,109.76,South Indian
2652,6517,2,99.51,Chinese
2653,6518,2,224.06,Street Food
2653,6519,1,283.4,Cafe
2653,6520,3,244.51,North Indian
2653,6521,2,294.27,Chinese
2654,6522,3,82.25,South Indian
2654,6523,3,218.01,North Indian
2655,6524,1,219.49,North Indian
2655,6525,2,286.16,Street Food
2656,6526,1,267.52,South Indian
2656,6527,3,176.56,Chinese
2657,6528,3,272.68,South Indian
2657,6529,2,237.93,North Indian
2658,6530,3,100.58,Chinese
2658,6531,1,169.57,Pizza
2659,6532,1,230.08,Cafe
2659,6533,1,155.78,Cafe
2660,6534,2,180.52,Chinese
2660,6535,2,278.68,North Indian
2661,6536,1,248.94,Street Food
2661,6537,1,223.39,Biryani
2662,6538,2,230.18,Cafe
2663,6539,2,145.68,Cafe
2664,6540,1,208.05,Biryani
2665,6541,1,287.7,North Indian
2665,6542,2,134.55,Street Food
2666,6543,1,216.42,Pizza
2666,6544,1,113.18,North Indian
2666,6545,1,286.55,Pizza
2667,6546,1,190.24,Chinese
2667,6547,2,202.58,Chinese
2667,6548,2,265.12,Pizza
2667,6549,2,289.89,North Indian
2668,6550,1,234.09,South Indian
2668,6551,1,205.47,Cafe
2668,6552,2,159.65,North Indian
2668,6553,2,207.87,Cafe
2669,6554,2,224.33,Pizza
2669,6555,2,166.13,South Indian
2669,6556,3,147.36,Cafe
2670,6557,3,129.44,Pizza
2670,6558,2,81.88,Street Food
2671,6559,1,179.8,South Indian
2671,6560,1,164.77,Pizza
2671,6561,1,99.46,South Indian
2671,6562,2,127.62,Pizza
2672,6563,3,155.57,Street Food
2672,6564,3,232.99,Chinese
2673,6565,1,229.42,Cafe
2673,6566,3,219.97,North Indian
2674,6567,3,289.08,Biryani
2674,6568,1,242.78,Pizza
2674,6569,1,220.68,Street Food
2674,6570,2,279.64,Street Food
2675,6571,3,212.17,Street Food
2676,6572,2,128.53,Biryani
2676,6573,2,257.1,South Indian
2676,6574,3,292.45,Chinese
2676,6575,2,294.3,South Indian
2677,6576,3,92.67,Biryani
2677,6577,1,129.48,Chinese
2677,6578,1,288.86,North Indian
2678,6579,1,97.31,Cafe
2678,6580,2,266.63,Biryani
2679,6581,2,86.16,Street Food
2679,6582,2,161.35,Pizza
2679,6583,3,165.89,Street Food
2679,6584,3,228.53,Pizza
2680,6585,2,168.3,Street Food
2680,6586,3,255.45,Chinese
2680,6587,3,249.86,Street Food
2681,6588,1,159.31,South Indian
2681,6589,2,161.56,Pizza
2681,6590,2,166.47,Street Food
2682,6591,1,174.8,Chinese
2682,6592,1,97.4,Chinese
2682,6593,2,161.39,Biryani
2682,6594,3,279.82,Biryani
2683,6595,3,281.75,Chinese
2683,6596,3,99.26,Chinese
2683,6597,1,247.29,Biryani
2684,6598,2,253.04,Chinese
2684,6599,3,163.88,Chinese
2685,6600,1,104.83,South Indian
2685,6601,1,179.7,Chinese
2685,6602,1,132.71,Cafe
2685,6603,3,209.47,North Indian
2686,6604,1,164.66,Cafe
2686,6605,2,91.58,Street Food
2686,6606,2,223.15,Biryani
2687,6607,1,254.38,South Indian
2687,6608,2,259.65,Chinese
2688,6609,2,126.97,Cafe
2688,6610,1,179.62,Pizza
2688,6611,1,224.71,Pizza
2689,6612,1,291.43,Street Food
2689,6613,1,86.6,Street Food
2690,6614,2,286.83,Cafe
2691,6615,1,111.26,North Indian
2691,6616,1,161.04,Biryani
2691,6617,2,100.32,Biryani
2692,6618,2,114.41,Chinese
2692,6619,3,141.46,South Indian
2692,6620,2,275.62,Biryani
2693,6621,2,138.75,Street Food
2693,6622,3,275.86,Pizza
2693,6623,1,104.73,South Indian
2693,6624,3,292.27,Cafe
2694,6625,3,196.39,Cafe
2695,6626,3,260.48,South Indian
2695,6627,2,181.82,South Indian
2695,6628,3,174.59,Street Food
2696,6629,2,121.43,Pizza
2696,6630,1,104.52,North Indian
2696,6631,3,262.03,Cafe
2697,6632,1,259.01,Biryani
2697,6633,1,85.41,Chinese
2697,6634,2,222.8,Street Food
2698,6635,1,85.57,South Indian
2699,6636,3,119.2,South Indian
2699,6637,1,148.02,Chinese
2699,6638,2,225.76,South Indian
2699,6639,1,173.59,Biryani
2700,6640,1,292.89,Street Food
2700,6641,1,249.23,South Indian
2700,6642,2,196.4,Street Food
2701,6643,2,298.56,North Indian
2702,6644,1,123.59,Biryani
2702,6645,2,157.23,South Indian
2703,6646,1,279.43,North Indian
2703,6647,3,221.87,Biryani
2703,6648,3,218.86,Pizza
2703,6649,1,155.67,Street Food
2704,6650,3,157.49,Cafe
2704,6651,3,230.23,South Indian
2704,6652,1,117.17,Street Food
2705,6653,1,233.85,South Indian
2705,6654,3,212.75,South Indian
2705,6655,1,143.21,Cafe
2705,6656,2,232.06,Cafe
2706,6657,2,129.61,South Indian
2706,6658,2,173.9,Biryani
2707,6659,1,183.3,North Indian
2707,6660,1,201.27,Pizza
2707,6661,1,192.52,Pizza
2708,6662,1,248.19,Cafe
2708,6663,1,262.55,South Indian
2708,6664,2,88.49,North Indian
2708,6665,2,107.43,Pizza
2709,6666,2,221.86,Cafe
2710,6667,3,229.11,Street Food
2710,6668,1,235.34,Cafe
2711,6669,3,254.63,Street Food
2711,6670,2,283.07,Cafe
2711,6671,2,197.51,Chinese
2711,6672,2,185.26,Chinese
2712,6673,2,108.83,South Indian
2712,6674,1,296.07,South Indian
2712,6675,1,289.5,Street Food
2712,6676,3,83.72,North Indian
2713,6677,2,299.37,Chinese
2713,6678,3,297.89,Cafe
2713,6679,3,204.54,Street Food
2714,6680,1,241.54,Chinese
2714,6681,2,92.58,South Indian
2715,6682,1,161.75,North Indian
2715,6683,2,133.29,Street Food
2715,6684,3,185.33,Cafe
2716,6685,1,268.12,North Indian
2716,6686,3,92.19,Pizza
2717,6687,2,103.0,South Indian
2717,6688,1,186.82,Chinese
2717,6689,1,268.49,Chinese
2717,6690,1,223.7,Chinese
2718,6691,1,275.47,North Indian
2718,6692,1,250.45,South Indian
2719,6693,3,92.61,Cafe
2719,6694,2,226.07,South Indian
2719,6695,3,262.2,Pizza
2719,6696,3,160.38,North Indian
2720,6697,3,140.91,Pizza
2720,6698,1,159.54,Chinese
2720,6699,3,96.0,South Indian
2721,6700,2,99.03,Street Food
2722,6701,1,97.05,Cafe
2722,6702,3,155.29,Pizza
2722,6703,2,83.72,Street Food
2723,6704,3,238.6,Biryani
2724,6705,3,150.63,Biryani
2724,6706,2,158.71,South Indian
2725,6707,2,256.75,Cafe
2726,6708,1,135.8,Pizza
2726,6709,1,226.67,North Indian
2727,6710,1,109.91,Street Food
2727,6711,1,112.93,North Indian
2727,6712,1,205.75,Cafe
2727,6713,3,174.6,Biryani
2728,6714,2,197.04,Street Food
2728,6715,2,169.32,Biryani
2728,6716,3,184.4,North Indian
2728,6717,1,173.8,Pizza
2729,6718,1,255.54,Cafe
2729,6719,1,109.01,Street Food
2730,6720,3,248.22,Pizza
2730,6721,2,233.0,Biryani
2730,6722,3,216.76,Street Food
2730,6723,3,172.48,South Indian
2731,6724,3,230.69,Street Food
2731,6725,3,147.93,North Indian
2732,6726,3,249.39,Chinese
2733,6727,1,86.79,Biryani
2733,6728,3,239.52,Biryani
2733,6729,3,153.67,South Indian
2734,6730,1,90.05,North Indian
2735,6731,2,265.28,Cafe
2736,6732,2,257.66,Chinese
2736,6733,2,203.87,Pizza
2736,6734,2,185.59,Street Food
2737,6735,1,110.86,Biryani
2738,6736,2,147.36,Biryani
2738,6737,3,247.75,Pizza
2738,6738,2,145.5,Pizza
2738,6739,3,179.03,Chinese
2739,6740,2,259.57,Pizza
2740,6741,2,231.94,North Indian
2740,6742,2,268.74,North Indian
2740,6743,1,169.48,Chinese
2741,6744,3,128.53,South Indian
2741,6745,1,209.55,Pizza
2741,6746,2,204.31,Biryani
2742,6747,2,177.1,North Indian
2742,6748,3,204.4,Chinese
2743,6749,3,233.11,South Indian
2743,6750,2,125.3,Street Food
2744,6751,3,182.51,North Indian
2744,6752,1,160.96,North Indian
2744,6753,1,196.38,Pizza
2745,6754,3,125.4,Chinese
2745,6755,1,297.24,Cafe
2745,6756,2,215.1,Biryani
2745,6757,3,266.99,Cafe
2746,6758,3,166.56,Chinese
2746,6759,2,224.64,South Indian
2746,6760,2,293.92,Cafe
2747,6761,2,243.97,Chinese
2747,6762,3,136.63,North Indian
2747,6763,2,214.64,Pizza
2748,6764,3,133.34,Street Food
2748,6765,2,140.67,Pizza
2749,6766,1,206.48,Chinese
2749,6767,2,138.03,Biryani
2749,6768,3,264.09,Street Food
2750,6769,1,129.4,Biryani
2750,6770,2,190.11,South Indian
2751,6771,3,285.74,Biryani
2751,6772,3,259.87,Street Food
2751,6773,3,208.18,Chinese
2751,6774,1,134.82,North Indian
2752,6775,3,178.02,North Indian
2753,6776,1,269.29,Cafe
2753,6777,1,185.36,Chinese
2754,6778,1,143.15,Street Food
2754,6779,2,161.52,Pizza
2754,6780,3,109.02,Cafe
2755,6781,1,133.78,North Indian
2755,6782,2,141.19,Pizza
2756,6783,2,284.36,South Indian
2756,6784,3,214.41,Biryani
2756,6785,1,261.05,South Indian
2757,6786,1,110.0,North Indian
2757,6787,1,241.44,Pizza
2757,6788,2,268.86,Cafe
2758,6789,3,235.54,Pizza
2758,6790,1,152.77,Chinese
2758,6791,3,229.06,Pizza
2759,6792,3,286.78,Cafe
2760,6793,3,214.09,North Indian
2761,6794,3,159.31,Chinese
2761,6795,1,137.06,Chinese
2761,6796,2,165.33,North Indian
2762,6797,1,285.6,Biryani
2763,6798,1,274.7,Chinese
2763,6799,1,121.91,Pizza
2763,6800,1,285.21,Street Food
2764,6801,1,268.75,South Indian
2764,6802,2,180.65,South Indian
2765,6803,2,125.74,North Indian
2765,6804,1,146.28,Street Food
2765,6805,2,237.13,Pizza
2766,6806,3,262.86,North Indian
2766,6807,3,254.12,Street Food
2766,6808,2,236.37,South Indian
2766,6809,3,269.28,Pizza
2767,6810,1,274.95,Street Food
2768,6811,3,225.79,Pizza
2769,6812,2,94.17,Chinese
2769,6813,1,298.58,Chinese
2769,6814,1,265.12,North Indian
2769,6815,1,130.24,Cafe
2770,6816,1,115.94,Cafe
2770,6817,3,214.09,Chinese
2770,6818,2,165.99,South Indian
2771,6819,2,240.56,Cafe
2771,6820,1,123.77,South Indian
2771,6821,3,298.68,Biryani
2771,6822,1,82.05,North Indian
2772,6823,2,168.28,North Indian
2772,6824,1,124.97,North Indian
2773,6825,1,128.28,Chinese
2773,6826,2,183.06,North Indian
2774,6827,3,278.2,Cafe
2775,6828,2,285.22,North Indian
2775,6829,2,268.3,South Indian
2775,6830,2,214.13,Chinese
2775,6831,2,134.81,Street Food
2776,6832,1,141.16,Chinese
2777,6833,1,97.21,South Indian
2777,6834,1,241.64,Biryani
2778,6835,2,117.54,North Indian
2778,6836,1,139.59,Cafe
2778,6837,1,90.27,Biryani
2779,6838,2,94.98,Cafe
2779,6839,3,258.09,Cafe
2779,6840,1,99.99,Street Food
2780,6841,1,225.62,South Indian
2780,6842,2,91.47,Chinese
2781,6843,2,259.15,Street Food
2782,6844,2,225.32,Biryani
2782,6845,2,240.52,North Indian
2782,6846,2,221.28,Street Food
2782,6847,2,150.65,Chinese
2783,6848,1,216.91,Cafe
2783,6849,3,285.86,South Indian
2783,6850,2,91.01,Chinese
2783,6851,3,199.16,Biryani
2784,6852,1,253.5,Pizza
2784,6853,3,112.63,Biryani
2784,6854,1,119.57,Chinese
2784,6855,3,88.82,Biryani
2785,6856,2,166.72,Biryani
2785,6857,2,236.77,Biryani
2785,6858,3,242.69,South Indian
2786,6859,1,217.98,Pizza
2786,6860,3,249.27,North Indian
2786,6861,1,101.94,North Indian
2786,6862,1,295.45,North Indian
2787,6863,3,89.23,Street Food
2787,6864,2,296.15,Biryani
2787,6865,2,257.62,Street Food
2787,6866,3,91.0,North Indian
2788,6867,1,269.85,Pizza
2788,6868,2,232.59,Cafe
2788,6869,3,285.16,Biryani
2788,6870,1,157.55,Biryani
2789,6871,3,158.09,Biryani
2789,6872,2,241.75,Cafe
2789,6873,1,188.68,South Indian
2790,6874,1,279.17,Pizza
2790,6875,3,136.0,South Indian
2791,6876,1,115.98,Chinese
2791,6877,2,112.92,North Indian
2791,6878,2,118.75,Street Food
2791,6879,2,230.72,Chinese
2792,6880,1,279.93,Street Food
2792,6881,3,80.33,Biryani
2792,6882,1,124.52,Chinese
2792,6883,2,146.45,Cafe
2793,6884,2,190.48,Biryani
2794,6885,3,211.83,Chinese
2794,6886,1,139.61,North Indian
2794,6887,1,82.27,Chinese
2794,6888,3,230.29,Cafe
2795,6889,1,214.66,Cafe
2795,6890,2,121.68,Street Food
2795,6891,2,189.3,Biryani
2796,6892,2,173.97,Street Food
2796,6893,1,115.19,Biryani
2797,6894,2,131.3,South Indian
2797,6895,2,282.68,Pizza
2797,6896,2,254.85,South Indian
2798,6897,3,113.79,Pizza
2798,6898,1,274.88,Chinese
2798,6899,3,98.42,Cafe
2799,6900,1,223.91,Biryani
2799,6901,3,284.04,South Indian
2800,6902,1,95.69,Cafe
2800,6903,2,128.04,South Indian
2800,6904,3,149.9,Cafe
2801,6905,1,175.9,Pizza
2801,6906,3,238.44,South Indian
2801,6907,3,169.89,Cafe
2801,6908,3,239.0,Street Food
2802,6909,1,174.92,North Indian
2802,6910,2,225.91,Biryani
2803,6911,3,227.14,Chinese
2804,6912,1,125.05,North Indian
2805,6913,3,198.43,Cafe
2805,6914,1,89.59,Biryani
2806,6915,3,268.22,North Indian
2806,6916,3,98.42,Cafe
2807,6917,1,288.95,South Indian
2807,6918,1,161.86,Chinese
2808,6919,3,161.95,South Indian
2809,6920,3,171.77,Pizza
2809,6921,2,145.55,North Indian
2809,6922,1,247.99,North Indian
2809,6923,3,151.88,Biryani
2810,6924,2,148.05,Chinese
2811,6925,3,80.21,Cafe
2811,6926,2,119.09,Biryani
2812,6927,2,220.42,Pizza
2812,6928,1,263.02,Biryani
2812,6929,2,250.71,Pizza
2812,6930,3,168.38,Cafe
2813,6931,3,148.37,Street Food
2813,6932,1,211.07,Street Food
2813,6933,1,127.9,Street Food
2813,6934,1,104.59,South Indian
2814,6935,1,119.39,South Indian
2814,6936,1,83.76,Street Food
2814,6937,1,90.0,South Indian
2814,6938,3,135.65,South Indian
2815,6939,2,241.2,Biryani
2816,6940,1,183.63,Biryani
2817,6941,1,261.58,Pizza
2817,6942,3,214.07,Biryani
2817,6943,2,206.58,Biryani
2817,6944,1,223.37,Biryani
2818,6945,1,241.78,North Indian
2818,6946,1,128.25,Pizza
2819,6947,2,84.61,Street Food
2819,6948,3,116.98,North Indian
2819,6949,1,81.18,South Indian
2819,6950,3,115.48,Chinese
2820,6951,3,167.13,Cafe
2820,6952,1,80.85,Street Food
2821,6953,2,258.11,Chinese
2822,6954,3,277.81,Biryani
2822,6955,3,80.42,Chinese
2823,6956,2,265.34,Biryani
2823,6957,1,225.2,Biryani
2824,6958,1,179.24,Biryani
2825,6959,1,260.98,Cafe
2825,6960,2,285.38,Cafe
2825,6961,1,119.01,Biryani
2825,6962,1,274.04,Biryani
2826,6963,3,253.71,South Indian
2826,6964,1,259.2,Pizza
2826,6965,3,98.33,Chinese
2826,6966,3,105.09,Street Food
2827,6967,1,167.48,North Indian
2827,6968,1,175.49,Chinese
2827,6969,1,80.18,North Indian
2827,6970,1,114.11,Biryani
2828,6971,1,278.02,Street Food
2828,6972,3,113.52,Street Food
2829,6973,2,277.5,Pizza
2829,6974,3,212.02,Cafe
2830,6975,3,184.91,Street Food
2831,6976,2,289.59,Pizza
2832,6977,2,100.89,North Indian
2832,6978,2,246.21,Street Food
2832,6979,2,261.61,South Indian
2832,6980,1,219.66,Biryani
2833,6981,3,258.91,South Indian
2834,6982,3,108.04,Biryani
2835,6983,2,105.69,Biryani
2835,6984,3,104.35,Biryani
2835,6985,2,207.5,Biryani
2835,6986,3,134.33,Street Food
2836,6987,2,225.36,South Indian
2836,6988,3,228.62,Street Food
2836,6989,3,113.15,Pizza
2837,6990,2,233.1,Cafe
2837,6991,2,197.45,Cafe
2837,6992,1,214.56,Chinese
2837,6993,3,262.48,South Indian
2838,6994,2,124.91,Biryani
2838,6995,3,210.5,South Indian
2838,6996,2,151.75,Biryani
2839,6997,3,175.73,Street Food
2839,6998,1,248.08,Street Food
2839,6999,2,275.05,Biryani
2840,7000,2,138.99,Pizza
2841,7001,3,170.64,Biryani
2841,7002,2,93.84,Pizza
2842,7003,2,84.75,North Indian
2842,7004,3,252.01,Pizza
2842,7005,2,230.92,Pizza
2842,7006,2,203.01,Street Food
2843,7007,2,140.68,Biryani
2843,7008,1,256.6,Cafe
2843,7009,3,266.34,North Indian
2844,7010,2,133.36,Cafe
2844,7011,2,194.18,Street Food
2844,7012,2,125.38,Street Food
2844,7013,3,198.02,Biryani
2845,7014,2,144.45,Biryani
2846,7015,2,143.8,North Indian
2847,7016,3,220.8,Cafe
2847,7017,2,272.68,Chinese
2848,7018,1,263.85,North Indian
2848,7019,1,167.66,Pizza
2849,7020,2,168.05,Biryani
2850,7021,1,264.77,South Indian
2851,7022,3,263.38,Chinese
2851,7023,3,102.96,South Indian
2851,7024,1,202.38,Biryani
2852,7025,3,256.99,Chinese
2852,7026,2,147.13,Cafe
2853,7027,3,210.9,Pizza
2853,7028,2,263.35,Street Food
2854,7029,3,156.48,Cafe
2855,7030,1,112.86,Pizza
2855,7031,2,281.34,North Indian
2856,7032,1,90.1,Chinese
2857,7033,3,168.73,Biryani
2857,7034,3,158.3,South Indian
2857,7035,1,280.46,Chinese
2857,7036,2,144.41,Biryani
2858,7037,3,122.15,Pizza
2858,7038,3,226.29,Chinese
2858,7039,2,178.74,North Indian
2859,7040,3,280.7,Street Food
2859,7041,1,196.78,South Indian
2859,7042,2,273.2,Cafe
2859,7043,1,86.87,Street Food
2860,7044,2,161.92,Street Food
2860,7045,1,90.47,Chinese
2861,7046,2,288.93,Chinese
2861,7047,1,212.32,North Indian
2861,7048,2,186.47,Street Food
2862,7049,2,202.9,Pizza
2862,7050,2,116.26,North Indian
2862,7051,2,111.19,Cafe
2863,7052,1,151.19,Chinese
2863,7053,3,211.42,Cafe
2864,7054,1,149.39,Pizza
2864,7055,1,120.53,Cafe
2864,7056,1,107.47,North Indian
2864,7057,2,131.9,Street Food
2865,7058,2,254.49,Chinese
2865,7059,2,147.61,Pizza
2865,7060,2,199.06,Street Food
2866,7061,2,211.4,Biryani
2866,7062,2,151.78,North Indian
2866,7063,1,197.56,Chinese
2867,7064,2,262.7,South Indian
2868,7065,2,240.3,South Indian
2868,7066,1,116.57,Cafe
2868,7067,3,92.4,Street Food
2869,7068,2,108.1,South Indian
2869,7069,1,284.71,North Indian
2870,7070,1,283.09,Street Food
2870,7071,1,219.33,Pizza
2870,7072,2,114.55,Cafe
2870,7073,2,197.94,Biryani
2871,7074,3,156.23,Chinese
2871,7075,3,228.52,Biryani
2872,7076,1,119.81,Street Food
2872,7077,2,117.47,Cafe
2872,7078,2,110.79,Cafe
2873,7079,1,169.34,Biryani
2873,7080,2,187.64,Biryani
2873,7081,1,178.7,North Indian
2874,7082,1,196.4,Street Food
2874,7083,1,159.92,Biryani
2874,7084,1,136.83,Pizza
2875,7085,2,183.76,Cafe
2875,7086,2,220.5,Chinese
2875,7087,1,145.46,Cafe
2876,7088,1,263.32,Cafe
2876,7089,2,106.2,Biryani
2876,7090,2,234.51,Biryani
2877,7091,1,137.19,Cafe
2877,7092,3,124.7,Chinese
2877,7093,1,187.43,Biryani
2877,7094,1,128.89,North Indian
2878,7095,2,98.29,Cafe
2878,7096,1,231.44,South Indian
2879,7097,2,285.99,Biryani
2879,7098,2,191.33,South Indian
2880,7099,2,254.77,Pizza
2881,7100,1,82.12,Cafe
2881,7101,3,175.65,Chinese
2881,7102,3,93.77,South Indian
2881,7103,1,177.94,Chinese
2882,7104,2,262.98,South Indian
2882,7105,2,240.37,Pizza
2882,7106,3,91.0,Biryani
2882,7107,3,269.96,Chinese
2883,7108,3,185.24,Chinese
2883,7109,2,271.26,Pizza
2883,7110,1,241.75,Pizza
2883,7111,3,163.36,South Indian
2884,7112,3,285.07,Chinese
2884,7113,1,126.18,Pizza
2884,7114,1,209.29,Biryani
2884,7115,2,275.5,Street Food
2885,7116,2,293.77,Chinese
2885,7117,1,214.11,Biryani
2885,7118,3,253.87,Street Food
2885,7119,1,104.68,Biryani
2886,7120,2,130.13,North Indian
2886,7121,3,279.3,Cafe
2886,7122,3,235.95,South Indian
2887,7123,3,98.7,Biryani
2888,7124,3,194.85,Chinese
2888,7125,1,223.12,Pizza
2888,7126,2,241.95,Biryani
2888,7127,3,145.46,Cafe
2889,7128,3,161.56,South Indian
2889,7129,3,280.38,Chinese
2889,7130,2,152.29,Street Food
2889,7131,3,156.68,Biryani
2890,7132,3,243.22,Cafe
2890,7133,3,91.3,South Indian
2891,7134,2,243.94,Pizza
2892,7135,1,145.83,Biryani
2893,7136,3,213.86,Cafe
2893,7137,2,277.72,Pizza
2894,7138,2,245.13,Biryani
2895,7139,2,283.6,Cafe
2895,7140,1,253.78,Cafe
2895,7141,1,173.6,Cafe
2896,7142,3,298.88,Biryani
2896,7143,1,98.26,Street Food
2897,7144,3,86.53,Biryani
2897,7145,3,155.18,Pizza
2898,7146,1,207.19,Biryani
2899,7147,3,97.55,Chinese
2899,7148,3,82.5,Cafe
2899,7149,1,242.34,Biryani
2899,7150,3,281.72,Cafe
2900,7151,1,177.96,Biryani
2900,7152,1,161.49,South Indian
2901,7153,2,208.74,South Indian
2901,7154,2,99.67,Cafe
2901,7155,3,148.88,Biryani
2901,7156,3,245.19,Cafe
2902,7157,3,82.62,Cafe
2902,7158,3,150.05,South Indian
2902,7159,3,166.8,Street Food
2902,7160,3,106.74,Biryani
2903,7161,3,97.56,South Indian
2903,7162,3,107.64,Biryani
2904,7163,2,109.57,Cafe
2904,7164,2,156.9,South Indian
2904,7165,3,173.85,Biryani
2904,7166,1,231.82,Chinese
2905,7167,3,237.78,North Indian
2906,7168,2,93.42,South Indian
2906,7169,2,126.68,Pizza
2906,7170,1,168.1,Chinese
2907,7171,1,163.41,Pizza
2907,7172,1,281.3,North Indian
2907,7173,1,231.85,Biryani
2907,7174,3,211.91,Biryani
2908,7175,1,157.71,Cafe
2908,7176,3,93.28,North Indian
2909,7177,3,150.79,Cafe
2909,7178,2,99.88,Street Food
2909,7179,2,179.08,South Indian
2910,7180,3,153.55,Pizza
2911,7181,1,208.65,Biryani
2911,7182,1,158.56,Cafe
2911,7183,1,102.28,Chinese
2911,7184,1,166.44,Street Food
2912,7185,3,109.49,Biryani
2913,7186,2,186.95,Pizza
2913,7187,1,268.16,Biryani
2914,7188,3,163.21,North Indian
2914,7189,2,281.1,Chinese
2914,7190,1,194.67,Pizza
2914,7191,2,136.41,Cafe
2915,7192,1,87.69,North Indian
2915,7193,3,299.82,Pizza
2915,7194,2,219.61,South Indian
2915,7195,2,197.79,Cafe
2916,7196,2,262.21,North Indian
2916,7197,2,291.93,North Indian
2916,7198,1,227.24,Biryani
2917,7199,1,187.89,South Indian
2918,7200,2,111.4,Pizza
2919,7201,2,109.55,Cafe
2919,7202,3,271.92,Chinese
2920,7203,3,139.53,North Indian
2920,7204,3,246.1,South Indian
2920,7205,3,149.74,South Indian
2921,7206,3,170.59,Cafe
2922,7207,2,188.97,Chinese
2923,7208,3,118.21,Biryani
2924,7209,3,192.01,Cafe
2924,7210,2,271.66,Cafe
2924,7211,2,104.61,Street Food
2925,7212,2,198.28,Pizza
2925,7213,1,266.09,North Indian
2926,7214,2,275.42,North Indian
2926,7215,3,292.92,Cafe
2926,7216,3,291.17,North Indian
2926,7217,1,246.66,Cafe
2927,7218,3,248.45,North Indian
2927,7219,1,147.11,South Indian
2927,7220,3,190.85,Biryani
2928,7221,3,188.55,Biryani
2929,7222,2,223.42,Chinese
2929,7223,3,128.94,South Indian
2929,7224,1,169.03,Cafe
2929,7225,2,178.89,Cafe
2930,7226,1,131.16,North Indian
2930,7227,3,82.74,North Indian
2930,7228,2,122.46,Cafe
2931,7229,1,120.98,South Indian
2931,7230,2,109.31,Chinese
2931,7231,1,293.38,Chinese
2931,7232,1,224.15,South Indian
2932,7233,1,214.47,Street Food
2932,7234,3,158.34,Pizza
2933,7235,1,139.08,Chinese
2933,7236,1,84.33,Street Food
2934,7237,3,210.14,Street Food
2934,7238,2,101.94,South Indian
2934,7239,1,139.56,Cafe
2934,7240,1,264.84,Street Food
2935,7241,1,216.7,Street Food
2936,7242,1,290.05,South Indian
2936,7243,1,245.14,Biryani
2936,7244,2,86.2,Street Food
2937,7245,1,243.77,Chinese
2937,7246,3,169.51,South Indian
2937,7247,1,162.1,Pizza
2937,7248,2,254.56,South Indian
2938,7249,1,138.3,Street Food
2938,7250,3,228.16,South Indian
2938,7251,2,101.93,Biryani
2939,7252,1,122.33,Pizza
2940,7253,1,231.26,South Indian
2940,7254,1,184.48,South Indian
2940,7255,3,167.86,Street Food
2940,7256,3,117.36,South Indian
2941,7257,1,210.8,Cafe
2942,7258,2,276.52,Pizza
2942,7259,3,109.82,Biryani
2943,7260,1,170.04,Biryani
2943,7261,3,86.86,Chinese
2943,7262,2,184.68,Chinese
2944,7263,1,101.07,South Indian
2945,7264,2,290.17,Biryani
2945,7265,1,85.72,Pizza
2946,7266,3,181.53,South Indian
2946,7267,1,223.96,South Indian
2947,7268,1,104.01,Biryani
2947,7269,2,204.6,Street Food
2948,7270,1,224.12,Pizza
2948,7271,1,120.84,North Indian
2948,7272,2,149.57,Street Food
2948,7273,2,243.57,Cafe
2949,7274,2,104.41,South Indian
2950,7275,2,263.53,Pizza
2951,7276,2,133.87,North Indian
2951,7277,1,261.51,Cafe
2951,7278,2,144.49,Cafe
2952,7279,1,159.32,North Indian
2952,7280,3,167.41,South Indian
2953,7281,1,127.23,Biryani
2953,7282,2,246.17,South Indian
2953,7283,3,281.05,Street Food
2954,7284,3,139.75,Street Food
2955,7285,2,274.33,Pizza
2955,7286,3,84.97,Street Food
2955,7287,1,172.55,Street Food
2955,7288,2,149.48,South Indian
2956,7289,2,169.97,Street Food
2956,7290,2,212.59,Chinese
2957,7291,3,109.47,Chinese
2958,7292,3,198.81,North Indian
2958,7293,2,88.15,North Indian
2958,7294,1,206.49,North Indian
2959,7295,3,207.92,Cafe
2959,7296,1,117.56,Pizza
2959,7297,3,273.79,Cafe
2960,7298,3,213.46,Biryani
2960,7299,2,136.17,Biryani
2960,7300,2,254.06,Biryani
2961,7301,1,127.06,Pizza
2961,7302,1,279.73,Biryani
2961,7303,3,139.23,Pizza
2961,7304,2,85.2,Street Food
2962,7305,2,260.59,Biryani
2962,7306,1,294.88,North Indian
2963,7307,2,144.15,Cafe
2964,7308,1,176.18,North Indian
2964,7309,1,168.81,Street Food
2965,7310,2,213.74,Street Food
2965,7311,3,108.13,South Indian
2966,7312,1,141.29,Chinese
2966,7313,3,176.15,Pizza
2966,7314,1,190.92,North Indian
2967,7315,3,292.4,Pizza
2967,7316,2,140.35,South Indian
2968,7317,3,268.25,South Indian
2968,7318,1,299.53,South Indian
2969,7319,3,286.54,South Indian
2969,7320,1,159.04,Chinese
2969,7321,1,273.3,Cafe
2969,7322,1,80.44,North Indian
2970,7323,3,194.18,South Indian
2971,7324,3,237.15,Pizza
2971,7325,2,132.64,North Indian
2971,7326,3,81.06,Biryani
2972,7327,1,135.47,Pizza
2973,7328,1,207.52,Cafe
2974,7329,2,204.9,Street Food
2975,7330,1,110.55,Pizza
2975,7331,1,285.44,Street Food
2976,7332,3,237.6,North Indian
2976,7333,2,81.96,Cafe
2976,7334,3,154.1,Biryani
2976,7335,1,287.42,Cafe
2977,7336,2,299.99,Pizza
2977,7337,1,88.94,North Indian
2977,7338,3,259.51,Biryani
2977,7339,3,141.01,South Indian
2978,7340,2,106.12,North Indian
2978,7341,3,263.71,Pizza
2979,7342,1,195.15,North Indian
2980,7343,1,225.67,Biryani
2980,7344,3,161.26,Chinese
2980,7345,2,190.27,Cafe
2981,7346,1,294.01,South Indian
2981,7347,3,137.15,Cafe
2981,7348,3,82.65,Chinese
2982,7349,2,247.78,Chinese
2982,7350,2,170.45,Pizza
2983,7351,2,287.56,Biryani
2983,7352,3,135.08,Biryani
2983,7353,3,140.13,Pizza
2984,7354,2,112.62,North Indian
2984,7355,1,92.88,South Indian
2984,7356,2,273.87,Street Food
2984,7357,1,258.22,Street Food
2985,7358,3,191.54,South Indian
2986,7359,3,178.28,Cafe
2986,7360,2,292.99,South Indian
2987,7361,1,87.41,Chinese
2987,7362,3,275.19,Pizza
2987,7363,2,231.54,South Indian
2987,7364,2,130.03,Chinese
2988,7365,2,148.55,South Indian
2988,7366,2,299.06,North Indian
2989,7367,2,99.18,Biryani
2990,7368,3,289.09,Biryani
2991,7369,1,200.77,Street Food
2991,7370,2,286.42,Street Food
2991,7371,1,252.99,Chinese
2992,7372,3,83.94,Street Food
2992,7373,2,105.17,North Indian
2992,7374,1,182.22,South Indian
2993,7375,1,138.19,Pizza
2993,7376,1,91.83,South Indian
2994,7377,3,111.53,North Indian
2994,7378,1,99.74,Street Food
2995,7379,1,296.39,South Indian
2995,7380,3,241.7,Street Food
2996,7381,1,157.19,South Indian
2996,7382,1,224.07,Chinese
2996,7383,3,237.37,North Indian
2996,7384,2,241.79,Pizza
2997,7385,1,290.26,Cafe
2997,7386,3,280.96,Cafe
2997,7387,2,148.65,Street Food
2998,7388,2,224.12,South Indian
2999,7389,2,297.27,Cafe
2999,7390,3,145.97,Cafe
2999,7391,1,103.56,North Indian
2999,7392,2,132.05,Chinese
3000,7393,3,243.57,Street Food
3000,7394,1,292.09,Chinese
3000,7395,2,265.98,Chinese
3000,7396,1,156.94,Pizza
3001,7397,2,299.82,Biryani
3002,7398,1,286.84,Cafe
3002,7399,1,244.88,South Indian
3003,7400,3,289.6,Pizza
3003,7401,2,297.11,Biryani
3003,7402,2,266.41,Street Food
3003,7403,2,285.69,Street Food
3004,7404,1,268.3,Chinese
3004,7405,1,290.41,Biryani
3004,7406,2,274.45,Pizza
3004,7407,3,177.24,Cafe
3005,7408,3,144.56,Pizza
3005,7409,1,225.73,Biryani
3005,7410,1,220.6,Chinese
3006,7411,1,170.81,North Indian
3007,7412,3,204.44,Chinese
3007,7413,1,107.62,Chinese
3007,7414,2,258.57,Chinese
3008,7415,2,239.73,Street Food
3009,7416,3,113.52,North Indian
3009,7417,1,99.11,Cafe
3009,7418,3,175.22,Chinese
3009,7419,3,242.42,Chinese
3010,7420,2,136.49,Cafe
3010,7421,1,83.78,Pizza
3011,7422,2,221.42,North Indian
3011,7423,1,102.24,Street Food
3011,7424,3,188.47,South Indian
3012,7425,3,112.29,South Indian
3013,7426,3,174.39,Chinese
3014,7427,2,228.98,Cafe
3014,7428,2,190.1,Cafe
3015,7429,3,94.25,Biryani
3015,7430,2,209.07,Pizza
3016,7431,2,169.13,Cafe
3017,7432,2,266.28,Cafe
3018,7433,1,119.98,South Indian
3019,7434,2,123.14,Street Food
3019,7435,2,98.1,Street Food
3019,7436,1,134.37,North Indian
3020,7437,3,168.32,Chinese
3021,7438,1,261.24,South Indian
3021,7439,2,111.3,Street Food
3021,7440,3,221.21,Biryani
3021,7441,2,91.63,North Indian
3022,7442,1,93.75,Street Food
3022,7443,1,103.11,Pizza
3023,7444,1,99.68,Chinese
3024,7445,1,126.17,Pizza
3025,7446,1,103.53,Street Food
3026,7447,3,101.76,Cafe
3026,7448,2,247.62,Biryani
3026,7449,2,90.03,Street Food
3026,7450,1,274.62,Cafe
3027,7451,1,247.32,Chinese
3027,7452,3,237.36,Cafe
3027,7453,1,238.79,Chinese
3027,7454,1,208.0,Chinese
3028,7455,3,152.3,Chinese
3028,7456,1,218.31,North Indian
3028,7457,1,290.8,Chinese
3028,7458,1,154.29,South Indian
3029,7459,1,183.96,South Indian
3030,7460,3,243.83,Pizza
3030,7461,1,251.47,Biryani
3030,7462,1,237.31,Pizza
3030,7463,1,288.01,North Indian
3031,7464,1,201.56,Biryani
3031,7465,1,251.42,Pizza
3031,7466,1,108.55,South Indian
3031,7467,3,211.06,Cafe
3032,7468,2,185.85,Cafe
3032,7469,1,197.8,Pizza
3032,7470,2,264.25,North Indian
3032,7471,2,273.23,Biryani
3033,7472,1,120.05,Chinese
3034,7473,3,239.01,Biryani
3035,7474,2,182.41,Biryani
3035,7475,1,83.24,Street Food
3035,7476,2,227.21,Chinese
3036,7477,1,126.92,Pizza
3036,7478,1,115.7,Cafe
3037,7479,2,208.72,Cafe
3038,7480,3,227.16,Pizza
3038,7481,3,157.53,Pizza
3038,7482,2,167.65,Pizza
3038,7483,1,165.57,Pizza
3039,7484,1,176.12,Street Food
3039,7485,1,134.1,Cafe
3039,7486,2,233.34,South Indian
3040,7487,2,92.08,North Indian
3041,7488,2,261.16,Pizza
3041,7489,1,80.97,North Indian
3041,7490,1,123.48,North Indian
3041,7491,3,194.99,Chinese
3042,7492,2,266.68,Street Food
3042,7493,3,232.86,Biryani
3043,7494,3,110.13,Biryani
3043,7495,2,190.75,South Indian
3044,7496,1,146.31,North Indian
3045,7497,3,258.06,North Indian
3045,7498,1,149.61,South Indian
3045,7499,1,112.42,Chinese
3045,7500,1,162.95,Street Food
3046,7501,3,201.01,Pizza
3046,7502,3,143.98,Street Food
3046,7503,1,130.84,Cafe
3047,7504,1,148.17,North Indian
3047,7505,1,80.69,North Indian
3047,7506,1,273.7,Chinese
3048,7507,2,137.11,South Indian
3048,7508,2,191.22,Cafe
3048,7509,3,253.19,Cafe
3048,7510,1,150.41,South Indian
3049,7511,2,243.78,Cafe
3049,7512,1,110.1,Cafe
3049,7513,1,279.28,Pizza
3050,7514,1,109.48,Biryani
3050,7515,2,248.32,Pizza
3050,7516,3,101.66,Chinese
3051,7517,1,162.8,Street Food
3051,7518,1,247.73,Cafe
3051,7519,3,181.61,South Indian
3052,7520,1,113.77,Cafe
3052,7521,2,175.73,Street Food
3052,7522,2,249.77,Pizza
3052,7523,2,183.08,North Indian
3053,7524,1,177.14,North Indian
3053,7525,2,124.79,Cafe
3053,7526,3,182.05,Chinese
3054,7527,2,246.03,Pizza
3054,7528,3,298.88,Cafe
3054,7529,1,185.85,Street Food
3054,7530,1,127.63,Pizza
3055,7531,2,295.31,Biryani
3055,7532,1,250.79,Pizza
3055,7533,2,260.69,Cafe
3056,7534,3,266.27,Street Food
3056,7535,2,227.78,Pizza
3056,7536,1,115.64,South Indian
3057,7537,2,249.53,Pizza
3057,7538,3,196.18,South Indian
3057,7539,2,120.91,Biryani
3058,7540,1,178.71,Pizza
3058,7541,2,109.94,Pizza
3058,7542,3,276.32,Street Food
3059,7543,1,185.21,North Indian
3059,7544,3,125.44,Chinese
3060,7545,3,200.67,Pizza
3060,7546,2,171.87,South Indian
3061,7547,3,107.58,Biryani
3061,7548,2,238.85,Cafe
3061,7549,2,213.62,Pizza
3062,7550,2,193.74,Biryani
3063,7551,3,229.47,South Indian
3063,7552,1,232.66,Cafe
3063,7553,2,251.03,Chinese
3063,7554,1,156.31,North Indian
3064,7555,2,124.0,Pizza
3064,7556,3,98.44,Chinese
3065,7557,2,289.34,Cafe
3065,7558,1,149.14,Street Food
3065,7559,3,242.33,Pizza
3065,7560,2,92.71,Pizza
3066,7561,2,236.35,Chinese
3066,7562,2,114.93,Cafe
3066,7563,1,209.07,Cafe
3066,7564,1,133.07,Cafe
3067,7565,1,265.92,Pizza
3067,7566,1,269.27,Street Food
3067,7567,1,180.2,South Indian
3068,7568,1,235.36,South Indian
3068,7569,3,112.39,North Indian
3069,7570,1,263.9,Cafe
3070,7571,3,275.14,Pizza
3070,7572,3,106.55,Pizza
3070,7573,1,173.05,North Indian
3071,7574,1,215.69,Biryani
3071,7575,2,105.08,Chinese
3071,7576,3,168.91,Biryani
3072,7577,1,162.46,North Indian
3072,7578,2,290.18,North Indian
3073,7579,3,268.43,South Indian
3073,7580,1,86.51,South Indian
3074,7581,3,254.84,North Indian
3074,7582,1,299.31,Chinese
3074,7583,1,229.29,Chinese
3074,7584,2,262.34,North Indian
3075,7585,3,85.56,North Indian
3075,7586,2,182.2,Cafe
3075,7587,1,282.75,Cafe
3075,7588,1,168.01,South Indian
3076,7589,1,275.4,Street Food
3076,7590,1,287.1,Chinese
3076,7591,3,123.62,South Indian
3076,7592,2,263.73,South Indian
3077,7593,2,162.88,South Indian
3077,7594,1,269.87,Pizza
3077,7595,1,203.9,Cafe
3078,7596,2,295.36,Biryani
3078,7597,1,198.78,Biryani
3078,7598,1,243.12,Cafe
3078,7599,2,137.22,South Indian
3079,7600,3,240.28,Cafe
3079,7601,3,151.51,Street Food
3079,7602,3,128.18,Biryani
3080,7603,1,181.64,South Indian
3080,7604,2,119.64,Cafe
3081,7605,1,276.86,North Indian
3082,7606,1,156.57,North Indian
3082,7607,2,294.49,Biryani
3082,7608,2,93.09,Cafe
3082,7609,2,238.08,Pizza
3083,7610,3,152.85,South Indian
3083,7611,2,269.86,Biryani
3083,7612,3,146.82,South Indian
3083,7613,3,187.64,Biryani
3084,7614,1,179.58,North Indian
3084,7615,3,269.02,Pizza
3084,7616,2,259.53,Pizza
3085,7617,2,245.78,Cafe
3085,7618,1,117.32,Biryani
3085,7619,1,226.32,North Indian
3085,7620,3,291.16,Cafe
3086,7621,3,90.22,South Indian
3086,7622,1,278.91,Cafe
3087,7623,1,216.33,Chinese
3087,7624,2,199.29,North Indian
3087,7625,3,129.54,South Indian
3088,7626,1,134.4,South Indian
3088,7627,1,290.63,South Indian
3088,7628,2,94.79,South Indian
3089,7629,3,257.18,Chinese
3089,7630,1,104.97,Street Food
3089,7631,1,297.65,Chinese
3090,7632,3,230.25,North Indian
3090,7633,1,268.17,Biryani
3090,7634,3,258.9,Cafe
3091,7635,3,252.34,Biryani
3091,7636,1,246.11,South Indian
3091,7637,1,272.53,Chinese
3092,7638,2,282.21,Biryani
3092,7639,2,109.1,Cafe
3093,7640,2,204.15,Street Food
3094,7641,1,107.79,Cafe
3094,7642,2,245.58,North Indian
3095,7643,3,92.66,Cafe
3095,7644,2,245.3,Pizza
3096,7645,3,212.25,South Indian
3096,7646,1,105.94,South Indian
3096,7647,2,168.33,North Indian
3097,7648,2,147.98,Chinese
3097,7649,2,115.21,North Indian
3097,7650,2,120.1,Cafe
3097,7651,2,221.0,Biryani
3098,7652,2,155.22,Cafe
3098,7653,1,208.91,South Indian
3099,7654,2,96.72,South Indian
3099,7655,1,185.96,South Indian
3099,7656,3,168.17,Pizza
3099,7657,2,184.16,South Indian
3100,7658,2,164.28,South Indian
3100,7659,3,85.59,Biryani
3100,7660,2,106.5,Cafe
3100,7661,1,85.82,Biryani
3101,7662,3,243.2,Biryani
3101,7663,2,149.39,South Indian
3102,7664,1,122.03,Street Food
3102,7665,1,93.81,Street Food
3102,7666,1,269.21,Chinese
3103,7667,2,100.7,South Indian
3104,7668,1,208.02,North Indian
3104,7669,2,132.31,Cafe
3105,7670,3,267.3,Pizza
3106,7671,3,110.72,Pizza
3106,7672,3,294.24,Chinese
3106,7673,3,243.07,Cafe
3106,7674,1,113.73,North Indian
3107,7675,3,260.1,Street Food
3107,7676,3,150.69,Biryani
3108,7677,3,119.67,North Indian
3109,7678,3,186.28,North Indian
3109,7679,2,188.4,Pizza
3109,7680,3,123.62,South Indian
3110,7681,1,209.56,Biryani
3110,7682,2,157.94,Chinese
3111,7683,1,154.86,Street Food
3112,7684,2,140.49,Biryani
3112,7685,2,220.04,Cafe
3112,7686,2,241.75,Biryani
3113,7687,3,199.13,Cafe
3113,7688,2,233.88,Street Food
3114,7689,1,169.0,South Indian
3114,7690,1,242.72,Chinese
3114,7691,2,186.1,Street Food
3114,7692,3,251.36,Chinese
3115,7693,1,269.7,Street Food
3115,7694,2,242.17,North Indian
3115,7695,3,166.19,Biryani
3116,7696,1,120.38,Chinese
3116,7697,1,246.1,Biryani
3117,7698,2,240.45,Street Food
3117,7699,3,169.26,Cafe
3118,7700,2,117.86,Pizza
3118,7701,1,209.58,Chinese
3118,7702,1,222.15,North Indian
3119,7703,1,134.05,Chinese
3119,7704,1,143.24,Biryani
3120,7705,3,82.52,North Indian
3120,7706,3,234.48,Pizza
3121,7707,1,262.92,Pizza
3121,7708,1,109.56,Pizza
3121,7709,1,137.7,Cafe
3121,7710,2,262.17,North Indian
3122,7711,2,122.73,North Indian
3122,7712,2,263.91,Street Food
3122,7713,1,84.13,South Indian
3123,7714,1,242.21,North Indian
3124,7715,1,161.56,South Indian
3124,7716,3,216.22,South Indian
3125,7717,2,264.0,North Indian
3125,7718,1,288.92,South Indian
3126,7719,1,232.86,Pizza
3126,7720,1,284.99,South Indian
3126,7721,2,186.89,North Indian
3126,7722,2,167.99,Pizza
3127,7723,3,244.64,Cafe
3128,7724,2,294.64,Cafe
3129,7725,2,141.9,Street Food
3129,7726,3,236.91,Chinese
3130,7727,1,205.94,South Indian
3131,7728,1,123.97,Pizza
3131,7729,1,177.83,Pizza
3131,7730,3,112.25,South Indian
3131,7731,3,104.49,Cafe
3132,7732,2,105.23,Street Food
3132,7733,3,136.97,Street Food
3133,7734,2,145.93,South Indian
3134,7735,2,156.77,Cafe
3135,7736,1,281.39,South Indian
3135,7737,2,119.31,Pizza
3135,7738,3,276.85,Biryani
3136,7739,2,289.22,Cafe
3136,7740,1,172.84,Street Food
3136,7741,1,253.81,Biryani
3137,7742,1,217.21,North Indian
3137,7743,2,273.6,Cafe
3137,7744,1,184.14,Cafe
3138,7745,1,192.55,Pizza
3138,7746,1,299.56,Cafe
3138,7747,2,216.34,Biryani
3139,7748,1,145.95,South Indian
3139,7749,1,274.09,Chinese
3140,7750,2,147.68,Cafe
3140,7751,2,97.11,Pizza
3141,7752,1,139.11,Pizza
3141,7753,2,255.15,Biryani
3142,7754,3,136.22,Biryani
3142,7755,1,116.41,Cafe
3142,7756,2,250.0,Chinese
3142,7757,3,129.59,Cafe
3143,7758,2,203.07,North Indian
3143,7759,2,231.41,South Indian
3144,7760,3,175.45,Street Food
3144,7761,2,93.91,North Indian
3145,7762,3,154.56,Biryani
3146,7763,3,274.84,Pizza
3146,7764,3,287.59,South Indian
3146,7765,1,165.98,Chinese
3147,7766,2,251.65,Biryani
3147,7767,1,263.75,North Indian
3148,7768,2,197.4,Chinese
3148,7769,3,174.02,Chinese
3149,7770,3,219.72,Street Food
3149,7771,1,144.59,Pizza
3149,7772,3,290.36,Biryani
3149,7773,2,140.68,Pizza
3150,7774,2,240.1,North Indian
3151,7775,3,291.86,Chinese
3151,7776,2,136.41,Pizza
3151,7777,2,108.9,Pizza
3151,7778,1,168.91,Cafe
3152,7779,2,225.01,Street Food
3153,7780,3,162.01,Biryani
3154,7781,1,112.81,Pizza
3155,7782,3,265.49,North Indian
3155,7783,3,147.77,North Indian
3156,7784,3,265.08,Biryani
3156,7785,2,84.5,South Indian
3156,7786,2,170.62,Pizza
3156,7787,1,154.24,North Indian
3157,7788,3,134.56,Chinese
3157,7789,2,210.27,South Indian
3158,7790,1,167.2,Street Food
3158,7791,2,226.49,North Indian
3159,7792,2,234.19,North Indian
3159,7793,3,285.26,South Indian
3159,7794,3,120.35,Pizza
3159,7795,2,280.47,Street Food
3160,7796,1,215.15,Cafe
3160,7797,3,179.47,Street Food
3160,7798,3,174.8,South Indian
3161,7799,3,211.51,Cafe
3161,7800,1,165.19,Cafe
3161,7801,1,205.98,South Indian
3162,7802,3,258.91,Street Food
3162,7803,3,232.59,Cafe
3162,7804,3,246.31,Pizza
3163,7805,3,265.64,Cafe
3164,7806,1,265.65,Street Food
3164,7807,2,205.62,South Indian
3164,7808,1,232.78,North Indian
3165,7809,3,268.42,Pizza
3165,7810,3,248.27,Biryani
3165,7811,2,230.21,Pizza
3166,7812,2,165.97,South Indian
3167,7813,1,168.49,South Indian
3168,7814,2,122.16,Cafe
3169,7815,3,264.65,North Indian
3169,7816,3,298.94,Cafe
3170,7817,2,106.4,South Indian
3170,7818,2,234.53,Cafe
3171,7819,1,182.0,Pizza
3171,7820,3,281.17,North Indian
3172,7821,2,214.36,South Indian
3172,7822,2,209.21,South Indian
3172,7823,1,125.37,Street Food
3172,7824,3,197.82,Street Food
3173,7825,1,228.41,South Indian
3173,7826,2,146.55,Street Food
3174,7827,1,142.1,Cafe
3175,7828,2,85.89,Pizza
3175,7829,3,119.52,Biryani
3175,7830,2,260.3,Pizza
3175,7831,1,80.44,Chinese
3176,7832,2,131.04,Biryani
3176,7833,3,250.67,Street Food
3177,7834,1,233.42,Cafe
3177,7835,3,229.22,Street Food
3178,7836,2,239.43,North Indian
3179,7837,2,190.44,North Indian
3179,7838,2,219.48,Street Food
3179,7839,2,225.93,Street Food
3179,7840,1,155.62,Street Food
3180,7841,1,163.52,Cafe
3181,7842,3,282.62,Street Food
3181,7843,1,278.28,Street Food
3181,7844,3,100.49,North Indian
3182,7845,2,250.44,North Indian
3182,7846,2,91.97,Biryani
3183,7847,2,218.78,North Indian
3183,7848,2,273.56,South Indian
3184,7849,3,218.4,North Indian
3185,7850,2,115.05,South Indian
3186,7851,3,288.09,Biryani
3186,7852,1,223.28,Cafe
3187,7853,2,265.34,Chinese
3187,7854,1,225.31,North Indian
3187,7855,2,112.41,Biryani
3188,7856,3,120.45,Street Food
3188,7857,2,218.9,North Indian
3188,7858,1,172.17,North Indian
3189,7859,3,230.79,Street Food
3189,7860,3,274.6,Pizza
3189,7861,1,117.73,Pizza
3189,7862,2,166.22,North Indian
3190,7863,3,109.36,North Indian
3191,7864,3,106.41,North Indian
3191,7865,3,246.63,South Indian
3192,7866,1,227.95,Chinese
3192,7867,2,139.25,Chinese
3192,7868,3,163.93,Street Food
3192,7869,1,221.22,Chinese
3193,7870,1,97.87,North Indian
3193,7871,3,244.2,Cafe
3193,7872,3,284.7,South Indian
3193,7873,2,115.71,Chinese
3194,7874,2,211.27,Biryani
3194,7875,1,286.53,South Indian
3195,7876,2,160.13,North Indian
3195,7877,1,201.29,Chinese
3196,7878,2,261.04,Street Food
3196,7879,1,134.98,Pizza
3196,7880,3,247.43,North Indian
3196,7881,1,282.02,Chinese
3197,7882,2,150.01,Cafe
3197,7883,3,147.83,Chinese
3198,7884,1,233.65,Pizza
3198,7885,2,190.27,North Indian
3198,7886,3,197.21,Pizza
3199,7887,2,229.53,South Indian
3199,7888,2,261.96,Chinese
3199,7889,3,200.29,North Indian
3200,7890,3,205.39,Pizza
3200,7891,1,193.91,Chinese
3200,7892,3,168.01,South Indian
3201,7893,1,130.78,North Indian
3201,7894,2,168.71,Pizza
3202,7895,2,208.77,South Indian
3202,7896,2,207.92,Biryani
3202,7897,2,292.91,Cafe
3202,7898,3,279.12,South Indian
3203,7899,2,120.92,Biryani
3204,7900,1,116.47,Pizza
3204,7901,3,216.37,North Indian
3204,7902,2,171.73,North Indian
3204,7903,2,288.7,Biryani
3205,7904,1,121.61,Chinese
3205,7905,2,214.26,Biryani
3205,7906,3,224.61,South Indian
3205,7907,3,281.26,Biryani
3206,7908,1,150.54,Biryani
3206,7909,3,185.04,Pizza
3207,7910,3,189.0,Biryani
3207,7911,1,161.88,Cafe
3207,7912,2,82.72,North Indian
3207,7913,1,136.06,South Indian
3208,7914,3,288.46,Cafe
3209,7915,3,258.88,North Indian
3209,7916,2,124.03,Biryani
3209,7917,3,121.71,Cafe
3210,7918,1,298.03,Pizza
3211,7919,1,80.97,North Indian
3212,7920,2,90.93,Street Food
3212,7921,3,182.61,Pizza
3212,7922,1,264.82,Street Food
3213,7923,2,243.06,Street Food
3214,7924,1,271.56,Street Food
3214,7925,3,95.56,Chinese
3215,7926,1,124.91,Cafe
3216,7927,2,113.51,Street Food
3216,7928,3,183.42,North Indian
3216,7929,3,214.84,Pizza
3216,7930,3,151.99,Street Food
3217,7931,2,115.15,Cafe
3217,7932,3,286.76,South Indian
3217,7933,2,279.89,Chinese
3217,7934,3,293.32,Street Food
3218,7935,1,194.09,South Indian
3218,7936,2,262.96,North Indian
3219,7937,2,174.18,Cafe
3219,7938,1,216.92,Chinese
3219,7939,3,279.26,Pizza
3219,7940,1,281.38,Biryani
3220,7941,3,297.3,Chinese
3221,7942,3,108.98,North Indian
3221,7943,1,184.25,Chinese
3221,7944,1,218.15,North Indian
3221,7945,2,215.45,Pizza
3222,7946,3,174.73,Chinese
3223,7947,1,246.69,Street Food
3223,7948,3,221.23,Cafe
3223,7949,2,266.91,North Indian
3223,7950,2,134.54,Chinese
3224,7951,2,106.51,South Indian
3224,7952,2,129.62,North Indian
3224,7953,3,122.72,Street Food
3224,7954,3,149.46,Pizza
3225,7955,1,91.4,Pizza
3226,7956,1,221.32,North Indian
3226,7957,2,297.93,Chinese
3226,7958,1,129.67,North Indian
3226,7959,3,247.59,South Indian
3227,7960,1,232.9,Cafe
3228,7961,3,123.62,Pizza
3229,7962,1,181.12,South Indian
3229,7963,2,240.99,Cafe
3230,7964,2,140.51,Pizza
3230,7965,2,200.99,North Indian
3230,7966,2,188.54,North Indian
3231,7967,3,290.93,Pizza
3231,7968,1,250.38,Chinese
3231,7969,1,283.06,North Indian
3231,7970,3,264.13,Pizza
3232,7971,1,251.03,Biryani
3232,7972,1,253.01,Street Food
3232,7973,1,295.04,Street Food
3233,7974,1,186.33,South Indian
3233,7975,3,116.62,Biryani
3233,7976,3,156.36,Chinese
3234,7977,2,122.37,Chinese
3234,7978,1,213.1,North Indian
3234,7979,3,254.85,Biryani
3235,7980,2,156.19,Street Food
3236,7981,3,242.05,North Indian
3237,7982,2,137.33,Street Food
3237,7983,3,166.33,Chinese
3237,7984,1,212.5,North Indian
3238,7985,1,222.25,Cafe
3238,7986,2,80.59,Chinese
3238,7987,1,209.32,Cafe
3238,7988,1,237.7,Chinese
3239,7989,1,198.71,North Indian
3239,7990,1,212.93,Cafe
3239,7991,3,200.1,South Indian
3240,7992,3,85.31,South Indian
3241,7993,2,249.17,Cafe
3241,7994,3,240.9,South Indian
3241,7995,3,161.78,Cafe
3241,7996,3,202.03,Street Food
3242,7997,3,293.86,Street Food
3242,7998,1,225.22,Biryani
3242,7999,3,82.74,Pizza
3243,8000,1,213.78,Chinese
3243,8001,1,293.58,Pizza
3243,8002,2,232.25,Street Food
3244,8003,1,238.92,Chinese
3244,8004,3,171.86,South Indian
3245,8005,1,213.08,Pizza
3246,8006,2,267.0,Biryani
3246,8007,3,278.0,Cafe
3246,8008,2,187.22,Biryani
3247,8009,1,211.25,North Indian
3247,8010,3,237.44,Biryani
3247,8011,3,215.33,Biryani
3247,8012,3,260.91,Street Food
3248,8013,1,97.35,South Indian
3248,8014,3,268.35,South Indian
3248,8015,2,163.29,North Indian
3249,8016,3,140.65,Chinese
3249,8017,3,90.35,South Indian
3249,8018,2,133.01,Street Food
3250,8019,1,210.68,Pizza
3251,8020,2,298.72,Cafe
3252,8021,1,83.98,South Indian
3252,8022,3,279.1,Street Food
3253,8023,2,185.03,Chinese
3254,8024,3,141.27,Pizza
3254,8025,3,233.61,Cafe
3254,8026,1,269.98,Street Food
3255,8027,3,276.99,North Indian
3255,8028,2,245.16,Chinese
3256,8029,3,96.15,Biryani
3256,8030,3,154.57,South Indian
3256,8031,3,139.91,Cafe
3256,8032,2,256.86,Pizza
3257,8033,2,119.56,Chinese
3257,8034,3,246.97,Pizza
3258,8035,2,131.06,North Indian
3259,8036,3,164.56,Street Food
3259,8037,3,146.27,South Indian
3260,8038,2,258.85,Pizza
3260,8039,1,127.54,Pizza
3260,8040,3,168.28,Chinese
3261,8041,2,132.03,Pizza
3262,8042,1,175.47,North Indian
3262,8043,2,89.68,Street Food
3262,8044,3,275.16,North Indian
3262,8045,3,219.32,Chinese
3263,8046,3,199.9,North Indian
3264,8047,1,209.06,Biryani
3265,8048,1,92.91,Street Food
3266,8049,3,86.34,Chinese
3266,8050,1,85.13,Chinese
3267,8051,1,231.48,Cafe
3267,8052,2,246.53,Biryani
3267,8053,2,233.15,Chinese
3268,8054,1,206.39,Cafe
3268,8055,1,293.22,North Indian
3269,8056,3,237.65,Pizza
3270,8057,1,269.87,Pizza
3271,8058,2,285.58,Street Food
3271,8059,2,136.71,Chinese
3271,8060,3,209.92,South Indian
3272,8061,2,142.88,Biryani
3273,8062,3,142.77,Chinese
3273,8063,1,193.03,North Indian
3273,8064,3,83.58,Biryani
3274,8065,3,200.57,Pizza
3275,8066,3,157.09,South Indian
3275,8067,2,274.99,Cafe
3275,8068,2,247.66,Pizza
3276,8069,1,270.73,Biryani
3276,8070,3,161.62,North Indian
3276,8071,2,215.64,North Indian
3276,8072,2,233.87,Pizza
3277,8073,1,293.29,Pizza
3278,8074,2,264.88,Chinese
3279,8075,1,178.48,Chinese
3279,8076,2,270.01,South Indian
3279,8077,2,278.4,Pizza
3279,8078,1,108.84,Chinese
3280,8079,2,190.87,North Indian
3281,8080,2,290.08,Street Food
3282,8081,1,177.07,Street Food
3283,8082,2,189.35,North Indian
3284,8083,2,91.87,Biryani
3284,8084,2,205.86,Chinese
3284,8085,1,119.43,Chinese
3285,8086,1,133.96,Chinese
3286,8087,2,204.78,North Indian
3286,8088,3,162.58,Chinese
3286,8089,3,243.97,South Indian
3287,8090,3,258.56,Street Food
3288,8091,3,91.97,Street Food
3288,8092,2,107.08,Street Food
3288,8093,1,246.86,Biryani
3288,8094,3,206.63,Pizza
3289,8095,3,286.08,Cafe
3289,8096,3,169.02,South Indian
3289,8097,2,152.62,North Indian
3289,8098,3,131.71,Chinese
3290,8099,2,217.98,Biryani
3290,8100,2,167.12,North Indian
3290,8101,2,231.07,North Indian
3290,8102,1,293.53,Street Food
3291,8103,2,256.28,North Indian
3291,8104,3,138.38,Cafe
3291,8105,1,257.26,North Indian
3291,8106,3,120.83,North Indian
3292,8107,2,187.55,South Indian
3292,8108,1,267.07,South Indian
3292,8109,3,235.42,Street Food
3293,8110,1,252.95,South Indian
3293,8111,1,204.41,Cafe
3293,8112,2,143.6,North Indian
3293,8113,1,271.09,South Indian
3294,8114,1,247.88,Cafe
3294,8115,2,285.65,Pizza
3294,8116,2,215.81,Biryani
3295,8117,2,116.37,Pizza
3295,8118,1,216.83,Street Food
3296,8119,1,238.6,Cafe
3296,8120,2,223.38,North Indian
3297,8121,1,230.92,North Indian
3297,8122,3,100.66,Street Food
3298,8123,1,173.12,South Indian
3299,8124,1,193.58,Chinese
3299,8125,1,126.73,Chinese
3300,8126,3,95.53,Biryani
3300,8127,3,112.86,Biryani
3300,8128,1,255.93,Pizza
3300,8129,2,260.37,Cafe
3301,8130,2,265.4,Street Food
3302,8131,1,277.27,North Indian
3302,8132,2,151.19,Biryani
3302,8133,3,214.06,North Indian
3303,8134,3,291.07,North Indian
3303,8135,1,80.83,Cafe
3304,8136,2,296.63,South Indian
3304,8137,3,114.04,Cafe
3304,8138,2,298.44,Street Food
3304,8139,1,280.99,Pizza
3305,8140,2,182.71,South Indian
3305,8141,1,171.12,Street Food
3305,8142,3,233.97,North Indian
3305,8143,2,168.4,Chinese
3306,8144,1,283.61,Pizza
3306,8145,1,125.61,Chinese
3306,8146,1,132.37,Cafe
3306,8147,1,153.71,Chinese
3307,8148,3,190.75,Chinese
3307,8149,1,218.64,North Indian
3308,8150,3,184.04,Street Food
3309,8151,3,91.8,Pizza
3309,8152,2,84.07,Street Food
3309,8153,2,184.11,Cafe
3310,8154,3,116.74,Pizza
3310,8155,2,110.3,Biryani
3310,8156,1,265.21,Pizza
3311,8157,1,265.41,South Indian
3311,8158,3,169.06,Cafe
3312,8159,3,266.33,Cafe
3312,8160,2,274.27,Cafe
3312,8161,2,288.09,Street Food
3313,8162,2,206.21,Chinese
3314,8163,3,186.85,Biryani
3314,8164,1,102.99,South Indian
3314,8165,3,233.78,Biryani
3315,8166,3,206.35,Biryani
3315,8167,3,141.12,Biryani
3315,8168,1,136.69,Street Food
3315,8169,3,173.99,Biryani
3316,8170,2,83.13,Chinese
3316,8171,3,234.48,Street Food
3316,8172,1,111.44,Pizza
3317,8173,2,127.63,South Indian
3317,8174,3,128.93,Biryani
3317,8175,2,276.5,North Indian
3317,8176,1,102.19,Street Food
3318,8177,3,270.75,North Indian
3319,8178,3,143.43,Chinese
3319,8179,1,135.33,North Indian
3319,8180,3,96.11,Street Food
3320,8181,2,243.09,South Indian
3320,8182,1,280.12,Cafe
3320,8183,3,293.88,Street Food
3320,8184,2,286.59,Chinese
3321,8185,3,115.56,Pizza
3321,8186,3,181.44,Biryani
3322,8187,1,266.39,Cafe
3322,8188,3,195.8,South Indian
3322,8189,1,179.06,Street Food
3322,8190,3,222.76,North Indian
3323,8191,3,200.26,Cafe
3323,8192,2,94.83,Biryani
3323,8193,1,164.57,North Indian
3324,8194,3,239.13,Biryani
3324,8195,3,161.42,Chinese
3325,8196,3,295.5,Biryani
3325,8197,3,293.94,Chinese
3325,8198,2,85.39,Street Food
3325,8199,2,193.37,Street Food
3326,8200,3,139.25,Cafe
3326,8201,2,122.42,Street Food
3326,8202,3,133.12,North Indian
3326,8203,3,268.78,Pizza
3327,8204,1,166.89,North Indian
3327,8205,1,264.67,North Indian
3328,8206,2,98.41,Pizza
3328,8207,1,81.63,Pizza
3329,8208,2,278.19,Street Food
3329,8209,2,230.56,Pizza
3329,8210,2,152.72,Street Food
3330,8211,2,152.11,Cafe
3330,8212,2,275.46,Chinese
3330,8213,1,298.06,South Indian
3330,8214,2,183.46,Chinese
3331,8215,1,91.51,Biryani
3332,8216,2,194.62,Cafe
3332,8217,2,257.84,Cafe
3332,8218,1,144.06,North Indian
3332,8219,2,95.68,Pizza
3333,8220,2,151.52,South Indian
3333,8221,1,276.19,Cafe
3333,8222,2,137.2,Cafe
3334,8223,2,81.09,Cafe
3334,8224,1,124.35,Pizza
3334,8225,3,299.58,North Indian
3334,8226,3,250.62,Cafe
3335,8227,2,270.8,Street Food
3335,8228,1,179.58,South Indian
3335,8229,2,122.68,Biryani
3336,8230,2,113.85,South Indian
3336,8231,3,221.46,North Indian
3336,8232,1,89.95,Street Food
3337,8233,3,90.67,Biryani
3337,8234,3,197.63,North Indian
3337,8235,3,250.91,Chinese
3338,8236,1,139.21,Biryani
3339,8237,3,249.43,Street Food
3340,8238,3,184.64,Pizza
3341,8239,1,264.95,Chinese
3341,8240,1,202.15,North Indian
3341,8241,1,159.77,Biryani
3341,8242,2,195.86,Chinese
3342,8243,1,182.09,Chinese
3342,8244,2,245.39,Pizza
3342,8245,2,297.33,North Indian
3343,8246,2,220.85,South Indian
3343,8247,3,135.27,North Indian
3343,8248,2,208.59,Street Food
3344,8249,1,224.73,Pizza
3345,8250,1,237.79,Chinese
3346,8251,1,223.15,Cafe
3346,8252,1,256.31,North Indian
3346,8253,2,280.5,Biryani
3347,8254,2,194.53,Biryani
3347,8255,1,183.1,Cafe
3348,8256,1,88.99,North Indian
3348,8257,3,243.7,Street Food
3348,8258,2,183.66,Biryani
3349,8259,2,159.77,Chinese
3349,8260,1,224.39,North Indian
3349,8261,3,277.86,Street Food
3349,8262,2,298.55,Street Food
3350,8263,1,80.81,Biryani
3350,8264,3,108.41,Biryani
3351,8265,3,194.4,Pizza
3351,8266,3,193.15,Chinese
3351,8267,1,205.52,South Indian
3352,8268,3,248.62,South Indian
3352,8269,2,86.85,Street Food
3353,8270,3,200.7,Street Food
3353,8271,3,246.48,South Indian
3353,8272,2,172.4,Pizza
3354,8273,3,126.15,Cafe
3354,8274,2,122.34,North Indian
3354,8275,2,168.63,Cafe
3355,8276,3,292.65,Street Food
3355,8277,1,161.74,Cafe
3356,8278,2,198.99,South Indian
3357,8279,1,275.0,Cafe
3357,8280,2,260.77,Biryani
3357,8281,2,171.15,Biryani
3358,8282,2,284.13,South Indian
3359,8283,2,239.49,South Indian
3359,8284,3,184.23,Pizza
3360,8285,1,274.46,South Indian
3361,8286,3,262.06,North Indian
3361,8287,1,235.85,Cafe
3361,8288,2,149.6,Chinese
3361,8289,3,199.27,Street Food
3362,8290,1,227.64,Biryani
3362,8291,2,258.18,Pizza
3362,8292,3,151.05,Chinese
3362,8293,1,217.97,Pizza
3363,8294,2,149.07,South Indian
3363,8295,3,195.46,Cafe
3363,8296,3,198.97,Street Food
3363,8297,1,265.46,Street Food
3364,8298,2,193.12,Chinese
3364,8299,3,94.26,Pizza
3365,8300,3,207.83,Chinese
3366,8301,1,169.1,Biryani
3366,8302,1,191.22,Biryani
3366,8303,3,177.52,South Indian
3366,8304,3,85.03,South Indian
3367,8305,3,185.38,North Indian
3368,8306,1,210.61,Street Food
3368,8307,1,119.69,Street Food
3369,8308,3,266.94,Street Food
3370,8309,3,273.27,Biryani
3371,8310,1,284.25,Street Food
3372,8311,3,252.51,North Indian
3372,8312,3,248.74,Cafe
3372,8313,1,222.75,Pizza
3372,8314,1,281.39,Pizza
3373,8315,1,90.36,Biryani
3374,8316,1,185.83,South Indian
3374,8317,3,202.06,Pizza
3375,8318,1,140.48,Street Food
3375,8319,3,225.81,Cafe
3376,8320,3,146.83,Pizza
3376,8321,1,133.37,Chinese
3376,8322,1,172.56,Chinese
3376,8323,2,192.43,Pizza
3377,8324,1,154.43,Street Food
3377,8325,2,82.92,Pizza
3378,8326,1,242.74,Cafe
3378,8327,1,264.77,Street Food
3378,8328,1,102.03,Chinese
3378,8329,2,219.07,Street Food
3379,8330,2,228.75,North Indian
3379,8331,2,107.94,North Indian
3379,8332,3,185.26,Biryani
3380,8333,3,140.25,Cafe
3380,8334,2,137.95,Chinese
3381,8335,3,198.23,North Indian
3381,8336,1,148.5,Chinese
3381,8337,2,289.21,Street Food
3382,8338,1,285.97,Street Food
3383,8339,1,123.66,Biryani
3383,8340,2,105.04,Street Food
3383,8341,2,260.21,Cafe
3384,8342,3,88.24,Street Food
3385,8343,2,215.94,Biryani
3385,8344,1,272.22,South Indian
3385,8345,1,220.54,Chinese
3385,8346,3,138.74,Pizza
3386,8347,2,170.64,Pizza
3386,8348,3,258.25,North Indian
3386,8349,1,260.27,Pizza
3387,8350,2,259.17,North Indian
3387,8351,2,127.94,South Indian
3387,8352,3,150.25,South Indian
3387,8353,2,191.33,South Indian
3388,8354,2,208.1,Pizza
3389,8355,2,235.41,South Indian
3389,8356,3,280.2,Street Food
3389,8357,1,225.76,South Indian
3390,8358,3,166.57,Biryani
3391,8359,3,88.3,Biryani
3391,8360,1,152.91,Chinese
3392,8361,3,116.01,Cafe
3392,8362,1,129.86,Chinese
3392,8363,1,162.7,Street Food
3393,8364,1,201.0,Street Food
3393,8365,3,135.94,South Indian
3393,8366,3,175.23,Pizza
3394,8367,2,280.28,Chinese
3395,8368,2,266.24,Street Food
3395,8369,2,165.53,Street Food
3395,8370,1,155.98,Street Food
3396,8371,3,142.36,North Indian
3396,8372,3,187.15,Street Food
3396,8373,3,105.28,North Indian
3397,8374,1,154.07,South Indian
3397,8375,1,96.92,Street Food
3397,8376,1,168.99,Biryani
3397,8377,1,222.02,Chinese
3398,8378,1,253.3,Chinese
3399,8379,3,185.49,Street Food
3399,8380,1,235.15,Chinese
3399,8381,3,124.75,Pizza
3400,8382,2,85.68,South Indian
3400,8383,3,258.28,Cafe
3400,8384,1,197.92,Chinese
3400,8385,3,220.12,South Indian
3401,8386,1,258.62,Pizza
3401,8387,3,156.53,Street Food
3402,8388,3,239.72,Biryani
3403,8389,3,260.22,North Indian
3403,8390,3,275.95,Pizza
3403,8391,2,179.53,North Indian
3403,8392,3,244.18,Pizza
3404,8393,2,289.56,North Indian
3404,8394,1,299.42,Street Food
3404,8395,2,281.36,Chinese
3404,8396,1,258.49,North Indian
3405,8397,1,109.4,Street Food
3405,8398,1,139.11,Biryani
3406,8399,1,277.92,South Indian
3407,8400,2,201.82,Pizza
3407,8401,2,158.78,Street Food
3407,8402,1,100.63,Cafe
3407,8403,2,215.14,Chinese
3408,8404,3,146.97,Cafe
3408,8405,2,106.47,Chinese
3409,8406,3,116.13,South Indian
3410,8407,1,180.74,Cafe
3410,8408,2,279.75,Pizza
3410,8409,2,110.82,Cafe
3411,8410,1,104.21,Pizza
3411,8411,1,187.72,South Indian
3411,8412,2,128.0,Biryani
3411,8413,3,252.1,Chinese
3412,8414,3,219.42,Chinese
3412,8415,3,246.75,Street Food
3412,8416,1,186.91,Pizza
3412,8417,2,267.18,Chinese
3413,8418,2,213.73,North Indian
3414,8419,3,151.14,South Indian
3414,8420,3,256.35,Chinese
3415,8421,3,238.84,South Indian
3416,8422,2,283.58,Chinese
3416,8423,3,167.85,South Indian
3416,8424,1,197.36,Biryani
3417,8425,3,80.17,Pizza
3417,8426,1,290.47,North Indian
3418,8427,2,140.72,Street Food
3418,8428,3,233.07,Chinese
3418,8429,3,186.08,Biryani
3419,8430,1,158.67,North Indian
3419,8431,2,233.27,Biryani
3420,8432,3,193.75,Biryani
3420,8433,2,127.0,South Indian
3420,8434,3,81.78,North Indian
3420,8435,3,150.89,South Indian
3421,8436,2,223.14,Pizza
3421,8437,1,193.04,North Indian
3421,8438,3,196.23,Chinese
3421,8439,3,91.35,North Indian
3422,8440,1,98.87,South Indian
3422,8441,3,98.55,North Indian
3422,8442,1,135.04,Pizza
3422,8443,2,197.67,South Indian
3423,8444,1,186.89,Biryani
3424,8445,3,180.34,North Indian
3425,8446,3,195.39,Pizza
3425,8447,2,108.35,Cafe
3425,8448,2,264.57,Pizza
3425,8449,3,200.54,Cafe
3426,8450,1,270.02,Cafe
3427,8451,1,283.39,Street Food
3427,8452,1,161.9,Chinese
3428,8453,3,243.47,North Indian
3428,8454,2,87.31,South Indian
3429,8455,1,120.7,Biryani
3429,8456,2,272.34,Street Food
3430,8457,3,84.15,Chinese
3430,8458,1,117.0,Street Food
3430,8459,1,101.08,Cafe
3431,8460,1,168.82,Pizza
3431,8461,1,102.68,North Indian
3432,8462,2,242.48,Biryani
3432,8463,1,84.2,Cafe
3432,8464,2,173.37,South Indian
3433,8465,3,194.25,South Indian
3433,8466,1,267.63,Chinese
3434,8467,1,298.07,South Indian
3435,8468,1,226.26,North Indian
3435,8469,2,163.11,Street Food
3436,8470,1,291.39,Street Food
3437,8471,1,105.05,South Indian
3438,8472,3,147.48,South Indian
3438,8473,3,102.23,South Indian
3438,8474,3,118.35,South Indian
3439,8475,1,255.25,South Indian
3439,8476,1,241.25,Chinese
3439,8477,2,263.13,Pizza
3439,8478,3,142.33,South Indian
3440,8479,2,120.85,Pizza
3440,8480,2,249.95,Chinese
3441,8481,2,254.47,South Indian
3441,8482,2,208.4,Pizza
3441,8483,2,122.53,South Indian
3441,8484,3,91.99,Cafe
3442,8485,1,176.2,Pizza
3442,8486,3,227.4,Street Food
3442,8487,1,140.88,Biryani
3443,8488,1,216.8,Cafe
3443,8489,1,158.37,Cafe
3443,8490,1,153.61,South Indian
3444,8491,2,161.6,Chinese
3444,8492,3,266.35,Chinese
3444,8493,2,248.09,Pizza
3444,8494,1,161.34,South Indian
3445,8495,3,281.55,Pizza
3446,8496,1,138.65,Cafe
3446,8497,2,128.22,Pizza
3446,8498,3,233.55,South Indian
3447,8499,2,251.04,Chinese
3447,8500,2,175.55,Chinese
3447,8501,3,131.33,South Indian
3448,8502,1,247.62,Cafe
3448,8503,3,201.32,Chinese
3448,8504,3,134.97,Chinese
3448,8505,1,273.03,Street Food
3449,8506,2,283.23,South Indian
3449,8507,2,102.72,Pizza
3449,8508,1,114.46,Pizza
3449,8509,3,233.53,Pizza
3450,8510,3,217.57,South Indian
3450,8511,2,139.72,Street Food
3451,8512,2,200.68,Biryani
3451,8513,3,174.42,Street Food
3451,8514,3,85.75,Cafe
3452,8515,2,240.76,South Indian
3453,8516,3,183.49,Street Food
3453,8517,1,215.5,Cafe
3453,8518,3,253.21,North Indian
3454,8519,1,157.99,South Indian
3454,8520,3,288.19,North Indian
3454,8521,1,166.6,Cafe
3454,8522,3,224.27,Street Food
3455,8523,1,86.43,North Indian
3455,8524,2,257.41,Pizza
3455,8525,1,163.5,Pizza
3455,8526,3,116.53,Cafe
3456,8527,1,140.25,Biryani
3457,8528,2,290.96,Street Food
3457,8529,1,202.31,South Indian
3457,8530,2,241.02,Biryani
3457,8531,1,105.92,North Indian
3458,8532,2,252.43,Biryani
3458,8533,2,252.26,Pizza
3458,8534,2,120.47,Street Food
3459,8535,1,244.71,Cafe
3459,8536,3,116.18,Cafe
3459,8537,3,145.24,Cafe
3460,8538,1,281.78,South Indian
3460,8539,3,103.95,South Indian
3460,8540,3,284.76,Cafe
3460,8541,3,218.73,Chinese
3461,8542,1,166.99,Biryani
3462,8543,3,266.23,North Indian
3462,8544,3,104.16,Street Food
3462,8545,2,234.55,Pizza
3463,8546,3,181.24,Biryani
3463,8547,2,179.33,Street Food
3463,8548,1,170.57,Biryani
3464,8549,1,152.3,Biryani
3464,8550,1,87.23,Pizza
3465,8551,1,156.98,Cafe
3466,8552,1,168.3,Street Food
3467,8553,3,212.36,Street Food
3467,8554,3,87.46,Cafe
3468,8555,1,129.81,Chinese
3469,8556,1,184.77,Street Food
3469,8557,2,263.31,Street Food
3469,8558,1,290.54,Chinese
3470,8559,2,90.03,Biryani
3471,8560,1,240.24,North Indian
3471,8561,2,188.6,South Indian
3471,8562,1,96.26,Chinese
3472,8563,1,168.1,Chinese
3473,8564,1,90.46,Chinese
3474,8565,1,113.11,Biryani
3474,8566,2,267.71,North Indian
3475,8567,3,299.84,Street Food
3475,8568,1,272.76,Biryani
3475,8569,1,134.22,South Indian
3475,8570,1,290.05,Cafe
3476,8571,2,190.43,Street Food
3476,8572,2,146.52,Chinese
3477,8573,1,126.1,South Indian
3477,8574,1,173.6,Street Food
3478,8575,3,296.56,North Indian
3478,8576,2,264.21,Biryani
3478,8577,1,125.19,Biryani
3478,8578,2,92.93,Chinese
3479,8579,1,268.15,North Indian
3479,8580,2,105.52,South Indian
3479,8581,3,101.51,Street Food
3479,8582,2,283.77,Cafe
3480,8583,1,146.76,Pizza
3481,8584,1,293.54,Biryani
3482,8585,2,100.24,South Indian
3483,8586,3,145.8,South Indian
3483,8587,2,285.46,North Indian
3483,8588,3,126.89,Pizza
3483,8589,2,266.81,Chinese
3484,8590,2,144.8,Pizza
3484,8591,1,213.14,South Indian
3484,8592,3,253.5,North Indian
3484,8593,1,281.95,Pizza
3485,8594,3,293.54,Street Food
3485,8595,2,106.87,Biryani
3485,8596,2,117.25,Street Food
3486,8597,1,156.64,North Indian
3486,8598,1,236.2,North Indian
3487,8599,1,152.93,Pizza
3487,8600,3,225.96,Street Food
3487,8601,1,165.48,Pizza
3488,8602,2,154.17,Chinese
3488,8603,1,246.69,Pizza
3488,8604,3,148.62,North Indian
3489,8605,1,219.26,Chinese
3490,8606,3,257.92,Street Food
3490,8607,2,208.42,Biryani
3490,8608,3,214.99,Biryani
3490,8609,3,281.28,Chinese
3491,8610,2,212.99,Biryani
3491,8611,3,296.03,Biryani
3491,8612,1,295.86,North Indian
3491,8613,2,103.31,Street Food
3492,8614,2,179.31,Street Food
3492,8615,2,125.81,Chinese
3492,8616,3,145.17,South Indian
3493,8617,2,220.39,North Indian
3493,8618,2,114.33,Pizza
3494,8619,3,159.56,Chinese
3494,8620,1,136.98,Cafe
3495,8621,2,84.96,North Indian
3496,8622,2,268.98,Street Food
3497,8623,1,264.54,North Indian
3497,8624,2,192.03,Pizza
3497,8625,1,137.35,Cafe
3498,8626,1,272.93,North Indian
3498,8627,3,295.7,Pizza
3498,8628,2,199.13,North Indian
3498,8629,3,139.83,Cafe
3499,8630,2,109.83,South Indian
3500,8631,2,169.68,South Indian
3501,8632,1,157.26,Cafe
3502,8633,1,130.46,Biryani
3502,8634,1,119.82,Biryani
3503,8635,2,82.9,Chinese
3503,8636,2,151.88,South Indian
3504,8637,2,299.98,Biryani
3504,8638,3,145.38,North Indian
3505,8639,1,88.58,Cafe
3505,8640,3,138.95,Biryani
3505,8641,1,130.2,Cafe
3506,8642,3,105.4,South Indian
3507,8643,3,86.53,Cafe
3507,8644,2,122.73,Cafe
3507,8645,2,284.08,South Indian
3508,8646,1,254.14,Pizza
3508,8647,2,105.89,Street Food
3509,8648,2,202.44,North Indian
3509,8649,3,247.02,Biryani
3509,8650,1,86.43,Biryani
3510,8651,1,85.22,Chinese
3511,8652,3,143.29,Cafe
3512,8653,1,146.28,Biryani
3512,8654,2,271.75,South Indian
3512,8655,3,247.41,North Indian
3513,8656,2,183.3,Pizza
3513,8657,2,143.32,Street Food
3513,8658,1,201.13,South Indian
3514,8659,3,192.19,Biryani
3515,8660,1,164.82,Cafe
3515,8661,2,189.5,Biryani
3516,8662,3,298.99,Pizza
3517,8663,3,112.1,South Indian
3518,8664,2,284.86,South Indian
3518,8665,3,168.55,Biryani
3518,8666,1,150.17,Chinese
3518,8667,3,151.1,Chinese
3519,8668,2,210.32,Chinese
3519,8669,3,248.99,Biryani
3519,8670,2,121.05,Street Food
3519,8671,1,263.51,Biryani
3520,8672,3,220.28,Street Food
3520,8673,2,159.04,South Indian
3520,8674,3,213.7,Biryani
3520,8675,2,83.25,North Indian
3521,8676,2,152.94,Pizza
3522,8677,1,179.52,Chinese
3522,8678,2,177.69,North Indian
3523,8679,2,150.04,Pizza
3524,8680,1,283.82,Pizza
3524,8681,3,203.23,Chinese
3524,8682,3,277.76,North Indian
3524,8683,1,158.7,Street Food
3525,8684,3,141.68,Pizza
3526,8685,3,215.03,Street Food
3526,8686,3,266.75,Chinese
3526,8687,2,146.28,Cafe
3526,8688,2,269.13,South Indian
3527,8689,1,196.93,Street Food
3527,8690,1,132.89,South Indian
3527,8691,2,118.3,Chinese
3528,8692,1,140.26,Pizza
3529,8693,2,104.33,Chinese
3529,8694,2,134.25,Cafe
3530,8695,3,103.76,Biryani
3530,8696,2,149.37,Chinese
3530,8697,3,284.2,Pizza
3530,8698,1,263.5,Biryani
3531,8699,1,115.67,South Indian
3531,8700,2,179.48,South Indian
3531,8701,1,128.76,South Indian
3531,8702,3,254.86,Street Food
3532,8703,2,119.88,South Indian
3532,8704,1,150.87,Biryani
3532,8705,1,195.58,South Indian
3533,8706,2,84.46,Cafe
3534,8707,3,175.72,South Indian
3534,8708,3,215.79,North Indian
3535,8709,1,101.83,Chinese
3535,8710,1,212.05,Cafe
3535,8711,1,85.82,North Indian
3535,8712,2,182.08,Cafe
3536,8713,1,159.02,South Indian
3536,8714,3,118.74,Pizza
3537,8715,3,126.18,Cafe
3537,8716,1,167.17,South Indian
3537,8717,2,245.34,South Indian
3537,8718,1,264.58,Biryani
3538,8719,3,89.93,Biryani
3538,8720,2,81.67,South Indian
3539,8721,2,100.95,Biryani
3540,8722,1,206.82,Street Food
3541,8723,1,162.21,South Indian
3541,8724,2,212.92,North Indian
3542,8725,1,92.79,North Indian
3543,8726,3,207.99,Chinese
3543,8727,2,101.88,South Indian
3544,8728,2,162.85,Street Food
3544,8729,3,141.77,Pizza
3545,8730,3,242.79,Chinese
3546,8731,1,239.96,Biryani
3546,8732,3,258.62,South Indian
3546,8733,1,80.1,Cafe
3547,8734,3,256.84,South Indian
3547,8735,1,243.44,North Indian
3547,8736,2,223.2,Pizza
3548,8737,3,249.04,Chinese
3548,8738,2,162.91,Pizza
3548,8739,3,143.35,South Indian
3548,8740,2,82.83,Street Food
3549,8741,3,145.06,Cafe
3550,8742,1,229.09,Street Food
3550,8743,1,282.4,Street Food
3550,8744,2,294.29,Pizza
3551,8745,3,174.16,North Indian
3551,8746,2,118.89,Pizza
3551,8747,3,277.19,Pizza
3551,8748,1,107.5,Cafe
3552,8749,3,99.04,Street Food
3552,8750,3,150.65,Biryani
3553,8751,2,225.68,Cafe
3554,8752,1,109.05,North Indian
3555,8753,2,185.26,Biryani
3556,8754,1,165.0,Cafe
3556,8755,2,219.17,South Indian
3556,8756,2,134.14,South Indian
3556,8757,1,230.47,North Indian
3557,8758,3,114.17,Cafe
3557,8759,1,163.28,Street Food
3557,8760,3,238.5,Street Food
3558,8761,2,128.55,Pizza
3558,8762,1,98.29,Cafe
3558,8763,1,213.38,South Indian
3559,8764,1,86.36,Street Food
3560,8765,2,262.64,Cafe
3560,8766,1,205.36,Biryani
3561,8767,1,234.67,North Indian
3561,8768,1,111.5,Pizza
3562,8769,3,224.92,Biryani
3562,8770,2,163.6,South Indian
3562,8771,1,293.6,Cafe
3563,8772,1,188.0,Biryani
3563,8773,1,256.32,Pizza
3563,8774,2,155.35,North Indian
3564,8775,1,282.26,South Indian
3564,8776,1,100.73,Cafe
3564,8777,2,226.81,North Indian
3565,8778,2,116.01,Pizza
3565,8779,2,144.42,Pizza
3565,8780,2,270.48,South Indian
3565,8781,2,94.0,South Indian
3566,8782,1,298.55,Chinese
3566,8783,2,128.53,Cafe
3566,8784,1,187.58,Cafe
3566,8785,2,227.98,Chinese
3567,8786,3,183.24,Pizza
3567,8787,2,196.37,Biryani
3567,8788,2,209.51,South Indian
3567,8789,1,141.31,Cafe
3568,8790,3,160.87,North Indian
3568,8791,1,147.5,Street Food
3568,8792,1,149.28,Pizza
3569,8793,3,172.14,Pizza
3569,8794,3,284.34,Cafe
3570,8795,1,260.05,North Indian
3571,8796,1,245.15,Pizza
3571,8797,3,188.28,Biryani
3571,8798,1,242.73,Street Food
3571,8799,1,215.06,Biryani
3572,8800,2,230.66,Chinese
3572,8801,1,96.05,Biryani
3573,8802,2,176.16,Cafe
3574,8803,1,120.93,Cafe
3574,8804,1,144.4,Pizza
3574,8805,2,201.02,Cafe
3575,8806,2,280.36,Pizza
3576,8807,1,162.19,Cafe
3576,8808,3,144.09,Street Food
3576,8809,1,180.97,South Indian
3576,8810,1,222.94,Biryani
3577,8811,1,144.37,Biryani
3577,8812,3,264.99,South Indian
3578,8813,1,177.84,Street Food
3578,8814,1,232.55,Biryani
3579,8815,2,94.09,Pizza
3579,8816,2,168.04,Street Food
3579,8817,2,82.59,South Indian
3580,8818,3,128.34,South Indian
3580,8819,3,173.79,North Indian
3580,8820,1,94.82,South Indian
3580,8821,1,85.95,Cafe
3581,8822,3,228.7,Chinese
3582,8823,1,165.29,Chinese
3582,8824,3,124.78,Cafe
3582,8825,1,173.03,Pizza
3583,8826,1,288.34,Biryani
3583,8827,1,286.47,Street Food
3583,8828,3,213.16,Pizza
3583,8829,3,242.81,North Indian
3584,8830,2,81.92,Chinese
3584,8831,3,228.98,Biryani
3585,8832,2,272.88,Biryani
3585,8833,1,85.29,Chinese
3585,8834,2,141.58,Street Food
3586,8835,1,270.76,South Indian
3587,8836,3,161.31,Cafe
3587,8837,1,279.78,South Indian
3587,8838,2,90.98,Street Food
3588,8839,1,103.82,Chinese
3589,8840,2,104.14,Chinese
3589,8841,3,237.39,Street Food
3589,8842,3,93.2,North Indian
3590,8843,3,241.42,Biryani
3590,8844,3,246.61,Street Food
3591,8845,2,136.16,North Indian
3592,8846,2,93.52,South Indian
3593,8847,2,169.25,Biryani
3594,8848,1,231.16,Cafe
3594,8849,2,122.01,Street Food
3594,8850,3,102.67,Biryani
3595,8851,2,148.26,Chinese
3595,8852,2,191.25,South Indian
3596,8853,3,220.62,North Indian
3597,8854,3,284.91,Pizza
3597,8855,2,178.42,Pizza
3597,8856,2,200.76,North Indian
3597,8857,1,291.65,Biryani
3598,8858,1,275.49,Cafe
3599,8859,2,277.44,Biryani
3600,8860,2,234.38,Pizza
3600,8861,1,103.47,Biryani
3601,8862,2,295.81,Biryani
3601,8863,2,104.82,Biryani
3601,8864,3,183.41,Cafe
3601,8865,2,176.48,Biryani
3602,8866,3,123.83,Pizza
3602,8867,1,184.83,North Indian
3603,8868,1,153.22,Biryani
3603,8869,1,162.48,Chinese
3603,8870,2,221.6,North Indian
3604,8871,2,151.97,Street Food
3604,8872,1,200.0,South Indian
3604,8873,2,289.41,South Indian
3605,8874,2,115.03,Pizza
3605,8875,3,111.25,Pizza
3606,8876,2,203.1,North Indian
3606,8877,3,152.66,Cafe
3606,8878,2,284.39,Pizza
3606,8879,3,186.67,Cafe
3607,8880,1,259.25,Cafe
3607,8881,1,81.42,Cafe
3608,8882,1,114.67,Cafe
3608,8883,2,119.33,Cafe
3608,8884,2,174.6,Biryani
3609,8885,2,149.66,Street Food
3609,8886,2,258.42,Street Food
3610,8887,1,150.39,Cafe
3611,8888,2,173.82,South Indian
3611,8889,1,256.83,Pizza
3611,8890,1,287.1,North Indian
3612,8891,1,274.92,Cafe
3612,8892,1,220.56,Cafe
3612,8893,1,202.23,Street Food
3612,8894,1,289.03,Cafe
3613,8895,2,180.29,Street Food
3613,8896,1,106.59,Cafe
3613,8897,3,144.35,Chinese
3613,8898,1,232.52,Pizza
3614,8899,1,80.24,Biryani
3614,8900,1,81.9,North Indian
3614,8901,1,96.1,Cafe
3614,8902,1,237.59,Chinese
3615,8903,1,144.94,Chinese
3615,8904,2,127.65,Street Food
3616,8905,2,242.55,Pizza
3617,8906,2,100.67,Biryani
3617,8907,3,278.72,North Indian
3617,8908,3,207.52,Street Food
3617,8909,2,103.83,Chinese
3618,8910,2,249.81,Pizza
3618,8911,2,169.48,North Indian
3618,8912,3,214.07,Street Food
3618,8913,2,195.28,South Indian
3619,8914,2,251.38,North Indian
3619,8915,1,215.3,Chinese
3620,8916,1,285.96,Cafe
3620,8917,2,287.89,Street Food
3621,8918,3,236.78,South Indian
3621,8919,2,217.31,Street Food
3621,8920,1,107.98,North Indian
3621,8921,3,96.71,Chinese
3622,8922,3,234.75,Pizza
3622,8923,1,159.61,Chinese
3623,8924,3,133.51,North Indian
3623,8925,1,153.61,Cafe
3623,8926,3,209.08,North Indian
3623,8927,2,88.17,Street Food
3624,8928,1,95.23,Street Food
3625,8929,2,81.96,Biryani
3625,8930,1,109.6,Chinese
3626,8931,3,137.56,Pizza
3626,8932,2,211.53,Cafe
3627,8933,1,150.1,Biryani
3627,8934,3,237.02,Chinese
3628,8935,1,212.03,North Indian
3628,8936,2,205.5,Pizza
3628,8937,3,100.08,Chinese
3628,8938,2,133.34,Street Food
3629,8939,3,165.21,Chinese
3629,8940,3,262.99,Cafe
3629,8941,1,85.05,South Indian
3629,8942,1,287.33,Pizza
3630,8943,3,169.69,Chinese
3630,8944,1,251.31,South Indian
3631,8945,2,198.52,Chinese
3631,8946,3,278.36,Street Food
3631,8947,2,227.36,Chinese
3632,8948,1,258.39,Street Food
3633,8949,1,200.14,Street Food
3633,8950,1,99.0,Street Food
3634,8951,1,150.32,Biryani
3634,8952,1,203.09,Chinese
3634,8953,2,125.86,South Indian
3634,8954,2,273.03,Pizza
3635,8955,3,92.54,Street Food
3635,8956,3,239.61,South Indian
3636,8957,2,265.9,South Indian
3636,8958,2,211.62,Cafe
3636,8959,1,258.6,North Indian
3637,8960,1,238.92,Biryani
3638,8961,3,260.57,Biryani
3639,8962,1,201.67,Biryani
3639,8963,1,239.97,Cafe
3640,8964,3,292.78,South Indian
3640,8965,3,221.61,South Indian
3640,8966,2,233.78,Chinese
3641,8967,2,199.63,Biryani
3642,8968,3,230.25,Biryani
3642,8969,3,130.63,Chinese
3643,8970,3,177.57,Pizza
3643,8971,1,133.34,Pizza
3644,8972,1,197.43,Street Food
3644,8973,1,192.61,Cafe
3644,8974,1,110.87,South Indian
3644,8975,3,219.74,Biryani
3645,8976,2,267.67,Cafe
3646,8977,2,276.71,Chinese
3646,8978,2,266.3,Cafe
3646,8979,2,280.5,South Indian
3647,8980,1,87.99,Chinese
3648,8981,3,251.55,South Indian
3648,8982,1,269.64,Pizza
3649,8983,1,213.03,Biryani
3649,8984,3,143.85,South Indian
3649,8985,1,202.69,North Indian
3649,8986,3,147.85,Street Food
3650,8987,3,131.21,Pizza
3650,8988,3,269.97,Street Food
3650,8989,1,246.64,North Indian
3650,8990,2,258.7,Pizza
3651,8991,3,270.69,Biryani
3651,8992,2,185.32,Cafe
3651,8993,1,224.8,Biryani
3651,8994,1,170.02,South Indian
3652,8995,3,195.71,Street Food
3652,8996,3,158.66,North Indian
3652,8997,3,224.04,Cafe
3652,8998,3,115.52,Pizza
3653,8999,3,114.96,Pizza
3653,9000,2,175.7,Biryani
3654,9001,3,233.83,South Indian
3655,9002,3,167.36,Pizza
3655,9003,2,117.18,Biryani
3655,9004,3,212.49,Street Food
3655,9005,3,292.84,North Indian
3656,9006,2,207.77,South Indian
3656,9007,2,204.43,North Indian
3656,9008,1,151.16,Biryani
3656,9009,2,185.66,South Indian
3657,9010,2,294.4,Cafe
3657,9011,2,163.64,North Indian
3657,9012,3,264.49,Biryani
3657,9013,2,291.11,Biryani
3658,9014,2,86.45,North Indian
3659,9015,1,250.11,North Indian
3659,9016,2,152.53,Biryani
3659,9017,3,121.46,North Indian
3660,9018,3,290.6,Cafe
3660,9019,2,270.83,Chinese
3661,9020,3,197.23,North Indian
3662,9021,2,195.63,North Indian
3663,9022,3,159.43,North Indian
3664,9023,3,212.76,Chinese
3665,9024,3,234.88,South Indian
3665,9025,3,288.54,Biryani
3665,9026,2,156.91,Pizza
3666,9027,3,131.24,North Indian
3667,9028,3,123.16,North Indian
3667,9029,1,240.84,South Indian
3668,9030,3,82.9,Street Food
3668,9031,3,166.11,Street Food
3668,9032,1,188.55,South Indian
3669,9033,2,225.54,Biryani
3670,9034,1,299.0,South Indian
3670,9035,1,267.22,Pizza
3670,9036,3,126.38,North Indian
3671,9037,2,116.99,North Indian
3672,9038,2,220.57,North Indian
3673,9039,2,252.81,Pizza
3673,9040,3,236.33,South Indian
3674,9041,3,257.08,Pizza
3674,9042,2,132.63,Cafe
3674,9043,3,219.71,North Indian
3675,9044,2,274.51,Street Food
3675,9045,1,257.49,Cafe
3675,9046,2,147.12,Street Food
3676,9047,2,229.22,Pizza
3676,9048,2,90.93,Pizza
3676,9049,3,278.71,Cafe
3677,9050,2,222.11,Chinese
3677,9051,2,128.15,Chinese
3678,9052,2,163.78,Pizza
3679,9053,2,284.05,Biryani
3679,9054,1,226.58,Cafe
3679,9055,2,191.47,Cafe
3679,9056,2,203.54,Cafe
3680,9057,3,286.75,Chinese
3680,9058,3,200.35,Pizza
3681,9059,2,263.07,South Indian
3681,9060,2,295.3,Cafe
3682,9061,3,148.9,South Indian
3682,9062,1,269.35,Cafe
3682,9063,2,184.01,Biryani
3683,9064,1,283.35,Biryani
3683,9065,2,133.61,Cafe
3683,9066,3,169.87,Cafe
3683,9067,3,203.39,Street Food
3684,9068,2,133.65,Street Food
3684,9069,2,299.3,Street Food
3684,9070,2,270.63,North Indian
3685,9071,1,247.89,Cafe
3685,9072,2,150.21,North Indian
3685,9073,2,298.8,North Indian
3686,9074,3,139.21,Pizza
3686,9075,1,241.22,North Indian
3687,9076,2,123.36,South Indian
3688,9077,3,90.05,Pizza
3688,9078,2,130.0,Street Food
3689,9079,1,265.8,Biryani
3689,9080,2,139.32,Cafe
3689,9081,2,226.73,Street Food
3689,9082,1,133.17,North Indian
3690,9083,2,110.3,Biryani
3691,9084,1,157.96,Street Food
3691,9085,1,231.61,Street Food
3691,9086,1,145.98,Chinese
3692,9087,3,120.7,Biryani
3693,9088,2,126.14,South Indian
3694,9089,1,279.95,Biryani
3695,9090,3,231.07,Street Food
3695,9091,1,261.36,Cafe
3695,9092,2,216.5,Cafe
3696,9093,1,97.31,Street Food
3696,9094,3,279.24,North Indian
3696,9095,1,132.58,Chinese
3697,9096,2,298.63,South Indian
3698,9097,2,120.62,Pizza
3698,9098,2,112.78,Pizza
3698,9099,3,163.67,South Indian
3698,9100,3,155.67,Street Food
3699,9101,3,159.97,South Indian
3700,9102,3,237.28,Chinese
3700,9103,2,144.36,North Indian
3701,9104,3,246.45,North Indian
3701,9105,3,261.24,Street Food
3701,9106,1,208.61,Chinese
3702,9107,1,184.86,Chinese
3703,9108,2,148.79,Street Food
3703,9109,1,231.5,Street Food
3703,9110,1,283.24,Pizza
3704,9111,2,121.02,Cafe
3704,9112,1,171.46,South Indian
3705,9113,2,135.04,North Indian
3705,9114,1,266.09,Street Food
3706,9115,2,162.4,Pizza
3706,9116,3,238.82,Cafe
3706,9117,3,116.69,Pizza
3707,9118,1,118.24,Pizza
3707,9119,1,193.01,Biryani
3707,9120,1,192.46,Cafe
3708,9121,2,115.15,Biryani
3708,9122,3,285.24,Pizza
3708,9123,3,131.49,Biryani
3708,9124,2,132.91,Cafe
3709,9125,3,211.5,North Indian
3709,9126,2,243.84,North Indian
3710,9127,2,87.15,Chinese
3710,9128,3,215.42,Biryani
3710,9129,3,111.42,Cafe
3711,9130,3,234.86,Pizza
3711,9131,2,130.06,Cafe
3712,9132,1,289.5,South Indian
3713,9133,1,262.11,Biryani
3713,9134,3,196.73,North Indian
3713,9135,2,190.46,Cafe
3714,9136,3,144.19,South Indian
3715,9137,1,161.25,Cafe
3716,9138,2,145.51,North Indian
3716,9139,3,111.85,South Indian
3717,9140,1,134.19,South Indian
3717,9141,2,159.6,Chinese
3718,9142,2,182.64,Biryani
3718,9143,3,94.06,Street Food
3718,9144,2,144.42,North Indian
3718,9145,3,142.75,Chinese
3719,9146,1,194.69,Street Food
3719,9147,1,222.32,South Indian
3720,9148,3,161.95,Cafe
3720,9149,1,275.05,Street Food
3720,9150,3,268.27,Street Food
3720,9151,3,186.44,North Indian
3721,9152,2,83.48,South Indian
3722,9153,3,285.95,Biryani
3723,9154,2,278.71,Chinese
3723,9155,1,280.13,South Indian
3724,9156,3,104.54,Pizza
3724,9157,1,230.77,North Indian
3725,9158,3,190.75,South Indian
3726,9159,1,101.55,Biryani
3726,9160,1,167.36,North Indian
3727,9161,2,127.92,Pizza
3727,9162,2,251.16,North Indian
3727,9163,1,158.98,Biryani
3728,9164,2,80.22,Street Food
3728,9165,2,156.18,Biryani
3728,9166,3,216.13,Street Food
3728,9167,1,162.1,South Indian
3729,9168,2,140.32,North Indian
3730,9169,1,81.29,Cafe
3731,9170,3,257.52,South Indian
3731,9171,3,188.76,Biryani
3731,9172,1,275.15,Street Food
3731,9173,2,220.35,North Indian
3732,9174,3,149.57,Pizza
3732,9175,2,247.47,North Indian
3733,9176,3,251.4,Chinese
3733,9177,1,213.01,Street Food
3734,9178,2,169.78,Street Food
3734,9179,2,229.47,Chinese
3735,9180,3,236.42,South Indian
3736,9181,2,199.17,North Indian
3736,9182,1,96.61,South Indian
3737,9183,2,117.96,North Indian
3737,9184,2,102.03,South Indian
3738,9185,2,93.22,Biryani
3738,9186,2,115.13,North Indian
3738,9187,1,131.7,Street Food
3739,9188,2,255.14,South Indian
3739,9189,1,249.61,Street Food
3740,9190,3,240.86,Cafe
3740,9191,3,165.08,North Indian
3741,9192,1,171.37,North Indian
3741,9193,1,198.24,Street Food
3741,9194,3,229.65,Street Food
3741,9195,3,185.35,South Indian
3742,9196,3,82.78,Street Food
3742,9197,3,210.35,Chinese
3742,9198,3,186.94,Pizza
3742,9199,1,90.16,North Indian
3743,9200,1,97.77,Street Food
3743,9201,3,101.94,North Indian
3743,9202,2,280.93,Pizza
3744,9203,2,133.12,Biryani
3745,9204,1,254.78,Street Food
3745,9205,3,264.35,Chinese
3745,9206,1,119.67,Pizza
3746,9207,3,161.69,Cafe
3747,9208,3,245.76,Biryani
3748,9209,3,146.87,Chinese
3748,9210,2,172.47,Pizza
3748,9211,1,215.7,Chinese
3749,9212,2,260.99,Biryani
3749,9213,1,179.77,Pizza
3749,9214,1,131.99,Pizza
3750,9215,3,246.15,Biryani
3751,9216,1,266.22,South Indian
3751,9217,3,157.96,North Indian
3751,9218,1,243.28,Cafe
3751,9219,2,283.21,Pizza
3752,9220,1,161.9,Pizza
3752,9221,1,180.93,South Indian
3753,9222,3,143.03,North Indian
3753,9223,1,240.48,South Indian
3753,9224,3,224.16,Street Food
3753,9225,2,226.79,North Indian
3754,9226,2,253.24,Pizza
3754,9227,1,188.73,South Indian
3754,9228,3,128.05,Chinese
3755,9229,1,257.22,Pizza
3756,9230,3,145.6,Street Food
3757,9231,2,120.83,Biryani
3758,9232,1,212.21,Biryani
3758,9233,3,172.73,Pizza
3759,9234,2,85.99,Chinese
3759,9235,2,148.9,Biryani
3759,9236,3,165.25,Biryani
3760,9237,1,127.62,Biryani
3760,9238,3,251.47,South Indian
3760,9239,1,86.23,Biryani
3760,9240,1,187.01,Biryani
3761,9241,2,240.37,Street Food
3761,9242,1,248.41,Biryani
3762,9243,3,289.46,Cafe
3762,9244,3,297.32,Biryani
3763,9245,3,221.65,Pizza
3764,9246,2,152.56,South Indian
3765,9247,1,89.61,Chinese
3765,9248,1,162.97,Street Food
3765,9249,1,207.38,North Indian
3766,9250,1,108.22,South Indian
3766,9251,2,185.56,Biryani
3766,9252,1,84.49,Biryani
3766,9253,1,178.2,Biryani
3767,9254,3,91.75,Cafe
3767,9255,2,153.63,Pizza
3767,9256,3,214.82,Cafe
3767,9257,3,194.54,Chinese
3768,9258,2,207.96,Pizza
3768,9259,3,212.06,Chinese
3768,9260,1,284.57,South Indian
3768,9261,1,187.87,North Indian
3769,9262,3,267.81,Cafe
3769,9263,2,297.33,Chinese
3769,9264,3,242.31,Biryani
3770,9265,1,175.19,Pizza
3771,9266,3,256.17,Cafe
3771,9267,3,148.94,Cafe
3772,9268,1,298.49,South Indian
3772,9269,1,117.0,Pizza
3773,9270,2,178.7,South Indian
3773,9271,3,270.68,Pizza
3773,9272,1,172.08,Chinese
3774,9273,1,187.36,Biryani
3774,9274,3,95.63,Biryani
3774,9275,1,195.62,Street Food
3774,9276,3,209.8,Biryani
3775,9277,2,196.69,South Indian
3776,9278,1,247.99,Street Food
3777,9279,2,96.91,Pizza
3778,9280,1,254.98,Street Food
3778,9281,1,105.28,South Indian
3778,9282,3,122.78,North Indian
3779,9283,1,183.45,Cafe
3779,9284,3,152.47,Biryani
3780,9285,1,148.3,Biryani
3781,9286,1,184.77,South Indian
3782,9287,3,145.09,Biryani
3782,9288,2,190.77,Chinese
3782,9289,3,172.64,Cafe
3783,9290,3,211.49,Biryani
3783,9291,3,246.87,North Indian
3784,9292,2,267.13,Street Food
3784,9293,1,212.83,South Indian
3785,9294,2,250.98,Chinese
3785,9295,1,176.35,Chinese
3786,9296,3,234.12,South Indian
3787,9297,3,273.73,North Indian
3787,9298,3,242.59,Cafe
3787,9299,2,263.06,Cafe
3788,9300,1,279.01,North Indian
3788,9301,3,298.12,Street Food
3788,9302,1,169.28,North Indian
3788,9303,1,233.17,Pizza
3789,9304,3,211.61,Chinese
3789,9305,2,101.49,South Indian
3790,9306,2,131.43,Chinese
3790,9307,2,127.88,North Indian
3790,9308,3,133.32,Cafe
3791,9309,3,167.99,Street Food
3791,9310,3,154.29,Biryani
3791,9311,1,223.13,Pizza
3791,9312,3,225.55,Chinese
3792,9313,1,218.52,Street Food
3792,9314,1,203.73,Street Food
3792,9315,3,213.18,South Indian
3792,9316,3,103.67,Pizza
3793,9317,2,223.19,Cafe
3793,9318,1,172.08,Biryani
3794,9319,1,273.02,South Indian
3795,9320,1,285.55,Pizza
3795,9321,1,185.21,South Indian
3795,9322,1,185.34,South Indian
3795,9323,3,144.62,North Indian
3796,9324,2,109.17,South Indian
3796,9325,3,117.56,Cafe
3797,9326,1,231.44,Biryani
3797,9327,3,130.5,Cafe
3797,9328,1,170.59,South Indian
3798,9329,3,131.63,Chinese
3798,9330,2,278.39,North Indian
3799,9331,3,254.0,Chinese
3800,9332,1,145.24,Biryani
3800,9333,2,114.17,Street Food
3800,9334,1,114.62,Chinese
3801,9335,2,81.61,Biryani
3801,9336,2,176.63,Chinese
3802,9337,1,227.03,Biryani
3803,9338,3,94.33,Chinese
3803,9339,2,297.73,North Indian
3803,9340,3,256.6,Chinese
3803,9341,1,147.96,Chinese
3804,9342,3,198.61,Street Food
3804,9343,1,277.4,Pizza
3805,9344,2,148.43,Street Food
3806,9345,2,264.53,North Indian
3806,9346,3,219.36,North Indian
3807,9347,2,269.22,Street Food
3807,9348,1,85.98,South Indian
3808,9349,2,150.3,Chinese
3808,9350,1,244.86,Biryani
3808,9351,1,87.75,South Indian
3809,9352,2,164.09,Pizza
3809,9353,2,208.28,Pizza
3810,9354,1,205.37,South Indian
3810,9355,1,198.2,North Indian
3811,9356,1,263.65,Street Food
3811,9357,3,252.14,South Indian
3811,9358,3,228.9,Cafe
3812,9359,2,107.9,Street Food
3812,9360,3,268.91,Chinese
3813,9361,2,173.42,South Indian
3814,9362,2,170.22,South Indian
3814,9363,2,228.4,Biryani
3815,9364,1,136.62,Pizza
3815,9365,2,102.56,Street Food
3816,9366,2,278.56,Chinese
3816,9367,3,88.2,Pizza
3816,9368,2,258.63,South Indian
3816,9369,2,134.8,Biryani
3817,9370,2,287.63,South Indian
3817,9371,3,152.55,North Indian
3818,9372,2,124.92,Cafe
3818,9373,1,207.08,Chinese
3818,9374,1,294.3,Cafe
3818,9375,3,219.39,Biryani
3819,9376,3,139.84,Pizza
3819,9377,3,270.44,South Indian
3819,9378,3,173.92,Biryani
3820,9379,2,151.89,Chinese
3820,9380,3,101.15,Cafe
3820,9381,2,169.07,North Indian
3820,9382,2,180.74,Cafe
3821,9383,1,88.28,Biryani
3821,9384,3,154.85,South Indian
3822,9385,1,285.6,Chinese
3822,9386,3,240.54,Street Food
3822,9387,2,226.73,Biryani
3822,9388,2,174.53,Biryani
3823,9389,2,83.61,Street Food
3823,9390,1,180.67,Cafe
3823,9391,3,84.89,Cafe
3824,9392,3,91.33,Cafe
3824,9393,2,216.67,North Indian
3824,9394,1,85.79,Cafe
3824,9395,1,255.65,Chinese
3825,9396,1,154.08,Pizza
3825,9397,2,172.14,Street Food
3825,9398,2,80.01,Chinese
3825,9399,1,199.42,Biryani
3826,9400,1,230.97,Pizza
3826,9401,2,225.68,Chinese
3826,9402,3,275.1,Street Food
3826,9403,1,124.97,Street Food
3827,9404,2,214.35,Street Food
3827,9405,2,206.61,Chinese
3828,9406,2,151.33,North Indian
3829,9407,2,169.88,Street Food
3829,9408,3,254.02,South Indian
3829,9409,2,155.49,North Indian
3830,9410,3,244.87,Chinese
3830,9411,1,254.99,Pizza
3831,9412,2,262.92,Biryani
3832,9413,2,256.34,North Indian
3832,9414,2,290.97,Cafe
3833,9415,2,92.25,Cafe
3833,9416,3,269.04,Biryani
3834,9417,3,299.78,Pizza
3834,9418,3,117.93,Pizza
3834,9419,2,193.12,Cafe
3835,9420,3,170.48,Cafe
3836,9421,3,222.3,Biryani
3836,9422,1,246.92,Pizza
3837,9423,3,164.78,Chinese
3838,9424,1,84.17,Cafe
3838,9425,1,84.78,North Indian
3838,9426,1,176.64,Biryani
3839,9427,3,153.36,Cafe
3839,9428,3,222.67,North Indian
3839,9429,2,221.39,Biryani
3839,9430,2,112.43,Cafe
3840,9431,2,157.06,Pizza
3840,9432,2,90.73,South Indian
3840,9433,2,152.06,South Indian
3840,9434,1,287.98,Street Food
3841,9435,1,135.82,Street Food
3841,9436,2,126.48,Biryani
3841,9437,2,168.65,Cafe
3841,9438,3,163.05,Street Food
3842,9439,1,103.09,North Indian
3842,9440,3,291.86,South Indian
3843,9441,2,176.74,Pizza
3843,9442,1,184.89,Cafe
3844,9443,2,274.21,Cafe
3845,9444,2,146.32,Cafe
3846,9445,2,181.54,Pizza
3846,9446,1,228.54,South Indian
3846,9447,2,133.9,Pizza
3847,9448,3,148.9,North Indian
3847,9449,3,215.14,Biryani
3847,9450,3,187.44,Pizza
3847,9451,2,252.38,Cafe
3848,9452,3,139.98,Chinese
3848,9453,3,132.67,Chinese
3848,9454,3,236.83,South Indian
3849,9455,1,178.15,Pizza
3849,9456,2,273.2,Cafe
3849,9457,1,291.71,Cafe
3850,9458,2,165.64,Pizza
3850,9459,3,184.57,North Indian
3851,9460,1,84.96,Cafe
3851,9461,2,172.68,Chinese
3851,9462,1,147.79,Pizza
3852,9463,1,145.57,North Indian
3852,9464,2,245.96,Cafe
3852,9465,1,223.38,South Indian
3853,9466,3,209.44,Cafe
3854,9467,3,237.88,Biryani
3855,9468,3,87.37,Pizza
3855,9469,2,167.65,Street Food
3855,9470,3,113.0,Street Food
3856,9471,3,137.95,South Indian
3856,9472,3,296.3,Cafe
3856,9473,2,224.03,Pizza
3857,9474,1,155.23,South Indian
3857,9475,1,270.28,South Indian
3857,9476,2,174.56,North Indian
3858,9477,1,137.25,North Indian
3859,9478,1,93.18,South Indian
3860,9479,3,297.71,Street Food
3860,9480,2,261.38,North Indian
3860,9481,1,212.0,Cafe
3861,9482,2,298.6,North Indian
3861,9483,3,102.4,Chinese
3861,9484,3,127.31,Pizza
3861,9485,2,168.39,North Indian
3862,9486,3,147.41,Pizza
3862,9487,2,283.13,Biryani
3862,9488,3,248.11,Pizza
3863,9489,3,80.01,Street Food
3863,9490,2,241.28,Pizza
3863,9491,2,227.67,Cafe
3863,9492,2,200.46,South Indian
3864,9493,3,162.03,South Indian
3865,9494,2,155.48,Biryani
3865,9495,3,162.48,Biryani
3865,9496,3,216.14,Chinese
3866,9497,3,131.19,South Indian
3866,9498,1,240.6,Biryani
3867,9499,2,173.02,Chinese
3867,9500,1,149.42,Cafe
3868,9501,3,133.23,Biryani
3868,9502,2,118.44,South Indian
3868,9503,1,135.74,Chinese
3868,9504,1,127.58,North Indian
3869,9505,2,87.09,Pizza
3869,9506,2,179.23,South Indian
3869,9507,1,201.39,Cafe
3869,9508,1,135.73,Street Food
3870,9509,1,137.45,Chinese
3870,9510,2,262.08,North Indian
3870,9511,1,152.01,Chinese
3871,9512,1,83.67,Street Food
3871,9513,3,116.63,Street Food
3871,9514,1,252.28,Pizza
3872,9515,2,298.26,Biryani
3872,9516,3,230.03,Cafe
3873,9517,2,148.22,Cafe
3873,9518,2,185.39,North Indian
3873,9519,1,99.84,South Indian
3873,9520,2,96.8,Street Food
3874,9521,1,111.1,Biryani
3874,9522,2,123.03,Pizza
3875,9523,3,259.24,Chinese
3875,9524,1,289.19,Biryani
3875,9525,3,160.23,South Indian
3876,9526,2,201.08,Chinese
3877,9527,3,257.48,North Indian
3877,9528,3,194.95,Street Food
3877,9529,3,254.6,North Indian
3878,9530,3,295.43,Chinese
3878,9531,2,257.68,Cafe
3879,9532,2,181.36,Cafe
3880,9533,1,198.37,Cafe
3880,9534,1,209.27,Chinese
3881,9535,3,276.14,Cafe
3882,9536,3,92.21,South Indian
3883,9537,2,270.55,South Indian
3884,9538,1,234.79,Cafe
3884,9539,1,148.59,South Indian
3884,9540,1,231.61,Chinese
3885,9541,3,265.06,Cafe
3885,9542,1,264.89,Street Food
3885,9543,1,118.15,Biryani
3885,9544,2,114.04,South Indian
3886,9545,1,297.83,Chinese
3886,9546,3,168.35,South Indian
3886,9547,1,98.45,Street Food
3887,9548,2,123.07,North Indian
3887,9549,1,150.56,North Indian
3887,9550,1,92.95,Chinese
3888,9551,1,178.95,Biryani
3888,9552,1,227.78,North Indian
3888,9553,1,215.66,Street Food
3889,9554,2,215.06,Chinese
3889,9555,3,248.97,Chinese
3889,9556,2,169.49,Cafe
3889,9557,3,175.07,Street Food
3890,9558,2,297.35,Chinese
3890,9559,1,252.28,Street Food
3890,9560,1,211.48,North Indian
3891,9561,2,286.53,Cafe
3891,9562,3,138.72,South Indian
3892,9563,2,147.49,North Indian
3893,9564,1,172.26,North Indian
3894,9565,3,163.72,Biryani
3894,9566,1,83.8,Cafe
3894,9567,3,239.88,Street Food
3894,9568,1,115.21,Chinese
3895,9569,3,107.17,Biryani
3895,9570,1,171.83,Biryani
3896,9571,1,231.14,Street Food
3896,9572,2,158.28,Street Food
3897,9573,1,223.08,Pizza
3897,9574,3,205.07,Pizza
3897,9575,1,86.7,South Indian
3897,9576,3,139.62,Biryani
3898,9577,3,80.85,Chinese
3899,9578,1,225.65,Street Food
3899,9579,3,282.95,Street Food
3900,9580,2,108.49,South Indian
3900,9581,3,218.01,North Indian
3900,9582,3,124.27,South Indian
3901,9583,1,291.24,Street Food
3902,9584,2,202.95,Biryani
3902,9585,2,241.7,Chinese
3902,9586,1,202.43,North Indian
3902,9587,1,214.21,North Indian
3903,9588,2,120.98,Street Food
3903,9589,1,152.86,Biryani
3903,9590,3,85.07,South Indian
3904,9591,1,257.32,North Indian
3904,9592,2,201.53,South Indian
3904,9593,1,137.67,Pizza
3904,9594,2,266.38,Pizza
3905,9595,2,290.02,Pizza
3905,9596,3,295.54,Chinese
3905,9597,1,237.96,North Indian
3906,9598,1,219.6,Street Food
3906,9599,3,191.11,Pizza
3906,9600,2,291.85,Chinese
3907,9601,1,100.63,Pizza
3907,9602,2,217.94,Chinese
3908,9603,1,128.52,Biryani
3908,9604,2,196.79,Biryani
3908,9605,2,240.16,Pizza
3908,9606,2,173.62,Biryani
3909,9607,1,125.32,Street Food
3909,9608,1,171.67,South Indian
3910,9609,3,85.07,North Indian
3910,9610,1,255.86,Cafe
3911,9611,3,164.08,Chinese
3911,9612,2,262.76,Chinese
3912,9613,1,245.81,Biryani
3912,9614,1,127.15,North Indian
3912,9615,1,152.44,Cafe
3912,9616,3,240.66,Cafe
3913,9617,3,134.1,South Indian
3913,9618,3,205.3,Chinese
3913,9619,1,209.61,Cafe
3914,9620,2,181.11,Biryani
3915,9621,2,131.34,Pizza
3916,9622,3,132.66,Chinese
3916,9623,1,290.61,Pizza
3917,9624,1,220.71,Cafe
3917,9625,3,152.9,South Indian
3917,9626,1,224.65,Pizza
3917,9627,2,81.72,Biryani
3918,9628,3,247.01,Pizza
3918,9629,3,196.32,Cafe
3918,9630,2,263.64,Chinese
3919,9631,3,225.38,Biryani
3919,9632,1,160.86,Street Food
3919,9633,3,197.66,South Indian
3919,9634,1,195.62,South Indian
3920,9635,1,195.93,South Indian
3921,9636,2,126.13,Pizza
3921,9637,3,193.13,Pizza
3922,9638,3,287.27,Pizza
3922,9639,2,279.46,Street Food
3922,9640,2,190.52,Biryani
3923,9641,2,151.27,Biryani
3923,9642,1,185.52,Chinese
3923,9643,3,141.76,Chinese
3923,9644,3,184.49,South Indian
3924,9645,1,158.63,South Indian
3925,9646,2,150.92,Chinese
3926,9647,3,218.27,Biryani
3926,9648,3,216.98,Chinese
3926,9649,3,235.88,Chinese
3927,9650,3,94.16,Street Food
3928,9651,3,164.87,South Indian
3928,9652,2,177.63,Cafe
3928,9653,1,264.59,Street Food
3929,9654,3,216.14,Pizza
3930,9655,2,129.28,Biryani
3930,9656,2,158.23,Chinese
3930,9657,1,248.85,Cafe
3931,9658,2,275.08,Biryani
3931,9659,2,176.93,Biryani
3931,9660,2,132.27,Street Food
3931,9661,1,280.97,North Indian
3932,9662,2,242.01,Cafe
3932,9663,1,93.43,North Indian
3933,9664,1,264.17,North Indian
3933,9665,3,152.0,Pizza
3933,9666,3,220.65,South Indian
3933,9667,2,111.81,Biryani
3934,9668,3,254.21,South Indian
3934,9669,2,249.9,Biryani
3934,9670,1,185.51,Pizza
3935,9671,3,218.25,Cafe
3936,9672,2,224.08,North Indian
3936,9673,1,256.98,Cafe
3936,9674,3,293.58,Chinese
3937,9675,1,123.24,Chinese
3938,9676,1,264.47,Chinese
3939,9677,2,244.51,Chinese
3939,9678,3,167.81,Street Food
3940,9679,1,284.28,Chinese
3940,9680,2,139.96,North Indian
3940,9681,2,133.91,South Indian
3940,9682,2,89.0,Pizza
3941,9683,2,284.91,Cafe
3941,9684,2,219.26,South Indian
3941,9685,2,109.93,Street Food
3941,9686,2,244.87,Pizza
3942,9687,3,206.14,North Indian
3942,9688,3,231.99,Street Food
3942,9689,3,260.62,Chinese
3943,9690,2,242.55,Street Food
3943,9691,1,256.66,Chinese
3943,9692,3,89.37,North Indian
3943,9693,2,293.37,Street Food
3944,9694,3,134.1,North Indian
3944,9695,3,189.37,Chinese
3945,9696,3,110.53,South Indian
3945,9697,2,120.13,Chinese
3945,9698,1,287.33,Chinese
3946,9699,2,221.1,Chinese
3946,9700,2,244.65,North Indian
3946,9701,2,203.46,Cafe
3946,9702,1,262.86,Cafe
3947,9703,1,226.59,Biryani
3947,9704,3,205.29,North Indian
3947,9705,3,191.07,Pizza
3948,9706,2,161.47,South Indian
3948,9707,3,229.07,Chinese
3948,9708,2,101.12,Chinese
3948,9709,3,251.77,Chinese
3949,9710,3,102.07,Chinese
3949,9711,3,199.13,Biryani
3950,9712,3,251.74,Chinese
3950,9713,3,205.48,Chinese
3951,9714,2,175.56,Pizza
3951,9715,2,208.12,North Indian
3951,9716,2,84.12,Chinese
3951,9717,2,239.56,Chinese
3952,9718,3,263.78,South Indian
3952,9719,2,198.15,Street Food
3953,9720,1,153.98,Pizza
3953,9721,3,118.44,South Indian
3953,9722,3,80.59,Biryani
3953,9723,2,248.89,Cafe
3954,9724,2,169.08,Street Food
3955,9725,2,270.33,Chinese
3955,9726,1,159.19,Pizza
3956,9727,1,298.7,Street Food
3956,9728,1,104.15,Chinese
3956,9729,3,135.5,Pizza
3956,9730,1,248.63,Biryani
3957,9731,1,225.91,Cafe
3957,9732,3,137.73,Biryani
3957,9733,2,109.37,Chinese
3958,9734,2,291.62,Chinese
3958,9735,2,136.0,South Indian
3958,9736,2,139.48,Street Food
3959,9737,2,100.95,Biryani
3959,9738,2,272.62,Chinese
3959,9739,2,127.08,Street Food
3959,9740,2,113.36,Cafe
3960,9741,3,160.68,Chinese
3960,9742,2,201.59,Cafe
3961,9743,2,244.3,Chinese
3961,9744,2,159.67,Biryani
3961,9745,1,223.8,Pizza
3962,9746,1,253.23,Biryani
3963,9747,3,220.86,Cafe
3963,9748,1,170.32,South Indian
3963,9749,1,243.17,Street Food
3964,9750,2,80.41,North Indian
3964,9751,2,102.39,Pizza
3964,9752,3,299.36,Pizza
3965,9753,2,240.5,Pizza
3966,9754,3,258.06,Cafe
3966,9755,3,134.02,Chinese
3966,9756,1,202.31,Street Food
3966,9757,2,205.82,North Indian
3967,9758,2,286.54,Chinese
3967,9759,3,248.65,North Indian
3968,9760,2,85.59,Biryani
3969,9761,1,84.24,Pizza
3969,9762,2,215.47,North Indian
3969,9763,3,266.2,Cafe
3969,9764,1,176.43,North Indian
3970,9765,2,206.01,Street Food
3970,9766,2,206.42,Pizza
3970,9767,3,175.14,Biryani
3970,9768,1,287.72,Chinese
3971,9769,3,101.53,Street Food
3971,9770,1,104.17,Cafe
3971,9771,2,207.23,Cafe
3972,9772,3,200.93,Cafe
3972,9773,3,173.33,Pizza
3973,9774,2,299.61,Cafe
3973,9775,2,187.1,South Indian
3974,9776,3,255.03,Street Food
3974,9777,3,210.76,North Indian
3974,9778,2,92.71,South Indian
3975,9779,3,198.43,Chinese
3975,9780,1,292.75,South Indian
3976,9781,1,245.72,Biryani
3976,9782,1,96.37,South Indian
3976,9783,1,212.79,Cafe
3977,9784,1,188.35,Chinese
3977,9785,3,129.88,Pizza
3977,9786,3,283.03,Chinese
3978,9787,3,249.82,Biryani
3978,9788,2,177.16,Cafe
3978,9789,1,289.15,Chinese
3978,9790,3,291.92,South Indian
3979,9791,3,91.34,Pizza
3980,9792,2,250.32,Pizza
3980,9793,2,203.36,South Indian
3981,9794,1,193.01,Cafe
3981,9795,2,119.92,Street Food
3981,9796,2,132.2,Street Food
3981,9797,2,258.15,Chinese
3982,9798,1,275.0,Cafe
3983,9799,2,286.57,North Indian
3983,9800,1,258.25,Street Food
3983,9801,1,290.52,Cafe
3983,9802,1,96.62,Street Food
3984,9803,2,270.68,Cafe
3984,9804,2,98.17,North Indian
3985,9805,3,200.24,Cafe
3985,9806,1,265.44,Cafe
3985,9807,3,270.33,Pizza
3985,9808,2,179.33,Chinese
3986,9809,2,281.24,Street Food
3986,9810,1,119.79,Street Food
3986,9811,2,141.64,North Indian
3987,9812,3,101.46,Cafe
3988,9813,1,127.04,Pizza
3988,9814,1,192.47,North Indian
3988,9815,3,154.39,North Indian
3989,9816,3,261.62,Street Food
3989,9817,3,102.06,Biryani
3990,9818,2,264.25,Street Food
3990,9819,2,192.86,Cafe
3991,9820,3,251.29,Chinese
3992,9821,1,137.24,Street Food
3992,9822,1,116.48,North Indian
3992,9823,2,225.61,South Indian
3992,9824,1,133.45,Chinese
3993,9825,1,104.48,Pizza
3994,9826,3,125.55,Pizza
3994,9827,1,123.03,Biryani
3995,9828,2,282.43,Pizza
3995,9829,2,90.17,Biryani
3995,9830,1,298.1,Street Food
3995,9831,3,186.3,North Indian
3996,9832,2,162.99,Street Food
3996,9833,3,162.1,Pizza
3997,9834,3,186.21,Cafe
3997,9835,1,220.03,South Indian
3997,9836,1,189.78,North Indian
3997,9837,2,200.03,Cafe
3998,9838,3,90.85,Chinese
3998,9839,1,190.22,Cafe
3998,9840,3,128.92,South Indian
3998,9841,3,115.6,Cafe
3999,9842,3,152.27,Pizza
3999,9843,2,215.25,Pizza
3999,9844,2,104.02,Biryani
4000,9845,2,88.14,Street Food
4001,9846,3,229.98,Pizza
4001,9847,2,255.14,Biryani
4002,9848,3,238.25,Cafe
4003,9849,3,83.4,Chinese
4003,9850,1,153.98,Street Food
4003,9851,1,235.14,Biryani
4003,9852,2,230.19,North Indian
4004,9853,3,269.94,Biryani
4005,9854,1,167.36,Biryani
4006,9855,3,166.08,North Indian
4006,9856,2,141.0,North Indian
4007,9857,1,94.74,South Indian
4007,9858,3,278.29,Street Food
4007,9859,1,251.81,Chinese
4008,9860,2,255.1,South Indian
4008,9861,1,104.88,Biryani
4009,9862,3,235.72,Pizza
4010,9863,2,193.17,South Indian
4010,9864,3,131.02,Cafe
4010,9865,2,199.95,Cafe
4011,9866,1,230.14,Biryani
4011,9867,3,98.19,Pizza
4011,9868,2,178.7,Cafe
4012,9869,1,185.6,Chinese
4012,9870,2,163.02,South Indian
4012,9871,3,235.32,North Indian
4013,9872,1,241.57,Chinese
4014,9873,1,113.12,Biryani
4015,9874,1,99.09,Chinese
4015,9875,2,192.91,Street Food
4016,9876,3,207.2,South Indian
4016,9877,2,257.77,Cafe
4016,9878,3,179.84,Pizza
4016,9879,2,97.92,Pizza
4017,9880,1,87.18,Pizza
4018,9881,1,276.52,Chinese
4018,9882,1,108.51,Street Food
4018,9883,2,81.06,North Indian
4018,9884,2,135.74,Cafe
4019,9885,3,218.86,Biryani
4019,9886,2,125.94,Pizza
4020,9887,3,136.95,Cafe
4020,9888,3,179.78,Cafe
4020,9889,2,180.65,Cafe
4020,9890,3,175.83,North Indian
4021,9891,2,141.56,Chinese
4022,9892,3,265.41,Biryani
4022,9893,3,180.11,Street Food
4022,9894,3,265.25,Cafe
4023,9895,3,247.76,Cafe
4024,9896,1,130.08,South Indian
4024,9897,2,207.63,Pizza
4025,9898,2,280.73,Pizza
4025,9899,2,298.8,Chinese
4025,9900,1,251.49,Chinese
4025,9901,3,141.8,Biryani
4026,9902,3,146.76,Cafe
4027,9903,3,256.44,Cafe
4027,9904,1,199.11,Chinese
4027,9905,2,84.3,Chinese
4027,9906,2,115.68,North Indian
4028,9907,3,251.48,Biryani
4028,9908,2,259.88,Street Food
4028,9909,2,256.6,Pizza
4028,9910,1,103.14,North Indian
4029,9911,3,183.98,Chinese
4029,9912,2,159.65,Street Food
4029,9913,3,157.24,Chinese
4029,9914,2,112.97,Biryani
4030,9915,1,116.61,Street Food
4030,9916,3,126.22,Biryani
4030,9917,2,139.04,Street Food
4030,9918,1,246.81,Biryani
4031,9919,3,191.64,Street Food
4032,9920,3,268.82,Street Food
4032,9921,2,82.51,Pizza
4032,9922,2,239.18,Street Food
4032,9923,3,120.04,Cafe
4033,9924,1,128.07,South Indian
4033,9925,2,251.99,Pizza
4033,9926,1,217.46,Cafe
4033,9927,2,274.29,Pizza
4034,9928,3,162.41,North Indian
4034,9929,3,125.13,Biryani
4034,9930,2,111.75,South Indian
4034,9931,2,183.06,South Indian
4035,9932,1,227.42,North Indian
4035,9933,1,288.2,Cafe
4035,9934,1,297.44,North Indian
4035,9935,1,201.86,Pizza
4036,9936,1,225.35,North Indian
4036,9937,2,198.72,Street Food
4037,9938,2,124.38,South Indian
4037,9939,1,230.57,Cafe
4038,9940,1,253.31,South Indian
4038,9941,3,209.67,South Indian
4039,9942,2,163.4,Cafe
4039,9943,2,259.17,North Indian
4039,9944,2,204.52,Chinese
4040,9945,3,281.77,Pizza
4040,9946,3,155.63,South Indian
4041,9947,2,176.28,Pizza
4041,9948,2,251.28,Biryani
4042,9949,1,110.04,Chinese
4042,9950,1,186.13,Cafe
4042,9951,1,87.26,Pizza
4043,9952,2,196.83,Cafe
4043,9953,3,153.99,Biryani
4043,9954,2,251.57,Chinese
4044,9955,1,105.62,Biryani
4044,9956,3,245.76,Cafe
4045,9957,2,116.68,Chinese
4046,9958,1,196.47,North Indian
4046,9959,2,134.47,Pizza
4046,9960,2,247.23,Chinese
4047,9961,2,153.26,North Indian
4047,9962,2,202.57,Pizza
4048,9963,3,167.32,Street Food
4048,9964,1,89.25,Street Food
4048,9965,3,289.21,South Indian
4048,9966,1,134.8,North Indian
4049,9967,1,278.43,North Indian
4049,9968,3,293.14,Chinese
4049,9969,3,168.28,Pizza
4049,9970,1,289.31,Cafe
4050,9971,3,258.44,Biryani
4050,9972,3,250.88,South Indian
4051,9973,1,261.8,Street Food
4051,9974,1,135.35,South Indian
4051,9975,2,204.82,Cafe
4051,9976,2,118.21,Cafe
4052,9977,2,281.46,Biryani
4053,9978,2,146.09,Pizza
4053,9979,1,131.58,Cafe
4053,9980,1,199.22,Biryani
4053,9981,1,183.62,North Indian
4054,9982,1,234.35,South Indian
4054,9983,3,187.29,Chinese
4054,9984,3,97.44,North Indian
4055,9985,3,115.03,Street Food
4055,9986,3,245.47,North Indian
4056,9987,2,145.46,Chinese
4056,9988,1,167.64,Biryani
4056,9989,2,216.29,Street Food
4056,9990,3,94.99,Cafe
4057,9991,2,171.31,Cafe
4057,9992,2,150.3,Street Food
4057,9993,1,251.58,Chinese
4058,9994,2,229.81,Biryani
4058,9995,2,135.63,South Indian
4059,9996,1,270.9,Pizza
4060,9997,2,197.6,Cafe
4061,9998,2,241.69,Cafe
4061,9999,1,124.37,Biryani
4061,10000,2,191.69,Pizza
4062,10001,1,231.53,South Indian
4062,10002,2,197.68,Street Food
4063,10003,2,90.77,North Indian
4064,10004,2,178.0,Biryani
4064,10005,1,130.41,Pizza
4064,10006,2,96.61,Street Food
4065,10007,3,234.81,Biryani
4065,10008,3,181.27,North Indian
4065,10009,2,89.74,North Indian
4066,10010,2,214.05,Cafe
4066,10011,2,227.25,North Indian
4066,10012,3,108.41,North Indian
4066,10013,3,108.75,North Indian
4067,10014,3,239.24,Chinese
4067,10015,1,132.42,Street Food
4068,10016,3,178.99,North Indian
4068,10017,2,206.58,Cafe
4069,10018,2,208.81,Biryani
4069,10019,1,210.55,North Indian
4070,10020,3,292.23,Street Food
4070,10021,2,281.19,Cafe
4070,10022,1,97.01,Cafe
4071,10023,3,222.1,North Indian
4071,10024,2,212.34,North Indian
4072,10025,2,262.71,Pizza
4072,10026,2,233.12,North Indian
4072,10027,2,281.24,Chinese
4072,10028,3,258.35,Cafe
4073,10029,3,170.65,Pizza
4073,10030,1,156.08,North Indian
4074,10031,3,95.42,Chinese
4074,10032,3,206.52,Cafe
4075,10033,3,178.9,Cafe
4075,10034,3,175.53,Cafe
4075,10035,2,185.6,Cafe
4075,10036,2,145.35,Street Food
4076,10037,1,218.53,Chinese
4076,10038,2,216.98,Pizza
4076,10039,3,188.99,Biryani
4077,10040,2,184.84,Chinese
4077,10041,2,245.59,Cafe
4077,10042,2,129.02,Biryani
4077,10043,3,222.47,Cafe
4078,10044,3,281.47,North Indian
4078,10045,1,139.45,Biryani
4079,10046,3,145.3,Chinese
4080,10047,3,270.11,North Indian
4080,10048,3,86.73,North Indian
4080,10049,3,143.16,Biryani
4080,10050,1,172.17,Chinese
4081,10051,1,185.13,South Indian
4081,10052,2,273.38,Pizza
4081,10053,2,232.8,Street Food
4081,10054,1,107.7,Chinese
4082,10055,1,128.58,Cafe
4082,10056,3,130.8,Biryani
4083,10057,3,290.64,Cafe
4084,10058,1,229.33,South Indian
4085,10059,1,103.92,Street Food
4085,10060,1,245.47,South Indian
4085,10061,1,167.12,North Indian
4085,10062,2,188.1,Cafe
4086,10063,2,205.75,Cafe
4086,10064,1,273.34,Street Food
4086,10065,1,194.77,South Indian
4087,10066,1,295.36,Biryani
4087,10067,3,296.71,Chinese
4088,10068,2,115.99,Biryani
4088,10069,3,220.22,Cafe
4088,10070,3,247.63,Biryani
4088,10071,2,230.57,Street Food
4089,10072,2,255.4,North Indian
4089,10073,2,134.82,Biryani
4089,10074,1,253.72,South Indian
4089,10075,2,249.21,South Indian
4090,10076,2,240.29,South Indian
4090,10077,2,151.38,North Indian
4090,10078,3,124.61,Biryani
4091,10079,3,88.35,Street Food
4092,10080,2,146.14,Pizza
4093,10081,1,270.23,Street Food
4093,10082,2,146.24,Pizza
4093,10083,3,187.56,Cafe
4093,10084,3,235.25,Chinese
4094,10085,3,286.43,Street Food
4094,10086,2,118.73,South Indian
4094,10087,1,168.12,Pizza
4095,10088,3,235.17,North Indian
4095,10089,3,175.23,Chinese
4096,10090,3,129.42,South Indian
4096,10091,2,290.31,Street Food
4096,10092,3,168.05,North Indian
4097,10093,2,267.81,Street Food
4097,10094,3,209.79,South Indian
4097,10095,3,156.29,Biryani
4098,10096,3,232.66,Chinese
4098,10097,2,123.59,Cafe
4098,10098,3,101.69,South Indian
4098,10099,1,84.33,Pizza
4099,10100,2,154.89,Street Food
4099,10101,3,125.8,South Indian
4100,10102,2,148.25,Cafe
4100,10103,1,113.56,Cafe
4101,10104,2,84.76,Biryani
4101,10105,3,162.35,Street Food
4101,10106,2,114.6,South Indian
4101,10107,1,156.3,Chinese
4102,10108,2,90.6,South Indian
4103,10109,2,101.08,North Indian
4103,10110,2,235.91,Chinese
4104,10111,2,197.55,Pizza
4104,10112,1,256.87,Chinese
4104,10113,3,299.49,North Indian
4105,10114,1,113.51,Street Food
4105,10115,3,228.52,Chinese
4105,10116,2,147.22,North Indian
4106,10117,2,258.86,Cafe
4106,10118,1,108.95,South Indian
4107,10119,2,249.55,North Indian
4108,10120,1,260.91,Street Food
4109,10121,1,156.85,Street Food
4109,10122,1,240.43,Chinese
4109,10123,3,291.42,Cafe
4110,10124,3,236.85,Pizza
4111,10125,2,232.24,Cafe
4112,10126,2,189.16,North Indian
4112,10127,2,175.09,South Indian
4112,10128,1,290.93,Street Food
4113,10129,2,170.11,North Indian
4113,10130,2,106.47,Pizza
4114,10131,1,227.7,Cafe
4114,10132,3,224.57,Street Food
4115,10133,1,149.51,North Indian
4115,10134,1,180.8,North Indian
4115,10135,2,89.14,South Indian
4115,10136,1,149.17,Biryani
4116,10137,3,257.91,Street Food
4116,10138,3,172.41,Pizza
4116,10139,2,273.0,Chinese
4116,10140,1,230.88,Street Food
4117,10141,1,280.84,Biryani
4117,10142,1,243.94,Biryani
4117,10143,1,104.05,North Indian
4117,10144,2,248.36,Pizza
4118,10145,1,241.19,Biryani
4119,10146,2,262.83,Biryani
4119,10147,3,202.6,Biryani
4120,10148,1,141.83,Pizza
4120,10149,3,105.21,South Indian
4121,10150,2,292.71,Pizza
4122,10151,1,196.04,Street Food
4122,10152,2,285.17,Biryani
4122,10153,1,298.46,Street Food
4123,10154,3,210.07,Chinese
4124,10155,3,197.99,South Indian
4124,10156,2,185.3,Biryani
4124,10157,1,82.65,South Indian
4124,10158,3,187.42,Cafe
4125,10159,3,220.43,Biryani
4126,10160,3,227.13,Cafe
4127,10161,2,113.95,South Indian
4127,10162,2,126.37,Pizza
4127,10163,2,83.9,Biryani
4128,10164,3,239.37,Cafe
4128,10165,1,291.07,South Indian
4129,10166,2,212.81,Biryani
4130,10167,1,221.14,Chinese
4130,10168,2,213.66,South Indian
4130,10169,2,181.52,North Indian
4131,10170,2,185.78,Biryani
4131,10171,1,287.64,Pizza
4131,10172,3,193.32,Pizza
4132,10173,2,95.04,Biryani
4132,10174,2,247.83,North Indian
4132,10175,1,173.5,Chinese
4132,10176,2,90.0,Street Food
4133,10177,2,125.59,Chinese
4133,10178,1,283.75,North Indian
4133,10179,3,90.74,Street Food
4134,10180,1,209.49,South Indian
4134,10181,1,238.35,South Indian
4134,10182,2,196.44,Chinese
4134,10183,2,152.88,Cafe
4135,10184,1,249.52,Street Food
4135,10185,2,186.06,South Indian
4136,10186,3,124.01,Pizza
4137,10187,3,202.59,North Indian
4137,10188,3,252.21,Cafe
4137,10189,2,103.7,Chinese
4137,10190,3,185.71,South Indian
4138,10191,1,111.59,Street Food
4139,10192,1,289.87,Cafe
4140,10193,2,150.67,Street Food
4140,10194,1,299.29,Chinese
4140,10195,3,298.36,Biryani
4141,10196,3,203.99,Biryani
4142,10197,3,266.26,Pizza
4142,10198,3,180.81,Biryani
4143,10199,1,148.17,North Indian
4143,10200,2,127.2,South Indian
4143,10201,2,134.72,South Indian
4143,10202,3,93.08,North Indian
4144,10203,2,129.15,South Indian
4145,10204,3,286.1,North Indian
4145,10205,2,232.16,Street Food
4145,10206,2,103.4,Biryani
4146,10207,2,297.88,Pizza
4146,10208,2,113.57,Biryani
4146,10209,2,232.5,Chinese
4146,10210,1,194.81,Cafe
4147,10211,1,111.96,South Indian
4147,10212,2,251.16,Street Food
4147,10213,2,92.25,South Indian
4147,10214,1,134.96,South Indian
4148,10215,2,88.57,Pizza
4148,10216,3,182.98,Cafe
4149,10217,1,159.07,Street Food
4150,10218,3,204.05,North Indian
4150,10219,2,102.5,Biryani
4150,10220,3,116.52,Cafe
4151,10221,2,95.28,Pizza
4152,10222,1,236.12,Cafe
4152,10223,1,266.96,South Indian
4152,10224,3,107.96,Biryani
4152,10225,3,144.66,Chinese
4153,10226,3,215.13,Biryani
4153,10227,3,163.96,South Indian
4153,10228,2,98.24,South Indian
4153,10229,2,166.0,Chinese
4154,10230,2,146.64,North Indian
4154,10231,1,115.22,Chinese
4154,10232,3,202.17,Chinese
4155,10233,1,239.32,South Indian
4155,10234,2,131.64,North Indian
4155,10235,2,160.74,South Indian
4155,10236,1,264.27,Cafe
4156,10237,3,86.94,South Indian
4157,10238,3,163.74,Biryani
4157,10239,1,282.42,Cafe
4157,10240,1,212.94,South Indian
4157,10241,3,206.23,North Indian
4158,10242,1,85.39,Pizza
4158,10243,1,272.14,Biryani
4158,10244,3,107.31,North Indian
4158,10245,3,256.93,Biryani
4159,10246,3,149.37,Pizza
4159,10247,3,228.84,South Indian
4160,10248,3,186.96,Biryani
4160,10249,3,227.2,South Indian
4160,10250,2,93.95,North Indian
4161,10251,2,97.27,North Indian
4161,10252,1,246.24,Biryani
4162,10253,1,287.65,Cafe
4163,10254,2,82.14,Chinese
4164,10255,3,234.85,South Indian
4165,10256,3,105.49,Cafe
4165,10257,3,227.07,Chinese
4165,10258,2,179.1,Biryani
4166,10259,2,80.3,Street Food
4166,10260,2,254.32,Cafe
4166,10261,2,179.71,Chinese
4167,10262,3,126.79,North Indian
4167,10263,1,103.0,Cafe
4167,10264,2,247.84,Pizza
4167,10265,2,149.23,South Indian
4168,10266,2,152.19,Pizza
4168,10267,3,139.13,North Indian
4169,10268,3,138.9,South Indian
4169,10269,1,268.73,Pizza
4169,10270,2,136.82,Street Food
4169,10271,3,214.96,Biryani
4170,10272,1,212.94,South Indian
4170,10273,1,213.86,Street Food
4170,10274,1,166.5,Biryani
4170,10275,2,99.57,Cafe
4171,10276,2,95.58,Cafe
4171,10277,2,83.72,South Indian
4171,10278,2,247.0,Pizza
4171,10279,2,131.42,North Indian
4172,10280,2,187.56,Pizza
4173,10281,1,230.8,North Indian
4173,10282,1,85.89,Biryani
4174,10283,3,153.1,Pizza
4174,10284,1,116.46,South Indian
4174,10285,2,88.24,Chinese
4174,10286,1,93.52,Pizza
4175,10287,3,168.0,Biryani
4175,10288,2,272.9,Pizza
4175,10289,3,219.95,Cafe
4176,10290,3,135.51,North Indian
4176,10291,2,82.67,Street Food
4176,10292,1,169.16,North Indian
4177,10293,1,282.7,Pizza
4178,10294,1,245.77,Pizza
4178,10295,2,288.93,Cafe
4178,10296,1,223.85,Chinese
4178,10297,3,279.64,Biryani
4179,10298,1,259.49,North Indian
4179,10299,2,196.12,North Indian
4180,10300,2,103.46,Street Food
4181,10301,1,298.39,Chinese
4181,10302,3,85.2,North Indian
4181,10303,2,143.06,North Indian
4181,10304,2,153.52,Biryani
4182,10305,2,141.45,South Indian
4182,10306,1,226.43,Biryani
4182,10307,2,225.99,Street Food
4182,10308,2,296.68,Chinese
4183,10309,1,130.34,North Indian
4183,10310,2,250.75,North Indian
4183,10311,1,239.92,Chinese
4184,10312,1,272.82,Cafe
4184,10313,1,148.45,Street Food
4185,10314,2,217.83,Chinese
4185,10315,1,238.26,Street Food
4186,10316,3,214.95,Street Food
4187,10317,1,102.83,Pizza
4187,10318,1,291.54,Cafe
4187,10319,2,247.94,Street Food
4187,10320,1,140.07,Pizza
4188,10321,1,254.41,Cafe
4188,10322,3,260.99,Cafe
4189,10323,2,293.34,South Indian
4189,10324,3,113.76,Pizza
4189,10325,3,258.66,Biryani
4189,10326,2,226.03,Chinese
4190,10327,1,140.17,South Indian
4191,10328,2,281.83,Pizza
4192,10329,1,174.69,Chinese
4192,10330,2,203.03,North Indian
4192,10331,2,272.0,Cafe
4192,10332,2,181.75,South Indian
4193,10333,3,106.72,South Indian
4194,10334,1,166.5,Cafe
4194,10335,3,202.6,South Indian
4194,10336,2,245.03,Pizza
4195,10337,2,125.9,Biryani
4195,10338,3,232.67,Pizza
4195,10339,1,102.36,Chinese
4196,10340,2,186.92,Cafe
4196,10341,1,211.85,South Indian
4196,10342,2,225.51,Pizza
4197,10343,3,199.02,Pizza
4198,10344,3,208.3,South Indian
4198,10345,2,150.87,Biryani
4198,10346,3,92.05,North Indian
4198,10347,3,283.26,Pizza
4199,10348,1,90.54,North Indian
4200,10349,3,249.56,North Indian
4201,10350,2,173.31,Pizza
4202,10351,3,181.13,Biryani
4203,10352,2,292.95,Street Food
4203,10353,3,217.9,North Indian
4203,10354,1,288.46,Cafe
4204,10355,1,90.31,Street Food
4204,10356,3,192.64,Street Food
4205,10357,3,267.81,Street Food
4205,10358,2,263.09,Biryani
4206,10359,3,231.05,Street Food
4207,10360,2,108.13,Street Food
4207,10361,1,96.19,Chinese
4207,10362,3,137.73,North Indian
4207,10363,2,228.78,Pizza
4208,10364,3,298.21,Cafe
4208,10365,2,293.27,Street Food
4209,10366,1,213.3,South Indian
4209,10367,1,249.86,Biryani
4209,10368,3,109.97,South Indian
4209,10369,1,170.35,Cafe
4210,10370,3,239.99,Pizza
4211,10371,1,185.75,North Indian
4211,10372,3,218.53,Street Food
4211,10373,1,262.26,South Indian
4212,10374,2,137.6,North Indian
4212,10375,3,218.11,Biryani
4213,10376,2,191.48,Chinese
4213,10377,3,214.09,North Indian
4214,10378,2,175.6,North Indian
4214,10379,1,112.42,Cafe
4214,10380,3,226.61,Street Food
4214,10381,3,241.52,Street Food
4215,10382,2,110.78,Biryani
4215,10383,1,274.81,Street Food
4216,10384,2,280.53,South Indian
4216,10385,2,275.37,South Indian
4216,10386,2,208.3,Biryani
4216,10387,3,204.89,Cafe
4217,10388,1,148.86,Biryani
4217,10389,2,247.55,Chinese
4218,10390,3,194.45,Cafe
4218,10391,1,256.32,Street Food
4218,10392,3,174.43,Street Food
4219,10393,3,104.85,North Indian
4219,10394,1,148.0,South Indian
4219,10395,1,90.19,Chinese
4219,10396,1,213.1,Biryani
4220,10397,2,203.62,Pizza
4221,10398,2,149.8,Chinese
4222,10399,3,280.17,Street Food
4223,10400,2,196.74,Biryani
4223,10401,1,117.78,Chinese
4224,10402,3,113.43,Street Food
4225,10403,2,289.82,Pizza
4225,10404,1,105.57,South Indian
4225,10405,3,292.66,Pizza
4226,10406,1,112.07,Chinese
4227,10407,1,197.74,North Indian
4227,10408,1,216.95,Chinese
4227,10409,3,216.23,Biryani
4228,10410,2,249.3,Street Food
4228,10411,2,293.44,Cafe
4228,10412,3,123.02,Cafe
4228,10413,2,294.88,Cafe
4229,10414,2,94.84,Street Food
4229,10415,1,136.07,Pizza
4229,10416,2,230.08,North Indian
4230,10417,2,228.59,Pizza
4231,10418,1,128.05,Biryani
4231,10419,2,112.65,Chinese
4231,10420,2,290.73,Pizza
4231,10421,2,102.9,South Indian
4232,10422,3,144.17,Cafe
4232,10423,1,125.16,North Indian
4232,10424,1,199.47,Chinese
4233,10425,1,87.06,Biryani
4233,10426,3,112.15,South Indian
4233,10427,3,135.6,Street Food
4233,10428,3,110.65,Pizza
4234,10429,1,255.86,North Indian
4234,10430,2,230.25,Biryani
4235,10431,1,117.79,Pizza
4235,10432,1,237.58,Chinese
4236,10433,3,156.77,South Indian
4236,10434,1,183.83,North Indian
4236,10435,1,215.78,Cafe
4237,10436,3,144.88,Biryani
4238,10437,2,262.51,North Indian
4238,10438,2,230.01,South Indian
4238,10439,2,214.88,Pizza
4238,10440,1,218.43,Chinese
4239,10441,1,217.44,Street Food
4240,10442,2,153.04,Street Food
4240,10443,3,84.29,Chinese
4240,10444,1,87.12,North Indian
4241,10445,3,198.31,Chinese
4241,10446,3,108.36,Pizza
4241,10447,1,125.76,North Indian
4242,10448,1,172.04,Pizza
4243,10449,1,132.94,North Indian
4243,10450,1,244.08,Biryani
4244,10451,1,235.19,South Indian
4244,10452,3,139.78,South Indian
4245,10453,1,299.07,Chinese
4245,10454,1,206.35,Pizza
4245,10455,3,111.14,Biryani
4246,10456,3,104.61,Pizza
4247,10457,1,107.27,Cafe
4247,10458,2,214.69,Cafe
4247,10459,3,183.67,Street Food
4247,10460,2,82.03,South Indian
4248,10461,2,162.24,Chinese
4249,10462,1,165.7,Pizza
4250,10463,2,207.66,North Indian
4250,10464,1,230.87,Chinese
4250,10465,2,253.53,Chinese
4250,10466,3,86.04,Chinese
4251,10467,2,169.59,South Indian
4252,10468,3,117.39,North Indian
4252,10469,3,108.51,North Indian
4252,10470,1,158.91,Chinese
4252,10471,1,223.92,Cafe
4253,10472,3,206.09,Street Food
4253,10473,2,101.72,Street Food
4253,10474,1,106.88,Cafe
4253,10475,1,235.84,Chinese
4254,10476,3,133.8,South Indian
4254,10477,1,225.34,Biryani
4255,10478,2,190.71,Biryani
4256,10479,2,222.54,Street Food
4256,10480,2,131.7,Chinese
4257,10481,3,267.18,Chinese
4258,10482,2,118.36,Chinese
4258,10483,3,271.48,South Indian
4258,10484,3,160.11,Cafe
4258,10485,1,99.13,Chinese
4259,10486,2,150.26,Street Food
4259,10487,2,263.66,Pizza
4260,10488,3,199.53,Biryani
4260,10489,1,168.41,South Indian
4260,10490,1,296.3,Chinese
4260,10491,3,209.26,South Indian
4261,10492,2,279.86,Chinese
4262,10493,3,247.03,Pizza
4263,10494,3,174.99,Cafe
4264,10495,1,119.18,South Indian
4264,10496,2,290.6,Chinese
4264,10497,3,249.0,Street Food
4265,10498,3,273.44,North Indian
4265,10499,2,242.02,Chinese
4265,10500,3,169.49,Chinese
4266,10501,2,211.91,Cafe
4266,10502,1,103.53,South Indian
4266,10503,2,297.68,Cafe
4266,10504,3,129.17,Street Food
4267,10505,2,182.9,South Indian
4267,10506,2,272.29,Chinese
4267,10507,3,102.9,Pizza
4268,10508,3,205.4,Cafe
4269,10509,3,205.5,North Indian
4269,10510,1,273.2,Street Food
4269,10511,1,119.94,Cafe
4270,10512,1,163.36,Biryani
4270,10513,3,250.91,North Indian
4271,10514,3,123.07,Pizza
4272,10515,3,244.63,South Indian
4272,10516,3,191.67,Biryani
4272,10517,3,209.08,Street Food
4272,10518,1,81.55,Pizza
4273,10519,2,278.55,Street Food
4273,10520,1,244.49,Street Food
4273,10521,3,212.95,Street Food
4274,10522,3,274.45,Cafe
4274,10523,3,107.86,North Indian
4274,10524,3,279.4,Chinese
4274,10525,3,166.67,North Indian
4275,10526,1,194.59,Pizza
4275,10527,3,199.02,Biryani
4276,10528,1,192.94,Street Food
4276,10529,3,291.91,Biryani
4276,10530,3,192.66,Biryani
4277,10531,3,250.05,Chinese
4278,10532,3,182.83,Street Food
4278,10533,1,91.25,Biryani
4279,10534,3,80.9,South Indian
4280,10535,3,142.6,Biryani
4280,10536,3,266.92,Street Food
4280,10537,3,261.25,Cafe
4280,10538,2,148.78,Street Food
4281,10539,2,140.96,Cafe
4281,10540,1,179.42,Biryani
4281,10541,1,243.64,South Indian
4282,10542,3,249.66,Chinese
4282,10543,2,223.92,Chinese
4282,10544,2,262.68,Biryani
4282,10545,1,231.66,North Indian
4283,10546,1,154.99,Street Food
4283,10547,3,126.05,Biryani
4283,10548,3,152.47,Street Food
4284,10549,2,258.72,Street Food
4285,10550,2,191.38,Chinese
4285,10551,2,191.62,South Indian
4285,10552,3,189.31,Pizza
4285,10553,3,296.97,Biryani
4286,10554,2,184.93,Chinese
4287,10555,2,228.98,Pizza
4287,10556,3,126.31,Pizza
4288,10557,3,264.84,Pizza
4289,10558,1,273.64,Street Food
4289,10559,3,269.17,Chinese
4289,10560,3,85.62,Street Food
4289,10561,1,188.22,Biryani
4290,10562,2,208.45,South Indian
4290,10563,1,123.42,Street Food
4291,10564,2,83.0,South Indian
4291,10565,2,207.96,Biryani
4291,10566,2,108.58,Biryani
4292,10567,3,248.48,Street Food
4292,10568,1,129.33,Cafe
4292,10569,1,284.53,Street Food
4293,10570,2,123.02,Pizza
4293,10571,1,148.98,Street Food
4293,10572,3,152.82,North Indian
4293,10573,2,217.08,South Indian
4294,10574,3,231.79,South Indian
4294,10575,1,293.09,South Indian
4294,10576,2,186.06,North Indian
4295,10577,2,254.29,Chinese
4295,10578,1,208.74,Street Food
4295,10579,2,149.07,Chinese
4296,10580,1,280.91,South Indian
4296,10581,1,89.01,North Indian
4296,10582,2,135.32,South Indian
4296,10583,2,294.36,Chinese
4297,10584,3,140.3,Pizza
4297,10585,2,104.45,South Indian
4297,10586,1,201.22,South Indian
4298,10587,3,112.44,Street Food
4299,10588,2,151.48,Pizza
4300,10589,1,279.35,South Indian
4300,10590,1,279.4,Biryani
4300,10591,3,132.11,Street Food
4300,10592,3,85.81,Pizza
4301,10593,2,172.23,Street Food
4301,10594,2,134.63,North Indian
4301,10595,2,161.62,Chinese
4302,10596,3,153.25,South Indian
4302,10597,2,126.69,Chinese
4302,10598,2,81.46,Pizza
4303,10599,3,213.26,Street Food
4303,10600,2,283.05,South Indian
4303,10601,1,222.16,Pizza
4303,10602,2,268.72,South Indian
4304,10603,2,229.24,Pizza
4305,10604,1,194.3,Street Food
4306,10605,2,204.42,Street Food
4306,10606,3,296.27,Cafe
4307,10607,2,275.75,Biryani
4307,10608,1,120.42,Street Food
4308,10609,1,93.66,Pizza
4308,10610,2,288.76,Street Food
4309,10611,2,102.92,Cafe
4310,10612,2,221.53,Pizza
4311,10613,3,94.77,Chinese
4312,10614,1,88.51,South Indian
4313,10615,2,148.05,North Indian
4313,10616,2,176.01,Pizza
4314,10617,1,164.13,Street Food
4314,10618,1,201.27,South Indian
4315,10619,3,259.94,Biryani
4315,10620,3,219.74,Cafe
4316,10621,3,211.18,Biryani
4317,10622,3,214.07,North Indian
4317,10623,1,267.02,South Indian
4317,10624,1,185.68,South Indian
4317,10625,1,282.32,North Indian
4318,10626,3,107.7,South Indian
4319,10627,3,181.93,Street Food
4319,10628,2,120.0,Cafe
4320,10629,2,142.94,Biryani
4321,10630,2,241.77,Biryani
4321,10631,2,253.64,Biryani
4321,10632,1,93.67,South Indian
4322,10633,1,232.45,Biryani
4322,10634,3,244.4,North Indian
4323,10635,1,172.71,Biryani
4324,10636,2,136.91,Street Food
4325,10637,2,190.72,Chinese
4325,10638,1,242.94,Chinese
4325,10639,2,169.84,Cafe
4325,10640,3,171.73,Street Food
4326,10641,3,173.85,Cafe
4327,10642,2,114.24,Street Food
4327,10643,2,281.7,Chinese
4327,10644,1,159.59,South Indian
4328,10645,3,182.47,Chinese
4328,10646,2,188.86,Biryani
4328,10647,2,83.1,North Indian
4328,10648,3,233.8,Chinese
4329,10649,2,185.28,Pizza
4329,10650,1,298.68,North Indian
4329,10651,1,279.07,Biryani
4329,10652,3,213.47,South Indian
4330,10653,1,167.75,North Indian
4330,10654,3,109.99,Cafe
4330,10655,1,276.59,Street Food
4331,10656,3,221.66,Pizza
4332,10657,1,176.26,North Indian
4332,10658,2,123.09,Pizza
4332,10659,1,222.0,Pizza
4333,10660,2,165.18,Street Food
4334,10661,3,193.37,Cafe
4334,10662,1,96.34,Cafe
4334,10663,3,168.31,Chinese
4334,10664,2,293.27,Biryani
4335,10665,3,94.1,Pizza
4335,10666,3,195.21,North Indian
4335,10667,1,247.41,Chinese
4336,10668,3,230.64,South Indian
4336,10669,2,227.9,Chinese
4337,10670,2,254.2,North Indian
4338,10671,3,202.4,Chinese
4339,10672,3,176.8,Street Food
4340,10673,2,80.26,Biryani
4341,10674,2,271.89,North Indian
4341,10675,2,117.52,Pizza
4341,10676,2,222.75,Street Food
4341,10677,1,183.69,Chinese
4342,10678,2,129.74,Pizza
4343,10679,3,177.38,Pizza
4343,10680,2,233.87,Street Food
4343,10681,2,170.7,Street Food
4344,10682,2,294.38,North Indian
4345,10683,3,283.53,North Indian
4346,10684,1,259.35,Pizza
4346,10685,3,242.12,North Indian
4346,10686,3,118.85,Chinese
4346,10687,1,112.69,Street Food
4347,10688,3,184.18,Street Food
4347,10689,3,130.52,Street Food
4347,10690,3,118.64,North Indian
4348,10691,3,117.87,Pizza
4349,10692,3,253.92,Pizza
4349,10693,2,222.65,Street Food
4349,10694,3,223.87,Cafe
4350,10695,3,130.61,Biryani
4350,10696,2,150.68,Cafe
4350,10697,3,297.31,Street Food
4351,10698,2,262.91,South Indian
4351,10699,2,113.3,Street Food
4351,10700,3,229.7,Cafe
4352,10701,3,222.66,North Indian
4352,10702,2,98.34,Chinese
4352,10703,1,156.83,Street Food
4353,10704,2,144.18,Cafe
4353,10705,3,267.17,North Indian
4354,10706,1,180.89,Cafe
4354,10707,3,248.82,Cafe
4355,10708,2,255.17,Pizza
4355,10709,3,206.15,Cafe
4355,10710,3,213.74,Pizza
4355,10711,3,105.35,Street Food
4356,10712,1,264.25,Chinese
4356,10713,2,189.21,North Indian
4356,10714,2,146.26,Street Food
4356,10715,1,255.99,Biryani
4357,10716,3,239.19,Biryani
4357,10717,3,97.34,Chinese
4357,10718,3,214.7,Biryani
4358,10719,1,290.32,Cafe
4359,10720,3,168.17,Chinese
4359,10721,3,89.93,Chinese
4359,10722,2,136.21,Chinese
4360,10723,3,215.78,Biryani
4361,10724,1,120.18,Chinese
4361,10725,1,149.81,Pizza
4361,10726,3,210.06,North Indian
4361,10727,1,99.92,North Indian
4362,10728,3,269.55,Biryani
4362,10729,2,170.28,Pizza
4362,10730,3,214.13,Street Food
4363,10731,3,128.92,South Indian
4363,10732,1,133.41,Cafe
4363,10733,3,170.65,Biryani
4364,10734,1,260.12,Pizza
4364,10735,3,232.78,Street Food
4365,10736,3,286.14,Biryani
4365,10737,1,273.07,North Indian
4365,10738,1,112.52,Cafe
4366,10739,2,114.07,Biryani
4366,10740,2,225.79,South Indian
4366,10741,1,153.69,Chinese
4366,10742,2,200.26,South Indian
4367,10743,3,270.18,Street Food
4367,10744,3,111.0,North Indian
4367,10745,2,183.51,Street Food
4367,10746,2,213.95,Biryani
4368,10747,2,147.11,North Indian
4368,10748,2,118.39,South Indian
4368,10749,2,290.85,Pizza
4369,10750,3,184.38,Cafe
4369,10751,1,97.73,Pizza
4369,10752,1,180.76,Pizza
4370,10753,3,90.43,Chinese
4370,10754,2,256.13,Biryani
4370,10755,1,173.24,Cafe
4371,10756,3,282.29,Biryani
4371,10757,3,216.11,Biryani
4371,10758,3,195.44,Pizza
4371,10759,2,144.5,Chinese
4372,10760,2,246.87,North Indian
4372,10761,1,141.08,North Indian
4372,10762,3,283.76,South Indian
4373,10763,2,298.84,North Indian
4373,10764,3,152.22,Biryani
4374,10765,1,232.98,Chinese
4374,10766,3,298.03,Street Food
4374,10767,3,125.93,Pizza
4374,10768,1,193.51,North Indian
4375,10769,1,264.87,Cafe
4376,10770,2,185.27,South Indian
4376,10771,2,238.13,Street Food
4376,10772,2,169.57,North Indian
4377,10773,2,201.96,Pizza
4377,10774,1,235.16,Street Food
4377,10775,1,270.92,North Indian
4378,10776,1,224.59,Chinese
4378,10777,3,135.51,North Indian
4378,10778,2,292.92,North Indian
4378,10779,2,87.73,Street Food
4379,10780,2,219.85,Chinese
4379,10781,1,134.58,South Indian
4380,10782,3,118.78,Street Food
4380,10783,3,245.1,Pizza
4380,10784,1,198.12,Street Food
4380,10785,3,115.63,Chinese
4381,10786,2,172.04,Cafe
4381,10787,1,255.96,North Indian
4381,10788,1,217.62,South Indian
4381,10789,3,233.68,Pizza
4382,10790,3,278.9,Biryani
4382,10791,1,279.36,Pizza
4383,10792,2,233.33,Chinese
4384,10793,3,269.59,Chinese
4384,10794,3,168.29,South Indian
4384,10795,2,175.26,Street Food
4385,10796,1,195.03,North Indian
4385,10797,1,218.27,Biryani
4385,10798,3,194.9,Chinese
4386,10799,1,286.39,Street Food
4386,10800,3,235.08,Pizza
4387,10801,3,89.13,Chinese
4387,10802,3,139.95,Biryani
4387,10803,3,213.26,Cafe
4387,10804,2,118.63,Biryani
4388,10805,3,264.95,Chinese
4388,10806,2,274.35,Chinese
4389,10807,1,133.36,Street Food
4389,10808,1,264.74,South Indian
4390,10809,1,254.39,Cafe
4390,10810,1,126.11,South Indian
4390,10811,1,125.76,Pizza
4390,10812,2,195.05,Chinese
4391,10813,2,284.48,Street Food
4391,10814,2,199.93,South Indian
4392,10815,3,234.53,Cafe
4392,10816,2,120.95,South Indian
4392,10817,3,181.81,Pizza
4392,10818,1,238.92,South Indian
4393,10819,3,298.67,Pizza
4394,10820,3,129.83,Chinese
4394,10821,2,293.39,Street Food
4394,10822,1,169.47,Street Food
4394,10823,3,130.06,South Indian
4395,10824,3,219.32,Cafe
4395,10825,3,234.93,Pizza
4395,10826,1,155.27,Pizza
4396,10827,1,289.89,South Indian
4396,10828,2,189.94,Street Food
4397,10829,1,136.03,South Indian
4398,10830,3,158.42,Biryani
4398,10831,2,128.03,South Indian
4398,10832,2,128.54,Street Food
4399,10833,1,201.17,Cafe
4399,10834,2,283.01,North Indian
4400,10835,3,115.91,Chinese
4400,10836,1,247.93,South Indian
4400,10837,2,155.28,Chinese
4401,10838,3,212.8,Cafe
4401,10839,3,230.47,Biryani
4401,10840,2,276.32,Pizza
4401,10841,3,88.51,North Indian
4402,10842,2,184.87,Biryani
4403,10843,2,253.52,Pizza
4404,10844,2,271.28,Pizza
4404,10845,1,196.08,Cafe
4404,10846,2,163.62,North Indian
4405,10847,2,193.28,Chinese
4405,10848,3,227.65,Pizza
4405,10849,3,130.22,South Indian
4406,10850,3,266.59,Street Food
4406,10851,1,142.35,Biryani
4407,10852,2,197.62,Street Food
4407,10853,2,86.38,Street Food
4407,10854,2,276.06,South Indian
4408,10855,2,208.19,Biryani
4408,10856,3,265.21,South Indian
4408,10857,2,140.41,Pizza
4409,10858,1,219.96,Biryani
4409,10859,2,125.39,North Indian
4409,10860,1,287.69,North Indian
4409,10861,1,269.08,South Indian
4410,10862,3,105.81,Street Food
4411,10863,1,270.77,Pizza
4411,10864,1,199.75,South Indian
4411,10865,2,173.35,Biryani
4411,10866,1,150.5,Biryani
4412,10867,1,198.98,North Indian
4413,10868,2,260.09,South Indian
4414,10869,2,264.3,South Indian
4414,10870,2,168.81,North Indian
4414,10871,1,219.9,Pizza
4414,10872,2,116.45,Cafe
4415,10873,1,299.56,Pizza
4415,10874,2,213.79,Street Food
4415,10875,3,160.98,Street Food
4415,10876,3,226.91,Chinese
4416,10877,2,154.94,Chinese
4416,10878,3,205.41,Chinese
4416,10879,1,276.03,Chinese
4417,10880,3,218.42,South Indian
4417,10881,3,236.22,North Indian
4418,10882,1,146.08,Chinese
4418,10883,2,277.47,Biryani
4418,10884,1,217.34,South Indian
4418,10885,3,148.85,Street Food
4419,10886,1,257.98,North Indian
4419,10887,2,276.73,Cafe
4419,10888,3,221.95,Biryani
4420,10889,1,166.76,Chinese
4420,10890,1,272.21,Biryani
4421,10891,1,145.86,Chinese
4421,10892,2,144.99,Chinese
4422,10893,1,93.21,South Indian
4422,10894,1,253.69,Street Food
4422,10895,1,184.19,Pizza
4423,10896,2,124.55,Biryani
4423,10897,3,250.41,South Indian
4423,10898,2,289.24,South Indian
4424,10899,3,268.81,South Indian
4424,10900,3,286.18,Cafe
4424,10901,1,242.32,Chinese
4425,10902,1,242.09,South Indian
4425,10903,3,124.06,Cafe
4425,10904,2,131.38,Street Food
4426,10905,3,135.11,South Indian
4427,10906,3,278.26,Chinese
4428,10907,2,185.2,Chinese
4428,10908,3,205.0,Street Food
4429,10909,2,283.52,Pizza
4430,10910,1,109.99,Street Food
4430,10911,1,278.93,Chinese
4430,10912,2,169.46,North Indian
4431,10913,1,124.87,Chinese
4432,10914,2,256.23,Street Food
4432,10915,2,184.06,South Indian
4433,10916,3,248.77,Biryani
4433,10917,2,232.22,Pizza
4434,10918,3,171.52,South Indian
4434,10919,2,132.63,Cafe
4434,10920,1,105.51,North Indian
4434,10921,1,85.7,South Indian
4435,10922,3,235.7,Biryani
4436,10923,1,88.68,Chinese
4437,10924,3,87.56,Biryani
4437,10925,3,289.17,North Indian
4437,10926,3,199.91,Biryani
4438,10927,3,163.57,Pizza
4439,10928,2,114.71,North Indian
4439,10929,3,103.69,Biryani
4439,10930,3,87.94,South Indian
4440,10931,3,127.73,Chinese
4441,10932,3,239.95,Street Food
4441,10933,1,100.7,South Indian
4441,10934,1,247.28,Cafe
4441,10935,3,167.71,North Indian
4442,10936,3,273.6,North Indian
4442,10937,2,98.72,Cafe
4442,10938,3,127.88,Biryani
4443,10939,3,105.33,Biryani
4444,10940,2,87.87,Cafe
4444,10941,1,104.64,Street Food
4444,10942,1,251.98,North Indian
4444,10943,1,139.93,Cafe
4445,10944,3,160.93,North Indian
4445,10945,2,96.85,Biryani
4445,10946,2,249.39,Chinese
4446,10947,3,189.1,Chinese
4447,10948,2,235.65,Street Food
4447,10949,2,113.45,North Indian
4448,10950,3,125.97,Pizza
4448,10951,1,263.75,Street Food
4448,10952,2,291.13,Biryani
4448,10953,3,96.9,Street Food
4449,10954,2,249.52,Street Food
4450,10955,1,289.9,Cafe
4450,10956,3,214.65,Cafe
4450,10957,1,93.29,Pizza
4450,10958,2,85.0,Chinese
4451,10959,2,281.08,Cafe
4451,10960,2,167.39,Biryani
4451,10961,1,269.49,South Indian
4452,10962,1,231.8,North Indian
4452,10963,1,188.49,Street Food
4453,10964,3,260.13,Cafe
4453,10965,1,207.6,Cafe
4453,10966,1,140.36,North Indian
4454,10967,1,134.92,South Indian
4454,10968,2,127.41,North Indian
4454,10969,2,154.28,Biryani
4454,10970,2,144.49,Street Food
4455,10971,3,272.56,South Indian
4455,10972,1,182.99,Biryani
4456,10973,3,188.44,South Indian
4457,10974,3,264.46,South Indian
4457,10975,3,162.24,Chinese
4457,10976,3,140.36,Chinese
4458,10977,1,216.45,North Indian
4459,10978,1,292.05,Chinese
4459,10979,3,269.62,Cafe
4459,10980,1,174.24,Biryani
4459,10981,3,279.95,Biryani
4460,10982,1,167.2,Biryani
4460,10983,3,122.35,South Indian
4460,10984,3,83.74,Chinese
4460,10985,3,131.78,Chinese
4461,10986,2,194.15,Pizza
4461,10987,2,277.69,Chinese
4461,10988,3,174.76,Pizza
4461,10989,3,138.46,Pizza
4462,10990,2,248.68,South Indian
4462,10991,1,168.07,North Indian
4463,10992,2,155.95,South Indian
4463,10993,3,177.3,Pizza
4463,10994,1,106.8,Chinese
4463,10995,3,146.42,Biryani
4464,10996,1,244.85,Chinese
4465,10997,1,161.37,South Indian
4465,10998,3,104.8,Chinese
4465,10999,3,127.12,Pizza
4466,11000,1,171.1,Pizza
4467,11001,1,147.52,North Indian
4468,11002,2,96.75,Biryani
4468,11003,3,116.6,Street Food
4469,11004,2,155.17,Street Food
4470,11005,2,293.7,Chinese
4470,11006,1,243.13,Biryani
4470,11007,1,163.55,Cafe
4471,11008,1,189.96,North Indian
4471,11009,2,257.53,South Indian
4471,11010,2,273.0,Street Food
4472,11011,3,230.92,Chinese
4472,11012,2,266.47,Chinese
4472,11013,3,170.26,Pizza
4473,11014,1,130.79,North Indian
4474,11015,1,212.21,Pizza
4475,11016,1,189.24,South Indian
4475,11017,1,293.11,Pizza
4476,11018,2,231.14,Street Food
4476,11019,1,223.36,Street Food
4476,11020,2,243.62,Cafe
4476,11021,1,165.93,Biryani
4477,11022,3,160.88,Cafe
4477,11023,1,287.31,Chinese
4478,11024,1,295.56,Biryani
4478,11025,1,136.9,Cafe
4478,11026,3,213.0,North Indian
4478,11027,2,230.25,Chinese
4479,11028,3,104.97,South Indian
4480,11029,3,253.96,Cafe
4480,11030,1,132.92,Cafe
4480,11031,3,218.24,Biryani
4480,11032,2,121.54,Street Food
4481,11033,2,87.46,Street Food
4481,11034,2,118.0,Pizza
4481,11035,3,152.76,Street Food
4481,11036,3,153.78,Street Food
4482,11037,2,258.49,Biryani
4483,11038,2,142.72,Street Food
4483,11039,2,174.1,Chinese
4483,11040,2,110.4,North Indian
4484,11041,3,233.6,Chinese
4484,11042,2,108.69,Chinese
4484,11043,1,190.11,North Indian
4484,11044,1,171.28,Street Food
4485,11045,3,298.42,South Indian
4486,11046,2,181.41,Street Food
4486,11047,2,233.37,Chinese
4486,11048,3,120.51,Chinese
4487,11049,2,236.55,Biryani
4488,11050,1,172.96,Street Food
4488,11051,3,213.33,Street Food
4489,11052,3,290.22,Cafe
4490,11053,1,99.91,North Indian
4491,11054,3,292.51,North Indian
4491,11055,1,230.28,Biryani
4491,11056,2,219.98,Chinese
4491,11057,2,169.11,North Indian
4492,11058,1,268.42,Cafe
4492,11059,3,146.38,Chinese
4493,11060,3,282.62,Chinese
4494,11061,3,235.24,Street Food
4494,11062,1,148.94,Chinese
4495,11063,3,124.44,South Indian
4495,11064,2,117.18,Biryani
4496,11065,3,159.02,Pizza
4496,11066,3,188.23,Biryani
4496,11067,1,225.1,North Indian
4496,11068,1,171.2,Chinese
4497,11069,2,220.19,Street Food
4497,11070,2,101.09,North Indian
4497,11071,2,193.88,South Indian
4497,11072,3,240.37,North Indian
4498,11073,1,228.53,Biryani
4498,11074,3,141.07,Street Food
4498,11075,1,187.28,Biryani
4498,11076,1,105.52,Pizza
4499,11077,1,146.15,Pizza
4500,11078,2,164.0,Street Food
4500,11079,1,292.92,Biryani
4500,11080,3,133.05,Cafe
4501,11081,2,256.05,South Indian
4501,11082,3,248.84,Cafe
4501,11083,2,126.83,Street Food
4501,11084,3,193.56,Biryani
4502,11085,3,120.64,Pizza
4502,11086,3,227.2,Chinese
4502,11087,3,228.43,Street Food
4503,11088,2,81.04,Pizza
4503,11089,3,203.31,North Indian
4503,11090,3,112.35,South Indian
4503,11091,1,153.55,North Indian
4504,11092,1,245.21,Street Food
4504,11093,3,262.23,Biryani
4505,11094,1,169.36,Biryani
4505,11095,3,93.29,Pizza
4506,11096,2,240.16,South Indian
4506,11097,3,174.68,Street Food
4506,11098,1,200.85,South Indian
4506,11099,3,222.25,Chinese
4507,11100,1,170.17,Pizza
4507,11101,3,196.51,North Indian
4507,11102,3,80.26,North Indian
4507,11103,1,230.23,Street Food
4508,11104,1,263.03,Street Food
4508,11105,3,265.41,North Indian
4508,11106,2,90.26,South Indian
4508,11107,2,194.44,North Indian
4509,11108,3,235.11,Pizza
4509,11109,3,129.46,North Indian
4509,11110,2,256.12,Cafe
4509,11111,3,87.73,Biryani
4510,11112,2,191.01,Biryani
4510,11113,1,227.93,Street Food
4511,11114,2,238.96,Biryani
4511,11115,2,270.35,Street Food
4511,11116,1,215.45,Chinese
4511,11117,1,267.53,Cafe
4512,11118,3,269.97,Cafe
4512,11119,2,166.89,Pizza
4512,11120,1,173.96,Pizza
4513,11121,3,140.76,Cafe
4513,11122,3,192.16,Biryani
4513,11123,1,178.28,Biryani
4514,11124,2,184.86,Chinese
4514,11125,1,269.0,Cafe
4514,11126,1,122.64,Chinese
4515,11127,1,93.42,Pizza
4515,11128,1,167.38,South Indian
4516,11129,1,107.5,Street Food
4517,11130,3,289.45,Chinese
4517,11131,2,117.8,Chinese
4517,11132,2,128.99,North Indian
4517,11133,3,280.31,Cafe
4518,11134,2,245.77,Cafe
4519,11135,1,241.14,South Indian
4519,11136,2,99.04,Biryani
4519,11137,2,112.26,South Indian
4520,11138,2,167.94,Pizza
4520,11139,2,106.88,Chinese
4520,11140,3,202.76,Pizza
4521,11141,1,238.43,Chinese
4522,11142,2,239.13,Cafe
4522,11143,2,212.11,South Indian
4523,11144,1,188.36,South Indian
4523,11145,1,298.44,South Indian
4524,11146,3,287.61,Street Food
4524,11147,2,115.05,Cafe
4525,11148,2,110.76,Cafe
4525,11149,1,189.4,South Indian
4526,11150,2,245.2,South Indian
4526,11151,1,87.78,Cafe
4527,11152,3,183.74,Cafe
4527,11153,3,233.77,North Indian
4528,11154,3,232.44,Chinese
4529,11155,3,125.68,North Indian
4529,11156,1,243.47,North Indian
4530,11157,1,122.04,Cafe
4530,11158,1,230.22,Street Food
4530,11159,3,198.23,Cafe
4531,11160,3,141.8,Pizza
4531,11161,3,248.53,North Indian
4532,11162,2,222.05,Biryani
4532,11163,3,282.82,Chinese
4533,11164,1,176.78,Biryani
4533,11165,3,256.21,Street Food
4533,11166,3,161.77,Street Food
4533,11167,3,105.01,Pizza
4534,11168,3,83.64,Street Food
4534,11169,3,164.96,Chinese
4534,11170,3,158.44,Chinese
4534,11171,3,263.04,South Indian
4535,11172,2,187.68,Street Food
4536,11173,2,216.56,South Indian
4536,11174,2,143.66,Chinese
4537,11175,3,112.0,Cafe
4537,11176,2,123.61,Biryani
4538,11177,3,196.45,Biryani
4538,11178,1,137.88,South Indian
4538,11179,3,298.25,South Indian
4538,11180,3,256.61,North Indian
4539,11181,3,180.5,Biryani
4539,11182,2,281.02,Street Food
4540,11183,3,126.47,Street Food
4540,11184,2,85.03,South Indian
4541,11185,3,192.16,Cafe
4542,11186,2,255.53,Cafe
4542,11187,1,229.81,Street Food
4542,11188,1,108.11,North Indian
4542,11189,2,175.9,Street Food
4543,11190,3,227.64,North Indian
4543,11191,2,222.17,South Indian
4543,11192,2,188.73,Pizza
4543,11193,1,271.58,Cafe
4544,11194,1,111.31,Biryani
4544,11195,2,239.31,North Indian
4544,11196,3,80.21,Biryani
4544,11197,2,120.74,South Indian
4545,11198,2,117.16,North Indian
4545,11199,2,157.54,Cafe
4545,11200,2,133.24,Street Food
4545,11201,2,144.89,Biryani
4546,11202,1,211.25,Chinese
4546,11203,3,154.1,Biryani
4546,11204,2,81.59,Biryani
4546,11205,3,156.53,Cafe
4547,11206,2,159.7,Cafe
4547,11207,3,223.64,South Indian
4547,11208,1,183.38,Biryani
4548,11209,1,86.89,South Indian
4548,11210,3,267.48,North Indian
4548,11211,3,112.22,Cafe
4548,11212,2,286.8,Pizza
4549,11213,1,230.24,South Indian
4549,11214,2,241.88,Street Food
4549,11215,2,125.08,Street Food
4549,11216,1,117.4,Street Food
4550,11217,2,281.99,Pizza
4550,11218,2,204.14,Biryani
4551,11219,2,226.86,North Indian
4552,11220,3,107.25,Biryani
4553,11221,2,200.72,Pizza
4554,11222,3,293.44,North Indian
4554,11223,3,177.32,Cafe
4554,11224,3,113.94,Chinese
4554,11225,2,283.27,Pizza
4555,11226,3,183.19,Chinese
4555,11227,3,159.87,Chinese
4556,11228,2,298.18,Cafe
4557,11229,3,227.6,Biryani
4558,11230,2,101.28,Pizza
4558,11231,2,281.36,Cafe
4559,11232,3,288.91,North Indian
4559,11233,1,142.82,Cafe
4559,11234,2,259.21,Street Food
4560,11235,2,175.77,Biryani
4560,11236,2,136.09,Pizza
4560,11237,1,231.51,South Indian
4561,11238,3,274.08,Street Food
4561,11239,3,151.63,Biryani
4561,11240,3,86.6,Chinese
4561,11241,2,176.08,North Indian
4562,11242,2,199.31,Chinese
4562,11243,3,178.86,North Indian
4563,11244,2,140.16,Cafe
4563,11245,2,158.05,Biryani
4564,11246,3,150.16,South Indian
4564,11247,3,88.93,South Indian
4564,11248,3,151.14,South Indian
4564,11249,1,89.92,Cafe
4565,11250,2,166.52,Biryani
4565,11251,3,116.39,South Indian
4565,11252,2,250.4,South Indian
4565,11253,2,135.25,Pizza
4566,11254,1,299.28,South Indian
4566,11255,1,230.93,Pizza
4566,11256,1,260.96,Biryani
4567,11257,1,81.12,Biryani
4567,11258,1,126.11,Cafe
4567,11259,2,172.31,Chinese
4567,11260,2,173.98,Chinese
4568,11261,1,184.93,Chinese
4569,11262,2,181.1,Street Food
4569,11263,3,106.96,Street Food
4569,11264,1,173.73,South Indian
4569,11265,1,105.47,Chinese
4570,11266,1,239.95,Cafe
4571,11267,3,148.86,Chinese
4571,11268,3,253.5,Street Food
4571,11269,3,236.41,Street Food
4571,11270,1,220.46,Street Food
4572,11271,1,253.32,Chinese
4573,11272,2,194.65,South Indian
4574,11273,1,162.02,Cafe
4574,11274,3,171.52,Street Food
4575,11275,1,102.09,South Indian
4575,11276,3,149.03,Street Food
4575,11277,1,248.61,North Indian
4575,11278,1,208.95,Cafe
4576,11279,1,253.76,North Indian
4576,11280,1,298.13,North Indian
4576,11281,1,120.56,Chinese
4576,11282,2,268.35,North Indian
4577,11283,2,202.97,Pizza
4578,11284,3,144.94,Biryani
4579,11285,1,280.94,Street Food
4580,11286,1,272.96,Chinese
4580,11287,1,206.63,Street Food
4580,11288,3,258.32,South Indian
4581,11289,3,176.36,Biryani
4581,11290,2,254.89,Pizza
4581,11291,1,186.27,Biryani
4581,11292,1,221.24,Biryani
4582,11293,3,267.15,Street Food
4582,11294,1,245.27,Cafe
4583,11295,1,187.89,Street Food
4583,11296,1,212.04,North Indian
4583,11297,1,291.82,South Indian
4584,11298,1,96.33,South Indian
4584,11299,2,206.83,South Indian
4585,11300,1,203.76,Cafe
4585,11301,2,89.1,North Indian
4586,11302,2,272.01,North Indian
4586,11303,2,189.13,Biryani
4587,11304,2,113.99,Pizza
4587,11305,2,199.0,Pizza
4587,11306,2,103.37,Street Food
4588,11307,2,253.58,Street Food
4588,11308,1,238.58,Street Food
4589,11309,1,298.83,Biryani
4589,11310,2,287.5,Pizza
4590,11311,2,228.23,South Indian
4590,11312,1,105.93,Pizza
4590,11313,1,262.92,North Indian
4591,11314,1,226.79,South Indian
4592,11315,3,215.21,Biryani
4592,11316,1,123.05,South Indian
4593,11317,2,208.42,Street Food
4593,11318,3,249.18,Biryani
4593,11319,3,281.36,North Indian
4594,11320,1,128.66,Cafe
4594,11321,2,259.52,Chinese
4594,11322,3,174.7,Street Food
4594,11323,3,191.08,Biryani
4595,11324,1,273.92,Street Food
4596,11325,3,103.7,Cafe
4596,11326,2,269.24,North Indian
4596,11327,2,159.05,Chinese
4596,11328,1,99.59,South Indian
4597,11329,1,254.37,North Indian
4598,11330,2,252.93,Cafe
4599,11331,3,275.79,Cafe
4600,11332,2,136.12,Cafe
4601,11333,1,272.82,Street Food
4601,11334,1,232.19,Pizza
4601,11335,1,136.46,Cafe
4601,11336,3,264.97,Chinese
4602,11337,3,151.65,Chinese
4602,11338,3,272.56,North Indian
4602,11339,2,82.54,Street Food
4602,11340,3,153.13,Biryani
4603,11341,2,262.09,Street Food
4604,11342,2,154.91,Pizza
4604,11343,3,202.65,Street Food
4604,11344,3,220.29,Cafe
4604,11345,2,205.73,North Indian
4605,11346,2,111.17,Chinese
4605,11347,1,147.11,Street Food
4605,11348,3,224.74,Chinese
4605,11349,3,159.0,Cafe
4606,11350,2,119.41,Cafe
4606,11351,1,228.39,Street Food
4606,11352,3,143.28,Pizza
4606,11353,2,213.06,Biryani
4607,11354,1,89.88,Pizza
4607,11355,2,188.98,Biryani
4607,11356,3,168.19,Pizza
4608,11357,3,236.68,Biryani
4608,11358,2,208.14,North Indian
4608,11359,1,292.54,Street Food
4609,11360,1,213.93,Pizza
4609,11361,2,98.66,Cafe
4609,11362,2,165.13,Cafe
4609,11363,3,198.83,Pizza
4610,11364,1,147.86,Biryani
4611,11365,2,257.74,Pizza
4611,11366,3,210.79,Street Food
4612,11367,2,223.1,North Indian
4612,11368,2,161.31,South Indian
4612,11369,2,244.12,Cafe
4612,11370,3,144.98,South Indian
4613,11371,2,260.81,Pizza
4614,11372,1,99.08,South Indian
4614,11373,2,112.55,South Indian
4615,11374,2,113.3,Cafe
4615,11375,3,165.86,North Indian
4616,11376,3,150.63,Cafe
4617,11377,3,165.91,North Indian
4617,11378,2,119.55,Chinese
4617,11379,1,154.69,South Indian
4618,11380,3,159.2,Street Food
4619,11381,2,123.83,North Indian
4619,11382,1,238.18,Biryani
4620,11383,2,282.08,North Indian
4620,11384,2,214.78,Cafe
4620,11385,3,130.59,Street Food
4621,11386,1,112.87,Street Food
4621,11387,3,236.44,North Indian
4622,11388,1,282.7,Biryani
4623,11389,2,275.6,South Indian
4623,11390,3,103.98,Cafe
4623,11391,2,279.93,Street Food
4624,11392,2,269.67,Cafe
4625,11393,3,128.94,Street Food
4625,11394,1,229.8,Street Food
4625,11395,2,272.71,Pizza
4625,11396,3,247.65,South Indian
4626,11397,1,246.39,North Indian
4626,11398,1,173.96,Biryani
4626,11399,1,130.18,South Indian
4627,11400,3,286.87,Cafe
4627,11401,3,278.26,Biryani
4627,11402,1,190.49,Street Food
4627,11403,1,291.23,Cafe
4628,11404,1,269.53,South Indian
4628,11405,2,155.64,Pizza
4628,11406,3,249.92,Cafe
4628,11407,2,258.37,Street Food
4629,11408,2,190.87,Pizza
4629,11409,2,250.79,Cafe
4629,11410,2,270.71,Pizza
4630,11411,3,146.11,Biryani
4630,11412,3,111.62,Street Food
4631,11413,3,112.8,Chinese
4631,11414,2,244.53,South Indian
4631,11415,3,150.82,Chinese
4631,11416,1,94.87,Pizza
4632,11417,3,85.55,North Indian
4632,11418,1,135.39,Chinese
4633,11419,3,241.97,South Indian
4633,11420,3,291.68,South Indian
4634,11421,2,177.1,Pizza
4635,11422,2,281.32,Street Food
4635,11423,1,197.1,Biryani
4635,11424,3,293.37,Chinese
4635,11425,2,235.49,Cafe
4636,11426,1,239.05,South Indian
4636,11427,1,217.67,Chinese
4636,11428,1,95.9,Cafe
4636,11429,1,237.69,Pizza
4637,11430,3,121.71,Chinese
4637,11431,3,109.98,South Indian
4637,11432,1,224.47,North Indian
4638,11433,2,236.61,North Indian
4638,11434,2,253.88,Chinese
4638,11435,1,80.83,Cafe
4638,11436,1,83.35,Pizza
4639,11437,2,282.83,Chinese
4640,11438,3,253.46,Biryani
4640,11439,2,284.9,Chinese
4641,11440,2,139.67,South Indian
4641,11441,1,95.21,Cafe
4641,11442,3,267.04,North Indian
4641,11443,1,230.38,Chinese
4642,11444,1,260.11,Chinese
4642,11445,3,285.22,South Indian
4643,11446,3,182.83,North Indian
4643,11447,1,245.0,Street Food
4643,11448,1,254.2,Chinese
4643,11449,1,144.79,Biryani
4644,11450,2,242.56,Biryani
4644,11451,3,158.31,Biryani
4644,11452,3,170.94,North Indian
4644,11453,3,196.75,Biryani
4645,11454,2,192.58,North Indian
4646,11455,1,160.6,Biryani
4646,11456,1,189.81,Chinese
4647,11457,2,176.16,South Indian
4647,11458,3,108.06,Chinese
4648,11459,1,127.16,South Indian
4649,11460,1,130.4,Biryani
4649,11461,2,138.09,North Indian
4650,11462,1,143.76,South Indian
4650,11463,3,105.89,Chinese
4650,11464,3,287.2,Street Food
4650,11465,3,128.04,Pizza
4651,11466,2,181.16,Street Food
4651,11467,2,136.28,Pizza
4651,11468,1,128.66,Pizza
4651,11469,2,269.12,Cafe
4652,11470,2,82.75,Street Food
4652,11471,2,163.08,Street Food
4652,11472,1,115.65,Biryani
4653,11473,1,270.4,South Indian
4653,11474,3,221.9,South Indian
4654,11475,3,262.38,South Indian
4655,11476,3,116.31,Biryani
4655,11477,2,247.76,South Indian
4655,11478,2,137.51,Cafe
4655,11479,1,211.71,South Indian
4656,11480,2,238.82,Chinese
4657,11481,3,116.54,Cafe
4657,11482,1,278.03,Pizza
4657,11483,3,292.66,North Indian
4657,11484,2,199.48,South Indian
4658,11485,1,124.52,Street Food
4659,11486,1,299.67,Biryani
4659,11487,3,140.97,Biryani
4659,11488,1,104.74,Biryani
4660,11489,2,157.33,South Indian
4660,11490,2,119.89,North Indian
4660,11491,2,244.86,Pizza
4661,11492,2,246.57,North Indian
4662,11493,3,236.27,South Indian
4662,11494,2,135.53,Biryani
4662,11495,1,98.3,Pizza
4663,11496,3,156.91,Chinese
4663,11497,3,296.67,Biryani
4663,11498,3,236.15,Biryani
4664,11499,1,96.12,South Indian
4664,11500,2,206.24,South Indian
4664,11501,1,125.89,Cafe
4665,11502,1,280.11,Pizza
4665,11503,2,206.76,South Indian
4665,11504,2,167.94,Pizza
4665,11505,3,188.32,Pizza
4666,11506,3,126.11,Cafe
4666,11507,3,173.53,South Indian
4666,11508,2,99.65,Chinese
4667,11509,3,156.13,Cafe
4668,11510,3,223.52,Cafe
4669,11511,1,175.12,Pizza
4669,11512,1,122.24,Biryani
4669,11513,3,82.86,Cafe
4670,11514,2,105.3,Cafe
4670,11515,1,87.29,North Indian
4670,11516,1,129.27,North Indian
4670,11517,2,147.75,North Indian
4671,11518,2,120.35,South Indian
4671,11519,2,293.8,Pizza
4671,11520,3,114.38,North Indian
4672,11521,3,212.82,North Indian
4672,11522,1,270.08,Biryani
4672,11523,2,101.39,Pizza
4673,11524,2,234.89,North Indian
4673,11525,2,264.63,Cafe
4673,11526,3,212.61,North Indian
4674,11527,2,129.32,Street Food
4674,11528,1,163.91,Biryani
4674,11529,3,163.8,Street Food
4675,11530,2,179.46,North Indian
4675,11531,3,228.63,North Indian
4676,11532,1,247.57,Pizza
4677,11533,2,147.22,Street Food
4677,11534,1,92.57,Biryani
4678,11535,3,204.5,South Indian
4678,11536,2,280.46,Biryani
4678,11537,2,102.78,Cafe
4678,11538,3,160.09,Street Food
4679,11539,3,123.0,Cafe
4679,11540,2,182.72,North Indian
4679,11541,1,229.88,Chinese
4679,11542,3,216.09,Cafe
4680,11543,3,189.81,Street Food
4680,11544,1,240.63,Cafe
4680,11545,2,81.01,Biryani
4680,11546,2,191.75,Pizza
4681,11547,1,87.69,Cafe
4681,11548,3,155.46,Biryani
4681,11549,2,124.1,Chinese
4681,11550,3,163.27,Pizza
4682,11551,1,288.76,South Indian
4682,11552,2,140.24,Pizza
4682,11553,1,117.01,South Indian
4683,11554,2,167.03,Pizza
4683,11555,3,173.35,Cafe
4684,11556,3,166.62,Cafe
4684,11557,2,241.78,Biryani
4684,11558,2,224.28,Pizza
4685,11559,3,137.04,Biryani
4685,11560,3,138.32,Pizza
4685,11561,3,97.23,Chinese
4685,11562,3,258.01,South Indian
4686,11563,2,279.57,Cafe
4686,11564,2,222.51,Street Food
4686,11565,3,108.54,North Indian
4687,11566,1,177.39,South Indian
4687,11567,3,222.44,Biryani
4687,11568,3,140.04,Cafe
4688,11569,2,273.27,Street Food
4688,11570,3,136.91,North Indian
4688,11571,1,177.0,Cafe
4688,11572,2,141.52,Cafe
4689,11573,2,195.49,Chinese
4690,11574,3,127.5,Street Food
4690,11575,3,161.81,Pizza
4691,11576,1,238.76,North Indian
4691,11577,1,169.56,Pizza
4692,11578,3,195.47,Street Food
4692,11579,2,258.51,North Indian
4692,11580,2,128.71,South Indian
4693,11581,2,99.22,North Indian
4694,11582,1,118.87,Street Food
4694,11583,2,264.45,Chinese
4694,11584,1,90.1,Street Food
4694,11585,1,169.67,Biryani
4695,11586,3,179.43,Biryani
4695,11587,2,125.31,Chinese
4696,11588,2,141.85,Pizza
4696,11589,2,232.16,Cafe
4696,11590,2,270.03,Street Food
4696,11591,1,134.48,Cafe
4697,11592,2,123.24,Cafe
4697,11593,3,216.25,Chinese
4698,11594,2,210.82,Cafe
4699,11595,3,290.08,Biryani
4700,11596,1,91.74,North Indian
4700,11597,1,119.39,Pizza
4700,11598,2,89.88,Cafe
4701,11599,3,272.25,Chinese
4702,11600,2,145.79,Biryani
4703,11601,3,273.85,Pizza
4703,11602,3,219.45,South Indian
4703,11603,3,123.19,South Indian
4704,11604,2,99.18,Chinese
4705,11605,2,178.38,Street Food
4705,11606,2,139.31,Pizza
4706,11607,2,85.04,Cafe
4706,11608,2,227.11,Cafe
4707,11609,2,86.97,Cafe
4707,11610,2,86.38,Pizza
4708,11611,2,175.2,Pizza
4708,11612,1,185.79,Street Food
4708,11613,3,199.19,North Indian
4708,11614,1,211.94,South Indian
4709,11615,1,269.79,Biryani
4709,11616,1,108.02,Pizza
4709,11617,2,135.78,Biryani
4709,11618,3,209.41,Chinese
4710,11619,3,242.01,South Indian
4711,11620,2,170.47,Biryani
4711,11621,2,81.98,Street Food
4712,11622,2,207.33,Cafe
4713,11623,3,256.58,Pizza
4714,11624,1,275.02,Cafe
4714,11625,2,138.81,Pizza
4714,11626,1,292.44,Biryani
4715,11627,3,229.76,Chinese
4715,11628,2,196.8,Chinese
4716,11629,1,130.16,Biryani
4716,11630,2,181.74,Pizza
4717,11631,3,142.64,Street Food
4717,11632,1,270.95,Chinese
4717,11633,3,108.45,South Indian
4718,11634,3,82.18,North Indian
4719,11635,3,271.21,Biryani
4719,11636,1,254.21,Cafe
4719,11637,2,256.79,Chinese
4719,11638,1,242.66,North Indian
4720,11639,2,243.73,Chinese
4720,11640,3,217.32,Cafe
4720,11641,2,288.6,Chinese
4720,11642,1,201.18,Street Food
4721,11643,3,209.28,North Indian
4721,11644,1,299.09,Street Food
4721,11645,1,181.46,Chinese
4722,11646,1,265.84,Cafe
4722,11647,2,113.99,Biryani
4722,11648,3,251.87,North Indian
4722,11649,3,159.55,South Indian
4723,11650,1,213.55,Biryani
4724,11651,2,123.08,North Indian
4724,11652,3,260.95,South Indian
4724,11653,1,158.81,Pizza
4724,11654,2,138.24,North Indian
4725,11655,1,176.84,Street Food
4725,11656,3,105.81,Chinese
4726,11657,1,256.95,Street Food
4726,11658,2,125.87,South Indian
4726,11659,1,105.84,Cafe
4727,11660,1,100.55,Chinese
4727,11661,1,84.84,South Indian
4727,11662,1,97.24,Biryani
4728,11663,3,88.58,Street Food
4728,11664,2,285.32,South Indian
4729,11665,2,196.24,North Indian
4730,11666,3,132.25,North Indian
4731,11667,2,196.75,Street Food
4731,11668,2,127.85,Biryani
4731,11669,2,177.56,Cafe
4732,11670,3,178.36,South Indian
4732,11671,3,258.5,Street Food
4732,11672,1,139.6,Street Food
4732,11673,2,220.38,Chinese
4733,11674,3,262.57,Chinese
4733,11675,1,197.87,Pizza
4734,11676,3,121.31,Biryani
4734,11677,1,176.05,Chinese
4735,11678,3,158.11,North Indian
4735,11679,3,155.52,Cafe
4736,11680,2,222.23,Street Food
4736,11681,2,250.28,Cafe
4736,11682,3,225.5,North Indian
4737,11683,2,210.18,South Indian
4737,11684,1,286.11,North Indian
4737,11685,3,173.11,Street Food
4738,11686,2,137.6,Biryani
4738,11687,2,165.29,Street Food
4738,11688,2,83.28,Street Food
4739,11689,3,201.97,Biryani
4739,11690,3,105.33,Street Food
4739,11691,2,242.16,Biryani
4740,11692,3,136.17,Pizza
4740,11693,3,143.91,South Indian
4741,11694,1,177.6,Cafe
4741,11695,2,211.05,Chinese
4741,11696,2,252.45,Biryani
4742,11697,2,269.41,Biryani
4742,11698,3,97.12,North Indian
4743,11699,3,113.56,Pizza
4743,11700,2,146.01,Cafe
4744,11701,3,189.26,Pizza
4744,11702,2,161.86,Cafe
4744,11703,1,161.39,Street Food
4744,11704,1,107.76,Biryani
4745,11705,1,267.34,Street Food
4745,11706,3,258.69,South Indian
4745,11707,2,211.15,Biryani
4745,11708,1,83.75,North Indian
4746,11709,2,276.4,Biryani
4746,11710,2,200.43,Chinese
4746,11711,3,231.36,Pizza
4747,11712,2,282.85,Cafe
4747,11713,1,176.0,South Indian
4747,11714,1,229.1,Chinese
4747,11715,2,224.98,Pizza
4748,11716,1,152.58,Biryani
4749,11717,2,278.36,South Indian
4749,11718,2,174.8,Chinese
4750,11719,2,146.25,Cafe
4751,11720,1,187.98,Street Food
4751,11721,2,167.41,South Indian
4752,11722,2,259.75,North Indian
4753,11723,2,102.71,Street Food
4753,11724,1,92.29,Chinese
4754,11725,2,202.25,Cafe
4754,11726,2,157.7,Biryani
4754,11727,2,275.3,Chinese
4755,11728,1,290.81,Pizza
4755,11729,3,290.39,Street Food
4755,11730,1,124.78,Cafe
4755,11731,3,186.4,Cafe
4756,11732,2,191.97,Biryani
4756,11733,3,158.35,North Indian
4756,11734,2,297.47,Street Food
4756,11735,3,100.16,Biryani
4757,11736,3,91.18,South Indian
4757,11737,1,184.2,Chinese
4757,11738,2,229.71,Biryani
4757,11739,2,248.51,North Indian
4758,11740,3,130.93,Pizza
4758,11741,3,164.42,North Indian
4758,11742,3,229.96,South Indian
4758,11743,1,227.01,Pizza
4759,11744,3,206.67,Biryani
4760,11745,3,229.43,North Indian
4760,11746,1,161.08,Cafe
4760,11747,3,123.32,North Indian
4761,11748,1,161.27,South Indian
4762,11749,1,115.59,Chinese
4762,11750,1,87.26,Street Food
4763,11751,3,229.13,South Indian
4763,11752,3,127.77,Biryani
4764,11753,1,189.95,North Indian
4764,11754,1,280.12,Street Food
4764,11755,3,275.68,Biryani
4764,11756,3,219.98,Biryani
4765,11757,3,298.74,North Indian
4765,11758,3,197.11,South Indian
4766,11759,2,289.57,Pizza
4766,11760,3,101.85,Cafe
4766,11761,2,250.04,Pizza
4767,11762,1,244.5,Chinese
4767,11763,1,242.61,Biryani
4767,11764,1,145.78,Street Food
4767,11765,1,120.83,South Indian
4768,11766,2,144.26,Chinese
4768,11767,1,240.14,Pizza
4768,11768,2,140.46,North Indian
4768,11769,2,181.88,Biryani
4769,11770,3,248.3,Cafe
4769,11771,2,211.84,Pizza
4770,11772,1,177.32,Cafe
4770,11773,3,152.0,North Indian
4770,11774,3,232.47,Pizza
4770,11775,2,261.45,Chinese
4771,11776,3,204.63,Chinese
4771,11777,2,195.82,Street Food
4771,11778,1,147.31,Chinese
4772,11779,3,127.79,Cafe
4772,11780,3,215.65,Chinese
4772,11781,1,100.21,Chinese
4772,11782,2,257.78,Pizza
4773,11783,3,111.72,Biryani
4773,11784,2,82.25,South Indian
4773,11785,3,163.35,Cafe
4774,11786,3,286.52,Cafe
4775,11787,2,248.45,Biryani
4775,11788,2,165.9,Street Food
4775,11789,3,94.05,North Indian
4775,11790,3,297.0,South Indian
4776,11791,3,251.93,South Indian
4776,11792,1,226.3,Street Food
4777,11793,2,164.42,Pizza
4777,11794,1,120.86,North Indian
4778,11795,2,125.71,Pizza
4778,11796,3,202.76,Chinese
4779,11797,2,228.61,North Indian
4780,11798,3,171.01,Chinese
4780,11799,3,274.32,Biryani
4781,11800,2,190.32,North Indian
4781,11801,2,253.19,Chinese
4781,11802,3,164.71,Cafe
4782,11803,3,250.62,Street Food
4782,11804,2,223.38,Street Food
4782,11805,2,261.65,Pizza
4783,11806,3,228.94,North Indian
4783,11807,2,154.21,Cafe
4783,11808,3,108.99,Pizza
4783,11809,3,244.69,Street Food
4784,11810,2,220.61,Biryani
4784,11811,2,127.26,Pizza
4784,11812,1,116.43,North Indian
4784,11813,2,170.44,Chinese
4785,11814,2,122.43,Chinese
4785,11815,2,119.07,North Indian
4785,11816,2,113.2,Street Food
4785,11817,3,174.88,Chinese
4786,11818,3,101.95,Chinese
4786,11819,1,91.16,Chinese
4786,11820,1,218.95,North Indian
4786,11821,3,293.62,Chinese
4787,11822,2,169.95,Street Food
4788,11823,1,129.24,Cafe
4789,11824,1,199.55,Street Food
4789,11825,2,297.56,South Indian
4789,11826,1,236.11,Biryani
4790,11827,2,170.37,South Indian
4790,11828,1,267.93,Street Food
4790,11829,3,232.2,North Indian
4790,11830,2,108.35,South Indian
4791,11831,1,168.49,Street Food
4792,11832,3,261.16,North Indian
4793,11833,2,113.24,Biryani
4794,11834,3,138.8,Pizza
4795,11835,3,263.01,Pizza
4795,11836,2,215.99,North Indian
4795,11837,2,266.39,Pizza
4796,11838,3,119.64,Biryani
4797,11839,1,290.65,Cafe
4797,11840,2,127.43,Biryani
4797,11841,1,89.84,Cafe
4797,11842,1,218.05,Pizza
4798,11843,1,128.58,Pizza
4798,11844,1,82.38,Cafe
4798,11845,1,277.37,South Indian
4799,11846,2,200.95,Pizza
4800,11847,2,256.79,South Indian
4800,11848,2,104.25,Pizza
4800,11849,1,292.61,South Indian
4801,11850,2,134.08,Biryani
4802,11851,2,142.04,Cafe
4802,11852,1,119.52,Pizza
4803,11853,2,167.59,North Indian
4803,11854,1,128.77,Pizza
4803,11855,1,278.95,Chinese
4803,11856,2,192.24,Pizza
4804,11857,2,179.81,Chinese
4804,11858,2,112.95,Pizza
4805,11859,1,228.38,Pizza
4805,11860,3,276.16,Street Food
4806,11861,1,180.03,Chinese
4807,11862,1,81.69,Chinese
4808,11863,3,187.23,Pizza
4808,11864,3,80.6,Pizza
4808,11865,1,249.97,South Indian
4808,11866,1,233.52,North Indian
4809,11867,2,271.29,Biryani
4809,11868,1,258.24,South Indian
4809,11869,2,255.88,South Indian
4809,11870,3,256.76,Cafe
4810,11871,1,218.52,Chinese
4810,11872,2,196.54,Street Food
4811,11873,1,271.59,Pizza
4811,11874,2,184.08,North Indian
4811,11875,2,207.97,South Indian
4812,11876,1,235.38,South Indian
4812,11877,1,112.54,South Indian
4813,11878,3,138.31,Street Food
4813,11879,3,252.51,Street Food
4813,11880,3,152.8,North Indian
4813,11881,3,85.4,Street Food
4814,11882,2,95.14,Cafe
4815,11883,2,236.22,Biryani
4816,11884,2,101.68,Biryani
4817,11885,1,142.58,Cafe
4817,11886,2,239.15,South Indian
4818,11887,1,248.07,North Indian
4818,11888,2,186.04,Cafe
4818,11889,2,233.98,South Indian
4818,11890,2,234.12,North Indian
4819,11891,3,260.32,Chinese
4820,11892,2,249.64,Chinese
4821,11893,2,284.4,North Indian
4821,11894,3,222.29,North Indian
4822,11895,1,262.26,Street Food
4822,11896,2,176.98,North Indian
4822,11897,1,155.02,Street Food
4822,11898,3,117.32,Street Food
4823,11899,1,282.49,Street Food
4823,11900,3,243.87,North Indian
4824,11901,3,264.92,Biryani
4824,11902,2,163.75,North Indian
4824,11903,2,163.29,Pizza
4824,11904,2,88.1,Biryani
4825,11905,2,289.4,South Indian
4826,11906,1,247.96,North Indian
4826,11907,1,230.84,Street Food
4827,11908,3,98.47,Pizza
4827,11909,3,249.2,South Indian
4827,11910,1,237.84,North Indian
4828,11911,3,126.61,Pizza
4828,11912,2,221.59,North Indian
4828,11913,3,212.47,Cafe
4828,11914,2,238.99,North Indian
4829,11915,2,234.93,Cafe
4829,11916,3,145.12,Cafe
4829,11917,2,262.17,Street Food
4829,11918,2,205.61,Cafe
4830,11919,2,84.72,Pizza
4830,11920,2,270.3,North Indian
4830,11921,3,137.41,South Indian
4831,11922,2,198.36,Street Food
4832,11923,2,112.39,Street Food
4832,11924,1,179.04,Biryani
4832,11925,3,260.13,Pizza
4833,11926,1,295.2,Cafe
4834,11927,3,260.2,North Indian
4834,11928,1,203.44,Biryani
4834,11929,1,242.69,North Indian
4834,11930,3,274.95,Cafe
4835,11931,2,264.46,Biryani
4835,11932,3,94.96,Chinese
4836,11933,3,94.79,Pizza
4837,11934,1,271.92,South Indian
4838,11935,3,169.37,South Indian
4838,11936,3,85.31,Cafe
4838,11937,3,226.74,Biryani
4838,11938,2,182.29,Pizza
4839,11939,1,98.62,Street Food
4839,11940,3,182.11,Street Food
4839,11941,2,191.43,North Indian
4839,11942,1,203.9,Pizza
4840,11943,2,175.48,Pizza
4840,11944,2,124.5,Chinese
4840,11945,3,159.64,Street Food
4840,11946,3,230.89,Biryani
4841,11947,1,88.12,Cafe
4841,11948,1,293.61,Chinese
4842,11949,1,268.21,Street Food
4842,11950,3,285.43,Street Food
4842,11951,2,255.36,Street Food
4842,11952,3,252.14,Biryani
4843,11953,2,89.87,Pizza
4843,11954,2,103.28,Pizza
4844,11955,3,195.49,Street Food
4844,11956,2,121.61,Biryani
4844,11957,1,201.22,Street Food
4845,11958,2,239.93,Chinese
4846,11959,2,189.81,Biryani
4846,11960,1,162.24,Biryani
4846,11961,3,226.67,Chinese
4846,11962,3,201.01,South Indian
4847,11963,2,165.06,Biryani
4847,11964,3,183.33,North Indian
4848,11965,2,111.81,North Indian
4848,11966,1,214.56,North Indian
4849,11967,2,173.67,Biryani
4849,11968,1,112.71,Cafe
4849,11969,2,104.63,North Indian
4849,11970,3,172.45,Biryani
4850,11971,1,161.3,Street Food
4850,11972,1,126.84,North Indian
4851,11973,3,185.25,South Indian
4851,11974,1,150.61,Pizza
4852,11975,3,255.53,Street Food
4852,11976,2,162.26,South Indian
4853,11977,2,119.15,Street Food
4853,11978,1,91.72,Biryani
4853,11979,3,140.89,Biryani
4854,11980,2,185.61,North Indian
4854,11981,1,120.99,South Indian
4854,11982,2,210.0,Street Food
4854,11983,3,123.33,Street Food
4855,11984,1,179.45,Biryani
4855,11985,1,256.14,South Indian
4855,11986,3,128.63,Pizza
4856,11987,3,174.93,North Indian
4856,11988,1,204.88,Chinese
4856,11989,3,238.67,Cafe
4856,11990,2,162.17,Cafe
4857,11991,2,151.64,Pizza
4858,11992,3,186.15,Cafe
4858,11993,3,97.35,Chinese
4858,11994,1,96.32,South Indian
4858,11995,3,146.28,Chinese
4859,11996,1,156.94,Biryani
4859,11997,3,96.83,Street Food
4859,11998,2,188.89,North Indian
4860,11999,2,114.74,Biryani
4860,12000,2,193.43,Street Food
4861,12001,2,210.14,Cafe
4861,12002,2,179.16,Chinese
4862,12003,1,274.05,Chinese
4862,12004,1,123.88,North Indian
4862,12005,2,197.88,Cafe
4862,12006,2,294.83,Cafe
4863,12007,2,83.65,Biryani
4863,12008,2,130.12,Biryani
4863,12009,3,281.49,Chinese
4864,12010,1,252.89,North Indian
4865,12011,2,112.1,Pizza
4866,12012,2,216.89,Chinese
4866,12013,2,265.13,South Indian
4866,12014,1,282.58,North Indian
4866,12015,1,267.18,Cafe
4867,12016,3,200.05,Street Food
4868,12017,3,276.6,Biryani
4868,12018,3,105.0,South Indian
4868,12019,3,208.97,Chinese
4868,12020,2,293.65,Chinese
4869,12021,3,147.47,Biryani
4869,12022,3,97.06,North Indian
4870,12023,3,189.89,Cafe
4870,12024,1,145.9,Chinese
4870,12025,2,91.71,North Indian
4871,12026,2,265.14,Street Food
4871,12027,1,164.56,Chinese
4871,12028,2,279.89,Chinese
4871,12029,2,297.61,North Indian
4872,12030,1,262.72,Chinese
4872,12031,3,135.15,Pizza
4873,12032,1,225.99,Biryani
4873,12033,2,80.87,Cafe
4874,12034,2,134.15,Chinese
4875,12035,2,164.68,North Indian
4875,12036,3,283.7,Cafe
4876,12037,2,230.74,Street Food
4876,12038,3,91.14,North Indian
4876,12039,1,283.79,Biryani
4877,12040,1,177.13,Cafe
4878,12041,1,166.06,Chinese
4878,12042,1,96.4,Street Food
4878,12043,3,98.79,South Indian
4879,12044,1,116.4,Street Food
4880,12045,2,154.35,North Indian
4881,12046,3,89.15,Biryani
4881,12047,2,175.95,Street Food
4881,12048,1,196.33,Chinese
4881,12049,2,106.81,South Indian
4882,12050,2,166.25,Street Food
4882,12051,1,110.91,Chinese
4883,12052,2,279.05,Street Food
4884,12053,3,105.65,Street Food
4884,12054,3,101.76,Chinese
4884,12055,3,184.16,South Indian
4885,12056,3,152.42,Street Food
4886,12057,3,119.22,North Indian
4886,12058,3,269.81,Street Food
4886,12059,3,102.58,Chinese
4887,12060,3,208.24,Biryani
4887,12061,2,190.83,Chinese
4888,12062,2,81.5,North Indian
4889,12063,3,291.53,Street Food
4889,12064,3,167.29,Biryani
4890,12065,3,106.62,Cafe
4890,12066,1,170.68,South Indian
4891,12067,1,262.35,Cafe
4892,12068,1,179.05,North Indian
4893,12069,1,216.24,Biryani
4893,12070,3,146.6,Chinese
4894,12071,3,295.53,Biryani
4894,12072,3,166.02,Chinese
4894,12073,3,145.4,North Indian
4894,12074,3,199.34,Pizza
4895,12075,3,107.42,Street Food
4895,12076,2,180.55,Street Food
4896,12077,3,289.36,Pizza
4896,12078,2,290.45,Street Food
4896,12079,3,206.88,Chinese
4897,12080,1,238.25,Biryani
4897,12081,3,85.6,North Indian
4898,12082,1,93.56,Chinese
4899,12083,1,102.52,Pizza
4899,12084,3,248.85,South Indian
4900,12085,1,199.49,Street Food
4900,12086,1,240.0,South Indian
4900,12087,3,272.88,Chinese
4901,12088,1,287.39,Pizza
4901,12089,1,218.54,Cafe
4901,12090,1,82.21,South Indian
4901,12091,2,134.32,Cafe
4902,12092,1,133.18,Pizza
4902,12093,2,255.97,Cafe
4902,12094,2,184.3,North Indian
4903,12095,1,216.2,Street Food
4903,12096,1,223.4,Street Food
4903,12097,3,225.35,Cafe
4904,12098,3,235.34,Pizza
4904,12099,3,166.93,Pizza
4904,12100,2,91.4,Biryani
4904,12101,3,272.83,Cafe
4905,12102,2,269.92,North Indian
4905,12103,1,178.74,Chinese
4905,12104,1,254.57,Cafe
4905,12105,3,91.39,South Indian
4906,12106,3,87.88,Cafe
4906,12107,2,267.98,North Indian
4907,12108,1,142.4,Pizza
4907,12109,1,155.83,South Indian
4907,12110,2,156.2,North Indian
4907,12111,2,243.89,Street Food
4908,12112,3,119.13,Cafe
4908,12113,2,245.54,Cafe
4909,12114,3,201.2,Street Food
4909,12115,1,128.3,Street Food
4910,12116,3,117.24,Biryani
4911,12117,2,222.58,Street Food
4911,12118,3,116.61,Cafe
4912,12119,3,223.2,Biryani
4912,12120,1,185.18,Street Food
4912,12121,1,140.32,Street Food
4912,12122,1,157.5,Pizza
4913,12123,1,194.63,Biryani
4913,12124,2,207.34,North Indian
4914,12125,3,173.8,Biryani
4915,12126,3,97.79,South Indian
4915,12127,2,134.88,Street Food
4916,12128,3,92.55,North Indian
4916,12129,2,296.35,Street Food
4916,12130,1,189.04,Chinese
4916,12131,1,239.11,Biryani
4917,12132,3,142.16,Biryani
4917,12133,3,214.63,Pizza
4917,12134,1,252.09,Pizza
4918,12135,3,171.55,Pizza
4918,12136,1,249.11,South Indian
4918,12137,3,285.56,Cafe
4918,12138,2,280.63,Chinese
4919,12139,3,251.85,Chinese
4920,12140,3,158.98,Street Food
4920,12141,1,115.83,Chinese
4920,12142,3,153.22,North Indian
4921,12143,1,235.76,Street Food
4921,12144,2,214.71,Chinese
4922,12145,1,208.0,South Indian
4922,12146,3,231.53,North Indian
4922,12147,3,234.88,North Indian
4923,12148,3,170.36,Chinese
4924,12149,1,227.96,Cafe
4924,12150,2,130.46,Cafe
4924,12151,2,241.51,North Indian
4925,12152,3,86.7,North Indian
4925,12153,2,132.22,South Indian
4925,12154,1,132.2,South Indian
4926,12155,3,187.11,Biryani
4926,12156,2,271.04,North Indian
4926,12157,3,123.72,Cafe
4926,12158,3,117.95,Street Food
4927,12159,1,193.51,Pizza
4928,12160,3,259.52,Street Food
4929,12161,2,287.8,Chinese
4929,12162,3,177.49,Street Food
4930,12163,1,289.93,North Indian
4930,12164,1,278.69,Pizza
4930,12165,3,149.78,Biryani
4931,12166,1,246.63,Pizza
4931,12167,1,95.47,Chinese
4931,12168,3,265.08,South Indian
4931,12169,1,297.92,North Indian
4932,12170,3,190.85,South Indian
4933,12171,1,259.61,Street Food
4933,12172,2,251.92,Biryani
4934,12173,3,262.72,North Indian
4934,12174,1,259.09,Biryani
4934,12175,1,192.07,North Indian
4935,12176,3,171.85,Biryani
4935,12177,2,237.36,Street Food
4936,12178,1,108.38,Biryani
4937,12179,2,96.68,Chinese
4937,12180,1,199.67,Pizza
4938,12181,1,193.92,Pizza
4939,12182,2,219.57,Pizza
4940,12183,3,254.36,South Indian
4940,12184,1,247.09,Chinese
4940,12185,3,213.45,Pizza
4940,12186,1,126.12,South Indian
4941,12187,2,121.3,Chinese
4942,12188,2,126.87,South Indian
4942,12189,2,147.2,North Indian
4942,12190,1,170.5,North Indian
4942,12191,1,257.05,Chinese
4943,12192,1,94.44,Street Food
4943,12193,2,104.32,North Indian
4943,12194,1,153.97,Chinese
4943,12195,3,180.15,Chinese
4944,12196,1,238.57,Cafe
4944,12197,1,230.62,South Indian
4945,12198,3,291.22,Pizza
4945,12199,3,182.14,Street Food
4946,12200,2,163.11,Cafe
4947,12201,3,195.0,Cafe
4948,12202,3,201.82,Cafe
4948,12203,2,188.04,Pizza
4948,12204,3,176.35,Chinese
4948,12205,1,127.9,Pizza
4949,12206,3,96.82,Cafe
4949,12207,1,213.42,North Indian
4949,12208,3,293.61,South Indian
4949,12209,3,180.42,Street Food
4950,12210,1,141.1,Pizza
4950,12211,1,88.54,Chinese
4951,12212,3,135.64,Chinese
4952,12213,3,257.87,North Indian
4952,12214,3,242.04,Pizza
4952,12215,3,129.14,North Indian
4952,12216,3,202.21,Street Food
4953,12217,2,291.6,Biryani
4954,12218,2,240.14,North Indian
4954,12219,1,217.8,Cafe
4954,12220,1,156.52,Pizza
4954,12221,2,192.2,Biryani
4955,12222,3,103.33,Biryani
4955,12223,3,151.56,Street Food
4956,12224,3,110.85,Chinese
4956,12225,2,261.99,Biryani
4956,12226,1,248.79,Biryani
4956,12227,1,178.57,Street Food
4957,12228,2,86.84,Pizza
4957,12229,1,193.64,Cafe
4957,12230,2,277.21,North Indian
4958,12231,1,242.55,Street Food
4958,12232,1,248.9,South Indian
4959,12233,3,224.48,South Indian
4959,12234,1,231.09,Chinese
4959,12235,2,230.14,Chinese
4959,12236,3,154.05,South Indian
4960,12237,2,142.13,Cafe
4960,12238,1,179.04,Biryani
4960,12239,3,210.57,Pizza
4961,12240,2,233.68,Biryani
4961,12241,3,198.37,Cafe
4961,12242,3,283.97,South Indian
4961,12243,3,237.48,Street Food
4962,12244,1,247.7,North Indian
4962,12245,3,88.51,Cafe
4963,12246,3,226.54,Chinese
4963,12247,1,249.19,Biryani
4964,12248,2,247.16,North Indian
4964,12249,1,252.1,Chinese
4964,12250,2,103.24,Pizza
4965,12251,3,188.19,Street Food
4965,12252,1,276.35,Chinese
4965,12253,1,287.37,North Indian
4966,12254,3,174.06,Pizza
4966,12255,1,194.8,Chinese
4966,12256,2,112.77,Pizza
4967,12257,2,146.14,Pizza
4967,12258,1,233.05,Biryani
4968,12259,2,98.08,Cafe
4968,12260,1,295.53,Biryani
4968,12261,2,182.56,North Indian
4968,12262,1,133.28,Chinese
4969,12263,1,232.45,Street Food
4969,12264,2,129.31,Cafe
4969,12265,1,181.99,South Indian
4969,12266,2,264.82,Street Food
4970,12267,3,204.58,Biryani
4970,12268,2,224.6,Chinese
4970,12269,3,258.48,Street Food
4970,12270,1,246.05,Street Food
4971,12271,2,255.58,South Indian
4972,12272,2,177.31,Biryani
4973,12273,2,168.87,Biryani
4973,12274,1,142.4,North Indian
4974,12275,3,106.67,Street Food
4974,12276,1,93.02,Biryani
4974,12277,2,248.92,Chinese
4975,12278,1,134.44,Cafe
4975,12279,2,282.91,Street Food
4976,12280,2,101.32,Cafe
4976,12281,1,116.53,Chinese
4976,12282,3,97.75,Cafe
4976,12283,2,92.51,South Indian
4977,12284,1,278.78,Pizza
4977,12285,2,123.52,Cafe
4977,12286,1,157.9,Pizza
4978,12287,2,86.23,Cafe
4978,12288,3,152.73,Pizza
4978,12289,1,149.34,Street Food
4978,12290,3,114.06,North Indian
4979,12291,2,136.72,Street Food
4980,12292,1,210.21,North Indian
4981,12293,1,163.42,Pizza
4981,12294,1,134.53,Pizza
4982,12295,1,252.49,Chinese
4982,12296,1,118.84,Street Food
4983,12297,2,116.07,Cafe
4983,12298,2,252.52,Pizza
4983,12299,3,296.99,South Indian
4984,12300,1,203.32,Street Food
4984,12301,1,149.51,Pizza
4984,12302,1,107.21,Pizza
4985,12303,3,148.79,Cafe
4986,12304,2,241.6,Pizza
4986,12305,3,98.76,Chinese
4986,12306,2,149.21,Pizza
4987,12307,3,293.67,Pizza
4987,12308,3,108.0,Street Food
4987,12309,3,161.12,Biryani
4988,12310,2,267.33,Biryani
4989,12311,1,120.25,South Indian
4989,12312,1,122.87,Biryani
4989,12313,2,210.5,Cafe
4990,12314,3,92.31,South Indian
4990,12315,3,242.1,Street Food
4990,12316,2,272.7,South Indian
4991,12317,2,86.16,Cafe
4992,12318,2,90.03,Pizza
4992,12319,3,226.44,North Indian
4992,12320,3,230.95,Street Food
4992,12321,2,257.82,Chinese
4993,12322,2,280.66,Chinese
4993,12323,1,141.71,Street Food
4993,12324,2,188.31,Pizza
4994,12325,2,251.29,Chinese
4994,12326,3,165.91,Cafe
4994,12327,3,133.96,Chinese
4995,12328,2,257.48,North Indian
4995,12329,2,81.92,Biryani
4995,12330,3,272.23,South Indian
4995,12331,2,145.48,Pizza
4996,12332,3,227.75,Chinese
4996,12333,2,256.51,Pizza
4997,12334,3,130.13,Cafe
4997,12335,3,157.36,Street Food
4997,12336,2,223.71,Pizza
4997,12337,1,208.22,South Indian
4998,12338,1,274.91,Chinese
4999,12339,2,114.58,Chinese
5000,12340,2,240.85,Biryani
5000,12341,2,89.58,Cafe
5000,12342,2,93.3,Cafe
5001,12343,1,265.33,Street Food
5001,12344,2,183.12,Pizza
5002,12345,2,289.48,Chinese
5002,12346,3,286.38,Cafe
5003,12347,3,184.92,South Indian
5004,12348,3,166.73,North Indian
5005,12349,1,161.78,Street Food
5005,12350,1,244.89,Street Food
5006,12351,1,228.28,Biryani
5006,12352,3,285.57,Chinese
5006,12353,2,286.32,Pizza
5007,12354,1,230.85,South Indian
5007,12355,2,99.98,Cafe
5007,12356,2,210.14,Chinese
5008,12357,3,137.76,Cafe
5008,12358,2,212.99,Street Food
5008,12359,2,236.48,Chinese
5008,12360,2,241.27,North Indian
5009,12361,2,239.53,Street Food
5009,12362,1,188.46,Cafe
5010,12363,3,240.13,Street Food
5010,12364,1,176.68,North Indian
5010,12365,3,130.29,Cafe
5011,12366,3,141.57,North Indian
5011,12367,1,126.92,South Indian
5012,12368,3,281.13,Pizza
5012,12369,2,102.52,Pizza
5012,12370,2,236.31,Cafe
5012,12371,3,140.89,North Indian
5013,12372,3,283.06,Chinese
5013,12373,3,160.65,North Indian
5013,12374,1,201.53,South Indian
5014,12375,1,292.26,Chinese
5015,12376,1,235.62,Cafe
5016,12377,3,238.06,South Indian
5016,12378,1,184.9,Street Food
5017,12379,3,220.01,Biryani
5017,12380,2,117.34,Biryani
5017,12381,3,288.42,Pizza
5018,12382,2,185.93,Chinese
5018,12383,1,125.38,South Indian
5018,12384,2,233.83,South Indian
5018,12385,1,260.38,Pizza
5019,12386,3,253.26,Street Food
5019,12387,2,194.41,South Indian
5020,12388,3,207.26,North Indian
5020,12389,2,106.33,North Indian
5020,12390,1,163.46,Pizza
5020,12391,2,246.45,North Indian
5021,12392,1,276.69,Street Food
5021,12393,2,289.83,Street Food
5021,12394,3,164.78,Biryani
5022,12395,2,127.65,Pizza
5022,12396,1,159.46,Chinese
5022,12397,2,134.7,North Indian
5022,12398,2,119.93,Biryani
5023,12399,1,202.35,South Indian
5023,12400,1,226.36,Biryani
5024,12401,1,184.79,South Indian
5024,12402,1,182.76,Cafe
5024,12403,1,103.2,South Indian
5025,12404,1,275.6,Chinese
5025,12405,1,243.26,Biryani
5025,12406,2,91.37,Cafe
5025,12407,1,230.56,Pizza
5026,12408,3,220.56,Street Food
5026,12409,1,195.61,Pizza
5026,12410,3,237.56,North Indian
5027,12411,2,113.16,North Indian
5028,12412,1,271.71,Cafe
5028,12413,1,194.94,Cafe
5028,12414,2,156.38,South Indian
5028,12415,3,299.11,Street Food
5029,12416,3,170.98,North Indian
5029,12417,1,131.61,North Indian
5029,12418,2,258.35,Cafe
5030,12419,2,105.3,Chinese
5030,12420,2,253.7,North Indian
5030,12421,1,116.82,North Indian
5030,12422,3,195.67,North Indian
5031,12423,1,274.92,Chinese
5031,12424,1,182.27,North Indian
5031,12425,1,290.04,Street Food
5031,12426,2,106.79,South Indian
5032,12427,1,177.61,Street Food
5033,12428,2,222.92,Biryani
5033,12429,3,251.9,Chinese
5033,12430,2,230.21,Chinese
5033,12431,1,209.29,Biryani
5034,12432,2,153.76,Chinese
5035,12433,1,278.28,Pizza
5035,12434,2,216.85,Street Food
5035,12435,2,108.15,South Indian
5035,12436,3,174.43,Chinese
5036,12437,3,280.48,Chinese
5037,12438,1,147.86,South Indian
5037,12439,3,201.76,Cafe
5038,12440,1,230.04,Street Food
5038,12441,2,279.47,South Indian
5038,12442,1,187.14,Pizza
5039,12443,3,122.54,Chinese
5039,12444,3,271.36,Cafe
5039,12445,3,278.94,North Indian
5040,12446,3,245.47,Pizza
5040,12447,2,136.41,North Indian
5040,12448,2,202.3,Street Food
5040,12449,3,227.84,Street Food
5041,12450,3,192.36,Cafe
5041,12451,3,277.64,Chinese
5041,12452,3,149.23,Chinese
5041,12453,3,96.58,Cafe
5042,12454,1,166.96,Cafe
5043,12455,2,221.04,Pizza
5043,12456,2,288.92,Biryani
5043,12457,2,217.46,Street Food
5043,12458,3,179.0,Biryani
5044,12459,1,179.99,North Indian
5044,12460,1,292.74,Chinese
5044,12461,3,126.81,Cafe
5045,12462,2,242.92,Chinese
5046,12463,2,296.08,Pizza
5046,12464,3,83.21,Pizza
5047,12465,2,88.64,Street Food
5048,12466,2,155.8,Cafe
5048,12467,3,264.36,Chinese
5049,12468,3,119.26,Pizza
5049,12469,3,278.61,South Indian
5049,12470,1,263.41,Cafe
5049,12471,1,227.01,Street Food
5050,12472,2,289.62,Chinese
5050,12473,2,105.92,Chinese
5051,12474,2,297.85,North Indian
5051,12475,1,267.58,North Indian
5051,12476,1,201.56,Chinese
5051,12477,2,225.14,Cafe
5052,12478,3,105.33,South Indian
5052,12479,1,235.24,South Indian
5052,12480,2,250.63,Pizza
5053,12481,1,207.67,Cafe
5054,12482,2,281.71,Cafe
5055,12483,2,223.74,North Indian
5055,12484,3,289.82,North Indian
5056,12485,2,96.1,South Indian
5056,12486,3,169.25,Street Food
5057,12487,1,209.43,Chinese
5057,12488,2,241.1,Biryani
5058,12489,3,275.81,Biryani
5058,12490,2,270.46,Cafe
5058,12491,2,259.6,North Indian
5059,12492,1,173.76,North Indian
5059,12493,2,139.92,Pizza
5059,12494,1,262.94,Cafe
5059,12495,1,134.45,Pizza
5060,12496,1,252.47,Street Food
5061,12497,3,270.89,Pizza
5062,12498,2,123.33,Biryani
5062,12499,2,98.14,Street Food
5062,12500,3,261.7,Pizza
5063,12501,3,280.29,Pizza
5063,12502,2,121.02,North Indian
5064,12503,2,235.73,Cafe
5064,12504,2,263.14,Street Food
5064,12505,2,136.09,Chinese
5065,12506,2,106.83,South Indian
5065,12507,2,247.27,Street Food
5065,12508,2,147.67,Chinese
5065,12509,1,187.59,Chinese
5066,12510,3,93.97,North Indian
5066,12511,3,241.48,Biryani
5067,12512,1,172.02,Street Food
5067,12513,2,230.93,South Indian
5067,12514,1,219.26,South Indian
5067,12515,1,237.03,Biryani
5068,12516,1,149.09,Cafe
5068,12517,1,83.15,Street Food
5069,12518,1,269.46,South Indian
5070,12519,2,238.04,Biryani
5071,12520,2,172.38,Cafe
5071,12521,2,95.64,Cafe
5071,12522,3,138.5,Street Food
5072,12523,3,233.06,Pizza
5072,12524,1,145.27,Pizza
5072,12525,3,209.6,South Indian
5072,12526,3,98.59,North Indian
5073,12527,3,260.13,Chinese
5073,12528,2,176.84,Pizza
5073,12529,2,282.54,Cafe
5073,12530,3,288.14,Cafe
5074,12531,2,259.61,Street Food
5074,12532,2,164.67,Cafe
5074,12533,2,185.74,Pizza
5074,12534,1,203.67,South Indian
5075,12535,3,227.67,Chinese
5076,12536,3,175.87,Chinese
5076,12537,2,283.85,North Indian
5077,12538,2,93.65,Biryani
5077,12539,3,198.2,Pizza
5077,12540,3,109.56,Biryani
5077,12541,3,187.28,South Indian
5078,12542,2,145.8,Chinese
5078,12543,1,116.65,Pizza
5078,12544,1,231.13,Biryani
5078,12545,2,232.32,Pizza
5079,12546,3,261.91,Pizza
5079,12547,3,131.08,Biryani
5080,12548,3,140.64,North Indian
5080,12549,2,256.09,South Indian
5080,12550,2,171.27,Pizza
5080,12551,1,208.51,South Indian
5081,12552,1,136.53,North Indian
5081,12553,1,99.57,Street Food
5082,12554,3,260.57,South Indian
5082,12555,1,260.58,North Indian
5083,12556,1,256.21,Biryani
5084,12557,3,84.72,Chinese
5084,12558,2,190.39,Chinese
5084,12559,2,195.08,Chinese
5085,12560,1,233.24,Chinese
5085,12561,1,205.29,North Indian
5085,12562,2,96.46,South Indian
5086,12563,3,180.64,Chinese
5086,12564,2,180.06,Biryani
5086,12565,1,149.82,Pizza
5086,12566,3,273.53,South Indian
5087,12567,3,283.59,Street Food
5087,12568,1,152.2,Pizza
5087,12569,2,281.05,Pizza
5087,12570,1,224.55,South Indian
5088,12571,3,274.75,Biryani
5088,12572,2,226.14,North Indian
5088,12573,2,223.73,South Indian
5089,12574,3,165.16,North Indian
5089,12575,3,106.99,Biryani
5089,12576,3,208.29,North Indian
5090,12577,1,138.02,Pizza
5090,12578,3,147.43,Pizza
5090,12579,2,234.81,South Indian
5090,12580,3,123.1,Cafe
5091,12581,1,174.96,Cafe
5091,12582,2,264.03,Pizza
5091,12583,3,180.67,Pizza
5092,12584,3,239.91,Biryani
5092,12585,1,99.9,North Indian
5092,12586,1,224.1,Cafe
5092,12587,2,258.9,Biryani
5093,12588,3,253.06,Biryani
5094,12589,3,243.07,Cafe
5094,12590,1,264.07,South Indian
5094,12591,3,290.12,Pizza
5095,12592,1,281.32,North Indian
5095,12593,2,220.13,Biryani
5096,12594,3,140.28,Chinese
5097,12595,1,261.78,Cafe
5097,12596,3,139.55,Street Food
5097,12597,1,113.11,North Indian
5097,12598,2,154.05,Pizza
5098,12599,3,254.24,Biryani
5098,12600,1,296.79,Chinese
5099,12601,3,114.24,South Indian
5100,12602,2,108.21,South Indian
5100,12603,3,198.46,Chinese
5101,12604,1,91.8,Pizza
5102,12605,2,287.77,Biryani
5102,12606,3,264.4,North Indian
5102,12607,3,140.2,South Indian
5103,12608,1,274.51,Biryani
5104,12609,1,245.67,Chinese
5104,12610,1,187.33,Chinese
5104,12611,1,247.19,Street Food
5105,12612,3,270.77,South Indian
5105,12613,3,91.9,Biryani
5106,12614,1,110.74,Chinese
5106,12615,1,146.5,Cafe
5106,12616,1,98.93,Biryani
5106,12617,1,182.97,North Indian
5107,12618,1,229.09,Street Food
5107,12619,3,133.14,South Indian
5108,12620,2,218.51,South Indian
5108,12621,2,175.96,Chinese
5108,12622,2,176.98,North Indian
5108,12623,2,108.0,Chinese
5109,12624,1,154.26,Chinese
5109,12625,3,283.89,Chinese
5109,12626,2,286.27,South Indian
5109,12627,2,169.38,North Indian
5110,12628,3,134.35,South Indian
5110,12629,3,243.89,South Indian
5110,12630,3,138.58,Pizza
5111,12631,1,291.58,Chinese
5112,12632,3,101.61,Chinese
5113,12633,3,134.9,North Indian
5113,12634,2,114.67,Biryani
5114,12635,3,119.81,Chinese
5114,12636,2,184.09,South Indian
5114,12637,3,274.6,Biryani
5115,12638,1,212.66,Biryani
5116,12639,1,178.98,North Indian
5117,12640,1,297.01,Chinese
5118,12641,3,233.3,Chinese
5118,12642,2,181.63,North Indian
5119,12643,1,98.54,Street Food
5119,12644,1,172.71,Street Food
5119,12645,1,296.27,North Indian
5120,12646,3,238.76,Chinese
5120,12647,3,99.55,North Indian
5120,12648,3,140.74,Chinese
5120,12649,1,166.65,South Indian
5121,12650,2,143.82,South Indian
5121,12651,1,244.72,Biryani
5121,12652,2,209.41,Chinese
5121,12653,1,114.39,Cafe
5122,12654,3,92.4,Street Food
5123,12655,1,282.37,Pizza
5123,12656,2,237.92,South Indian
5124,12657,1,181.6,North Indian
5124,12658,3,191.6,Pizza
5124,12659,3,150.31,Pizza
5125,12660,1,212.35,South Indian
5126,12661,3,245.13,South Indian
5126,12662,1,83.14,Biryani
5127,12663,1,226.43,South Indian
5128,12664,2,193.19,Cafe
5128,12665,2,221.99,Pizza
5129,12666,2,142.41,Chinese
5129,12667,3,170.9,Pizza
5129,12668,1,201.6,Chinese
5129,12669,2,223.93,South Indian
5130,12670,2,256.75,Street Food
5130,12671,1,128.45,Street Food
5130,12672,2,260.41,Chinese
5131,12673,3,142.71,Cafe
5131,12674,1,153.52,Street Food
5131,12675,2,241.67,Chinese
5131,12676,1,182.42,Pizza
5132,12677,2,294.03,Cafe
5132,12678,1,259.88,Biryani
5133,12679,1,253.27,Cafe
5133,12680,2,167.09,Street Food
5133,12681,2,158.97,Cafe
5134,12682,3,169.85,Cafe
5134,12683,2,82.77,Cafe
5134,12684,3,282.74,South Indian
5135,12685,2,243.67,South Indian
5135,12686,1,205.26,Pizza
5136,12687,3,136.38,South Indian
5136,12688,1,81.92,South Indian
5136,12689,1,293.57,South Indian
5137,12690,1,241.12,Chinese
5137,12691,2,185.59,Biryani
5137,12692,3,161.02,Street Food
5138,12693,2,221.06,South Indian
5138,12694,2,167.23,North Indian
5139,12695,1,142.64,Pizza
5139,12696,2,127.08,South Indian
5139,12697,3,266.18,North Indian
5140,12698,1,253.82,South Indian
5141,12699,3,203.1,North Indian
5141,12700,1,216.39,South Indian
5142,12701,3,246.59,Chinese
5142,12702,3,121.84,South Indian
5142,12703,1,213.62,Chinese
5143,12704,1,237.59,Street Food
5144,12705,3,166.71,South Indian
5144,12706,3,137.27,Pizza
5144,12707,2,228.91,Street Food
5145,12708,1,212.76,Biryani
5145,12709,2,198.47,South Indian
5145,12710,3,299.72,Chinese
5146,12711,2,180.74,Biryani
5146,12712,1,91.07,Pizza
5146,12713,3,114.28,Chinese
5146,12714,2,174.81,Pizza
5147,12715,3,147.89,Biryani
5147,12716,1,174.91,Street Food
5147,12717,1,229.6,Biryani
5147,12718,3,148.05,Biryani
5148,12719,3,114.93,Street Food
5148,12720,3,158.32,Street Food
5148,12721,1,196.46,Chinese
5148,12722,3,119.77,Cafe
5149,12723,1,205.59,Cafe
5149,12724,1,162.94,Biryani
5149,12725,1,126.36,Cafe
5149,12726,1,152.03,Street Food
5150,12727,2,133.91,Chinese
5150,12728,3,262.14,Pizza
5151,12729,2,291.41,Street Food
5151,12730,3,139.51,South Indian
5152,12731,3,229.59,Chinese
5152,12732,3,135.31,Pizza
5153,12733,2,103.18,Chinese
5153,12734,1,286.22,Chinese
5153,12735,3,240.35,Pizza
5153,12736,1,200.31,Pizza
5154,12737,1,190.47,Biryani
5154,12738,2,246.71,Street Food
5154,12739,3,232.99,Pizza
5154,12740,3,292.73,Chinese
5155,12741,3,276.71,Chinese
5155,12742,1,245.86,Street Food
5155,12743,3,228.68,Biryani
5156,12744,1,194.43,Pizza
5156,12745,3,235.6,Pizza
5156,12746,1,130.5,Chinese
5157,12747,1,267.02,Biryani
5157,12748,1,232.99,South Indian
5157,12749,1,199.78,Biryani
5158,12750,1,166.91,Street Food
5159,12751,2,183.16,Biryani
5159,12752,1,256.99,Street Food
5160,12753,2,292.42,Biryani
5160,12754,1,218.96,Biryani
5161,12755,1,250.7,South Indian
5162,12756,1,96.89,South Indian
5162,12757,1,190.26,Chinese
5163,12758,1,81.3,South Indian
5163,12759,1,207.59,Chinese
5164,12760,1,96.1,South Indian
5164,12761,1,259.01,Pizza
5165,12762,3,94.64,Cafe
5165,12763,1,210.6,South Indian
5166,12764,1,186.71,South Indian
5167,12765,1,200.84,Pizza
5167,12766,2,121.21,Cafe
5168,12767,1,216.93,Biryani
5169,12768,1,101.49,Cafe
5170,12769,2,219.83,Pizza
5170,12770,3,233.45,North Indian
5170,12771,1,233.81,Street Food
5170,12772,1,224.35,Street Food
5171,12773,2,162.77,Chinese
5172,12774,1,286.58,Cafe
5172,12775,2,196.51,Chinese
5173,12776,3,280.13,Pizza
5173,12777,1,162.0,North Indian
5174,12778,2,238.13,Chinese
5174,12779,2,216.14,North Indian
5174,12780,2,294.8,North Indian
5175,12781,1,109.34,South Indian
5175,12782,3,292.82,North Indian
5175,12783,2,91.71,Biryani
5175,12784,1,224.49,Street Food
5176,12785,3,285.28,South Indian
5177,12786,3,236.95,Street Food
5177,12787,1,119.32,South Indian
5177,12788,1,104.92,Street Food
5178,12789,1,162.42,Biryani
5179,12790,1,138.37,North Indian
5179,12791,3,131.36,Street Food
5180,12792,1,236.51,Pizza
5180,12793,1,159.41,Street Food
5180,12794,1,274.49,North Indian
5181,12795,1,101.72,Pizza
5181,12796,3,156.19,Chinese
5182,12797,3,290.01,Street Food
5182,12798,1,116.84,Pizza
5183,12799,3,85.85,Street Food
5183,12800,1,168.2,Biryani
5183,12801,1,104.85,Pizza
5183,12802,2,254.83,Street Food
5184,12803,3,109.85,Biryani
5184,12804,1,119.49,North Indian
5184,12805,2,121.54,Pizza
5184,12806,2,245.88,Pizza
5185,12807,1,251.54,South Indian
5185,12808,1,88.98,Biryani
5185,12809,2,98.41,Street Food
5185,12810,2,125.92,Cafe
5186,12811,2,287.99,North Indian
5187,12812,1,97.07,Biryani
5187,12813,2,251.45,North Indian
5187,12814,3,155.4,Pizza
5188,12815,2,80.58,Chinese
5188,12816,3,150.38,Biryani
5188,12817,2,170.83,Pizza
5189,12818,1,131.19,Pizza
5189,12819,3,135.11,Pizza
5189,12820,3,188.27,Street Food
5189,12821,1,203.01,Street Food
5190,12822,1,223.09,Pizza
5190,12823,2,225.17,Cafe
5191,12824,2,285.43,South Indian
5192,12825,2,237.93,North Indian
5192,12826,1,189.46,South Indian
5192,12827,2,116.74,Street Food
5193,12828,1,284.57,South Indian
5193,12829,3,121.23,North Indian
5193,12830,1,266.29,Biryani
5193,12831,1,108.7,Chinese
5194,12832,1,245.31,North Indian
5195,12833,2,86.09,South Indian
5195,12834,2,197.52,North Indian
5196,12835,2,86.48,Chinese
5197,12836,2,149.26,North Indian
5198,12837,3,236.92,Chinese
5198,12838,2,256.43,Street Food
5198,12839,1,181.4,Street Food
5198,12840,2,139.73,Chinese
5199,12841,3,175.84,Biryani
5199,12842,3,169.22,South Indian
5199,12843,3,224.62,South Indian
5199,12844,2,262.48,Pizza
5200,12845,2,219.64,Biryani
5201,12846,1,199.33,Street Food
5202,12847,3,93.74,North Indian
5203,12848,2,260.61,Chinese
5204,12849,2,255.06,Pizza
5204,12850,2,176.58,North Indian
5204,12851,3,269.31,South Indian
5204,12852,2,204.19,Street Food
5205,12853,1,186.47,Biryani
5206,12854,1,178.97,Chinese
5206,12855,2,96.52,Pizza
5207,12856,1,108.37,South Indian
5207,12857,3,125.24,North Indian
5207,12858,2,234.87,Chinese
5207,12859,1,147.17,Biryani
5208,12860,2,181.3,South Indian
5208,12861,2,269.65,Street Food
5209,12862,1,215.8,Chinese
5209,12863,3,209.37,Street Food
5210,12864,3,138.91,Biryani
5210,12865,3,184.35,South Indian
5211,12866,3,190.45,South Indian
5211,12867,2,290.61,Biryani
5211,12868,3,272.81,South Indian
5212,12869,3,239.45,Street Food
5212,12870,2,276.18,Street Food
5213,12871,1,234.01,Chinese
5214,12872,3,133.39,Biryani
5215,12873,3,173.21,Street Food
5215,12874,3,255.98,Chinese
5215,12875,2,142.96,Chinese
5215,12876,2,109.77,Pizza
5216,12877,3,202.59,Chinese
5216,12878,3,246.94,Cafe
5217,12879,1,236.22,Biryani
5217,12880,1,201.68,Biryani
5217,12881,2,225.53,Pizza
5218,12882,1,184.13,Chinese
5218,12883,1,262.7,Cafe
5219,12884,1,286.6,Street Food
5219,12885,1,92.43,North Indian
5219,12886,2,173.31,South Indian
5220,12887,1,105.67,Street Food
5220,12888,1,100.21,Pizza
5220,12889,3,123.17,Street Food
5221,12890,1,293.9,Pizza
5221,12891,1,168.25,Cafe
5221,12892,3,202.45,South Indian
5222,12893,1,160.18,North Indian
5222,12894,2,140.71,Chinese
5223,12895,3,105.78,Street Food
5223,12896,2,124.74,Cafe
5223,12897,2,285.48,North Indian
5224,12898,1,182.78,Chinese
5225,12899,2,298.16,Chinese
5225,12900,2,221.14,South Indian
5225,12901,1,218.99,Biryani
5226,12902,1,268.38,Cafe
5226,12903,2,163.28,Biryani
5226,12904,1,277.83,North Indian
5227,12905,3,104.47,Pizza
5227,12906,2,245.53,Street Food
5228,12907,2,225.34,Chinese
5228,12908,1,209.06,Biryani
5229,12909,1,135.7,Street Food
5229,12910,1,151.11,Street Food
5229,12911,3,216.03,Pizza
5229,12912,2,248.23,Biryani
5230,12913,2,132.77,North Indian
5231,12914,2,149.54,North Indian
5232,12915,2,295.95,Street Food
5232,12916,1,255.33,South Indian
5232,12917,2,185.62,Biryani
5233,12918,3,277.49,North Indian
5233,12919,2,290.73,Cafe
5234,12920,2,151.34,South Indian
5234,12921,1,85.66,Biryani
5235,12922,1,135.22,Chinese
5236,12923,3,185.25,Street Food
5236,12924,3,261.7,Pizza
5237,12925,2,125.23,North Indian
5237,12926,3,95.62,Chinese
5238,12927,1,173.67,Street Food
5238,12928,3,209.87,North Indian
5238,12929,3,85.83,Cafe
5238,12930,3,217.86,South Indian
5239,12931,2,213.57,Cafe
5239,12932,1,255.78,Cafe
5239,12933,1,194.15,Pizza
5239,12934,3,290.27,Street Food
5240,12935,2,154.4,Pizza
5241,12936,2,176.31,Chinese
5242,12937,1,103.65,South Indian
5243,12938,1,110.53,South Indian
5243,12939,1,171.37,North Indian
5243,12940,2,247.54,South Indian
5244,12941,1,202.74,Cafe
5244,12942,3,199.05,Cafe
5244,12943,3,291.62,Street Food
5244,12944,1,104.82,South Indian
5245,12945,3,166.04,North Indian
5246,12946,3,234.44,Biryani
5246,12947,2,111.02,North Indian
5246,12948,2,216.06,Cafe
5247,12949,3,212.99,Street Food
5247,12950,2,191.16,Chinese
5247,12951,1,87.13,North Indian
5247,12952,3,94.84,North Indian
5248,12953,2,110.01,Pizza
5248,12954,1,221.16,South Indian
5248,12955,2,117.31,Street Food
5249,12956,1,238.05,Chinese
5249,12957,3,161.01,Biryani
5249,12958,3,283.85,Chinese
5249,12959,3,211.77,Cafe
5250,12960,2,294.56,Street Food
5250,12961,2,233.46,South Indian
5250,12962,2,234.51,Biryani
5251,12963,3,130.52,Chinese
5251,12964,2,189.76,Biryani
5252,12965,3,260.57,Street Food
5252,12966,3,266.7,South Indian
5252,12967,2,177.59,North Indian
5252,12968,2,148.61,Street Food
5253,12969,1,161.17,South Indian
5254,12970,3,227.98,North Indian
5254,12971,2,80.98,Chinese
5254,12972,1,205.36,South Indian
5255,12973,2,243.26,Cafe
5255,12974,1,196.76,Cafe
5255,12975,3,219.19,Biryani
5256,12976,2,237.67,Cafe
5256,12977,3,172.21,Chinese
5256,12978,2,228.83,Pizza
5256,12979,1,279.49,Chinese
5257,12980,1,99.16,North Indian
5258,12981,1,165.67,Street Food
5258,12982,1,163.53,Cafe
5258,12983,3,142.86,North Indian
5259,12984,1,268.01,Chinese
5260,12985,1,190.38,Cafe
5260,12986,3,219.3,Chinese
5260,12987,2,162.17,Chinese
5261,12988,2,221.0,Pizza
5261,12989,2,248.03,Biryani
5262,12990,1,261.05,Street Food
5262,12991,2,282.65,Chinese
5262,12992,2,180.92,South Indian
5263,12993,2,203.23,Street Food
5263,12994,3,157.58,Street Food
5263,12995,1,152.66,South Indian
5263,12996,1,287.5,Cafe
5264,12997,2,180.75,Biryani
5264,12998,3,91.3,Street Food
5264,12999,2,257.2,Cafe
5265,13000,1,267.42,Biryani
5265,13001,3,279.71,Biryani
5266,13002,3,230.84,Cafe
5266,13003,2,152.11,South Indian
5266,13004,1,253.04,Pizza
5267,13005,2,229.3,Biryani
5267,13006,3,215.64,South Indian
5267,13007,1,260.39,Street Food
5267,13008,3,154.67,North Indian
5268,13009,1,92.95,Chinese
5268,13010,1,155.35,Street Food
5268,13011,1,287.1,Chinese
5268,13012,1,171.27,Street Food
5269,13013,2,275.57,South Indian
5269,13014,3,199.54,North Indian
5269,13015,3,298.5,Street Food
5270,13016,2,235.2,Chinese
5270,13017,1,215.31,Pizza
5270,13018,1,148.7,Street Food
5270,13019,2,244.52,North Indian
5271,13020,1,192.45,South Indian
5271,13021,1,167.53,South Indian
5271,13022,1,137.96,Pizza
5272,13023,1,195.99,Pizza
5273,13024,1,178.74,Biryani
5273,13025,1,223.16,Chinese
5273,13026,3,276.48,South Indian
5273,13027,3,128.07,Biryani
5274,13028,2,102.53,Biryani
5275,13029,2,98.71,Cafe
5276,13030,1,298.32,South Indian
5276,13031,3,256.74,South Indian
5276,13032,1,191.01,Chinese
5276,13033,2,141.9,Biryani
5277,13034,1,172.32,Cafe
5277,13035,2,91.93,South Indian
5277,13036,3,83.5,Biryani
5278,13037,1,128.95,Biryani
5278,13038,3,90.62,South Indian
5279,13039,1,207.68,Pizza
5280,13040,3,294.82,Pizza
5280,13041,2,286.7,Cafe
5280,13042,2,180.08,Cafe
5280,13043,2,155.25,Pizza
5281,13044,2,158.56,Chinese
5281,13045,2,215.85,North Indian
5281,13046,1,135.04,Biryani
5281,13047,1,214.94,Cafe
5282,13048,1,158.81,Street Food
5282,13049,3,104.43,North Indian
5282,13050,1,164.0,South Indian
5283,13051,2,125.19,Cafe
5283,13052,1,198.22,Street Food
5283,13053,1,122.27,South Indian
5284,13054,3,288.16,North Indian
5284,13055,1,160.35,Street Food
5285,13056,2,294.24,Biryani
5286,13057,2,244.28,North Indian
5286,13058,2,85.02,Pizza
5286,13059,2,83.82,South Indian
5287,13060,1,164.81,Chinese
5287,13061,3,103.35,Street Food
5287,13062,1,244.2,Chinese
5287,13063,2,259.29,Pizza
5288,13064,1,103.62,Pizza
5288,13065,2,203.75,South Indian
5288,13066,3,297.52,Street Food
5288,13067,1,179.7,Cafe
5289,13068,1,92.0,Biryani
5289,13069,2,91.81,Biryani
5289,13070,2,261.51,South Indian
5289,13071,2,116.9,North Indian
5290,13072,1,242.92,Cafe
5290,13073,2,191.59,South Indian
5291,13074,2,249.05,South Indian
5291,13075,2,200.16,Biryani
5291,13076,2,196.76,Cafe
5291,13077,3,212.57,North Indian
5292,13078,3,158.81,North Indian
5292,13079,2,229.31,Chinese
5292,13080,3,208.12,Street Food
5293,13081,2,263.97,Pizza
5293,13082,3,299.95,Chinese
5293,13083,2,135.31,Chinese
5294,13084,1,261.43,North Indian
5294,13085,1,136.72,Chinese
5295,13086,2,272.06,Cafe
5295,13087,3,195.79,Pizza
5296,13088,2,136.24,North Indian
5296,13089,1,190.46,Pizza
5296,13090,2,211.81,Chinese
5297,13091,1,276.52,Chinese
5298,13092,2,286.55,Street Food
5298,13093,3,229.4,South Indian
5298,13094,2,187.82,Cafe
5298,13095,3,289.67,North Indian
5299,13096,3,233.49,North Indian
5299,13097,3,148.11,North Indian
5300,13098,2,278.07,North Indian
5300,13099,3,188.96,Chinese
5300,13100,3,267.14,North Indian
5300,13101,3,134.6,Pizza
5301,13102,1,226.0,North Indian
5302,13103,3,215.98,Cafe
5302,13104,3,244.07,Pizza
5302,13105,2,157.01,Chinese
5302,13106,1,187.32,Chinese
5303,13107,3,190.62,Street Food
5303,13108,1,271.22,Cafe
5304,13109,2,231.2,Biryani
5304,13110,2,282.49,Chinese
5304,13111,3,91.49,Pizza
5304,13112,3,285.82,North Indian
5305,13113,2,243.4,North Indian
5305,13114,3,151.52,Cafe
5305,13115,2,229.02,North Indian
5306,13116,2,203.13,Biryani
5306,13117,2,295.68,Biryani
5306,13118,1,172.53,Street Food
5306,13119,1,165.36,Pizza
5307,13120,2,205.11,Chinese
5308,13121,1,233.03,North Indian
5308,13122,1,128.2,Biryani
5308,13123,2,171.37,South Indian
5309,13124,1,137.38,Chinese
5309,13125,1,192.37,Chinese
5310,13126,3,168.9,Biryani
5310,13127,1,97.94,South Indian
5310,13128,3,235.98,Biryani
5310,13129,2,266.05,Chinese
5311,13130,3,186.94,Chinese
5311,13131,3,185.98,Cafe
5311,13132,3,218.04,Pizza
5311,13133,3,123.6,Biryani
5312,13134,1,92.86,South Indian
5312,13135,2,217.93,Chinese
5312,13136,3,125.07,Biryani
5312,13137,1,119.69,Chinese
5313,13138,2,135.1,South Indian
5314,13139,1,109.51,Chinese
5315,13140,3,281.68,Cafe
5315,13141,1,104.33,Pizza
5315,13142,1,294.07,Cafe
5315,13143,3,99.9,Cafe
5316,13144,1,182.67,Street Food
5316,13145,3,83.74,Biryani
5316,13146,2,226.82,South Indian
5316,13147,2,80.97,Cafe
5317,13148,1,122.38,Pizza
5317,13149,1,156.63,Pizza
5318,13150,3,242.12,Pizza
5318,13151,2,162.22,Biryani
5319,13152,1,248.6,Biryani
5319,13153,2,256.09,North Indian
5319,13154,2,273.57,Cafe
5320,13155,1,268.13,South Indian
5321,13156,1,84.06,Cafe
5321,13157,1,147.88,Biryani
5321,13158,1,236.08,Chinese
5321,13159,3,297.13,South Indian
5322,13160,1,230.37,South Indian
5322,13161,2,264.59,North Indian
5322,13162,1,202.49,Street Food
5323,13163,1,292.38,Cafe
5323,13164,3,80.73,Cafe
5324,13165,3,234.79,Biryani
5324,13166,2,191.23,Pizza
5324,13167,1,225.49,Biryani
5324,13168,2,123.97,Street Food
5325,13169,3,102.65,Street Food
5326,13170,3,247.66,Pizza
5326,13171,2,254.94,North Indian
5327,13172,3,166.09,Pizza
5327,13173,2,130.28,Street Food
5328,13174,2,118.54,North Indian
5328,13175,3,134.18,Pizza
5328,13176,2,207.93,Chinese
5329,13177,1,122.35,Street Food
5329,13178,2,214.44,Street Food
5329,13179,1,226.93,Biryani
5330,13180,1,263.17,Pizza
5330,13181,2,128.12,Street Food
5330,13182,3,123.55,Street Food
5331,13183,3,124.19,Street Food
5332,13184,3,155.45,Cafe
5332,13185,3,178.61,Street Food
5332,13186,2,171.2,Cafe
5333,13187,3,218.9,North Indian
5334,13188,1,161.21,Biryani
5334,13189,2,202.2,Pizza
5335,13190,1,234.22,Cafe
5336,13191,2,113.39,Cafe
5336,13192,3,144.26,Biryani
5336,13193,3,95.89,Chinese
5336,13194,1,255.85,Biryani
5337,13195,3,190.61,South Indian
5337,13196,1,279.53,North Indian
5338,13197,1,140.84,Pizza
5338,13198,2,189.26,Chinese
5338,13199,3,99.64,Pizza
5339,13200,2,268.57,Pizza
5340,13201,2,110.29,South Indian
5340,13202,1,234.69,Cafe
5340,13203,2,103.87,Biryani
5340,13204,3,152.11,Chinese
5341,13205,1,203.8,Biryani
5342,13206,3,251.31,South Indian
5342,13207,3,267.54,Cafe
5342,13208,2,242.88,Chinese
5343,13209,2,263.4,Pizza
5343,13210,2,96.9,South Indian
5343,13211,3,197.93,Pizza
5343,13212,2,217.57,North Indian
5344,13213,3,276.85,Cafe
5345,13214,3,160.85,Chinese
5346,13215,3,177.59,South Indian
5346,13216,1,288.14,Biryani
5346,13217,3,223.26,Street Food
5346,13218,2,291.04,Cafe
5347,13219,2,257.55,North Indian
5347,13220,3,251.64,North Indian
5348,13221,3,181.13,Pizza
5348,13222,2,103.34,Cafe
5349,13223,3,130.54,North Indian
5349,13224,3,196.83,Biryani
5349,13225,1,298.95,Pizza
5350,13226,1,227.17,North Indian
5350,13227,1,283.81,Street Food
5351,13228,3,286.76,North Indian
5351,13229,1,114.75,Cafe
5352,13230,2,267.53,Pizza
5352,13231,1,177.43,North Indian
5352,13232,1,222.31,South Indian
5352,13233,2,250.36,Biryani
5353,13234,2,159.55,Pizza
5353,13235,1,181.2,North Indian
5354,13236,2,169.24,Cafe
5355,13237,2,257.22,Cafe
5355,13238,1,209.57,Pizza
5355,13239,2,87.47,Chinese
5356,13240,2,124.27,South Indian
5356,13241,1,166.34,Street Food
5356,13242,3,81.24,Street Food
5356,13243,2,139.52,Pizza
5357,13244,3,292.72,Street Food
5357,13245,3,91.02,Chinese
5357,13246,3,292.98,Pizza
5357,13247,3,107.39,Cafe
5358,13248,2,126.72,North Indian
5358,13249,1,292.87,Cafe
5359,13250,2,264.61,Pizza
5359,13251,1,149.57,Pizza
5360,13252,3,87.19,Chinese
5361,13253,2,83.11,North Indian
5362,13254,2,106.87,Chinese
5362,13255,3,253.24,Cafe
5362,13256,3,82.86,North Indian
5363,13257,3,227.73,North Indian
5364,13258,1,194.19,Chinese
5364,13259,2,166.35,Cafe
5364,13260,3,130.99,Chinese
5364,13261,3,189.15,South Indian
5365,13262,3,131.03,Biryani
5365,13263,3,293.27,Biryani
5365,13264,3,140.78,South Indian
5365,13265,1,206.36,Chinese
5366,13266,2,94.89,South Indian
5366,13267,1,104.03,North Indian
5366,13268,2,144.63,Street Food
5366,13269,3,220.23,Street Food
5367,13270,2,218.66,North Indian
5367,13271,1,292.62,Biryani
5368,13272,1,246.25,Biryani
5369,13273,3,83.17,Chinese
5369,13274,1,225.6,Chinese
5369,13275,1,261.65,Chinese
5370,13276,3,217.47,Cafe
5370,13277,3,88.0,Street Food
5370,13278,1,247.27,South Indian
5370,13279,1,202.72,Street Food
5371,13280,3,172.12,Pizza
5371,13281,2,267.57,North Indian
5371,13282,3,165.19,South Indian
5371,13283,3,195.19,Chinese
5372,13284,1,251.84,Cafe
5373,13285,1,222.49,Biryani
5373,13286,3,259.98,Pizza
5373,13287,3,127.93,Pizza
5374,13288,2,227.21,Street Food
5374,13289,1,84.7,North Indian
5374,13290,3,123.24,South Indian
5375,13291,3,246.37,Street Food
5375,13292,1,219.4,Cafe
5376,13293,3,81.88,Pizza
5376,13294,2,133.32,South Indian
5376,13295,1,183.82,Chinese
5376,13296,2,203.03,Biryani
5377,13297,1,128.94,Cafe
5377,13298,1,97.09,Pizza
5377,13299,3,171.29,Chinese
5378,13300,2,169.32,Pizza
5378,13301,2,95.72,South Indian
5378,13302,3,252.09,Cafe
5378,13303,3,202.91,Biryani
5379,13304,1,272.41,North Indian
5379,13305,1,196.75,Pizza
5380,13306,2,139.36,Chinese
5380,13307,3,217.33,South Indian
5380,13308,1,229.51,North Indian
5381,13309,2,82.85,Pizza
5381,13310,2,196.57,North Indian
5382,13311,2,247.12,Pizza
5382,13312,3,284.34,Pizza
5383,13313,2,245.14,Pizza
5383,13314,1,121.66,Pizza
5383,13315,2,206.76,Pizza
5384,13316,2,233.56,North Indian
5384,13317,3,243.92,Chinese
5384,13318,1,179.57,Cafe
5384,13319,1,158.2,Street Food
5385,13320,2,229.14,Cafe
5385,13321,3,197.01,Cafe
5385,13322,2,110.69,Pizza
5386,13323,3,104.75,Biryani
5387,13324,1,247.62,North Indian
5387,13325,1,149.23,Pizza
5387,13326,2,276.49,Cafe
5388,13327,3,270.21,North Indian
5388,13328,2,181.19,Chinese
5389,13329,2,298.5,Street Food
5389,13330,2,93.26,Pizza
5389,13331,3,82.03,Biryani
5389,13332,3,124.5,Street Food
5390,13333,1,269.09,South Indian
5390,13334,2,175.46,Street Food
5391,13335,1,247.07,Chinese
5392,13336,1,134.7,Street Food
5392,13337,2,244.24,Chinese
5392,13338,2,124.61,South Indian
5392,13339,1,251.03,Biryani
5393,13340,1,146.14,Chinese
5393,13341,1,141.36,Chinese
5394,13342,1,154.58,Chinese
5394,13343,2,238.94,Cafe
5394,13344,3,286.48,Street Food
5394,13345,1,168.53,Biryani
5395,13346,3,124.56,South Indian
5396,13347,3,242.58,South Indian
5396,13348,2,99.51,North Indian
5396,13349,3,195.57,Street Food
5397,13350,1,237.36,Street Food
5397,13351,3,280.04,Pizza
5397,13352,3,285.82,Street Food
5397,13353,2,185.91,Street Food
5398,13354,1,219.17,North Indian
5398,13355,1,230.6,Chinese
5399,13356,2,203.26,Pizza
5399,13357,3,120.79,Biryani
5399,13358,1,205.58,Cafe
5400,13359,1,255.24,South Indian
5400,13360,1,239.26,Chinese
5401,13361,3,291.86,Street Food
5402,13362,1,192.29,Street Food
5402,13363,1,270.75,Cafe
5403,13364,1,156.67,Street Food
5403,13365,3,135.16,Street Food
5403,13366,1,280.52,Chinese
5403,13367,2,155.18,Chinese
5404,13368,3,214.84,Chinese
5405,13369,1,137.48,North Indian
5405,13370,1,275.92,Chinese
5406,13371,1,86.16,South Indian
5406,13372,3,113.15,Pizza
5406,13373,1,151.8,Chinese
5406,13374,3,82.0,Pizza
5407,13375,2,177.47,Pizza
5407,13376,3,208.53,Pizza
5407,13377,3,110.64,South Indian
5407,13378,1,251.48,Cafe
5408,13379,1,195.39,South Indian
5408,13380,3,169.71,Biryani
5408,13381,2,164.91,Street Food
5409,13382,2,176.42,North Indian
5409,13383,3,229.62,Cafe
5410,13384,1,84.46,South Indian
5410,13385,2,199.76,South Indian
5411,13386,2,182.7,Street Food
5411,13387,1,166.44,North Indian
5411,13388,2,124.52,North Indian
5412,13389,2,89.21,Pizza
5412,13390,1,243.73,South Indian
5412,13391,3,249.29,South Indian
5413,13392,3,275.92,Chinese
5413,13393,3,90.8,Cafe
5414,13394,3,189.91,Biryani
5414,13395,1,218.97,Pizza
5414,13396,1,135.91,Street Food
5415,13397,3,87.61,North Indian
5415,13398,1,236.93,Street Food
5416,13399,2,170.65,Cafe
5417,13400,2,119.36,Cafe
5417,13401,1,195.32,Chinese
5417,13402,2,147.33,Chinese
5417,13403,1,197.35,Chinese
5418,13404,3,281.03,Cafe
5418,13405,2,113.5,Biryani
5418,13406,2,96.71,Cafe
5418,13407,1,219.45,Biryani
5419,13408,3,173.94,North Indian
5419,13409,2,240.85,Cafe
5419,13410,2,244.44,Street Food
5420,13411,1,270.59,North Indian
5421,13412,2,210.05,Street Food
5421,13413,1,177.28,Biryani
5421,13414,3,153.81,Biryani
5422,13415,3,163.54,Cafe
5423,13416,2,141.04,North Indian
5423,13417,2,165.55,Pizza
5424,13418,2,297.09,Cafe
5424,13419,1,266.64,South Indian
5424,13420,1,174.73,North Indian
5425,13421,3,140.24,South Indian
5425,13422,3,205.89,Chinese
5426,13423,3,135.93,Cafe
5426,13424,1,181.4,Cafe
5426,13425,1,221.29,North Indian
5427,13426,1,215.64,Chinese
5427,13427,1,117.16,Street Food
5427,13428,3,85.62,Chinese
5427,13429,3,284.63,North Indian
5428,13430,2,177.79,Chinese
5428,13431,3,154.76,South Indian
5428,13432,3,123.82,North Indian
5428,13433,2,248.07,Chinese
5429,13434,3,247.28,Chinese
5429,13435,2,241.82,North Indian
5429,13436,1,203.84,Cafe
5429,13437,3,232.9,Chinese
5430,13438,1,81.27,Cafe
5430,13439,1,191.68,Street Food
5431,13440,2,252.95,South Indian
5432,13441,3,209.03,Street Food
5433,13442,1,104.35,Pizza
5433,13443,2,200.46,North Indian
5433,13444,1,171.75,Pizza
5434,13445,2,292.27,Cafe
5434,13446,2,247.03,Pizza
5435,13447,3,109.89,Street Food
5435,13448,3,93.94,Biryani
5436,13449,1,91.92,Cafe
5436,13450,3,245.09,Chinese
5436,13451,1,243.21,South Indian
5437,13452,2,212.08,Cafe
5437,13453,1,253.43,South Indian
5437,13454,3,130.68,Chinese
5437,13455,2,90.4,Street Food
5438,13456,2,221.32,Chinese
5438,13457,2,126.31,Biryani
5439,13458,1,265.45,Biryani
5439,13459,2,242.22,North Indian
5439,13460,1,129.45,North Indian
5440,13461,3,136.03,North Indian
5440,13462,2,202.46,Street Food
5440,13463,1,262.49,Biryani
5440,13464,3,90.3,Chinese
5441,13465,2,294.41,Cafe
5442,13466,3,192.45,Pizza
5442,13467,3,103.28,Biryani
5442,13468,1,263.98,North Indian
5443,13469,1,182.66,South Indian
5443,13470,1,93.06,North Indian
5444,13471,2,143.57,Pizza
5444,13472,3,231.99,Biryani
5444,13473,1,232.2,Pizza
5444,13474,1,186.57,Chinese
5445,13475,1,124.09,Chinese
5446,13476,2,196.13,Biryani
5446,13477,3,140.95,Biryani
5446,13478,2,152.5,Pizza
5447,13479,2,144.63,Chinese
5447,13480,3,163.24,Pizza
5448,13481,2,109.72,Pizza
5449,13482,3,92.77,Chinese
5449,13483,2,137.93,South Indian
5449,13484,1,202.83,Biryani
5449,13485,1,122.45,Biryani
5450,13486,3,220.67,Chinese
5450,13487,1,253.91,Street Food
5451,13488,1,147.35,Biryani
5451,13489,1,250.22,North Indian
5451,13490,2,84.01,Pizza
5452,13491,2,294.34,Chinese
5452,13492,1,231.79,Pizza
5452,13493,2,203.34,Biryani
5453,13494,1,226.62,North Indian
5454,13495,1,168.08,Biryani
5454,13496,1,181.19,South Indian
5454,13497,2,263.53,Biryani
5454,13498,1,134.67,South Indian
5455,13499,2,275.01,South Indian
5455,13500,3,262.59,Biryani
5455,13501,1,246.29,South Indian
5455,13502,1,126.02,Biryani
5456,13503,1,211.87,South Indian
5456,13504,3,233.6,Cafe
5456,13505,2,89.19,Street Food
5457,13506,1,119.78,Cafe
5457,13507,3,264.07,South Indian
5457,13508,2,235.06,North Indian
5458,13509,1,135.87,Cafe
5459,13510,3,147.01,Chinese
5459,13511,2,240.05,South Indian
5459,13512,3,271.27,Pizza
5459,13513,2,88.13,Cafe
5460,13514,3,296.24,Pizza
5461,13515,3,148.21,Cafe
5462,13516,2,206.49,Pizza
5462,13517,1,214.11,North Indian
5462,13518,1,225.93,Cafe
5462,13519,3,135.18,Chinese
5463,13520,1,279.88,Pizza
5463,13521,3,278.87,Street Food
5463,13522,3,101.25,North Indian
5463,13523,3,270.35,North Indian
5464,13524,1,235.27,Pizza
5464,13525,2,174.45,Street Food
5464,13526,2,275.89,North Indian
5465,13527,3,280.62,Cafe
5465,13528,1,277.53,Biryani
5465,13529,3,254.46,Pizza
5465,13530,3,179.86,North Indian
5466,13531,3,209.4,Pizza
5466,13532,2,191.39,South Indian
5466,13533,1,170.24,Chinese
5466,13534,1,106.12,Chinese
5467,13535,2,299.28,Street Food
5467,13536,2,178.84,North Indian
5467,13537,1,164.71,Cafe
5468,13538,3,115.16,Cafe
5468,13539,1,201.71,South Indian
5468,13540,3,264.81,South Indian
5468,13541,2,246.79,Biryani
5469,13542,3,116.21,Biryani
5469,13543,3,208.15,Biryani
5469,13544,2,85.68,Biryani
5470,13545,1,238.19,Chinese
5470,13546,3,299.87,Cafe
5470,13547,2,272.65,South Indian
5471,13548,3,129.92,Street Food
5471,13549,2,127.19,Pizza
5471,13550,1,107.28,Chinese
5471,13551,2,204.41,Pizza
5472,13552,2,260.75,Pizza
5473,13553,2,200.44,Cafe
5473,13554,1,139.62,Chinese
5473,13555,1,81.05,Street Food
5474,13556,1,252.56,Chinese
5474,13557,2,89.93,South Indian
5474,13558,1,91.2,Pizza
5475,13559,1,177.8,Biryani
5475,13560,2,114.96,Pizza
5475,13561,3,242.93,South Indian
5476,13562,3,254.25,South Indian
5476,13563,2,283.26,Street Food
5476,13564,2,136.9,Biryani
5477,13565,3,261.02,Biryani
5477,13566,1,277.15,Chinese
5477,13567,1,255.33,Street Food
5477,13568,3,185.7,South Indian
5478,13569,2,218.84,Chinese
5478,13570,2,177.98,Chinese
5478,13571,3,278.29,Pizza
5478,13572,3,234.49,Street Food
5479,13573,3,186.55,North Indian
5479,13574,1,264.69,Chinese
5480,13575,3,243.87,South Indian
5480,13576,2,222.46,Biryani
5481,13577,2,232.5,Pizza
5482,13578,1,202.81,South Indian
5482,13579,3,168.29,Cafe
5482,13580,3,103.5,Chinese
5482,13581,1,234.14,Chinese
5483,13582,1,157.04,Cafe
5484,13583,1,144.57,South Indian
5485,13584,2,230.06,Cafe
5486,13585,2,157.47,Pizza
5486,13586,1,176.32,South Indian
5486,13587,2,206.64,Street Food
5486,13588,3,231.48,North Indian
5487,13589,2,126.86,Chinese
5487,13590,1,170.3,Cafe
5487,13591,2,119.26,Street Food
5487,13592,2,114.6,Street Food
5488,13593,3,144.7,Biryani
5489,13594,2,279.86,Pizza
5490,13595,2,109.81,Cafe
5490,13596,1,266.6,Pizza
5490,13597,1,111.64,Chinese
5490,13598,2,134.25,North Indian
5491,13599,3,296.48,South Indian
5491,13600,3,94.68,Biryani
5491,13601,2,299.03,Chinese
5491,13602,2,107.74,Pizza
5492,13603,2,164.47,Pizza
5493,13604,3,89.86,South Indian
5493,13605,2,216.48,Pizza
5494,13606,2,236.21,Street Food
5495,13607,1,225.89,South Indian
5495,13608,2,280.26,South Indian
5495,13609,2,86.49,Biryani
5496,13610,1,100.59,South Indian
5496,13611,1,254.45,Street Food
5496,13612,1,259.42,Street Food
5496,13613,2,164.45,Pizza
5497,13614,2,143.03,North Indian
5497,13615,2,131.55,Street Food
5497,13616,1,141.1,Street Food
5497,13617,3,105.06,Cafe
5498,13618,3,141.06,Chinese
5498,13619,1,234.28,Biryani
5498,13620,3,175.55,North Indian
5498,13621,2,201.03,North Indian
5499,13622,3,275.68,South Indian
5499,13623,3,87.04,Chinese
5499,13624,2,129.36,North Indian
5500,13625,2,250.67,Pizza
5500,13626,3,246.59,Street Food
5501,13627,2,158.52,Cafe
5501,13628,2,109.34,North Indian
5501,13629,2,106.21,Pizza
5501,13630,1,298.44,Chinese
5502,13631,2,81.85,South Indian
5502,13632,3,288.18,North Indian
5502,13633,3,167.67,Pizza
5503,13634,2,100.37,Cafe
5503,13635,1,155.61,Street Food
5503,13636,3,208.16,Cafe
5504,13637,3,118.13,Chinese
5504,13638,3,167.37,South Indian
5504,13639,2,134.23,Pizza
5504,13640,1,87.7,Street Food
5505,13641,2,226.41,North Indian
5505,13642,2,99.23,Cafe
5506,13643,3,289.47,North Indian
5506,13644,3,124.17,Biryani
5506,13645,2,209.35,South Indian
5506,13646,1,263.72,South Indian
5507,13647,1,138.77,Cafe
5507,13648,2,257.59,Chinese
5507,13649,3,222.2,Street Food
5507,13650,1,217.37,Pizza
5508,13651,3,115.09,South Indian
5508,13652,2,171.71,North Indian
5508,13653,2,140.99,Pizza
5508,13654,1,150.37,Street Food
5509,13655,2,134.62,Cafe
5509,13656,1,108.05,Street Food
5509,13657,2,278.65,Cafe
5509,13658,2,88.61,Street Food
5510,13659,1,103.59,Biryani
5511,13660,1,208.23,Pizza
5512,13661,3,202.84,Chinese
5513,13662,3,212.24,Street Food
5514,13663,1,178.44,Cafe
5514,13664,2,201.84,Cafe
5514,13665,3,240.03,Street Food
5515,13666,1,276.73,Biryani
5516,13667,2,245.9,Biryani
5517,13668,1,240.12,Biryani
5517,13669,1,151.2,Biryani
5518,13670,2,267.61,Biryani
5519,13671,3,106.56,North Indian
5520,13672,1,142.18,Cafe
5520,13673,1,154.78,North Indian
5521,13674,3,238.78,North Indian
5522,13675,2,295.8,Street Food
5522,13676,1,155.08,Street Food
5522,13677,3,238.54,Street Food
5523,13678,3,209.87,Street Food
5523,13679,1,291.51,Cafe
5523,13680,1,299.92,North Indian
5523,13681,2,234.36,Biryani
5524,13682,2,84.85,South Indian
5524,13683,3,96.52,Chinese
5524,13684,2,291.81,Cafe
5525,13685,2,111.72,North Indian
5525,13686,1,235.24,Street Food
5525,13687,3,156.28,Biryani
5525,13688,1,167.24,South Indian
5526,13689,2,260.01,Chinese
5527,13690,3,278.32,Street Food
5527,13691,2,211.74,Cafe
5527,13692,1,165.53,Cafe
5528,13693,1,133.83,North Indian
5528,13694,3,265.55,Street Food
5529,13695,2,171.8,Street Food
5529,13696,2,189.0,Cafe
5529,13697,1,246.98,Pizza
5529,13698,2,188.01,Cafe
5530,13699,1,84.99,Biryani
5531,13700,1,146.71,Biryani
5531,13701,3,228.59,Pizza
5531,13702,2,222.83,Pizza
5532,13703,2,88.68,Pizza
5532,13704,1,272.64,Street Food
5532,13705,3,273.05,South Indian
5533,13706,1,266.34,North Indian
5533,13707,2,299.16,Chinese
5534,13708,2,136.03,South Indian
5534,13709,2,101.72,South Indian
5534,13710,3,270.61,Chinese
5534,13711,2,187.8,Chinese
5535,13712,1,190.88,North Indian
5535,13713,3,151.04,Biryani
5535,13714,1,206.85,Chinese
5535,13715,1,193.98,Chinese
5536,13716,3,259.43,Chinese
5536,13717,1,228.57,Pizza
5536,13718,3,196.69,Biryani
5537,13719,3,117.84,Pizza
5538,13720,2,163.8,South Indian
5538,13721,1,161.5,Biryani
5538,13722,2,258.25,Pizza
5538,13723,2,231.43,South Indian
5539,13724,2,198.55,North Indian
5539,13725,1,183.4,South Indian
5540,13726,1,197.13,Biryani
5540,13727,3,213.61,Cafe
5540,13728,2,292.36,Street Food
5541,13729,3,260.66,Cafe
5541,13730,1,115.42,Cafe
5541,13731,1,276.68,North Indian
5541,13732,1,269.4,Pizza
5542,13733,3,294.1,Pizza
5543,13734,3,145.16,Cafe
5543,13735,1,109.37,Pizza
5544,13736,2,180.06,Cafe
5544,13737,2,226.73,Chinese
5544,13738,1,298.68,Cafe
5545,13739,3,134.28,North Indian
5545,13740,1,243.46,South Indian
5545,13741,1,241.91,North Indian
5546,13742,3,244.65,Pizza
5546,13743,3,220.17,Pizza
5546,13744,2,220.74,Street Food
5546,13745,2,183.55,Street Food
5547,13746,1,236.73,North Indian
5547,13747,1,225.61,North Indian
5548,13748,1,201.29,Biryani
5548,13749,2,134.32,Pizza
5548,13750,3,118.15,North Indian
5549,13751,3,200.18,Pizza
5550,13752,3,245.65,Street Food
5550,13753,1,121.45,Street Food
5550,13754,2,111.34,Chinese
5550,13755,1,210.12,Biryani
5551,13756,1,138.01,Chinese
5551,13757,2,184.92,Cafe
5552,13758,2,180.36,Chinese
5552,13759,2,228.38,North Indian
5553,13760,1,224.84,Biryani
5553,13761,3,273.0,South Indian
5554,13762,1,285.85,Chinese
5555,13763,2,298.96,South Indian
5555,13764,3,163.26,Biryani
5555,13765,1,208.14,Pizza
5556,13766,3,263.08,Cafe
5556,13767,2,118.8,Cafe
5556,13768,1,246.79,Cafe
5556,13769,3,142.78,Chinese
5557,13770,2,225.95,Cafe
5557,13771,3,148.44,Cafe
5558,13772,1,273.7,Biryani
5558,13773,3,289.48,Cafe
5558,13774,1,230.14,South Indian
5558,13775,3,154.87,South Indian
5559,13776,1,297.97,Chinese
5560,13777,2,97.87,Pizza
5560,13778,3,226.34,Street Food
5560,13779,2,210.25,Chinese
5561,13780,3,297.17,Street Food
5561,13781,2,195.57,Cafe
5561,13782,1,194.36,Cafe
5561,13783,3,193.69,Pizza
5562,13784,3,171.14,North Indian
5562,13785,1,271.34,Chinese
5563,13786,3,152.17,Cafe
5563,13787,3,109.71,North Indian
5563,13788,1,236.72,Chinese
5564,13789,1,130.52,Street Food
5564,13790,2,291.47,North Indian
5564,13791,1,216.13,Pizza
5564,13792,1,188.75,Biryani
5565,13793,1,168.23,South Indian
5565,13794,3,281.36,Biryani
5565,13795,2,274.34,Chinese
5565,13796,2,248.47,Biryani
5566,13797,3,182.25,North Indian
5566,13798,3,185.31,Street Food
5566,13799,3,113.81,Cafe
5566,13800,1,84.47,Biryani
5567,13801,1,253.58,North Indian
5568,13802,1,191.01,Pizza
5568,13803,3,171.57,North Indian
5568,13804,2,120.09,North Indian
5569,13805,2,151.14,Chinese
5569,13806,1,135.74,Biryani
5569,13807,1,204.31,Pizza
5570,13808,1,219.14,Cafe
5570,13809,3,298.0,North Indian
5570,13810,3,192.48,North Indian
5570,13811,3,138.34,Chinese
5571,13812,1,140.04,Street Food
5571,13813,1,186.43,Street Food
5571,13814,3,144.46,Street Food
5571,13815,3,209.61,Pizza
5572,13816,2,234.83,South Indian
5572,13817,3,145.43,Biryani
5572,13818,1,267.77,Chinese
5572,13819,1,180.46,Biryani
5573,13820,1,243.45,North Indian
5573,13821,1,223.56,Cafe
5573,13822,2,125.25,South Indian
5573,13823,2,131.04,Pizza
5574,13824,2,228.61,Street Food
5574,13825,2,189.5,South Indian
5574,13826,2,278.7,Cafe
5574,13827,1,165.36,Cafe
5575,13828,3,267.93,Chinese
5575,13829,1,125.5,North Indian
5575,13830,1,145.9,Street Food
5576,13831,3,100.27,North Indian
5576,13832,2,280.74,North Indian
5576,13833,3,277.0,Street Food
5576,13834,1,270.84,North Indian
5577,13835,1,286.88,Biryani
5577,13836,3,87.75,Cafe
5577,13837,2,299.22,Pizza
5577,13838,3,295.46,Biryani
5578,13839,3,140.05,South Indian
5578,13840,3,99.82,North Indian
5578,13841,1,143.76,South Indian
5578,13842,2,165.81,Biryani
5579,13843,3,91.09,South Indian
5579,13844,2,246.58,Pizza
5580,13845,3,111.77,Chinese
5580,13846,2,197.04,Street Food
5580,13847,3,275.68,Pizza
5581,13848,2,240.44,Pizza
5581,13849,3,247.04,Street Food
5582,13850,3,189.83,Biryani
5583,13851,3,210.99,Cafe
5583,13852,2,265.05,Chinese
5584,13853,3,229.25,North Indian
5584,13854,1,229.57,North Indian
5584,13855,2,214.07,Street Food
5584,13856,3,125.01,Pizza
5585,13857,1,249.61,Pizza
5585,13858,1,269.34,Pizza
5586,13859,2,233.57,Chinese
5586,13860,1,207.62,Cafe
5586,13861,1,208.28,North Indian
5587,13862,2,275.51,Pizza
5587,13863,1,299.74,North Indian
5587,13864,3,166.65,Pizza
5588,13865,3,283.63,Cafe
5588,13866,1,158.91,North Indian
5589,13867,2,92.43,Biryani
5589,13868,2,271.43,Cafe
5589,13869,3,266.31,North Indian
5589,13870,2,264.64,Biryani
5590,13871,1,124.99,Street Food
5591,13872,1,272.2,Street Food
5591,13873,3,184.81,Street Food
5591,13874,3,218.82,Biryani
5592,13875,2,284.82,Pizza
5592,13876,3,275.1,Cafe
5592,13877,3,149.72,Street Food
5592,13878,3,166.36,Pizza
5593,13879,3,93.46,Chinese
5593,13880,2,193.7,Biryani
5593,13881,3,249.47,Pizza
5593,13882,1,296.85,Street Food
5594,13883,3,248.43,North Indian
5594,13884,2,144.34,Biryani
5594,13885,1,294.27,Pizza
5594,13886,1,90.92,South Indian
5595,13887,1,250.7,Cafe
5595,13888,1,126.67,South Indian
5596,13889,3,205.82,Pizza
5596,13890,2,172.55,South Indian
5596,13891,1,134.94,Cafe
5596,13892,3,265.75,Chinese
5597,13893,2,189.94,North Indian
5598,13894,3,213.66,North Indian
5598,13895,3,138.5,Street Food
5599,13896,1,238.94,Chinese
5599,13897,2,245.64,Pizza
5599,13898,2,226.62,Chinese
5600,13899,3,212.01,South Indian
5600,13900,1,232.4,Chinese
5600,13901,1,231.98,Chinese
5601,13902,3,85.68,Pizza
5601,13903,1,81.26,Street Food
5601,13904,1,248.91,Biryani
5601,13905,3,119.01,South Indian
5602,13906,2,289.12,Biryani
5602,13907,2,195.97,Pizza
5603,13908,2,239.76,South Indian
5604,13909,3,222.76,Chinese
5604,13910,2,287.51,Pizza
5604,13911,3,226.12,Cafe
5605,13912,2,170.72,Street Food
5605,13913,2,150.61,Pizza
5605,13914,3,113.2,Biryani
5605,13915,1,102.6,North Indian
5606,13916,3,288.82,Street Food
5607,13917,3,200.19,Biryani
5608,13918,2,168.69,Chinese
5608,13919,2,245.04,Street Food
5608,13920,3,154.45,North Indian
5608,13921,3,82.64,Biryani
5609,13922,1,80.33,Street Food
5610,13923,2,210.8,Cafe
5610,13924,2,135.8,Pizza
5610,13925,1,209.42,Pizza
5610,13926,3,258.49,Street Food
5611,13927,2,122.65,Pizza
5611,13928,3,145.05,Cafe
5611,13929,2,133.29,South Indian
5611,13930,1,146.08,Pizza
5612,13931,2,243.63,Pizza
5612,13932,1,123.7,Pizza
5612,13933,3,276.72,South Indian
5612,13934,1,254.51,Street Food
5613,13935,1,190.44,Biryani
5613,13936,1,155.88,South Indian
5613,13937,1,186.68,South Indian
5613,13938,3,274.94,Pizza
5614,13939,2,297.13,North Indian
5614,13940,2,292.0,North Indian
5615,13941,1,150.29,Street Food
5615,13942,1,135.55,South Indian
5615,13943,2,85.81,Pizza
5616,13944,1,210.94,Chinese
5616,13945,2,288.88,Pizza
5616,13946,2,131.97,Pizza
5616,13947,2,83.54,Biryani
5617,13948,3,105.27,Biryani
5617,13949,1,176.6,Chinese
5617,13950,2,294.94,South Indian
5618,13951,2,160.26,Biryani
5618,13952,2,222.02,Biryani
5618,13953,2,195.27,Cafe
5618,13954,2,191.31,Biryani
5619,13955,3,271.86,Pizza
5619,13956,1,133.84,Cafe
5619,13957,3,214.66,Chinese
5620,13958,2,290.78,Street Food
5620,13959,3,285.2,North Indian
5620,13960,2,133.49,Biryani
5621,13961,1,154.57,Chinese
5621,13962,2,184.88,Chinese
5621,13963,1,176.49,South Indian
5622,13964,1,128.9,Chinese
5623,13965,2,161.22,Cafe
5623,13966,1,252.8,Biryani
5623,13967,1,284.11,Cafe
5623,13968,3,263.17,Pizza
5624,13969,2,188.41,Cafe
5624,13970,3,198.33,South Indian
5624,13971,1,240.7,Cafe
5625,13972,3,251.37,North Indian
5626,13973,3,82.7,Chinese
5626,13974,2,242.68,Pizza
5626,13975,1,163.55,Biryani
5627,13976,2,87.13,Street Food
5627,13977,3,94.77,South Indian
5627,13978,2,146.64,South Indian
5628,13979,2,107.65,Street Food
5628,13980,3,271.34,North Indian
5628,13981,1,121.46,South Indian
5629,13982,1,250.45,Cafe
5629,13983,2,153.97,South Indian
5630,13984,1,272.89,Chinese
5630,13985,3,287.88,Chinese
5630,13986,3,227.52,North Indian
5631,13987,1,190.83,Street Food
5631,13988,3,106.41,Pizza
5631,13989,1,195.58,Biryani
5631,13990,2,248.06,Chinese
5632,13991,3,223.36,Biryani
5632,13992,1,251.22,Cafe
5632,13993,2,296.53,Pizza
5632,13994,2,134.46,Biryani
5633,13995,2,128.29,Street Food
5633,13996,3,239.44,Cafe
5633,13997,2,266.02,Pizza
5633,13998,1,205.23,Street Food
5634,13999,3,258.29,Chinese
5634,14000,1,254.01,Cafe
5634,14001,1,230.95,Chinese
5634,14002,2,299.11,Street Food
5635,14003,2,234.94,Biryani
5636,14004,1,287.93,Street Food
5636,14005,3,85.98,North Indian
5636,14006,1,284.4,Biryani
5636,14007,1,236.35,Street Food
5637,14008,2,158.25,Pizza
5637,14009,3,114.83,Chinese
5638,14010,1,83.45,Biryani
5638,14011,2,227.56,Street Food
5638,14012,2,173.58,North Indian
5638,14013,1,180.94,Chinese
5639,14014,3,201.25,Cafe
5639,14015,3,288.03,Pizza
5640,14016,2,256.34,Chinese
5640,14017,3,99.92,Biryani
5641,14018,3,87.55,Biryani
5641,14019,3,190.18,North Indian
5641,14020,2,152.45,Chinese
5641,14021,1,231.95,Cafe
5642,14022,2,123.08,Pizza
5643,14023,3,217.86,South Indian
5643,14024,2,194.75,Cafe
5643,14025,3,288.02,North Indian
5644,14026,3,233.61,North Indian
5644,14027,2,98.06,South Indian
5644,14028,1,169.92,Pizza
5644,14029,2,119.97,Cafe
5645,14030,3,103.49,Pizza
5645,14031,3,133.31,Pizza
5646,14032,1,186.37,Biryani
5647,14033,1,178.96,Cafe
5647,14034,3,249.6,North Indian
5647,14035,2,295.28,Street Food
5648,14036,2,98.58,Pizza
5648,14037,1,185.48,North Indian
5649,14038,3,122.29,North Indian
5649,14039,3,161.84,South Indian
5649,14040,1,169.76,Chinese
5649,14041,3,282.69,South Indian
5650,14042,3,284.35,Pizza
5650,14043,2,115.61,Biryani
5650,14044,2,173.62,Street Food
5650,14045,2,90.1,Pizza
5651,14046,2,161.71,Chinese
5651,14047,3,158.26,Cafe
5651,14048,1,241.7,Cafe
5651,14049,2,143.93,Cafe
5652,14050,2,287.56,Cafe
5653,14051,2,278.04,South Indian
5653,14052,2,294.99,Chinese
5653,14053,1,119.34,Street Food
5653,14054,3,197.3,Biryani
5654,14055,1,218.2,Chinese
5655,14056,3,178.46,South Indian
5655,14057,2,186.57,Chinese
5655,14058,2,252.52,Street Food
5656,14059,1,195.81,South Indian
5656,14060,2,287.06,North Indian
5657,14061,1,161.37,Cafe
5657,14062,2,241.73,Cafe
5657,14063,2,207.57,North Indian
5658,14064,2,83.03,Street Food
5658,14065,1,174.19,Street Food
5658,14066,1,98.92,Street Food
5658,14067,2,218.53,Pizza
5659,14068,1,222.54,North Indian
5660,14069,2,225.98,Chinese
5660,14070,1,89.26,Cafe
5660,14071,2,153.86,Chinese
5661,14072,3,201.82,South Indian
5662,14073,3,185.06,Pizza
5662,14074,3,217.05,North Indian
5663,14075,2,213.54,Chinese
5663,14076,3,133.24,Pizza
5663,14077,3,156.62,Street Food
5663,14078,3,261.37,North Indian
5664,14079,3,166.62,Biryani
5664,14080,1,168.76,Pizza
5665,14081,1,146.97,Chinese
5665,14082,3,281.59,North Indian
5666,14083,1,195.28,South Indian
5666,14084,1,156.89,Cafe
5666,14085,2,271.66,Street Food
5666,14086,1,137.34,Street Food
5667,14087,2,234.52,Street Food
5667,14088,3,87.75,North Indian
5667,14089,3,87.67,Chinese
5667,14090,1,210.17,Street Food
5668,14091,2,234.32,Cafe
5669,14092,2,219.03,Cafe
5669,14093,2,102.99,North Indian
5669,14094,3,206.58,North Indian
5669,14095,3,176.26,Biryani
5670,14096,1,96.17,Cafe
5670,14097,1,289.53,Biryani
5670,14098,1,275.26,Pizza
5670,14099,3,280.43,North Indian
5671,14100,1,130.56,Street Food
5671,14101,3,144.69,Biryani
5672,14102,3,119.74,North Indian
5673,14103,1,102.25,Chinese
5673,14104,2,137.44,Pizza
5673,14105,2,298.97,Chinese
5674,14106,1,104.57,Cafe
5674,14107,2,128.19,North Indian
5674,14108,1,177.1,Biryani
5674,14109,3,179.53,South Indian
5675,14110,3,158.02,Pizza
5675,14111,3,220.55,Chinese
5676,14112,2,160.05,Biryani
5676,14113,1,218.79,Street Food
5676,14114,3,215.72,Pizza
5676,14115,1,182.57,South Indian
5677,14116,1,246.86,Cafe
5677,14117,2,100.69,Pizza
5678,14118,2,117.95,Cafe
5679,14119,2,263.54,Cafe
5680,14120,2,99.26,Pizza
5680,14121,2,88.12,Chinese
5680,14122,2,248.53,Chinese
5681,14123,2,137.47,Chinese
5681,14124,3,225.11,Street Food
5682,14125,3,278.64,Pizza
5682,14126,3,211.14,Street Food
5683,14127,2,98.99,Street Food
5683,14128,3,255.6,North Indian
5683,14129,1,285.05,Cafe
5684,14130,3,89.8,Biryani
5684,14131,3,186.72,Pizza
5684,14132,1,84.6,South Indian
5684,14133,3,257.75,Pizza
5685,14134,3,166.28,Chinese
5685,14135,3,116.25,South Indian
5686,14136,3,171.72,Street Food
5686,14137,2,141.89,Street Food
5686,14138,1,148.42,Chinese
5686,14139,2,80.75,South Indian
5687,14140,3,107.27,Chinese
5687,14141,1,142.13,Chinese
5687,14142,2,155.13,North Indian
5687,14143,3,123.44,Cafe
5688,14144,3,113.54,North Indian
5688,14145,1,197.34,North Indian
5688,14146,3,159.22,North Indian
5688,14147,1,206.64,Chinese
5689,14148,1,271.56,Street Food
5689,14149,2,250.0,Cafe
5689,14150,2,154.64,Chinese
5690,14151,3,190.73,North Indian
5690,14152,3,279.04,Street Food
5690,14153,3,282.99,Street Food
5690,14154,1,176.49,Pizza
5691,14155,1,166.08,South Indian
5692,14156,1,232.3,South Indian
5692,14157,3,216.03,Pizza
5692,14158,3,285.99,Street Food
5693,14159,1,169.48,South Indian
5693,14160,2,134.44,South Indian
5694,14161,1,178.74,Street Food
5694,14162,2,176.57,Pizza
5694,14163,3,153.86,Biryani
5694,14164,3,269.18,Biryani
5695,14165,2,198.23,Pizza
5695,14166,3,235.4,Cafe
5695,14167,2,208.39,South Indian
5696,14168,2,213.56,South Indian
5696,14169,1,124.28,Pizza
5696,14170,2,220.19,Pizza
5697,14171,3,245.06,Pizza
5697,14172,2,191.02,Street Food
5698,14173,3,152.67,Pizza
5699,14174,2,222.16,South Indian
5699,14175,1,86.98,North Indian
5699,14176,2,107.16,Street Food
5699,14177,3,250.95,Cafe
5700,14178,2,179.04,North Indian
5701,14179,1,146.53,South Indian
5701,14180,3,229.73,South Indian
5701,14181,1,123.94,Street Food
5702,14182,3,287.11,Street Food
5702,14183,1,192.66,North Indian
5702,14184,2,168.62,Biryani
5703,14185,1,134.9,South Indian
5704,14186,1,271.69,South Indian
5705,14187,1,95.83,Chinese
5705,14188,2,250.48,Street Food
5705,14189,1,203.94,Biryani
5706,14190,2,186.63,Chinese
5707,14191,2,207.56,North Indian
5708,14192,3,163.07,Pizza
5709,14193,3,172.45,South Indian
5710,14194,3,163.61,North Indian
5710,14195,2,167.38,South Indian
5711,14196,3,118.41,South Indian
5711,14197,2,269.82,Pizza
5711,14198,3,220.6,South Indian
5711,14199,1,285.28,Chinese
5712,14200,3,252.0,Street Food
5713,14201,2,291.57,North Indian
5713,14202,1,154.22,Pizza
5714,14203,1,93.28,Chinese
5714,14204,1,97.03,Cafe
5715,14205,3,275.8,Pizza
5715,14206,3,83.89,South Indian
5715,14207,3,215.33,Biryani
5715,14208,1,88.18,Biryani
5716,14209,3,157.84,Cafe
5716,14210,2,196.81,Pizza
5716,14211,2,90.92,Biryani
5716,14212,1,172.12,North Indian
5717,14213,3,284.6,Street Food
5717,14214,1,105.02,North Indian
5717,14215,2,289.84,Pizza
5717,14216,1,91.86,Street Food
5718,14217,1,283.18,Cafe
5718,14218,1,207.28,South Indian
5718,14219,3,82.2,South Indian
5718,14220,1,280.95,Chinese
5719,14221,1,167.52,North Indian
5719,14222,2,81.6,South Indian
5719,14223,3,285.86,Pizza
5719,14224,2,193.01,Chinese
5720,14225,3,195.16,Biryani
5720,14226,3,215.53,North Indian
5720,14227,1,117.01,South Indian
5720,14228,3,105.78,Chinese
5721,14229,1,211.13,Cafe
5721,14230,1,118.04,Biryani
5722,14231,3,229.38,Cafe
5722,14232,2,136.3,North Indian
5722,14233,2,210.38,Cafe
5722,14234,3,134.74,Street Food
5723,14235,2,249.59,Chinese
5723,14236,2,131.64,North Indian
5723,14237,3,198.14,Cafe
5724,14238,2,212.03,Pizza
5724,14239,3,91.46,Pizza
5724,14240,3,262.85,Biryani
5725,14241,3,296.11,Cafe
5725,14242,2,127.67,Pizza
5726,14243,2,265.3,Chinese
5726,14244,3,222.9,Street Food
5727,14245,2,262.95,Chinese
5728,14246,3,188.42,North Indian
5728,14247,1,272.39,Pizza
5729,14248,1,215.76,North Indian
5729,14249,3,121.42,Pizza
5729,14250,1,100.9,North Indian
5729,14251,1,248.49,Biryani
5730,14252,2,122.45,South Indian
5731,14253,2,228.13,Biryani
5732,14254,2,84.05,North Indian
5732,14255,1,148.72,North Indian
5732,14256,1,275.06,Street Food
5732,14257,1,297.58,South Indian
5733,14258,1,81.57,Pizza
5733,14259,1,296.97,Cafe
5733,14260,2,92.0,Biryani
5734,14261,1,297.73,Street Food
5734,14262,2,108.7,Pizza
5735,14263,1,130.84,Pizza
5735,14264,1,144.42,Biryani
5735,14265,1,121.87,North Indian
5735,14266,1,184.58,Street Food
5736,14267,1,212.45,Biryani
5736,14268,2,149.62,Street Food
5736,14269,2,90.16,Cafe
5736,14270,1,212.82,Street Food
5737,14271,1,201.9,Biryani
5737,14272,3,82.56,Cafe
5737,14273,2,170.88,Pizza
5738,14274,3,158.78,Cafe
5738,14275,2,299.5,Chinese
5739,14276,1,183.81,Pizza
5739,14277,1,159.53,Chinese
5739,14278,1,132.76,North Indian
5740,14279,3,120.86,Biryani
5740,14280,2,185.37,North Indian
5741,14281,2,171.13,Street Food
5742,14282,1,117.08,Biryani
5742,14283,1,292.71,Chinese
5742,14284,2,176.87,Chinese
5742,14285,1,226.14,Biryani
5743,14286,2,183.58,Pizza
5744,14287,1,113.25,Street Food
5744,14288,2,270.02,Biryani
5744,14289,3,266.35,Pizza
5745,14290,1,166.63,North Indian
5745,14291,2,195.92,Biryani
5745,14292,3,234.69,Cafe
5746,14293,2,259.45,Biryani
5747,14294,1,185.02,North Indian
5747,14295,2,270.47,North Indian
5748,14296,1,136.77,Street Food
5749,14297,1,114.59,Street Food
5749,14298,3,148.59,Chinese
5749,14299,2,292.55,Pizza
5750,14300,1,281.37,South Indian
5750,14301,2,96.36,Street Food
5751,14302,3,138.01,Biryani
5751,14303,1,230.13,Pizza
5751,14304,3,150.66,Chinese
5751,14305,3,91.77,Chinese
5752,14306,3,259.17,South Indian
5752,14307,2,81.64,North Indian
5752,14308,3,295.7,North Indian
5752,14309,2,168.73,North Indian
5753,14310,1,165.13,South Indian
5753,14311,3,272.9,North Indian
5753,14312,1,227.86,Pizza
5753,14313,1,197.1,Cafe
5754,14314,3,289.52,Street Food
5755,14315,2,115.71,South Indian
5756,14316,2,209.17,Chinese
5756,14317,2,137.1,North Indian
5756,14318,1,205.34,Street Food
5757,14319,2,268.27,Cafe
5757,14320,2,239.02,Street Food
5757,14321,2,201.65,South Indian
5758,14322,1,107.05,Cafe
5758,14323,2,125.27,Cafe
5758,14324,3,117.96,Street Food
5759,14325,1,135.77,Pizza
5760,14326,2,224.95,Pizza
5760,14327,1,140.45,Cafe
5760,14328,3,112.09,South Indian
5761,14329,3,173.59,Chinese
5762,14330,3,96.12,North Indian
5762,14331,2,282.52,Chinese
5763,14332,1,129.35,Cafe
5763,14333,3,257.97,North Indian
5763,14334,3,234.37,Biryani
5763,14335,1,132.37,Street Food
5764,14336,2,150.09,North Indian
5764,14337,2,143.06,Chinese
5764,14338,2,121.43,South Indian
5764,14339,1,288.24,Cafe
5765,14340,3,254.35,North Indian
5765,14341,2,87.42,Chinese
5765,14342,3,260.74,North Indian
5766,14343,3,273.96,Pizza
5767,14344,1,221.21,Chinese
5768,14345,3,274.66,South Indian
5768,14346,3,103.14,Street Food
5768,14347,1,288.23,Biryani
5768,14348,3,266.52,North Indian
5769,14349,3,174.21,Cafe
5769,14350,3,244.87,Pizza
5769,14351,3,162.66,North Indian
5769,14352,3,256.16,Biryani
5770,14353,1,140.34,Street Food
5770,14354,3,151.0,Cafe
5771,14355,3,142.37,Chinese
5771,14356,2,132.9,Chinese
5771,14357,3,129.04,Street Food
5772,14358,1,175.04,Biryani
5772,14359,2,87.57,Street Food
5772,14360,2,190.43,Chinese
5772,14361,1,263.94,Chinese
5773,14362,1,226.47,Cafe
5773,14363,3,186.41,Cafe
5774,14364,1,135.9,North Indian
5774,14365,3,127.14,North Indian
5774,14366,1,280.63,North Indian
5775,14367,3,167.52,Biryani
5775,14368,3,178.49,Street Food
5775,14369,1,242.31,Chinese
5776,14370,3,84.67,Street Food
5776,14371,3,286.38,North Indian
5777,14372,2,282.77,South Indian
5777,14373,3,94.83,Chinese
5777,14374,2,240.58,Pizza
5778,14375,3,90.92,South Indian
5778,14376,3,273.33,Biryani
5778,14377,3,276.18,Chinese
5778,14378,1,173.72,Street Food
5779,14379,1,211.3,Cafe
5780,14380,1,258.75,Street Food
5780,14381,3,282.9,Street Food
5780,14382,2,119.05,Pizza
5781,14383,3,294.96,Street Food
5782,14384,2,190.51,South Indian
5783,14385,1,113.02,Street Food
5784,14386,2,286.04,Chinese
5785,14387,3,112.67,Cafe
5785,14388,1,126.13,North Indian
5786,14389,2,165.84,Pizza
5786,14390,1,156.17,Cafe
5787,14391,3,267.29,Cafe
5787,14392,2,107.12,South Indian
5788,14393,3,105.55,Chinese
5788,14394,1,121.69,Cafe
5788,14395,1,189.3,Street Food
5788,14396,2,121.5,South Indian
5789,14397,3,188.22,Street Food
5789,14398,2,269.84,South Indian
5789,14399,1,228.77,Chinese
5790,14400,1,214.02,South Indian
5790,14401,1,176.64,South Indian
5791,14402,2,104.63,Street Food
5791,14403,3,180.18,Biryani
5791,14404,3,215.62,South Indian
5791,14405,2,91.09,Cafe
5792,14406,3,109.91,Cafe
5792,14407,2,129.77,Cafe
5792,14408,3,257.48,North Indian
5793,14409,2,231.6,Street Food
5793,14410,3,200.43,Pizza
5793,14411,3,256.16,Street Food
5794,14412,2,144.98,Cafe
5794,14413,1,187.48,Pizza
5795,14414,2,112.77,Biryani
5795,14415,3,217.9,Pizza
5795,14416,3,252.67,North Indian
5796,14417,3,112.69,South Indian
5796,14418,2,102.81,Street Food
5797,14419,1,224.23,North Indian
5798,14420,1,184.59,South Indian
5799,14421,3,89.76,Cafe
5799,14422,2,169.1,Biryani
5799,14423,2,290.03,Cafe
5800,14424,3,240.97,North Indian
5800,14425,1,126.45,Cafe
5800,14426,3,107.74,South Indian
5801,14427,1,202.7,Cafe
5801,14428,1,195.22,Chinese
5802,14429,1,287.05,Cafe
5802,14430,3,206.61,South Indian
5802,14431,3,262.81,North Indian
5802,14432,1,185.61,Biryani
5803,14433,3,273.15,Biryani
5803,14434,1,185.54,South Indian
5803,14435,1,129.54,North Indian
5804,14436,3,201.86,South Indian
5804,14437,2,222.89,Biryani
5804,14438,1,215.8,Cafe
5804,14439,3,126.01,North Indian
5805,14440,1,217.41,North Indian
5805,14441,2,265.34,Chinese
5805,14442,2,237.16,Biryani
5806,14443,3,80.68,Pizza
5806,14444,3,141.23,Street Food
5807,14445,3,256.87,Biryani
5807,14446,1,101.06,Cafe
5807,14447,1,177.99,Street Food
5807,14448,2,206.47,Pizza
5808,14449,2,265.31,Chinese
5808,14450,2,86.86,Cafe
5809,14451,1,83.41,South Indian
5809,14452,2,150.82,Biryani
5809,14453,3,108.64,South Indian
5809,14454,2,201.39,North Indian
5810,14455,3,86.04,Biryani
5811,14456,3,223.42,South Indian
5811,14457,3,298.34,North Indian
5812,14458,3,280.35,Chinese
5812,14459,2,185.87,Biryani
5813,14460,2,193.4,Street Food
5813,14461,2,128.22,North Indian
5814,14462,2,249.43,North Indian
5814,14463,2,274.54,Cafe
5814,14464,1,127.6,North Indian
5815,14465,1,163.89,Pizza
5815,14466,3,276.17,North Indian
5815,14467,3,275.84,Street Food
5815,14468,2,126.9,South Indian
5816,14469,1,206.08,North Indian
5817,14470,3,100.53,North Indian
5817,14471,3,153.13,Street Food
5817,14472,1,85.62,South Indian
5817,14473,2,125.22,North Indian
5818,14474,2,230.74,South Indian
5818,14475,2,188.44,North Indian
5819,14476,1,250.27,South Indian
5819,14477,2,205.89,Street Food
5819,14478,1,86.05,North Indian
5819,14479,3,207.76,North Indian
5820,14480,2,296.69,Chinese
5821,14481,1,184.9,Cafe
5821,14482,1,166.05,Cafe
5822,14483,2,294.23,Chinese
5822,14484,1,145.68,Biryani
5822,14485,2,284.97,South Indian
5823,14486,2,273.4,Chinese
5823,14487,1,248.91,Chinese
5824,14488,3,225.33,North Indian
5824,14489,2,237.63,South Indian
5825,14490,2,217.34,North Indian
5825,14491,1,85.33,Pizza
5825,14492,1,279.44,Street Food
5825,14493,3,87.53,Chinese
5826,14494,3,258.79,Biryani
5826,14495,1,266.36,Chinese
5826,14496,3,294.57,Chinese
5826,14497,1,282.49,Biryani
5827,14498,3,212.99,Cafe
5828,14499,3,269.13,Street Food
5828,14500,2,141.09,Pizza
5828,14501,2,289.32,Pizza
5828,14502,3,233.34,Biryani
5829,14503,3,178.4,Chinese
5830,14504,1,293.34,Chinese
5830,14505,1,283.84,Street Food
5831,14506,1,294.22,Chinese
5831,14507,3,226.52,Pizza
5831,14508,2,255.46,Chinese
5832,14509,3,253.15,North Indian
5833,14510,3,166.58,Pizza
5834,14511,3,241.99,Street Food
5834,14512,1,87.8,North Indian
5834,14513,1,129.3,Chinese
5835,14514,2,272.09,Chinese
5836,14515,2,218.62,North Indian
5837,14516,2,252.35,Chinese
5838,14517,2,148.05,Chinese
5838,14518,1,294.78,North Indian
5838,14519,1,275.68,North Indian
5838,14520,1,144.44,Pizza
5839,14521,2,135.42,Pizza
5839,14522,2,196.25,South Indian
5839,14523,2,241.0,Biryani
5840,14524,2,117.49,Pizza
5840,14525,1,142.05,Biryani
5840,14526,3,213.1,Cafe
5840,14527,2,167.19,South Indian
5841,14528,2,172.85,North Indian
5841,14529,1,196.68,Street Food
5841,14530,2,212.54,Street Food
5842,14531,1,297.3,North Indian
5843,14532,3,276.34,Cafe
5843,14533,2,157.64,Street Food
5844,14534,1,202.51,North Indian
5844,14535,2,204.55,Biryani
5844,14536,1,147.82,North Indian
5845,14537,1,176.62,Cafe
5845,14538,1,250.69,Chinese
5845,14539,1,219.03,Street Food
5846,14540,2,288.87,Pizza
5846,14541,3,225.49,South Indian
5846,14542,1,217.69,Street Food
5847,14543,1,234.13,North Indian
5847,14544,3,180.88,Pizza
5848,14545,1,159.69,Pizza
5849,14546,2,192.18,Chinese
5850,14547,2,210.62,Chinese
5850,14548,2,247.44,Street Food
5850,14549,3,213.53,Cafe
5851,14550,2,230.3,North Indian
5851,14551,3,199.29,South Indian
5852,14552,1,268.36,Cafe
5853,14553,2,219.2,Chinese
5853,14554,3,230.23,Chinese
5854,14555,3,211.05,Street Food
5854,14556,1,251.85,Pizza
5854,14557,3,237.75,Biryani
5854,14558,1,237.87,Chinese
5855,14559,3,280.09,Biryani
5855,14560,2,84.4,North Indian
5855,14561,3,225.32,Pizza
5856,14562,3,136.12,Pizza
5856,14563,1,274.03,Cafe
5856,14564,3,114.03,Street Food
5857,14565,3,243.12,Cafe
5857,14566,3,188.75,North Indian
5857,14567,3,290.67,Cafe
5858,14568,2,167.41,Street Food
5858,14569,3,257.22,Pizza
5859,14570,3,183.4,South Indian
5859,14571,2,196.85,Chinese
5859,14572,1,140.32,South Indian
5860,14573,1,203.84,Cafe
5860,14574,3,180.01,Pizza
5860,14575,1,266.27,Biryani
5861,14576,2,177.14,Cafe
5861,14577,2,175.16,Street Food
5861,14578,2,245.78,Street Food
5861,14579,3,97.96,North Indian
5862,14580,2,116.01,Cafe
5862,14581,2,107.76,Biryani
5863,14582,1,178.63,Cafe
5863,14583,3,189.17,Cafe
5864,14584,3,254.58,Pizza
5865,14585,2,206.54,North Indian
5865,14586,3,162.45,Street Food
5865,14587,2,241.4,South Indian
5865,14588,3,210.07,Street Food
5866,14589,2,90.21,Chinese
5866,14590,2,252.72,Pizza
5866,14591,2,281.67,North Indian
5866,14592,2,87.49,Cafe
5867,14593,2,287.82,North Indian
5867,14594,1,293.24,Street Food
5867,14595,1,233.39,Chinese
5867,14596,2,291.8,Chinese
5868,14597,1,220.78,Cafe
5868,14598,3,232.23,Biryani
5868,14599,2,180.82,Chinese
5869,14600,2,165.68,Street Food
5869,14601,1,187.93,Chinese
5870,14602,2,154.06,Chinese
5870,14603,3,227.2,Pizza
5870,14604,2,287.29,Cafe
5871,14605,1,133.25,Chinese
5871,14606,3,139.73,South Indian
5871,14607,1,235.89,Chinese
5871,14608,1,299.93,Chinese
5872,14609,1,230.88,South Indian
5872,14610,2,284.28,Pizza
5873,14611,3,217.51,Street Food
5873,14612,1,184.46,Biryani
5874,14613,3,191.65,Biryani
5874,14614,2,93.24,Street Food
5874,14615,3,207.84,Chinese
5875,14616,3,273.91,Pizza
5875,14617,2,85.03,Pizza
5876,14618,3,198.87,Cafe
5876,14619,3,121.23,Pizza
5876,14620,2,229.9,Chinese
5876,14621,2,199.01,Street Food
5877,14622,1,232.23,North Indian
5877,14623,1,291.31,Biryani
5877,14624,2,256.43,Pizza
5878,14625,1,185.2,Cafe
5878,14626,2,229.77,Chinese
5878,14627,1,141.2,North Indian
5879,14628,2,204.14,North Indian
5879,14629,3,104.57,South Indian
5879,14630,3,174.23,Chinese
5879,14631,1,268.0,Street Food
5880,14632,1,155.48,South Indian
5880,14633,2,87.94,Pizza
5880,14634,3,96.27,Pizza
5880,14635,3,184.82,North Indian
5881,14636,3,192.12,South Indian
5881,14637,1,185.21,North Indian
5881,14638,1,195.25,South Indian
5881,14639,1,245.93,Street Food
5882,14640,3,207.49,South Indian
5882,14641,1,288.33,Pizza
5882,14642,2,130.97,Cafe
5883,14643,3,269.3,South Indian
5883,14644,2,217.17,North Indian
5883,14645,3,80.83,Street Food
5883,14646,2,228.0,Street Food
5884,14647,3,214.9,North Indian
5884,14648,3,232.74,Biryani
5884,14649,2,172.52,Chinese
5885,14650,1,95.0,North Indian
5886,14651,3,181.67,Biryani
5886,14652,1,137.9,Chinese
5887,14653,1,295.0,Street Food
5887,14654,1,86.05,South Indian
5887,14655,1,203.83,Street Food
5888,14656,2,212.6,Pizza
5889,14657,3,175.2,Biryani
5889,14658,2,113.92,Biryani
5889,14659,2,261.96,Biryani
5889,14660,3,125.72,Pizza
5890,14661,3,244.09,Chinese
5890,14662,1,196.58,Chinese
5890,14663,2,133.31,Street Food
5891,14664,1,147.43,Biryani
5891,14665,3,251.16,North Indian
5891,14666,3,133.6,Cafe
5891,14667,3,119.45,Pizza
5892,14668,1,230.43,North Indian
5892,14669,2,206.6,Cafe
5892,14670,1,168.23,Chinese
5892,14671,1,288.73,Chinese
5893,14672,1,114.75,Pizza
5893,14673,3,213.39,Chinese
5893,14674,3,219.41,Street Food
5894,14675,3,182.49,Pizza
5894,14676,3,238.11,Cafe
5895,14677,3,274.71,Street Food
5895,14678,3,273.53,Biryani
5895,14679,3,263.07,Cafe
5895,14680,3,97.44,South Indian
5896,14681,2,116.46,Pizza
5896,14682,2,136.56,Cafe
5896,14683,3,164.38,Biryani
5896,14684,1,91.44,North Indian
5897,14685,2,235.09,Cafe
5897,14686,1,211.3,Cafe
5897,14687,3,290.58,Pizza
5897,14688,2,120.18,Street Food
5898,14689,1,243.6,Pizza
5898,14690,1,96.35,Biryani
5898,14691,1,110.96,Chinese
5899,14692,2,97.05,North Indian
5900,14693,1,204.69,South Indian
5900,14694,3,250.63,Chinese
5900,14695,1,253.08,South Indian
5900,14696,2,92.37,South Indian
5901,14697,2,176.32,North Indian
5901,14698,2,216.47,South Indian
5901,14699,2,149.93,North Indian
5901,14700,3,126.09,South Indian
5902,14701,3,97.48,North Indian
5903,14702,3,146.47,Pizza
5903,14703,2,265.54,North Indian
5903,14704,1,184.97,Street Food
5904,14705,3,233.42,North Indian
5905,14706,2,204.79,North Indian
5905,14707,2,159.08,North Indian
5905,14708,2,299.76,North Indian
5905,14709,1,287.62,Street Food
5906,14710,1,179.69,South Indian
5906,14711,3,185.84,Street Food
5906,14712,3,89.74,Cafe
5906,14713,1,101.5,Chinese
5907,14714,2,114.43,Cafe
5907,14715,3,215.65,South Indian
5908,14716,3,229.0,Chinese
5908,14717,1,296.22,Pizza
5909,14718,1,195.33,Chinese
5910,14719,3,210.58,Pizza
5910,14720,1,117.64,Street Food
5910,14721,2,268.14,Chinese
5911,14722,2,199.35,North Indian
5911,14723,2,262.31,North Indian
5912,14724,3,236.47,North Indian
5913,14725,2,154.57,North Indian
5914,14726,3,133.33,North Indian
5914,14727,3,104.75,Chinese
5914,14728,3,292.74,Cafe
5915,14729,1,262.72,South Indian
5915,14730,2,169.37,Cafe
5915,14731,1,255.74,Street Food
5915,14732,2,255.27,Cafe
5916,14733,2,213.53,Pizza
5916,14734,1,266.42,Chinese
5916,14735,3,265.39,Chinese
5916,14736,2,112.93,Pizza
5917,14737,1,264.23,South Indian
5917,14738,1,148.12,Cafe
5917,14739,2,246.57,Pizza
5918,14740,3,244.16,Biryani
5918,14741,2,246.51,Cafe
5918,14742,3,247.22,Chinese
5919,14743,1,242.52,South Indian
5919,14744,2,250.98,North Indian
5919,14745,1,146.02,Biryani
5920,14746,2,92.21,Biryani
5921,14747,1,204.85,Street Food
5922,14748,2,280.31,North Indian
5922,14749,3,117.49,Pizza
5922,14750,3,200.65,Cafe
5923,14751,1,137.78,Street Food
5923,14752,2,100.11,Chinese
5923,14753,2,244.25,Biryani
5924,14754,1,244.72,Pizza
5924,14755,3,84.13,Biryani
5924,14756,1,234.0,Cafe
5925,14757,1,152.25,North Indian
5926,14758,2,227.2,Street Food
5926,14759,2,295.48,South Indian
5927,14760,3,135.45,Biryani
5927,14761,2,89.46,South Indian
5927,14762,2,93.81,Street Food
5927,14763,3,226.36,North Indian
5928,14764,1,272.3,North Indian
5928,14765,2,294.69,Street Food
5928,14766,3,97.29,Street Food
5929,14767,1,174.42,North Indian
5930,14768,1,173.71,Biryani
5930,14769,2,113.92,South Indian
5930,14770,3,244.61,Cafe
5931,14771,2,170.45,North Indian
5931,14772,3,90.42,Chinese
5931,14773,1,270.42,Cafe
5931,14774,1,150.94,North Indian
5932,14775,2,83.06,Street Food
5932,14776,2,156.53,North Indian
5932,14777,3,243.37,North Indian
5932,14778,1,277.81,Pizza
5933,14779,1,191.52,Chinese
5933,14780,2,180.44,North Indian
5933,14781,3,217.53,Pizza
5934,14782,1,175.36,Pizza
5934,14783,1,231.37,Biryani
5934,14784,3,115.05,Cafe
5934,14785,1,201.71,South Indian
5935,14786,3,270.11,Chinese
5935,14787,1,82.35,Street Food
5935,14788,3,255.02,North Indian
5936,14789,1,179.54,South Indian
5936,14790,3,159.98,Pizza
5936,14791,3,128.85,Pizza
5937,14792,2,252.73,North Indian
5937,14793,3,229.13,North Indian
5937,14794,1,231.13,North Indian
5937,14795,2,210.46,Cafe
5938,14796,2,231.38,Street Food
5938,14797,2,210.0,Cafe
5938,14798,3,297.57,Biryani
5939,14799,1,118.8,Cafe
5940,14800,2,246.18,Cafe
5940,14801,1,93.38,South Indian
5941,14802,1,243.46,Cafe
5941,14803,3,198.74,South Indian
5941,14804,2,188.0,Street Food
5941,14805,1,254.27,Cafe
5942,14806,3,117.05,North Indian
5942,14807,3,223.83,Street Food
5942,14808,1,180.69,South Indian
5942,14809,2,283.96,Biryani
5943,14810,3,103.23,North Indian
5943,14811,2,176.38,Pizza
5943,14812,1,175.83,Pizza
5944,14813,3,169.29,Cafe
5944,14814,2,199.17,Pizza
5945,14815,2,268.29,North Indian
5945,14816,1,251.72,South Indian
5946,14817,3,187.4,South Indian
5946,14818,1,216.14,South Indian
5946,14819,2,272.08,Chinese
5946,14820,1,257.12,North Indian
5947,14821,3,139.01,Biryani
5947,14822,2,203.01,Pizza
5947,14823,1,260.92,Street Food
5947,14824,3,189.56,North Indian
5948,14825,3,275.53,North Indian
5948,14826,1,296.09,Street Food
5949,14827,2,165.69,Biryani
5950,14828,3,143.18,South Indian
5950,14829,3,246.15,Cafe
5950,14830,3,130.92,North Indian
5951,14831,2,174.73,South Indian
5952,14832,3,237.21,North Indian
5952,14833,3,197.41,Street Food
5952,14834,3,189.23,North Indian
5953,14835,2,204.35,Cafe
5953,14836,3,133.89,Chinese
5953,14837,3,255.3,Chinese
5953,14838,2,182.85,Biryani
5954,14839,3,262.68,Chinese
5955,14840,1,137.82,North Indian
5955,14841,1,187.49,Biryani
5956,14842,1,266.73,Pizza
5957,14843,2,104.99,South Indian
5957,14844,1,230.84,Cafe
5957,14845,1,150.54,Street Food
5958,14846,1,276.91,Biryani
5959,14847,2,152.25,Pizza
5959,14848,1,278.64,Biryani
5959,14849,1,199.23,South Indian
5960,14850,2,85.36,South Indian
5960,14851,3,116.21,Chinese
5960,14852,1,177.77,Chinese
5960,14853,2,129.21,North Indian
5961,14854,3,110.81,Biryani
5961,14855,2,96.05,Cafe
5961,14856,2,277.64,North Indian
5962,14857,2,114.54,Pizza
5962,14858,1,100.21,Pizza
5963,14859,3,247.37,Cafe
5963,14860,2,82.96,Chinese
5963,14861,1,125.82,Cafe
5963,14862,3,244.16,North Indian
5964,14863,1,192.83,Chinese
5964,14864,3,100.37,Chinese
5964,14865,1,107.98,Street Food
5965,14866,2,136.82,North Indian
5966,14867,3,295.03,North Indian
5966,14868,2,174.12,Biryani
5966,14869,1,127.58,Cafe
5967,14870,2,169.58,Biryani
5967,14871,1,252.61,Pizza
5968,14872,2,129.75,Pizza
5968,14873,3,124.67,Biryani
5968,14874,1,228.36,South Indian
5969,14875,3,90.66,North Indian
5969,14876,2,170.81,Pizza
5970,14877,2,97.81,Chinese
5971,14878,1,184.98,Biryani
5972,14879,3,99.04,Street Food
5972,14880,2,197.74,Cafe
5972,14881,1,204.85,Pizza
5973,14882,3,143.18,South Indian
5973,14883,2,145.45,Pizza
5973,14884,2,229.16,South Indian
5973,14885,1,224.71,Street Food
5974,14886,3,293.19,Cafe
5974,14887,2,162.02,Pizza
5974,14888,3,247.34,Chinese
5975,14889,3,208.41,North Indian
5976,14890,2,234.27,Cafe
5976,14891,3,284.4,North Indian
5976,14892,3,178.5,Biryani
5977,14893,2,251.83,South Indian
5977,14894,3,247.12,South Indian
5977,14895,1,81.72,South Indian
5977,14896,1,132.95,South Indian
5978,14897,1,225.51,Pizza
5978,14898,1,249.07,Chinese
5979,14899,3,239.78,Street Food
5980,14900,2,83.55,North Indian
5980,14901,1,251.21,South Indian
5981,14902,2,174.32,Chinese
5981,14903,2,88.82,Pizza
5981,14904,3,113.62,North Indian
5981,14905,3,115.24,Chinese
5982,14906,3,191.37,Pizza
5982,14907,2,124.56,Biryani
5982,14908,1,158.52,Pizza
5982,14909,1,196.58,Cafe
5983,14910,1,121.78,Cafe
5983,14911,1,204.13,North Indian
5984,14912,3,255.37,Biryani
5985,14913,2,182.11,North Indian
5985,14914,3,231.23,Chinese
5986,14915,3,232.33,Pizza
5987,14916,1,80.7,Biryani
5987,14917,3,217.57,Cafe
5988,14918,1,168.83,Biryani
5988,14919,3,118.25,Street Food
5988,14920,3,94.96,Pizza
5988,14921,3,288.44,Pizza
5989,14922,1,163.25,Pizza
5990,14923,1,187.0,North Indian
5991,14924,3,270.43,Chinese
5991,14925,1,199.75,Chinese
5991,14926,2,150.96,North Indian
5992,14927,3,250.77,Street Food
5992,14928,2,211.29,South Indian
5992,14929,3,142.81,Street Food
5992,14930,3,214.12,Pizza
5993,14931,1,127.73,North Indian
5993,14932,3,93.7,South Indian
5993,14933,2,202.93,North Indian
5993,14934,3,200.14,Cafe
5994,14935,3,136.87,Biryani
5994,14936,2,201.22,North Indian
5994,14937,2,277.42,Biryani
5995,14938,1,136.1,Cafe
5995,14939,2,198.62,Street Food
5996,14940,3,219.57,Pizza
5996,14941,1,120.22,South Indian
5996,14942,1,227.39,Biryani
5996,14943,3,86.5,Street Food
5997,14944,3,239.97,Chinese
5997,14945,1,150.44,Street Food
5997,14946,3,274.51,Pizza
5997,14947,3,230.43,South Indian
5998,14948,3,189.71,Biryani
5999,14949,3,126.56,Biryani
6000,14950,3,250.71,Street Food
6000,14951,1,176.54,South Indian
6001,14952,3,272.91,Biryani
6001,14953,3,189.23,Chinese
6001,14954,1,153.4,Chinese
6001,14955,2,198.91,Street Food
6002,14956,1,218.98,Pizza
6003,14957,3,97.12,Cafe
6003,14958,1,294.08,North Indian
6004,14959,3,154.41,South Indian
6004,14960,2,185.7,Biryani
6004,14961,2,292.41,Chinese
6004,14962,1,123.21,North Indian
6005,14963,3,114.99,South Indian
6005,14964,3,257.58,Chinese
6005,14965,3,270.08,Pizza
6005,14966,2,175.63,North Indian
6006,14967,1,282.75,Pizza
6006,14968,3,140.33,Pizza
6006,14969,2,277.31,Cafe
6007,14970,2,177.29,Chinese
6008,14971,2,110.56,Biryani
6008,14972,3,233.55,Biryani
6008,14973,3,149.65,Pizza
6008,14974,2,218.85,Chinese
6009,14975,3,267.89,South Indian
6009,14976,2,153.5,Cafe
6009,14977,2,168.42,South Indian
6010,14978,3,213.56,Pizza
6010,14979,1,109.76,Street Food
6011,14980,2,215.5,North Indian
6011,14981,2,226.57,North Indian
6011,14982,2,297.59,Chinese
6011,14983,1,130.09,South Indian
6012,14984,3,283.31,South Indian
6012,14985,3,169.57,Biryani
6012,14986,3,128.1,South Indian
6012,14987,3,109.69,South Indian
6013,14988,1,114.13,Street Food
6013,14989,2,173.11,Biryani
6013,14990,3,172.68,Biryani
6013,14991,2,276.56,North Indian
6014,14992,1,159.29,Chinese
6015,14993,2,221.11,North Indian
6015,14994,3,281.06,South Indian
6015,14995,2,223.4,North Indian
6015,14996,3,147.19,Cafe
6016,14997,2,112.04,South Indian
6016,14998,3,160.44,Street Food
6017,14999,1,91.5,North Indian
6017,15000,1,260.82,Pizza
6017,15001,2,268.18,Street Food
6017,15002,1,208.8,Pizza
6018,15003,2,213.07,North Indian
6019,15004,1,90.33,North Indian
6020,15005,2,158.24,Street Food
6020,15006,3,272.06,Chinese
6020,15007,2,287.41,Street Food
6020,15008,1,88.52,North Indian
6021,15009,3,271.24,Cafe
6021,15010,2,108.66,Street Food
6021,15011,2,239.98,Cafe
6021,15012,3,231.99,Cafe
6022,15013,3,149.25,Cafe
6023,15014,2,226.35,Biryani
6023,15015,3,191.42,Pizza
6024,15016,1,189.8,South Indian
6024,15017,1,103.98,Pizza
6025,15018,2,205.3,North Indian
6025,15019,1,244.89,North Indian
6025,15020,3,197.09,Street Food
6026,15021,1,270.2,Cafe
6026,15022,2,100.51,Street Food
6026,15023,2,80.2,South Indian
6026,15024,2,87.38,North Indian
6027,15025,2,118.75,Pizza
6027,15026,2,279.79,Chinese
6027,15027,1,148.22,Biryani
6027,15028,3,147.45,Street Food
6028,15029,2,110.83,Pizza
6028,15030,3,230.88,Chinese
6028,15031,1,266.42,South Indian
6028,15032,2,189.8,Pizza
6029,15033,1,97.97,Pizza
6029,15034,1,114.53,Chinese
6029,15035,3,206.06,Chinese
6030,15036,3,264.47,Biryani
6030,15037,3,238.66,Chinese
6031,15038,3,220.65,Biryani
6031,15039,2,283.07,Biryani
6031,15040,3,121.2,Chinese
6032,15041,3,155.74,Chinese
6033,15042,3,242.31,Cafe
6033,15043,1,247.79,North Indian
6034,15044,2,283.2,Chinese
6035,15045,1,280.26,South Indian
6035,15046,3,292.56,South Indian
6036,15047,2,235.08,Chinese
6036,15048,3,250.4,South Indian
6036,15049,1,250.66,South Indian
6036,15050,3,234.49,Chinese
6037,15051,3,174.29,Pizza
6037,15052,3,221.58,Chinese
6037,15053,3,91.83,Cafe
6037,15054,2,287.48,South Indian
6038,15055,3,220.02,Pizza
6038,15056,3,140.27,Biryani
6038,15057,2,113.07,Cafe
6039,15058,3,250.18,North Indian
6039,15059,3,254.92,Pizza
6040,15060,3,277.54,Street Food
6040,15061,1,84.79,Biryani
6040,15062,3,177.3,Chinese
6040,15063,2,296.54,Biryani
6041,15064,3,205.38,North Indian
6041,15065,2,219.93,South Indian
6042,15066,1,190.61,Pizza
6043,15067,3,156.7,Biryani
6043,15068,2,293.31,North Indian
6043,15069,1,142.52,Biryani
6044,15070,1,155.33,Chinese
6045,15071,3,206.05,North Indian
6045,15072,2,248.74,Cafe
6045,15073,3,243.54,South Indian
6045,15074,2,229.28,Chinese
6046,15075,2,291.48,Street Food
6046,15076,1,298.66,South Indian
6046,15077,2,125.01,Chinese
6046,15078,2,92.29,Cafe
6047,15079,3,85.9,Cafe
6047,15080,1,171.17,Street Food
6047,15081,1,95.65,Street Food
6047,15082,1,210.0,Biryani
6048,15083,1,150.99,Pizza
6048,15084,3,244.89,Street Food
6048,15085,2,268.51,Biryani
6049,15086,3,183.97,Street Food
6050,15087,1,195.07,North Indian
6051,15088,1,120.15,Chinese
6052,15089,1,293.87,Biryani
6052,15090,1,150.25,Chinese
6053,15091,3,191.15,South Indian
6053,15092,2,219.84,Pizza
6053,15093,1,187.27,Chinese
6053,15094,1,177.67,Biryani
6054,15095,3,238.74,Street Food
6054,15096,2,285.18,Pizza
6054,15097,3,127.81,Pizza
6055,15098,1,284.97,Street Food
6055,15099,3,272.18,South Indian
6055,15100,1,174.03,Pizza
6055,15101,1,80.73,Cafe
6056,15102,3,195.56,Chinese
6056,15103,3,188.04,Pizza
6056,15104,3,216.73,Cafe
6056,15105,3,266.5,South Indian
6057,15106,3,283.41,Pizza
6057,15107,2,225.98,South Indian
6057,15108,3,293.52,South Indian
6057,15109,3,209.56,Pizza
6058,15110,2,204.46,North Indian
6058,15111,3,146.12,Chinese
6059,15112,1,270.6,Cafe
6059,15113,3,199.98,South Indian
6059,15114,3,281.19,Pizza
6060,15115,3,116.43,Cafe
6060,15116,1,243.32,North Indian
6061,15117,2,256.72,Chinese
6062,15118,2,212.72,Biryani
6063,15119,1,185.97,Chinese
6063,15120,2,267.5,Biryani
6063,15121,3,298.66,North Indian
6064,15122,3,152.93,South Indian
6064,15123,1,291.46,North Indian
6064,15124,3,178.11,Cafe
6065,15125,1,254.46,South Indian
6065,15126,3,145.73,Pizza
6066,15127,2,273.57,Biryani
6066,15128,2,244.88,Cafe
6066,15129,2,163.48,Street Food
6067,15130,1,104.76,North Indian
6068,15131,1,117.74,Biryani
6069,15132,2,225.84,Cafe
6069,15133,3,158.49,Cafe
6069,15134,3,227.47,Cafe
6069,15135,2,92.41,North Indian
6070,15136,1,220.03,Chinese
6070,15137,1,192.8,Street Food
6070,15138,1,272.41,Cafe
6071,15139,1,101.02,Street Food
6071,15140,1,152.8,South Indian
6071,15141,2,263.63,Pizza
6071,15142,3,125.8,Street Food
6072,15143,3,206.62,Cafe
6072,15144,3,116.91,Cafe
6072,15145,2,143.14,Cafe
6072,15146,2,250.44,South Indian
6073,15147,3,228.79,Pizza
6073,15148,2,122.78,North Indian
6073,15149,3,273.99,South Indian
6073,15150,3,137.23,Cafe
6074,15151,3,188.24,Cafe
6074,15152,3,85.78,Chinese
6075,15153,3,122.42,North Indian
6075,15154,2,269.45,Chinese
6075,15155,2,223.91,Chinese
6075,15156,1,210.62,Biryani
6076,15157,3,139.44,Street Food
6076,15158,3,293.66,Cafe
6076,15159,3,164.56,Street Food
6076,15160,2,227.21,Biryani
6077,15161,1,292.49,Street Food
6077,15162,1,248.72,Pizza
6077,15163,3,96.38,Chinese
6078,15164,1,226.47,Pizza
6078,15165,3,152.91,Street Food
6078,15166,2,92.93,Street Food
6078,15167,1,277.05,South Indian
6079,15168,1,222.19,North Indian
6079,15169,1,286.29,North Indian
6079,15170,3,196.88,Pizza
6080,15171,1,184.91,Biryani
6080,15172,1,140.26,Cafe
6081,15173,2,174.52,North Indian
6081,15174,3,169.8,Pizza
6081,15175,3,181.01,Pizza
6082,15176,1,238.38,North Indian
6083,15177,1,139.86,North Indian
6083,15178,1,80.22,South Indian
6083,15179,2,223.89,Chinese
6084,15180,2,232.76,Pizza
6084,15181,2,172.24,Street Food
6084,15182,2,159.81,Pizza
6084,15183,1,239.53,Biryani
6085,15184,2,294.31,North Indian
6085,15185,1,154.26,Pizza
6085,15186,3,151.37,North Indian
6085,15187,3,113.42,South Indian
6086,15188,3,252.35,Cafe
6087,15189,3,120.88,Chinese
6087,15190,3,186.75,North Indian
6087,15191,2,264.33,Cafe
6087,15192,2,289.17,Chinese
6088,15193,2,128.34,Cafe
6088,15194,1,150.84,Cafe
6089,15195,1,199.5,North Indian
6089,15196,2,236.06,North Indian
6089,15197,3,276.01,Pizza
6090,15198,3,124.53,Biryani
6090,15199,3,163.12,Chinese
6091,15200,2,104.54,Cafe
6092,15201,2,167.58,Pizza
6093,15202,1,175.36,Cafe
6094,15203,1,152.97,North Indian
6094,15204,2,106.05,Pizza
6094,15205,3,264.77,Street Food
6094,15206,3,183.24,Biryani
6095,15207,3,124.6,Biryani
6095,15208,3,295.33,Pizza
6095,15209,2,87.1,Biryani
6095,15210,2,228.08,Biryani
6096,15211,2,215.5,Cafe
6096,15212,1,269.86,South Indian
6096,15213,3,269.82,Biryani
6096,15214,1,84.05,Street Food
6097,15215,3,193.76,Street Food
6097,15216,2,179.51,Biryani
6097,15217,3,191.86,Biryani
6097,15218,1,136.31,South Indian
6098,15219,2,216.78,Biryani
6098,15220,3,166.18,Street Food
6098,15221,2,299.17,Pizza
6098,15222,2,282.53,South Indian
6099,15223,1,272.0,North Indian
6099,15224,3,236.87,North Indian
6100,15225,2,187.39,Chinese
6100,15226,3,297.36,North Indian
6100,15227,1,258.73,South Indian
6101,15228,2,179.51,South Indian
6101,15229,3,224.73,North Indian
6102,15230,2,178.14,Street Food
6102,15231,3,292.75,Chinese
6102,15232,1,197.85,Biryani
6103,15233,2,245.51,Pizza
6103,15234,2,286.4,Street Food
6104,15235,3,132.79,North Indian
6105,15236,2,92.31,Chinese
6105,15237,3,220.77,Street Food
6105,15238,1,225.35,Chinese
6105,15239,3,169.83,South Indian
6106,15240,3,98.87,South Indian
6106,15241,1,274.04,Cafe
6106,15242,3,93.8,North Indian
6106,15243,3,239.97,Street Food
6107,15244,2,257.57,Cafe
6107,15245,1,85.79,Pizza
6108,15246,2,175.09,Chinese
6109,15247,3,137.58,Cafe
6109,15248,2,230.12,Biryani
6109,15249,1,152.29,Biryani
6110,15250,3,136.09,South Indian
6110,15251,2,203.14,North Indian
6111,15252,3,295.03,South Indian
6112,15253,3,211.24,North Indian
6112,15254,3,190.12,Pizza
6112,15255,3,91.0,Pizza
6112,15256,3,95.98,Cafe
6113,15257,2,269.23,Pizza
6113,15258,3,173.86,Street Food
6113,15259,2,101.12,Pizza
6114,15260,3,113.46,Biryani
6114,15261,2,115.9,North Indian
6114,15262,2,275.49,Pizza
6114,15263,1,202.57,North Indian
6115,15264,3,194.15,Chinese
6115,15265,3,113.79,Street Food
6115,15266,1,136.09,Street Food
6116,15267,2,236.57,Biryani
6116,15268,3,150.91,Pizza
6116,15269,1,142.67,North Indian
6116,15270,1,130.7,South Indian
6117,15271,2,94.19,Cafe
6118,15272,1,178.41,Biryani
6118,15273,3,213.95,South Indian
6118,15274,1,230.98,Biryani
6118,15275,2,219.41,Pizza
6119,15276,2,221.96,North Indian
6119,15277,3,139.51,Cafe
6119,15278,2,270.05,South Indian
6119,15279,1,298.99,North Indian
6120,15280,1,82.2,Cafe
6121,15281,1,126.7,Biryani
6121,15282,1,296.33,Pizza
6121,15283,2,233.42,Pizza
6121,15284,1,196.93,Biryani
6122,15285,3,116.39,Biryani
6122,15286,1,131.65,Street Food
6122,15287,3,159.29,Chinese
6123,15288,1,232.71,Chinese
6123,15289,3,253.32,North Indian
6123,15290,1,194.97,North Indian
6124,15291,1,148.94,Cafe
6125,15292,2,169.19,Chinese
6125,15293,1,227.88,Chinese
6125,15294,1,126.36,Biryani
6126,15295,2,257.32,South Indian
6126,15296,1,279.25,South Indian
6126,15297,2,159.56,Biryani
6127,15298,3,188.89,North Indian
6127,15299,2,150.32,South Indian
6128,15300,1,229.91,Street Food
6128,15301,1,112.39,South Indian
6128,15302,2,233.71,North Indian
6129,15303,3,156.88,Street Food
6129,15304,2,254.15,Pizza
6130,15305,2,116.47,North Indian
6130,15306,2,123.4,South Indian
6130,15307,2,84.18,Pizza
6131,15308,3,151.65,Chinese
6131,15309,3,195.1,Chinese
6131,15310,3,117.55,Chinese
6132,15311,2,268.74,Biryani
6133,15312,3,163.39,Chinese
6133,15313,3,156.41,Pizza
6134,15314,3,121.64,Street Food
6134,15315,3,179.4,Cafe
6135,15316,1,218.61,Chinese
6135,15317,3,289.38,Street Food
6135,15318,1,163.72,Biryani
6135,15319,1,160.78,Biryani
6136,15320,3,109.89,South Indian
6136,15321,1,286.16,Street Food
6137,15322,2,298.6,Chinese
6138,15323,1,98.56,South Indian
6139,15324,3,287.05,Street Food
6139,15325,1,297.41,South Indian
6140,15326,1,262.47,Cafe
6140,15327,2,286.19,Pizza
6140,15328,2,283.47,Cafe
6141,15329,3,199.86,Street Food
6141,15330,3,172.71,Street Food
6141,15331,2,99.74,Pizza
6141,15332,3,209.33,Pizza
6142,15333,3,86.83,Cafe
6143,15334,1,191.29,Biryani
6143,15335,3,201.17,North Indian
6143,15336,1,234.98,Street Food
6144,15337,3,271.15,Pizza
6144,15338,2,179.64,Street Food
6145,15339,1,247.08,Pizza
6145,15340,2,139.36,Chinese
6145,15341,2,105.03,Street Food
6146,15342,2,114.03,South Indian
6146,15343,1,82.65,Street Food
6146,15344,1,252.68,Cafe
6147,15345,2,228.85,Cafe
6147,15346,1,209.38,Street Food
6147,15347,3,165.06,South Indian
6147,15348,3,92.51,North Indian
6148,15349,1,281.48,Pizza
6148,15350,3,210.38,Street Food
6148,15351,1,213.15,Chinese
6148,15352,2,96.33,Pizza
6149,15353,3,238.5,Biryani
6149,15354,1,95.53,South Indian
6150,15355,1,147.35,South Indian
6150,15356,2,191.51,Street Food
6150,15357,2,254.9,North Indian
6150,15358,1,134.0,Street Food
6151,15359,3,82.74,Pizza
6151,15360,3,153.27,Street Food
6152,15361,1,149.52,North Indian
6152,15362,3,207.88,Biryani
6152,15363,2,96.13,South Indian
6152,15364,2,116.98,Biryani
6153,15365,3,292.57,Biryani
6154,15366,1,195.56,North Indian
6154,15367,1,181.29,Chinese
6154,15368,3,243.8,South Indian
6154,15369,3,168.06,South Indian
6155,15370,3,86.46,Street Food
6155,15371,2,295.94,Street Food
6155,15372,3,142.96,Cafe
6155,15373,2,126.07,Cafe
6156,15374,1,251.51,Cafe
6156,15375,1,118.23,Cafe
6156,15376,3,236.39,Pizza
6156,15377,2,126.73,Biryani
6157,15378,1,237.32,North Indian
6157,15379,3,282.89,North Indian
6158,15380,1,192.74,Chinese
6158,15381,3,132.95,Cafe
6158,15382,3,296.34,Biryani
6159,15383,2,290.88,Pizza
6159,15384,3,237.51,Chinese
6159,15385,1,105.79,North Indian
6159,15386,3,247.03,North Indian
6160,15387,3,266.61,Pizza
6161,15388,2,116.55,North Indian
6161,15389,3,289.81,South Indian
6161,15390,1,107.07,Pizza
6162,15391,3,232.19,Chinese
6162,15392,2,81.62,North Indian
6162,15393,1,230.93,North Indian
6163,15394,1,187.65,North Indian
6163,15395,2,253.04,North Indian
6164,15396,1,234.72,Cafe
6164,15397,1,188.66,Chinese
6164,15398,3,199.78,North Indian
6165,15399,3,149.84,Cafe
6166,15400,1,171.19,North Indian
6166,15401,2,105.6,Chinese
6167,15402,2,116.84,Pizza
6167,15403,1,201.71,Biryani
6168,15404,1,206.45,South Indian
6169,15405,1,84.09,Cafe
6170,15406,2,212.43,Cafe
6171,15407,2,94.18,Pizza
6171,15408,3,117.38,South Indian
6172,15409,1,127.37,Pizza
6173,15410,1,86.58,Biryani
6174,15411,3,148.58,North Indian
6175,15412,2,215.55,North Indian
6175,15413,3,131.97,Pizza
6175,15414,1,285.85,Pizza
6176,15415,2,114.48,Street Food
6176,15416,3,142.11,North Indian
6177,15417,2,241.88,South Indian
6178,15418,1,133.02,South Indian
6178,15419,2,85.99,Pizza
6178,15420,3,121.25,South Indian
6179,15421,1,87.85,Cafe
6179,15422,3,139.86,North Indian
6179,15423,2,133.74,Chinese
6180,15424,3,288.47,North Indian
6181,15425,1,224.66,North Indian
6181,15426,3,167.08,South Indian
6182,15427,3,263.68,Cafe
6183,15428,2,294.6,Pizza
6183,15429,2,100.54,Cafe
6184,15430,2,204.75,Street Food
6184,15431,2,171.27,South Indian
6185,15432,3,90.98,Cafe
6185,15433,2,129.56,Biryani
6186,15434,2,141.15,South Indian
6186,15435,3,102.26,Chinese
6186,15436,3,84.28,North Indian
6187,15437,3,145.66,Pizza
6188,15438,3,162.98,Chinese
6188,15439,1,100.36,Chinese
6189,15440,3,133.06,North Indian
6189,15441,2,166.09,North Indian
6189,15442,1,129.53,Chinese
6189,15443,3,278.88,Chinese
6190,15444,3,237.65,Street Food
6190,15445,3,289.13,Pizza
6190,15446,3,143.27,South Indian
6191,15447,1,190.44,Cafe
6192,15448,1,126.99,North Indian
6193,15449,2,295.06,North Indian
6194,15450,2,243.71,Cafe
6195,15451,2,248.44,North Indian
6196,15452,2,106.4,Street Food
6196,15453,3,283.5,Pizza
6196,15454,2,184.1,Chinese
6196,15455,1,141.72,North Indian
6197,15456,3,115.09,South Indian
6197,15457,3,220.22,Biryani
6197,15458,3,288.1,South Indian
6197,15459,3,212.9,Pizza
6198,15460,2,198.34,Street Food
6198,15461,3,202.78,Cafe
6198,15462,3,189.79,South Indian
6199,15463,1,275.42,Chinese
6200,15464,1,275.75,Cafe
6200,15465,1,164.36,Street Food
6200,15466,2,130.05,Pizza
6200,15467,2,245.46,North Indian
6201,15468,2,252.74,Street Food
6201,15469,3,269.31,Pizza
6201,15470,1,230.97,Biryani
6202,15471,2,154.17,North Indian
6202,15472,2,159.93,Chinese
6202,15473,2,83.37,Biryani
6202,15474,1,90.94,Street Food
6203,15475,2,238.16,Chinese
6204,15476,2,123.08,Chinese
6204,15477,2,280.48,Chinese
6204,15478,1,258.52,Street Food
6205,15479,3,135.93,Pizza
6205,15480,3,100.42,Cafe
6206,15481,3,194.56,South Indian
6207,15482,2,92.47,Biryani
6207,15483,1,138.11,Pizza
6207,15484,3,145.37,North Indian
6208,15485,1,172.04,Pizza
6208,15486,2,104.72,North Indian
6209,15487,1,116.83,Chinese
6209,15488,1,153.84,South Indian
6209,15489,3,224.85,South Indian
6209,15490,2,243.46,Pizza
6210,15491,1,298.67,Biryani
6210,15492,1,279.65,Chinese
6210,15493,2,283.74,Pizza
6210,15494,2,138.5,North Indian
6211,15495,2,134.41,Pizza
6212,15496,2,249.7,Chinese
6213,15497,3,104.99,South Indian
6213,15498,3,124.92,Cafe
6214,15499,3,218.73,North Indian
6214,15500,1,247.38,Cafe
6214,15501,3,116.0,Biryani
6214,15502,2,223.38,Chinese
6215,15503,1,110.06,North Indian
6215,15504,2,142.68,Chinese
6215,15505,3,169.93,Pizza
6215,15506,2,137.14,Biryani
6216,15507,2,117.31,North Indian
6216,15508,3,137.53,Chinese
6216,15509,1,243.83,North Indian
6217,15510,1,254.74,Cafe
6217,15511,3,207.68,South Indian
6217,15512,2,183.07,North Indian
6218,15513,3,175.02,North Indian
6218,15514,1,194.61,Street Food
6219,15515,1,135.19,Biryani
6219,15516,3,268.83,Chinese
6219,15517,3,153.38,North Indian
6220,15518,1,286.54,Street Food
6220,15519,3,199.13,Pizza
6221,15520,3,105.92,Cafe
6221,15521,1,269.44,Biryani
6221,15522,3,87.77,Chinese
6222,15523,3,268.37,Cafe
6222,15524,3,249.7,North Indian
6223,15525,1,83.32,Pizza
6223,15526,2,128.25,North Indian
6223,15527,3,227.56,South Indian
6224,15528,1,203.64,Biryani
6225,15529,1,103.01,Pizza
6225,15530,3,184.45,Cafe
6225,15531,2,210.34,Street Food
6226,15532,3,270.31,North Indian
6227,15533,2,82.79,Pizza
6228,15534,3,180.8,Biryani
6229,15535,2,144.51,Cafe
6229,15536,2,156.64,Street Food
6229,15537,2,85.39,Pizza
6230,15538,2,134.39,Pizza
6231,15539,2,125.6,Street Food
6231,15540,2,134.05,Cafe
6231,15541,3,283.67,Chinese
6231,15542,3,256.22,Pizza
6232,15543,2,213.82,Biryani
6232,15544,2,217.48,Biryani
6232,15545,2,119.61,Pizza
6232,15546,1,116.09,Pizza
6233,15547,1,291.92,South Indian
6233,15548,2,246.33,South Indian
6234,15549,3,226.69,North Indian
6235,15550,2,169.21,Chinese
6235,15551,3,257.27,North Indian
6235,15552,2,93.84,South Indian
6236,15553,1,84.63,Pizza
6236,15554,2,194.04,Cafe
6236,15555,1,113.07,Biryani
6237,15556,2,258.35,Biryani
6237,15557,1,221.01,Street Food
6237,15558,2,87.35,Chinese
6237,15559,3,218.0,Biryani
6238,15560,2,254.34,South Indian
6239,15561,1,270.45,Pizza
6239,15562,3,132.87,Chinese
6239,15563,3,225.55,Pizza
6240,15564,3,89.96,South Indian
6240,15565,1,195.62,Chinese
6241,15566,2,96.52,Chinese
6241,15567,3,185.94,North Indian
6242,15568,3,203.54,Pizza
6242,15569,1,94.38,Street Food
6242,15570,2,181.48,South Indian
6242,15571,1,177.95,Chinese
6243,15572,3,185.92,Cafe
6243,15573,1,241.26,Chinese
6243,15574,1,141.73,Chinese
6243,15575,2,254.57,Pizza
6244,15576,2,278.6,South Indian
6244,15577,1,223.42,Cafe
6244,15578,2,192.61,Chinese
6245,15579,2,168.53,Pizza
6245,15580,3,239.75,North Indian
6246,15581,1,200.74,North Indian
6246,15582,1,145.61,Street Food
6246,15583,2,184.26,Street Food
6247,15584,2,162.17,Pizza
6248,15585,3,196.49,North Indian
6249,15586,1,191.82,Biryani
6249,15587,1,245.23,Street Food
6249,15588,1,141.89,Pizza
6250,15589,3,195.91,South Indian
6250,15590,2,94.43,South Indian
6251,15591,3,163.06,Cafe
6251,15592,3,180.65,Cafe
6251,15593,2,263.59,North Indian
6252,15594,3,122.93,North Indian
6252,15595,3,98.78,Pizza
6252,15596,1,247.89,Biryani
6253,15597,3,243.77,North Indian
6253,15598,2,154.66,Street Food
6254,15599,1,250.77,Street Food
6254,15600,3,253.17,South Indian
6255,15601,3,104.63,North Indian
6255,15602,2,142.97,Pizza
6255,15603,2,207.74,Street Food
6256,15604,1,203.39,Pizza
6256,15605,3,258.18,South Indian
6256,15606,1,283.69,Pizza
6256,15607,3,108.93,Street Food
6257,15608,3,187.22,Street Food
6257,15609,3,102.72,North Indian
6258,15610,2,277.58,Street Food
6258,15611,3,120.79,Street Food
6258,15612,3,197.68,North Indian
6259,15613,1,124.02,Pizza
6259,15614,1,169.78,Street Food
6260,15615,1,190.8,North Indian
6260,15616,3,184.18,Biryani
6261,15617,2,82.93,Biryani
6261,15618,2,148.15,North Indian
6261,15619,2,115.17,Street Food
6261,15620,3,135.19,Biryani
6262,15621,1,154.47,North Indian
6263,15622,3,99.38,Pizza
6263,15623,3,96.4,Biryani
6264,15624,2,214.11,South Indian
6264,15625,3,222.59,Chinese
6265,15626,1,250.96,South Indian
6265,15627,1,253.17,Street Food
6266,15628,2,173.65,Chinese
6267,15629,3,149.67,Cafe
6267,15630,2,209.81,Street Food
6268,15631,1,288.21,Cafe
6268,15632,1,89.4,South Indian
6269,15633,3,171.15,Cafe
6269,15634,3,98.81,Pizza
6269,15635,3,262.92,Cafe
6270,15636,1,298.55,Cafe
6270,15637,3,165.54,Biryani
6271,15638,1,229.42,Chinese
6272,15639,2,88.23,North Indian
6272,15640,2,234.83,North Indian
6272,15641,1,203.5,North Indian
6272,15642,2,144.87,North Indian
6273,15643,1,297.19,South Indian
6273,15644,2,108.2,Biryani
6274,15645,2,190.83,Pizza
6274,15646,1,127.09,Pizza
6274,15647,3,222.24,Biryani
6274,15648,2,234.58,Pizza
6275,15649,1,255.51,Pizza
6275,15650,2,85.57,Pizza
6276,15651,3,272.72,Street Food
6276,15652,2,220.94,Street Food
6277,15653,2,202.61,Cafe
6277,15654,3,90.83,Chinese
6278,15655,2,96.38,Pizza
6278,15656,3,200.73,Street Food
6278,15657,1,290.77,Pizza
6278,15658,2,284.93,South Indian
6279,15659,2,243.09,Cafe
6279,15660,2,171.63,North Indian
6280,15661,2,128.71,Pizza
6280,15662,2,185.97,Pizza
6280,15663,3,159.68,South Indian
6281,15664,2,191.12,Pizza
6281,15665,1,197.86,Street Food
6281,15666,3,280.64,South Indian
6282,15667,2,148.65,Biryani
6282,15668,1,121.82,Biryani
6282,15669,2,88.26,South Indian
6282,15670,2,138.74,North Indian
6283,15671,2,263.17,Pizza
6283,15672,2,220.89,South Indian
6284,15673,2,258.64,South Indian
6285,15674,3,202.19,North Indian
6285,15675,2,246.99,Street Food
6285,15676,1,291.76,Pizza
6286,15677,1,248.09,Biryani
6286,15678,2,80.56,Cafe
6286,15679,3,298.42,Street Food
6286,15680,1,146.88,Pizza
6287,15681,1,217.53,Pizza
6287,15682,3,276.23,Biryani
6287,15683,1,192.75,Pizza
6288,15684,2,268.89,North Indian
6288,15685,3,170.9,Cafe
6288,15686,1,215.24,Biryani
6289,15687,1,270.66,Cafe
6289,15688,3,244.18,South Indian
6289,15689,3,253.95,Street Food
6289,15690,1,131.68,Biryani
6290,15691,1,116.62,Pizza
6290,15692,2,209.37,South Indian
6290,15693,2,278.39,North Indian
6291,15694,2,178.63,Chinese
6291,15695,2,184.45,Biryani
6291,15696,2,126.68,South Indian
6291,15697,3,95.67,North Indian
6292,15698,3,244.61,North Indian
6292,15699,2,166.74,Cafe
6292,15700,2,297.96,Pizza
6292,15701,1,195.14,Street Food
6293,15702,1,91.17,Pizza
6293,15703,1,251.34,Street Food
6293,15704,2,284.18,Cafe
6294,15705,2,273.29,Cafe
6295,15706,3,155.43,North Indian
6296,15707,2,169.29,Cafe
6296,15708,3,116.2,Chinese
6296,15709,3,162.4,Biryani
6296,15710,2,234.52,North Indian
6297,15711,2,126.84,Cafe
6298,15712,3,294.53,Chinese
6298,15713,2,153.13,Cafe
6298,15714,2,137.83,Cafe
6298,15715,1,164.59,South Indian
6299,15716,1,171.94,Chinese
6299,15717,1,131.8,Biryani
6299,15718,3,114.63,Street Food
6300,15719,3,234.97,Pizza
6300,15720,3,168.06,Street Food
6300,15721,1,200.28,Cafe
6301,15722,3,182.58,Chinese
6302,15723,2,103.76,Street Food
6303,15724,1,172.19,South Indian
6304,15725,3,177.88,Chinese
6304,15726,1,110.38,Street Food
6304,15727,2,106.61,Biryani
6305,15728,2,214.74,Cafe
6305,15729,1,114.8,Street Food
6306,15730,1,212.15,Street Food
6306,15731,2,144.75,North Indian
6307,15732,1,254.04,Chinese
6307,15733,3,151.18,Cafe
6308,15734,3,214.38,North Indian
6308,15735,1,184.6,Chinese
6308,15736,2,165.22,Cafe
6308,15737,3,186.72,South Indian
6309,15738,2,220.94,Pizza
6310,15739,2,269.97,South Indian
6310,15740,2,233.51,Street Food
6310,15741,3,161.46,Cafe
6311,15742,2,101.79,Pizza
6312,15743,2,186.32,Pizza
6312,15744,2,213.37,Cafe
6312,15745,3,224.41,Street Food
6312,15746,1,243.54,Street Food
6313,15747,2,271.46,Pizza
6313,15748,2,127.99,North Indian
6314,15749,2,148.99,Cafe
6314,15750,2,208.18,North Indian
6314,15751,1,86.62,Biryani
6314,15752,2,153.59,Street Food
6315,15753,1,198.38,Biryani
6316,15754,2,124.74,Street Food
6316,15755,3,110.41,Cafe
6316,15756,3,178.31,Biryani
6317,15757,1,131.82,Pizza
6317,15758,2,187.12,Cafe
6317,15759,3,194.6,Cafe
6318,15760,3,271.75,Biryani
6318,15761,2,194.01,South Indian
6318,15762,3,280.84,Chinese
6318,15763,1,198.63,South Indian
6319,15764,3,88.4,Street Food
6319,15765,3,142.77,North Indian
6319,15766,3,141.92,Chinese
6320,15767,2,141.34,Pizza
6320,15768,1,179.6,Chinese
6320,15769,2,139.99,Street Food
6321,15770,2,203.36,North Indian
6321,15771,1,212.35,Chinese
6322,15772,3,115.88,Pizza
6322,15773,2,279.06,Pizza
6322,15774,2,295.63,Cafe
6322,15775,3,134.05,North Indian
6323,15776,2,255.53,South Indian
6323,15777,2,200.15,Biryani
6323,15778,1,130.25,Pizza
6324,15779,3,278.89,Biryani
6325,15780,3,188.86,Pizza
6325,15781,1,275.94,Pizza
6325,15782,2,86.47,South Indian
6326,15783,3,218.14,Chinese
6326,15784,2,293.05,Pizza
6327,15785,3,249.74,Cafe
6327,15786,3,258.18,Cafe
6327,15787,1,100.24,Pizza
6327,15788,2,94.75,Pizza
6328,15789,2,169.4,Pizza
6328,15790,3,248.35,Biryani
6329,15791,1,168.83,South Indian
6329,15792,1,248.43,Pizza
6329,15793,1,254.05,North Indian
6329,15794,1,82.28,South Indian
6330,15795,3,255.86,South Indian
6330,15796,2,230.66,Biryani
6331,15797,2,85.99,Chinese
6331,15798,2,167.23,Cafe
6331,15799,2,204.74,Pizza
6331,15800,1,251.1,South Indian
6332,15801,2,139.19,Cafe
6332,15802,1,259.77,Biryani
6332,15803,3,154.03,North Indian
6332,15804,1,103.97,Pizza
6333,15805,1,90.65,Biryani
6333,15806,3,86.91,North Indian
6333,15807,3,118.86,Biryani
6333,15808,3,134.9,Chinese
6334,15809,3,82.01,North Indian
6334,15810,3,209.63,Cafe
6335,15811,2,134.14,Pizza
6336,15812,1,143.54,Chinese
6336,15813,2,195.42,Biryani
6336,15814,2,211.71,North Indian
6337,15815,3,117.27,South Indian
6338,15816,1,252.84,Chinese
6338,15817,1,257.35,North Indian
6339,15818,1,284.13,Street Food
6339,15819,2,151.95,Street Food
6339,15820,2,232.94,South Indian
6340,15821,2,193.8,Cafe
6340,15822,1,223.36,South Indian
6340,15823,2,178.79,Street Food
6340,15824,3,243.41,South Indian
6341,15825,1,132.59,Chinese
6341,15826,2,286.5,Biryani
6342,15827,1,84.38,Biryani
6342,15828,2,136.43,Chinese
6342,15829,2,166.62,Pizza
6343,15830,2,271.14,Street Food
6344,15831,3,265.07,Street Food
6344,15832,2,91.67,Pizza
6345,15833,1,83.06,North Indian
6345,15834,3,147.52,Street Food
6345,15835,3,286.33,Pizza
6346,15836,3,119.73,Pizza
6346,15837,2,261.8,South Indian
6347,15838,3,299.82,Chinese
6347,15839,3,276.51,Chinese
6347,15840,2,174.49,North Indian
6348,15841,3,256.05,South Indian
6348,15842,3,141.7,Pizza
6349,15843,3,118.18,Chinese
6349,15844,2,228.47,North Indian
6349,15845,3,287.56,Cafe
6349,15846,3,215.88,Street Food
6350,15847,2,229.52,Cafe
6351,15848,1,154.72,Cafe
6351,15849,3,137.67,South Indian
6351,15850,2,218.51,Cafe
6352,15851,1,262.47,Biryani
6352,15852,3,269.97,Cafe
6352,15853,3,222.23,Pizza
6352,15854,3,297.74,North Indian
6353,15855,3,142.42,Street Food
6353,15856,2,254.92,Cafe
6354,15857,1,242.57,Chinese
6355,15858,2,227.99,Biryani
6356,15859,3,271.28,Chinese
6357,15860,2,233.74,Biryani
6358,15861,3,137.3,Cafe
6358,15862,2,227.76,Chinese
6359,15863,2,236.73,North Indian
6359,15864,1,93.08,Biryani
6359,15865,1,225.61,Street Food
6360,15866,1,101.06,Cafe
6360,15867,3,156.73,Biryani
6360,15868,2,128.08,Pizza
6360,15869,1,152.2,Cafe
6361,15870,1,106.14,Biryani
6362,15871,2,148.06,Cafe
6362,15872,3,252.17,Chinese
6362,15873,1,200.35,Street Food
6363,15874,2,228.01,North Indian
6363,15875,3,297.76,Cafe
6363,15876,3,245.92,North Indian
6364,15877,1,290.28,Biryani
6364,15878,2,133.45,Cafe
6364,15879,2,230.6,Biryani
6365,15880,1,132.78,Chinese
6366,15881,1,244.12,South Indian
6366,15882,2,111.28,Chinese
6367,15883,3,160.89,Chinese
6367,15884,3,298.39,Cafe
6367,15885,1,275.38,Chinese
6368,15886,2,164.6,Chinese
6368,15887,3,283.3,Biryani
6368,15888,3,128.32,Cafe
6368,15889,1,210.75,Biryani
6369,15890,1,95.76,Biryani
6369,15891,3,157.24,Biryani
6369,15892,3,191.86,Cafe
6370,15893,3,176.78,South Indian
6370,15894,3,286.85,North Indian
6370,15895,3,266.23,Chinese
6370,15896,2,119.62,Cafe
6371,15897,3,178.05,South Indian
6371,15898,1,230.07,North Indian
6372,15899,2,218.86,Biryani
6372,15900,3,194.98,Pizza
6372,15901,3,232.2,North Indian
6372,15902,2,245.81,Chinese
6373,15903,1,227.25,Street Food
6373,15904,3,162.98,Pizza
6373,15905,1,277.11,South Indian
6373,15906,2,101.87,Biryani
6374,15907,2,194.49,Cafe
6374,15908,2,91.76,Biryani
6374,15909,3,271.55,Street Food
6374,15910,1,87.6,Chinese
6375,15911,1,135.46,Cafe
6375,15912,3,280.47,Pizza
6376,15913,1,207.82,Street Food
6376,15914,2,261.69,Biryani
6376,15915,2,185.6,Pizza
6377,15916,3,116.9,South Indian
6377,15917,2,218.41,Chinese
6378,15918,1,230.05,South Indian
6378,15919,3,102.27,Pizza
6378,15920,1,279.96,Street Food
6379,15921,1,94.86,North Indian
6380,15922,2,187.43,South Indian
6380,15923,3,229.85,Street Food
6381,15924,3,166.85,Cafe
6382,15925,1,276.51,North Indian
6382,15926,3,250.86,Pizza
6382,15927,2,225.7,Chinese
6383,15928,1,298.02,Pizza
6383,15929,3,206.09,Chinese
6383,15930,1,177.45,Pizza
6383,15931,2,109.74,Street Food
6384,15932,3,134.55,Street Food
6385,15933,1,223.31,North Indian
6385,15934,3,164.98,Street Food
6386,15935,1,99.93,South Indian
6386,15936,3,285.68,North Indian
6387,15937,2,95.28,Street Food
6387,15938,2,272.78,Street Food
6387,15939,3,138.91,North Indian
6387,15940,3,163.11,Cafe
6388,15941,1,202.37,Street Food
6388,15942,1,101.21,Pizza
6388,15943,1,126.7,Cafe
6389,15944,2,264.09,Chinese
6389,15945,2,184.32,North Indian
6389,15946,2,90.61,Pizza
6390,15947,2,179.93,Street Food
6391,15948,2,279.74,Biryani
6391,15949,3,274.82,South Indian
6392,15950,2,106.89,North Indian
6393,15951,1,181.01,Cafe
6394,15952,3,225.35,Pizza
6395,15953,3,103.04,North Indian
6396,15954,1,241.67,Cafe
6396,15955,2,139.71,Street Food
6396,15956,3,174.28,Chinese
6396,15957,3,218.55,Pizza
6397,15958,2,210.36,South Indian
6397,15959,3,129.48,Street Food
6397,15960,2,271.55,Chinese
6398,15961,2,284.97,North Indian
6398,15962,1,260.03,Cafe
6398,15963,3,237.55,Biryani
6399,15964,3,261.42,Pizza
6399,15965,3,142.12,Street Food
6400,15966,2,115.69,Cafe
6400,15967,1,198.37,Chinese
6400,15968,2,264.67,South Indian
6400,15969,2,272.93,North Indian
6401,15970,3,259.92,South Indian
6401,15971,1,253.26,Cafe
6401,15972,1,80.47,South Indian
6402,15973,2,156.89,Chinese
6402,15974,2,156.39,Cafe
6402,15975,3,250.68,Pizza
6402,15976,2,253.78,North Indian
6403,15977,1,196.38,Chinese
6403,15978,1,102.9,Cafe
6403,15979,1,260.44,Street Food
6403,15980,1,91.59,Cafe
6404,15981,3,116.05,Pizza
6404,15982,1,296.01,South Indian
6404,15983,3,134.6,North Indian
6405,15984,3,281.97,Biryani
6406,15985,3,275.59,Biryani
6407,15986,3,97.4,South Indian
6407,15987,2,190.47,Chinese
6407,15988,2,234.46,South Indian
6407,15989,1,167.52,Chinese
6408,15990,2,107.91,North Indian
6408,15991,1,177.95,Street Food
6408,15992,2,193.64,North Indian
6408,15993,3,196.78,North Indian
6409,15994,2,278.07,South Indian
6409,15995,2,108.31,Chinese
6409,15996,1,285.06,Pizza
6409,15997,1,262.19,Pizza
6410,15998,1,82.75,Cafe
6411,15999,2,197.51,Biryani
6412,16000,2,172.22,Street Food
6412,16001,2,102.19,Pizza
6412,16002,1,156.98,Biryani
6412,16003,2,174.1,Biryani
6413,16004,1,219.88,Chinese
6413,16005,1,155.41,Chinese
6413,16006,2,177.74,Pizza
6414,16007,3,186.12,Cafe
6414,16008,1,229.71,Biryani
6414,16009,2,99.46,Street Food
6414,16010,2,87.48,Street Food
6415,16011,3,223.18,Street Food
6415,16012,2,242.71,North Indian
6416,16013,2,228.8,North Indian
6417,16014,3,222.23,North Indian
6417,16015,3,176.78,Street Food
6417,16016,1,157.25,Cafe
6418,16017,3,214.18,Pizza
6419,16018,1,129.19,Street Food
6419,16019,2,187.29,Pizza
6420,16020,2,237.9,Pizza
6420,16021,1,234.44,Chinese
6421,16022,3,230.64,Cafe
6421,16023,1,130.62,Cafe
6421,16024,3,250.18,North Indian
6422,16025,1,283.3,Street Food
6422,16026,3,230.37,Cafe
6422,16027,1,175.57,Biryani
6422,16028,3,248.07,North Indian
6423,16029,3,233.03,Pizza
6423,16030,2,91.79,Cafe
6423,16031,1,85.88,Biryani
6424,16032,2,287.16,Street Food
6425,16033,2,284.83,Chinese
6425,16034,3,125.06,South Indian
6426,16035,2,196.04,Street Food
6426,16036,3,189.73,Biryani
6426,16037,3,282.21,South Indian
6427,16038,2,111.89,Street Food
6427,16039,2,100.7,Pizza
6427,16040,2,165.28,North Indian
6428,16041,3,143.85,North Indian
6428,16042,3,169.56,Pizza
6428,16043,2,108.71,Street Food
6428,16044,1,110.81,Biryani
6429,16045,3,146.4,Pizza
6429,16046,1,212.89,Street Food
6430,16047,3,266.68,North Indian
6430,16048,2,227.84,Biryani
6431,16049,3,148.68,Chinese
6432,16050,2,110.77,Pizza
6432,16051,1,129.11,Cafe
6433,16052,2,194.67,South Indian
6433,16053,3,249.08,Cafe
6434,16054,2,296.22,South Indian
6434,16055,2,81.54,Cafe
6434,16056,1,217.03,Cafe
6434,16057,3,135.51,Pizza
6435,16058,2,237.31,Cafe
6435,16059,1,146.74,Cafe
6435,16060,3,168.25,Cafe
6435,16061,2,286.82,North Indian
6436,16062,3,119.16,Pizza
6436,16063,2,95.87,North Indian
6436,16064,1,161.74,Street Food
6436,16065,1,218.38,Chinese
6437,16066,2,221.33,North Indian
6437,16067,3,217.76,Chinese
6437,16068,1,217.64,Chinese
6438,16069,2,230.25,Street Food
6438,16070,3,290.1,Pizza
6438,16071,2,172.29,Biryani
6438,16072,2,193.88,North Indian
6439,16073,3,226.63,North Indian
6439,16074,1,180.35,North Indian
6440,16075,3,250.07,South Indian
6440,16076,2,213.46,Biryani
6440,16077,1,220.19,Cafe
6440,16078,1,282.44,Chinese
6441,16079,2,261.74,Cafe
6441,16080,3,198.09,Pizza
6442,16081,3,121.58,Chinese
6443,16082,2,103.73,Pizza
6443,16083,3,262.54,Chinese
6444,16084,1,257.63,North Indian
6444,16085,1,221.84,Biryani
6444,16086,3,104.03,Street Food
6444,16087,1,144.44,Cafe
6445,16088,1,205.0,Street Food
6445,16089,3,275.09,Street Food
6445,16090,1,262.23,Biryani
6445,16091,3,131.77,Cafe
6446,16092,3,135.09,Biryani
6446,16093,3,81.8,North Indian
6446,16094,1,180.91,North Indian
6447,16095,2,295.52,Street Food
6447,16096,1,281.2,Pizza
6448,16097,1,262.07,Biryani
6448,16098,1,263.27,North Indian
6448,16099,3,179.2,Chinese
6449,16100,3,280.21,Chinese
6449,16101,1,280.67,North Indian
6449,16102,3,122.31,Cafe
6449,16103,3,210.92,South Indian
6450,16104,3,219.75,Cafe
6450,16105,2,137.51,North Indian
6451,16106,2,202.29,Chinese
6451,16107,1,114.0,Biryani
6451,16108,1,182.21,Chinese
6451,16109,2,107.88,Pizza
6452,16110,3,179.59,South Indian
6452,16111,3,83.14,South Indian
6452,16112,1,201.03,Pizza
6453,16113,2,119.25,Pizza
6453,16114,1,297.26,Biryani
6453,16115,1,160.31,Biryani
6454,16116,3,271.14,Cafe
6455,16117,1,233.78,North Indian
6456,16118,2,284.1,Pizza
6457,16119,3,293.86,Cafe
6457,16120,3,241.96,Street Food
6458,16121,3,224.24,Street Food
6458,16122,1,91.25,Cafe
6459,16123,1,179.95,North Indian
6459,16124,3,93.75,Cafe
6460,16125,3,242.35,South Indian
6460,16126,1,272.08,Biryani
6460,16127,2,163.26,Street Food
6460,16128,2,116.81,Chinese
6461,16129,1,156.65,Street Food
6461,16130,1,294.62,Biryani
6461,16131,1,177.97,Cafe
6462,16132,2,241.45,Biryani
6462,16133,3,116.67,Cafe
6463,16134,1,225.68,Pizza
6463,16135,1,153.07,Cafe
6463,16136,1,147.4,South Indian
6464,16137,1,203.08,Cafe
6464,16138,3,260.41,Pizza
6464,16139,3,224.1,Biryani
6464,16140,2,157.25,North Indian
6465,16141,3,110.98,Cafe
6466,16142,1,159.08,Cafe
6466,16143,3,190.91,Pizza
6467,16144,3,222.88,Chinese
6467,16145,2,224.05,Street Food
6468,16146,2,97.96,Biryani
6469,16147,2,150.66,Biryani
6470,16148,2,125.75,Street Food
6470,16149,3,112.91,Pizza
6470,16150,1,139.81,Biryani
6470,16151,3,227.23,North Indian
6471,16152,1,174.29,Biryani
6471,16153,2,217.99,South Indian
6471,16154,3,89.27,Pizza
6472,16155,2,152.23,Chinese
6473,16156,1,203.73,Biryani
6474,16157,2,217.79,Biryani
6475,16158,2,252.3,Chinese
6475,16159,3,242.51,Chinese
6475,16160,3,136.64,Cafe
6476,16161,3,271.12,Pizza
6477,16162,3,280.49,Biryani
6477,16163,2,156.25,Biryani
6478,16164,2,224.49,North Indian
6479,16165,3,220.3,North Indian
6480,16166,2,256.48,North Indian
6480,16167,3,278.76,Chinese
6480,16168,1,292.17,Street Food
6481,16169,2,150.73,South Indian
6481,16170,3,279.68,South Indian
6481,16171,2,155.65,Cafe
6482,16172,3,172.77,North Indian
6482,16173,3,231.27,Chinese
6482,16174,2,259.95,Street Food
6483,16175,1,102.87,Street Food
6484,16176,1,251.69,Pizza
6485,16177,2,234.82,Chinese
6485,16178,3,222.01,Street Food
6486,16179,2,229.24,North Indian
6486,16180,1,294.08,Chinese
6486,16181,1,205.87,North Indian
6487,16182,3,178.66,South Indian
6487,16183,2,232.77,Cafe
6487,16184,2,91.14,Chinese
6487,16185,2,231.6,South Indian
6488,16186,3,185.42,Chinese
6488,16187,2,164.99,North Indian
6488,16188,3,196.91,Chinese
6489,16189,1,227.26,Biryani
6489,16190,1,287.84,North Indian
6489,16191,3,92.49,Street Food
6489,16192,3,262.5,South Indian
6490,16193,3,181.24,Street Food
6490,16194,3,97.71,North Indian
6490,16195,2,275.66,South Indian
6491,16196,3,113.88,South Indian
6492,16197,2,251.82,Biryani
6493,16198,2,180.47,South Indian
6493,16199,2,298.38,Cafe
6493,16200,3,245.2,Biryani
6493,16201,2,163.19,Pizza
6494,16202,3,158.59,South Indian
6494,16203,2,191.96,Biryani
6494,16204,2,286.96,Biryani
6495,16205,1,239.44,Pizza
6495,16206,2,138.82,Biryani
6495,16207,2,195.53,Street Food
6496,16208,2,272.45,Biryani
6496,16209,2,104.54,North Indian
6496,16210,1,91.83,Chinese
6496,16211,2,137.46,Street Food
6497,16212,2,266.67,South Indian
6497,16213,2,177.84,Biryani
6497,16214,2,109.97,Chinese
6498,16215,2,180.13,Chinese
6498,16216,1,231.68,Chinese
6498,16217,2,87.75,Street Food
6499,16218,1,248.33,Pizza
6499,16219,1,174.03,Chinese
6499,16220,3,103.3,North Indian
6499,16221,3,102.98,Pizza
6500,16222,1,197.66,Pizza
6501,16223,3,215.7,Chinese
6501,16224,3,141.47,South Indian
6501,16225,3,195.39,North Indian
6502,16226,1,274.59,Street Food
6502,16227,1,143.54,Biryani
6503,16228,2,238.14,North Indian
6503,16229,3,81.28,North Indian
6503,16230,3,232.58,Pizza
6503,16231,3,252.43,Chinese
6504,16232,2,91.35,Chinese
6504,16233,3,217.22,North Indian
6505,16234,3,114.16,North Indian
6505,16235,2,129.14,Pizza
6505,16236,3,249.32,Pizza
6506,16237,3,125.21,Street Food
6506,16238,2,250.62,Pizza
6506,16239,3,288.67,Biryani
6507,16240,3,191.24,North Indian
6507,16241,2,219.01,North Indian
6508,16242,2,164.28,Street Food
6508,16243,2,195.17,North Indian
6508,16244,3,144.44,North Indian
6508,16245,3,171.14,Chinese
6509,16246,3,94.82,Street Food
6509,16247,2,264.19,Street Food
6510,16248,3,253.39,Cafe
6511,16249,1,225.92,South Indian
6511,16250,2,84.36,Chinese
6511,16251,3,266.1,Chinese
6512,16252,1,279.47,Cafe
6513,16253,2,216.66,Biryani
6513,16254,2,173.16,Chinese
6513,16255,2,204.36,Cafe
6514,16256,3,117.53,Biryani
6515,16257,1,87.64,Biryani
6516,16258,2,270.7,North Indian
6516,16259,3,232.88,South Indian
6517,16260,3,282.12,North Indian
6517,16261,1,242.05,Cafe
6517,16262,3,297.59,Chinese
6518,16263,1,118.82,Chinese
6518,16264,3,193.59,Street Food
6519,16265,2,156.46,Cafe
6519,16266,2,97.06,North Indian
6520,16267,1,258.41,Pizza
6520,16268,2,249.72,Chinese
6520,16269,1,280.29,Chinese
6520,16270,3,107.62,Cafe
6521,16271,1,109.44,Street Food
6521,16272,1,113.85,North Indian
6521,16273,2,136.42,North Indian
6521,16274,1,195.43,North Indian
6522,16275,2,80.63,Street Food
6523,16276,2,131.13,Chinese
6523,16277,2,125.72,Chinese
6523,16278,3,171.33,South Indian
6523,16279,3,299.95,Street Food
6524,16280,1,134.04,Chinese
6524,16281,2,141.1,Street Food
6524,16282,2,220.43,Biryani
6524,16283,3,226.07,Pizza
6525,16284,1,152.77,North Indian
6526,16285,3,238.85,North Indian
6526,16286,2,229.16,Street Food
6526,16287,1,288.36,Cafe
6527,16288,2,108.76,South Indian
6528,16289,3,160.49,Chinese
6528,16290,3,243.78,Street Food
6528,16291,2,197.92,South Indian
6528,16292,2,91.28,Cafe
6529,16293,3,298.17,Chinese
6529,16294,2,224.13,South Indian
6530,16295,2,87.82,Chinese
6530,16296,3,285.22,Cafe
6531,16297,1,248.05,North Indian
6531,16298,1,298.55,Biryani
6532,16299,1,138.6,Street Food
6533,16300,2,160.03,Street Food
6533,16301,1,123.19,North Indian
6534,16302,1,245.44,Pizza
6534,16303,3,254.84,Street Food
6534,16304,1,128.17,Chinese
6534,16305,2,168.41,Biryani
6535,16306,3,202.06,Biryani
6535,16307,1,202.44,South Indian
6535,16308,3,204.04,Pizza
6536,16309,3,253.85,Biryani
6536,16310,3,89.32,Cafe
6536,16311,2,237.65,Pizza
6537,16312,1,279.64,North Indian
6537,16313,2,217.22,Street Food
6538,16314,2,218.53,North Indian
6538,16315,3,228.24,North Indian
6539,16316,2,180.31,Chinese
6539,16317,1,102.57,Cafe
6539,16318,2,83.41,Pizza
6540,16319,2,251.99,Biryani
6540,16320,3,248.37,Street Food
6540,16321,3,88.56,Pizza
6540,16322,2,197.68,Pizza
6541,16323,3,236.59,South Indian
6541,16324,1,124.43,Chinese
6541,16325,1,89.27,South Indian
6541,16326,1,93.48,South Indian
6542,16327,3,103.11,North Indian
6543,16328,3,183.25,Cafe
6543,16329,1,242.58,South Indian
6543,16330,2,246.94,Chinese
6543,16331,3,97.28,Street Food
6544,16332,2,296.05,South Indian
6545,16333,1,200.47,North Indian
6546,16334,1,127.59,Biryani
6546,16335,2,229.45,Cafe
6547,16336,2,80.44,Cafe
6548,16337,3,143.26,Chinese
6548,16338,2,110.0,Chinese
6549,16339,1,143.19,North Indian
6549,16340,1,130.92,South Indian
6550,16341,1,85.99,South Indian
6551,16342,2,195.81,Biryani
6551,16343,1,199.81,Street Food
6552,16344,2,225.7,Chinese
6552,16345,1,220.95,Cafe
6553,16346,3,101.09,South Indian
6553,16347,2,130.66,South Indian
6553,16348,3,151.0,Pizza
6553,16349,1,219.97,Pizza
6554,16350,1,209.44,Street Food
6554,16351,3,194.28,Pizza
6554,16352,3,187.4,Pizza
6554,16353,2,92.32,Cafe
6555,16354,2,207.6,Chinese
6555,16355,1,162.71,Chinese
6555,16356,1,201.4,North Indian
6555,16357,3,182.29,Biryani
6556,16358,2,134.12,South Indian
6557,16359,1,108.35,South Indian
6557,16360,1,238.69,Chinese
6557,16361,2,183.37,Street Food
6557,16362,1,172.71,Pizza
6558,16363,2,121.14,South Indian
6558,16364,2,150.68,Biryani
6559,16365,3,179.1,Pizza
6559,16366,1,199.66,Street Food
6559,16367,1,232.07,South Indian
6559,16368,3,114.36,Chinese
6560,16369,1,210.68,South Indian
6560,16370,1,298.15,Biryani
6560,16371,1,123.29,Street Food
6560,16372,1,123.31,Chinese
6561,16373,3,115.93,Chinese
6561,16374,3,298.77,Pizza
6562,16375,2,229.96,Cafe
6562,16376,3,269.6,Chinese
6563,16377,3,231.24,Chinese
6564,16378,1,117.79,Chinese
6564,16379,1,120.82,South Indian
6564,16380,2,258.41,Pizza
6565,16381,3,85.78,Street Food
6565,16382,3,204.81,Biryani
6565,16383,3,129.87,Cafe
6565,16384,3,221.7,North Indian
6566,16385,2,279.95,Street Food
6566,16386,3,232.14,South Indian
6566,16387,3,289.98,Chinese
6567,16388,2,283.09,Cafe
6568,16389,3,260.18,Street Food
6568,16390,1,125.59,Biryani
6568,16391,2,191.86,Biryani
6569,16392,3,97.53,Cafe
6569,16393,3,84.76,South Indian
6569,16394,1,207.45,Street Food
6570,16395,2,203.51,Chinese
6570,16396,3,156.02,Biryani
6570,16397,3,298.09,Chinese
6571,16398,1,129.5,Street Food
6571,16399,3,229.8,North Indian
6571,16400,1,186.05,Biryani
6571,16401,2,272.27,North Indian
6572,16402,3,258.95,Biryani
6572,16403,2,166.64,Pizza
6572,16404,2,182.6,Street Food
6572,16405,2,117.0,Biryani
6573,16406,2,200.5,Street Food
6574,16407,3,163.78,Chinese
6574,16408,1,202.32,Cafe
6574,16409,2,205.7,Street Food
6575,16410,2,265.78,Cafe
6575,16411,3,80.15,South Indian
6576,16412,1,229.05,Chinese
6576,16413,3,226.96,Chinese
6576,16414,3,102.73,North Indian
6577,16415,2,158.12,Pizza
6578,16416,3,146.72,North Indian
6578,16417,1,173.02,Pizza
6579,16418,2,277.2,Biryani
6579,16419,1,252.91,Biryani
6579,16420,2,288.93,Street Food
6579,16421,2,205.05,Chinese
6580,16422,1,134.64,Pizza
6580,16423,2,117.52,Chinese
6580,16424,2,247.14,Street Food
6580,16425,1,85.16,Chinese
6581,16426,3,241.15,South Indian
6581,16427,2,219.46,Chinese
6581,16428,1,145.64,North Indian
6582,16429,2,95.66,South Indian
6582,16430,3,138.63,Cafe
6583,16431,1,213.91,Chinese
6584,16432,3,134.44,North Indian
6584,16433,3,281.01,Street Food
6584,16434,2,132.97,North Indian
6584,16435,3,297.26,South Indian
6585,16436,1,242.28,Cafe
6585,16437,2,140.64,Pizza
6585,16438,2,176.37,Pizza
6586,16439,2,176.43,Street Food
6587,16440,2,142.0,Biryani
6587,16441,2,218.0,Cafe
6587,16442,1,88.14,Street Food
6587,16443,3,86.58,Biryani
6588,16444,3,88.75,North Indian
6589,16445,1,109.75,Cafe
6590,16446,3,249.7,Chinese
6590,16447,2,213.32,Chinese
6590,16448,1,103.05,Street Food
6591,16449,2,237.62,Street Food
6591,16450,1,85.61,Chinese
6591,16451,3,95.31,North Indian
6591,16452,3,293.17,Street Food
6592,16453,2,117.3,South Indian
6593,16454,3,264.79,Chinese
6594,16455,1,142.31,Biryani
6594,16456,1,83.58,Pizza
6595,16457,1,275.4,North Indian
6595,16458,1,96.14,Pizza
6595,16459,1,227.67,Chinese
6596,16460,1,86.43,Chinese
6596,16461,2,252.89,South Indian
6597,16462,2,240.15,Biryani
6598,16463,3,149.63,Pizza
6598,16464,2,83.39,Pizza
6598,16465,2,292.67,Chinese
6598,16466,3,105.47,North Indian
6599,16467,3,130.15,North Indian
6599,16468,2,168.69,Biryani
6599,16469,2,106.5,Street Food
6600,16470,2,184.31,Street Food
6600,16471,1,94.31,Cafe
6601,16472,3,165.42,North Indian
6601,16473,2,106.88,North Indian
6602,16474,1,270.3,Pizza
6602,16475,1,136.33,Cafe
6602,16476,2,215.59,Chinese
6602,16477,1,87.87,North Indian
6603,16478,2,82.29,Chinese
6603,16479,3,272.12,South Indian
6603,16480,2,156.51,North Indian
6603,16481,3,87.93,South Indian
6604,16482,1,121.12,North Indian
6604,16483,2,111.91,Street Food
6604,16484,1,200.06,Chinese
6604,16485,2,259.01,Street Food
6605,16486,2,283.81,Biryani
6605,16487,3,176.13,Cafe
6606,16488,3,214.14,Street Food
6607,16489,2,248.47,South Indian
6607,16490,1,169.65,North Indian
6608,16491,3,241.78,Biryani
6609,16492,1,263.29,Biryani
6609,16493,1,287.66,Street Food
6610,16494,1,85.66,Biryani
6610,16495,3,230.26,North Indian
6610,16496,1,263.62,Cafe
6611,16497,3,104.33,Cafe
6611,16498,3,109.86,Street Food
6611,16499,3,120.64,Biryani
6611,16500,2,268.68,Chinese
6612,16501,2,236.2,Cafe
6613,16502,3,113.01,Chinese
6613,16503,2,219.9,Chinese
6613,16504,3,152.77,North Indian
6614,16505,2,173.8,Street Food
6614,16506,1,185.42,Biryani
6615,16507,3,210.95,Pizza
6615,16508,2,276.73,Biryani
6615,16509,1,273.32,North Indian
6615,16510,2,95.42,Cafe
6616,16511,3,220.92,South Indian
6616,16512,3,273.15,South Indian
6617,16513,1,84.23,Pizza
6617,16514,2,183.56,Biryani
6617,16515,3,131.39,Pizza
6618,16516,2,191.67,North Indian
6618,16517,2,80.67,Street Food
6618,16518,1,135.32,North Indian
6618,16519,3,214.13,South Indian
6619,16520,1,237.49,Cafe
6619,16521,1,122.02,Cafe
6619,16522,1,298.54,Pizza
6620,16523,1,203.62,Street Food
6620,16524,1,254.12,Pizza
6621,16525,3,165.22,South Indian
6622,16526,1,178.17,South Indian
6623,16527,3,105.77,South Indian
6623,16528,2,221.77,Cafe
6623,16529,2,92.75,Street Food
6624,16530,3,173.12,North Indian
6624,16531,1,267.19,North Indian
6624,16532,3,139.59,Street Food
6624,16533,1,217.45,Street Food
6625,16534,3,224.14,Pizza
6625,16535,2,277.6,South Indian
6626,16536,1,250.4,Pizza
6626,16537,1,275.36,South Indian
6626,16538,1,259.57,Biryani
6626,16539,3,293.44,North Indian
6627,16540,2,234.49,Street Food
6627,16541,2,174.21,Cafe
6627,16542,3,154.88,North Indian
6627,16543,3,222.03,Street Food
6628,16544,2,262.93,North Indian
6629,16545,3,127.98,Pizza
6630,16546,2,90.55,Street Food
6630,16547,3,247.56,Cafe
6631,16548,2,296.38,Chinese
6632,16549,2,148.56,North Indian
6632,16550,3,206.26,Chinese
6632,16551,1,265.73,Chinese
6632,16552,1,171.91,Pizza
6633,16553,2,82.83,South Indian
6634,16554,2,167.76,Biryani
6635,16555,3,191.05,Street Food
6636,16556,3,273.02,South Indian
6636,16557,2,188.53,Chinese
6636,16558,3,83.16,South Indian
6637,16559,2,177.34,Biryani
6638,16560,1,248.7,Pizza
6639,16561,2,161.7,Street Food
6639,16562,3,253.85,Chinese
6639,16563,1,261.66,Chinese
6639,16564,3,271.58,Street Food
6640,16565,2,260.08,Chinese
6641,16566,1,216.57,North Indian
6641,16567,3,198.44,Cafe
6642,16568,1,279.58,Biryani
6642,16569,1,126.84,Pizza
6642,16570,2,202.15,Pizza
6642,16571,2,274.15,Pizza
6643,16572,1,249.84,Chinese
6643,16573,1,275.49,South Indian
6643,16574,2,225.51,Pizza
6644,16575,1,211.66,South Indian
6644,16576,2,80.23,North Indian
6644,16577,1,92.48,Biryani
6645,16578,3,85.67,Pizza
6646,16579,1,105.45,South Indian
6647,16580,1,190.61,Cafe
6647,16581,1,136.56,North Indian
6648,16582,1,211.4,Biryani
6648,16583,1,206.9,Chinese
6648,16584,2,234.94,Biryani
6648,16585,2,105.03,Pizza
6649,16586,1,203.75,Pizza
6649,16587,2,137.36,Chinese
6649,16588,3,90.55,South Indian
6649,16589,3,143.56,Street Food
6650,16590,3,96.48,Street Food
6650,16591,1,107.53,South Indian
6650,16592,2,231.76,Pizza
6650,16593,1,174.94,North Indian
6651,16594,2,251.71,Cafe
6651,16595,1,117.26,Pizza
6651,16596,1,244.05,South Indian
6652,16597,2,158.25,Chinese
6652,16598,3,111.27,North Indian
6652,16599,3,196.69,Chinese
6653,16600,3,191.57,Pizza
6653,16601,2,272.18,Biryani
6653,16602,3,277.49,Cafe
6653,16603,1,227.11,Pizza
6654,16604,2,121.84,Biryani
6654,16605,1,197.09,South Indian
6654,16606,1,199.04,Biryani
6655,16607,2,98.54,Street Food
6655,16608,2,146.81,South Indian
6655,16609,3,237.54,South Indian
6655,16610,3,228.69,Pizza
6656,16611,2,249.65,Street Food
6656,16612,1,216.51,Cafe
6657,16613,3,152.44,Chinese
6658,16614,3,182.93,Chinese
6658,16615,2,166.32,South Indian
6659,16616,3,237.37,Street Food
6660,16617,1,236.31,North Indian
6660,16618,1,114.86,Biryani
6660,16619,1,221.3,Biryani
6661,16620,1,266.33,Chinese
6661,16621,2,239.38,Street Food
6661,16622,1,149.82,Cafe
6662,16623,1,246.21,Pizza
6662,16624,2,168.71,North Indian
6663,16625,1,99.5,Pizza
6663,16626,2,272.21,Biryani
6663,16627,3,178.07,Street Food
6663,16628,1,235.25,South Indian
6664,16629,2,159.32,South Indian
6664,16630,3,128.08,Cafe
6664,16631,2,135.12,Street Food
6665,16632,3,224.99,Street Food
6666,16633,3,154.08,Street Food
6666,16634,1,273.88,Biryani
6666,16635,2,122.6,South Indian
6667,16636,2,295.62,Pizza
6667,16637,3,246.21,Biryani
6667,16638,1,299.77,Chinese
6668,16639,1,110.24,Street Food
6668,16640,2,254.6,South Indian
6668,16641,1,231.21,Street Food
6668,16642,1,270.47,Chinese
6669,16643,1,185.46,Pizza
6669,16644,3,255.54,North Indian
6670,16645,2,235.2,Street Food
6671,16646,3,173.46,North Indian
6671,16647,1,158.96,Biryani
6671,16648,3,248.33,Cafe
6671,16649,1,280.65,South Indian
6672,16650,2,95.5,Biryani
6672,16651,3,112.77,Street Food
6672,16652,3,135.32,Chinese
6673,16653,3,125.92,Cafe
6674,16654,3,194.59,Chinese
6674,16655,3,188.12,Street Food
6674,16656,2,111.84,Chinese
6674,16657,1,180.73,Chinese
6675,16658,3,265.72,North Indian
6675,16659,1,210.86,Cafe
6676,16660,3,236.42,North Indian
6677,16661,3,174.12,Pizza
6677,16662,2,153.49,North Indian
6677,16663,2,121.82,Street Food
6677,16664,2,186.52,Cafe
6678,16665,3,93.12,South Indian
6678,16666,2,268.9,South Indian
6678,16667,1,299.44,North Indian
6678,16668,2,119.77,Chinese
6679,16669,2,98.6,Chinese
6679,16670,1,262.81,Street Food
6679,16671,1,112.96,Chinese
6679,16672,2,171.46,North Indian
6680,16673,3,273.81,Cafe
6680,16674,3,114.38,Street Food
6680,16675,2,223.57,Pizza
6681,16676,3,155.24,Pizza
6681,16677,3,115.63,Pizza
6681,16678,3,159.57,Pizza
6682,16679,1,93.24,Pizza
6682,16680,1,137.3,Pizza
6682,16681,1,97.61,Street Food
6682,16682,2,248.5,Biryani
6683,16683,2,85.64,Street Food
6683,16684,1,93.51,Street Food
6683,16685,3,114.12,Pizza
6683,16686,3,192.37,South Indian
6684,16687,3,224.05,Pizza
6684,16688,1,178.14,South Indian
6684,16689,3,257.58,Biryani
6685,16690,2,185.28,Chinese
6685,16691,2,80.03,South Indian
6685,16692,2,286.56,Pizza
6685,16693,1,142.29,North Indian
6686,16694,2,139.96,North Indian
6686,16695,1,196.97,Cafe
6687,16696,2,260.06,Cafe
6687,16697,3,249.73,Chinese
6688,16698,3,129.01,Street Food
6688,16699,2,185.31,Pizza
6689,16700,2,161.36,Chinese
6689,16701,2,228.33,Chinese
6690,16702,1,251.4,Biryani
6691,16703,3,178.77,Biryani
6691,16704,2,152.43,Pizza
6692,16705,3,286.6,South Indian
6692,16706,3,90.8,Biryani
6692,16707,2,176.37,Chinese
6693,16708,2,188.87,Pizza
6693,16709,2,190.95,Street Food
6693,16710,3,124.2,Street Food
6694,16711,1,287.87,Street Food
6695,16712,2,249.95,Cafe
6695,16713,3,116.16,Pizza
6695,16714,1,139.96,South Indian
6695,16715,3,198.84,Street Food
6696,16716,3,179.16,Cafe
6696,16717,2,249.25,Biryani
6697,16718,2,223.32,Street Food
6697,16719,2,129.44,South Indian
6698,16720,3,132.81,Chinese
6698,16721,2,139.47,Cafe
6698,16722,1,256.69,North Indian
6698,16723,1,215.36,Cafe
6699,16724,3,248.22,Chinese
6699,16725,3,173.35,Biryani
6699,16726,2,234.57,Street Food
6700,16727,3,236.68,Pizza
6701,16728,2,286.38,South Indian
6701,16729,2,116.42,Pizza
6702,16730,1,104.52,Pizza
6702,16731,3,180.34,Pizza
6702,16732,3,98.72,Pizza
6702,16733,1,264.56,Pizza
6703,16734,1,242.92,South Indian
6703,16735,2,285.13,Cafe
6704,16736,1,243.25,Street Food
6705,16737,1,93.87,North Indian
6705,16738,3,220.76,South Indian
6705,16739,1,205.22,Cafe
6705,16740,1,167.52,Pizza
6706,16741,2,117.32,Street Food
6707,16742,3,239.36,Biryani
6707,16743,3,206.98,Street Food
6707,16744,2,185.49,Pizza
6707,16745,1,285.86,North Indian
6708,16746,1,148.64,Biryani
6708,16747,3,218.6,South Indian
6709,16748,2,169.06,Biryani
6709,16749,2,176.79,Street Food
6709,16750,2,102.55,Cafe
6710,16751,1,220.33,Biryani
6710,16752,3,205.57,Pizza
6710,16753,3,111.01,Pizza
6710,16754,3,161.53,South Indian
6711,16755,2,299.25,Biryani
6711,16756,3,92.14,North Indian
6712,16757,2,246.86,South Indian
6712,16758,2,132.62,Chinese
6713,16759,1,299.04,Pizza
6713,16760,1,292.1,Chinese
6713,16761,2,193.94,South Indian
6714,16762,1,202.62,Cafe
6714,16763,3,153.31,Pizza
6715,16764,3,292.95,Pizza
6716,16765,2,180.37,Street Food
6717,16766,3,213.26,Cafe
6717,16767,1,126.1,Cafe
6717,16768,2,278.38,Chinese
6717,16769,2,133.63,South Indian
6718,16770,2,275.74,South Indian
6718,16771,2,150.93,North Indian
6719,16772,2,133.86,Street Food
6719,16773,3,244.42,South Indian
6720,16774,1,102.05,Chinese
6721,16775,3,168.77,Chinese
6721,16776,3,95.18,Biryani
6721,16777,3,227.08,Chinese
6722,16778,2,89.3,North Indian
6722,16779,3,257.03,North Indian
6722,16780,2,174.29,Street Food
6722,16781,3,107.71,Biryani
6723,16782,1,89.04,Chinese
6723,16783,1,152.55,Chinese
6724,16784,1,252.83,Cafe
6724,16785,2,215.54,Biryani
6724,16786,3,256.78,South Indian
6724,16787,2,190.12,South Indian
6725,16788,3,267.38,Chinese
6725,16789,3,148.62,Chinese
6725,16790,3,191.71,North Indian
6725,16791,1,225.57,South Indian
6726,16792,2,269.08,Cafe
6726,16793,1,204.2,Street Food
6727,16794,2,260.55,Cafe
6728,16795,2,110.93,Biryani
6729,16796,1,215.52,Cafe
6729,16797,1,246.4,North Indian
6729,16798,3,262.49,Chinese
6730,16799,2,290.54,Street Food
6730,16800,3,155.06,Pizza
6730,16801,3,226.01,Biryani
6730,16802,1,93.15,Biryani
6731,16803,3,185.63,Cafe
6731,16804,1,100.77,North Indian
6732,16805,3,113.23,Biryani
6732,16806,3,191.16,Biryani
6733,16807,1,161.2,North Indian
6734,16808,3,156.86,Chinese
6734,16809,2,296.54,North Indian
6734,16810,2,202.94,Cafe
6735,16811,3,218.17,Pizza
6736,16812,1,88.39,Street Food
6737,16813,1,270.18,Chinese
6738,16814,2,194.58,North Indian
6738,16815,3,249.13,North Indian
6738,16816,2,126.47,South Indian
6739,16817,1,281.46,Pizza
6739,16818,2,123.13,North Indian
6739,16819,3,274.12,North Indian
6739,16820,2,138.53,Chinese
6740,16821,3,98.04,Street Food
6740,16822,2,210.95,North Indian
6741,16823,3,255.85,North Indian
6741,16824,3,270.14,South Indian
6741,16825,2,144.41,Pizza
6741,16826,3,171.59,Street Food
6742,16827,1,279.93,Cafe
6742,16828,2,295.22,Chinese
6743,16829,2,85.51,Biryani
6743,16830,1,275.77,North Indian
6744,16831,3,82.99,Cafe
6744,16832,1,154.87,Cafe
6744,16833,3,127.67,Street Food
6744,16834,2,83.97,Pizza
6745,16835,1,213.86,Chinese
6745,16836,3,265.82,South Indian
6745,16837,3,138.69,Biryani
6746,16838,1,107.74,North Indian
6746,16839,3,171.09,North Indian
6746,16840,2,123.22,South Indian
6746,16841,3,296.58,Cafe
6747,16842,2,128.5,Cafe
6748,16843,2,243.9,Chinese
6748,16844,3,297.5,Biryani
6748,16845,3,243.26,Biryani
6749,16846,2,298.75,Pizza
6750,16847,2,170.6,Biryani
6751,16848,2,158.38,North Indian
6751,16849,3,168.99,Street Food
6751,16850,1,115.86,Chinese
6752,16851,2,276.3,Street Food
6753,16852,3,289.75,Chinese
6753,16853,1,97.72,Street Food
6753,16854,3,125.07,South Indian
6753,16855,3,101.59,North Indian
6754,16856,3,221.67,Biryani
6754,16857,1,232.59,Cafe
6755,16858,2,176.93,North Indian
6755,16859,3,270.82,Chinese
6755,16860,1,95.95,Biryani
6755,16861,2,228.82,Cafe
6756,16862,3,272.57,North Indian
6756,16863,2,232.91,South Indian
6756,16864,3,137.29,Biryani
6756,16865,1,87.2,Cafe
6757,16866,2,250.21,Cafe
6757,16867,3,262.26,Chinese
6758,16868,3,253.97,Biryani
6758,16869,3,260.16,Biryani
6758,16870,1,122.18,North Indian
6758,16871,1,179.48,South Indian
6759,16872,1,91.38,Biryani
6760,16873,3,221.34,Chinese
6760,16874,3,158.05,Street Food
6760,16875,1,180.52,Biryani
6760,16876,2,288.42,North Indian
6761,16877,2,294.51,Street Food
6761,16878,3,156.8,Street Food
6762,16879,2,83.14,North Indian
6763,16880,3,102.21,Street Food
6764,16881,1,188.74,North Indian
6764,16882,1,88.18,Chinese
6764,16883,3,260.35,Chinese
6764,16884,3,224.58,Street Food
6765,16885,3,122.31,Chinese
6765,16886,3,283.55,North Indian
6766,16887,3,151.58,Chinese
6766,16888,2,274.5,Street Food
6766,16889,3,164.74,Chinese
6767,16890,2,97.23,Chinese
6767,16891,1,286.09,Street Food
6767,16892,3,247.89,Cafe
6768,16893,1,93.79,Cafe
6768,16894,1,214.67,Street Food
6768,16895,1,106.65,South Indian
6768,16896,3,136.26,Pizza
6769,16897,1,104.35,Cafe
6769,16898,2,193.32,South Indian
6769,16899,1,135.11,Street Food
6769,16900,1,211.76,Street Food
6770,16901,1,284.91,Pizza
6770,16902,1,108.98,Pizza
6770,16903,2,299.17,Biryani
6771,16904,3,99.37,Street Food
6771,16905,3,93.28,North Indian
6771,16906,1,116.23,South Indian
6772,16907,3,85.04,Pizza
6772,16908,2,207.53,Pizza
6773,16909,2,217.64,Pizza
6773,16910,3,182.23,South Indian
6773,16911,1,128.71,Street Food
6774,16912,2,191.09,North Indian
6774,16913,2,132.99,Chinese
6775,16914,1,118.55,Biryani
6775,16915,1,244.99,Chinese
6775,16916,3,212.61,North Indian
6775,16917,2,295.91,Biryani
6776,16918,2,240.63,Chinese
6777,16919,3,247.93,Street Food
6778,16920,1,195.44,North Indian
6778,16921,2,199.55,Pizza
6778,16922,1,152.9,Pizza
6779,16923,1,98.87,Street Food
6779,16924,3,187.9,Pizza
6779,16925,2,289.77,North Indian
6779,16926,1,263.19,Chinese
6780,16927,2,243.05,Cafe
6781,16928,2,154.71,North Indian
6782,16929,3,158.6,Cafe
6782,16930,2,116.84,Pizza
6782,16931,2,134.3,Chinese
6783,16932,1,101.13,South Indian
6783,16933,1,201.37,South Indian
6784,16934,3,185.5,Street Food
6784,16935,3,117.75,Biryani
6784,16936,1,225.89,North Indian
6785,16937,3,96.74,Pizza
6785,16938,1,164.47,Cafe
6786,16939,3,222.53,Street Food
6787,16940,1,87.21,Street Food
6787,16941,2,265.02,Biryani
6787,16942,1,297.26,South Indian
6788,16943,2,159.84,Cafe
6789,16944,1,238.77,South Indian
6789,16945,1,128.11,South Indian
6789,16946,2,266.97,South Indian
6789,16947,1,83.35,North Indian
6790,16948,1,141.97,Chinese
6790,16949,2,120.68,Chinese
6791,16950,2,221.28,Biryani
6791,16951,3,272.48,North Indian
6792,16952,2,226.03,Biryani
6792,16953,1,242.58,Pizza
6792,16954,2,85.18,Street Food
6793,16955,2,91.68,Chinese
6793,16956,3,182.6,Biryani
6794,16957,3,208.42,Biryani
6794,16958,2,233.08,Chinese
6794,16959,2,227.81,Pizza
6794,16960,3,251.55,North Indian
6795,16961,1,156.49,Cafe
6796,16962,3,175.58,Chinese
6796,16963,3,216.96,Pizza
6796,16964,1,234.13,Street Food
6796,16965,2,121.8,Biryani
6797,16966,3,85.78,North Indian
6797,16967,2,104.9,North Indian
6797,16968,3,269.99,Pizza
6797,16969,2,90.5,Cafe
6798,16970,3,120.48,North Indian
6798,16971,1,94.53,Cafe
6798,16972,2,259.2,North Indian
6799,16973,1,108.29,Street Food
6799,16974,2,285.03,Street Food
6799,16975,1,131.8,Street Food
6800,16976,1,248.07,North Indian
6800,16977,2,131.11,North Indian
6801,16978,1,174.9,Pizza
6801,16979,3,269.77,Street Food
6801,16980,2,147.63,Chinese
6801,16981,2,208.09,North Indian
6802,16982,1,104.64,Biryani
6802,16983,3,207.61,North Indian
6802,16984,1,105.89,Pizza
6802,16985,3,278.58,South Indian
6803,16986,3,93.21,South Indian
6803,16987,2,105.84,Street Food
6804,16988,3,168.14,South Indian
6804,16989,2,146.31,South Indian
6804,16990,2,271.42,Street Food
6805,16991,2,255.34,Biryani
6805,16992,3,295.63,Street Food
6805,16993,2,242.97,Cafe
6806,16994,2,95.22,Chinese
6806,16995,2,222.33,Pizza
6807,16996,1,194.22,North Indian
6807,16997,2,222.15,Pizza
6807,16998,3,94.41,Cafe
6808,16999,3,136.8,Chinese
6808,17000,2,90.8,South Indian
6808,17001,3,187.22,Chinese
6808,17002,3,212.52,South Indian
6809,17003,2,286.18,Pizza
6809,17004,3,261.67,Pizza
6809,17005,2,174.11,North Indian
6810,17006,2,198.52,Pizza
6810,17007,3,180.88,North Indian
6810,17008,3,195.29,Pizza
6811,17009,3,117.14,Pizza
6812,17010,3,128.46,Cafe
6812,17011,2,182.0,Biryani
6812,17012,2,176.39,Biryani
6812,17013,3,144.17,Street Food
6813,17014,2,277.12,Street Food
6813,17015,1,221.29,Street Food
6814,17016,3,193.63,Cafe
6815,17017,2,171.39,Chinese
6816,17018,1,260.28,Cafe
6816,17019,2,141.0,Cafe
6816,17020,3,157.42,Street Food
6817,17021,3,180.49,Cafe
6817,17022,1,239.25,Biryani
6817,17023,3,93.43,Pizza
6817,17024,3,92.16,Chinese
6818,17025,2,293.12,North Indian
6818,17026,1,95.67,South Indian
6818,17027,1,250.77,Chinese
6819,17028,1,183.57,Chinese
6820,17029,1,220.43,Biryani
6820,17030,3,201.93,Pizza
6821,17031,3,107.98,North Indian
6821,17032,2,160.53,Cafe
6821,17033,3,281.32,South Indian
6821,17034,2,267.28,North Indian
6822,17035,2,143.52,Biryani
6822,17036,2,174.84,South Indian
6822,17037,3,168.78,South Indian
6822,17038,3,139.33,Pizza
6823,17039,1,191.16,South Indian
6823,17040,1,85.21,South Indian
6823,17041,1,140.54,North Indian
6824,17042,2,278.99,Pizza
6824,17043,1,180.67,Pizza
6824,17044,2,114.4,North Indian
6824,17045,3,103.51,Chinese
6825,17046,2,90.36,Pizza
6825,17047,2,289.13,Pizza
6825,17048,1,162.27,North Indian
6825,17049,3,132.5,South Indian
6826,17050,3,206.05,Pizza
6827,17051,1,93.03,Street Food
6827,17052,1,172.94,Chinese
6828,17053,2,276.59,Pizza
6829,17054,3,238.58,Chinese
6830,17055,2,227.28,South Indian
6830,17056,1,167.32,Biryani
6830,17057,2,95.88,Street Food
6831,17058,1,254.85,Street Food
6832,17059,1,198.31,Pizza
6832,17060,2,168.86,North Indian
6833,17061,1,288.48,Pizza
6833,17062,1,133.89,South Indian
6833,17063,1,264.03,North Indian
6834,17064,2,107.41,Pizza
6834,17065,2,209.85,South Indian
6834,17066,3,169.7,Chinese
6834,17067,3,174.69,South Indian
6835,17068,2,229.32,South Indian
6836,17069,1,119.49,Pizza
6836,17070,1,278.46,South Indian
6836,17071,1,253.81,North Indian
6837,17072,2,117.04,South Indian
6837,17073,3,182.69,Biryani
6837,17074,3,271.48,Biryani
6837,17075,3,122.35,Pizza
6838,17076,2,116.17,Street Food
6838,17077,2,87.26,Pizza
6838,17078,2,296.59,Street Food
6838,17079,3,183.66,Cafe
6839,17080,1,279.22,Cafe
6839,17081,3,92.62,North Indian
6839,17082,1,257.44,North Indian
6839,17083,3,157.02,Street Food
6840,17084,1,196.52,Chinese
6840,17085,1,112.55,Pizza
6841,17086,2,89.73,Chinese
6841,17087,3,256.42,Pizza
6841,17088,3,133.27,South Indian
6841,17089,2,141.3,Street Food
6842,17090,3,135.08,North Indian
6842,17091,2,265.73,Street Food
6842,17092,1,171.99,Pizza
6842,17093,3,243.59,Chinese
6843,17094,1,182.76,South Indian
6843,17095,1,224.91,Biryani
6843,17096,2,92.25,North Indian
6844,17097,3,163.79,Street Food
6844,17098,2,214.78,Street Food
6844,17099,1,148.61,Street Food
6845,17100,1,91.1,Biryani
6845,17101,2,225.64,Street Food
6845,17102,3,297.29,Chinese
6845,17103,2,98.16,Street Food
6846,17104,2,123.65,Pizza
6847,17105,1,215.95,Pizza
6848,17106,1,152.63,South Indian
6848,17107,2,170.98,Cafe
6848,17108,1,132.29,Pizza
6848,17109,1,295.68,Chinese
6849,17110,3,139.07,Chinese
6849,17111,2,82.11,Biryani
6849,17112,2,271.91,North Indian
6849,17113,3,210.5,Pizza
6850,17114,2,241.05,South Indian
6850,17115,1,228.12,Pizza
6850,17116,3,95.68,North Indian
6851,17117,2,191.91,North Indian
6852,17118,2,212.61,South Indian
6852,17119,3,179.9,Cafe
6853,17120,2,211.31,South Indian
6854,17121,1,273.67,Biryani
6854,17122,1,283.29,South Indian
6855,17123,1,201.43,Chinese
6855,17124,2,292.66,Pizza
6855,17125,1,187.79,Chinese
6856,17126,1,115.17,Chinese
6856,17127,2,264.94,Cafe
6856,17128,3,294.91,South Indian
6856,17129,2,175.24,Pizza
6857,17130,1,299.36,Chinese
6857,17131,1,193.03,Street Food
6858,17132,2,192.47,Pizza
6858,17133,3,104.72,Cafe
6859,17134,2,171.22,Pizza
6859,17135,2,221.78,North Indian
6860,17136,2,209.55,Pizza
6861,17137,1,91.19,North Indian
6861,17138,1,258.54,Pizza
6861,17139,2,82.97,South Indian
6862,17140,3,259.13,Chinese
6862,17141,2,272.22,Biryani
6862,17142,1,203.27,South Indian
6862,17143,1,179.57,North Indian
6863,17144,1,230.09,South Indian
6863,17145,2,143.51,Cafe
6863,17146,1,189.74,Biryani
6864,17147,3,118.59,South Indian
6864,17148,3,169.68,Street Food
6865,17149,3,152.1,South Indian
6865,17150,2,261.11,Street Food
6865,17151,1,214.36,Street Food
6866,17152,2,240.81,Cafe
6866,17153,3,127.14,Cafe
6867,17154,1,229.39,South Indian
6867,17155,3,98.8,Biryani
6867,17156,2,214.58,North Indian
6868,17157,1,226.25,North Indian
6868,17158,3,255.87,Cafe
6868,17159,1,211.96,Biryani
6868,17160,3,93.73,North Indian
6869,17161,1,166.69,South Indian
6869,17162,2,112.25,Chinese
6870,17163,2,262.39,South Indian
6870,17164,2,159.07,Chinese
6870,17165,1,165.74,South Indian
6871,17166,3,234.82,Street Food
6871,17167,2,119.48,South Indian
6872,17168,2,299.27,South Indian
6873,17169,2,91.04,North Indian
6873,17170,2,216.07,Biryani
6874,17171,1,204.67,Pizza
6874,17172,2,159.53,North Indian
6875,17173,2,259.26,Cafe
6875,17174,1,172.86,Biryani
6875,17175,2,118.17,Chinese
6875,17176,3,252.32,North Indian
6876,17177,1,207.83,Pizza
6876,17178,3,81.02,Street Food
6877,17179,2,151.22,South Indian
6877,17180,3,206.49,Pizza
6877,17181,3,147.06,Pizza
6878,17182,3,100.57,North Indian
6879,17183,1,224.84,Pizza
6879,17184,1,122.53,Biryani
6880,17185,3,236.16,Biryani
6881,17186,2,152.52,Chinese
6881,17187,1,250.56,South Indian
6881,17188,2,207.67,Street Food
6882,17189,1,293.39,Pizza
6882,17190,3,271.43,Street Food
6882,17191,2,158.14,Biryani
6883,17192,3,163.4,Cafe
6884,17193,3,177.42,North Indian
6884,17194,3,120.43,South Indian
6884,17195,2,140.44,Chinese
6884,17196,3,236.03,Cafe
6885,17197,3,102.91,Chinese
6885,17198,1,179.07,North Indian
6885,17199,3,139.16,Street Food
6886,17200,1,145.29,North Indian
6886,17201,2,114.17,South Indian
6886,17202,1,189.44,Pizza
6887,17203,3,278.15,South Indian
6887,17204,1,111.93,Cafe
6887,17205,1,229.54,South Indian
6888,17206,3,254.67,Cafe
6889,17207,1,294.12,North Indian
6889,17208,3,241.17,Cafe
6889,17209,3,206.79,South Indian
6889,17210,2,177.63,North Indian
6890,17211,2,102.21,Street Food
6890,17212,1,210.0,Chinese
6890,17213,3,132.01,Biryani
6890,17214,2,83.24,Street Food
6891,17215,1,117.02,North Indian
6891,17216,1,145.65,South Indian
6892,17217,1,292.36,Chinese
6892,17218,3,173.83,South Indian
6892,17219,3,235.97,South Indian
6893,17220,3,176.69,North Indian
6894,17221,2,130.65,Cafe
6895,17222,2,137.46,Street Food
6895,17223,1,234.35,Cafe
6896,17224,1,133.48,Street Food
6896,17225,3,191.3,South Indian
6896,17226,2,146.59,Pizza
6897,17227,3,205.72,South Indian
6897,17228,3,228.29,North Indian
6897,17229,2,283.07,South Indian
6897,17230,3,288.25,Biryani
6898,17231,2,249.95,Street Food
6898,17232,1,118.22,Biryani
6898,17233,2,156.25,North Indian
6899,17234,3,289.91,North Indian
6899,17235,3,226.04,Biryani
6899,17236,1,173.99,South Indian
6899,17237,2,287.11,Biryani
6900,17238,1,282.46,Chinese
6900,17239,1,240.52,Chinese
6901,17240,1,127.74,Biryani
6902,17241,1,253.07,Pizza
6902,17242,2,232.31,Cafe
6902,17243,2,97.98,North Indian
6902,17244,2,261.73,Chinese
6903,17245,1,129.83,Street Food
6903,17246,1,186.5,Street Food
6903,17247,3,262.87,Pizza
6904,17248,1,107.95,Street Food
6904,17249,2,186.45,Pizza
6904,17250,3,245.64,Cafe
6904,17251,2,291.92,Cafe
6905,17252,1,103.76,Cafe
6906,17253,1,225.87,Pizza
6906,17254,3,249.31,South Indian
6906,17255,3,173.76,South Indian
6907,17256,2,99.6,Pizza
6908,17257,3,122.98,Biryani
6908,17258,1,221.87,Pizza
6909,17259,2,243.55,Biryani
6909,17260,2,231.85,Pizza
6909,17261,2,83.14,Cafe
6909,17262,1,213.66,South Indian
6910,17263,2,134.29,North Indian
6910,17264,2,294.39,Chinese
6910,17265,1,137.31,Cafe
6911,17266,2,104.68,Street Food
6912,17267,3,266.05,Chinese
6912,17268,1,129.87,Cafe
6913,17269,1,265.99,Pizza
6913,17270,2,141.9,Pizza
6913,17271,2,260.08,Street Food
6913,17272,1,208.01,North Indian
6914,17273,1,158.27,Street Food
6914,17274,1,215.63,Pizza
6914,17275,1,169.91,Street Food
6915,17276,1,192.08,Street Food
6916,17277,1,191.56,Biryani
6916,17278,1,121.76,South Indian
6916,17279,1,215.9,Pizza
6917,17280,3,127.56,Cafe
6917,17281,2,124.59,Chinese
6917,17282,3,233.84,Street Food
6917,17283,2,215.87,North Indian
6918,17284,2,170.04,Biryani
6918,17285,2,192.6,Pizza
6918,17286,3,256.19,Biryani
6918,17287,1,111.19,Street Food
6919,17288,1,187.3,Pizza
6919,17289,1,172.61,South Indian
6919,17290,3,189.41,North Indian
6920,17291,1,292.32,Pizza
6920,17292,2,269.47,Street Food
6920,17293,2,211.33,Chinese
6920,17294,2,294.99,Biryani
6921,17295,2,257.49,Pizza
6921,17296,3,204.99,Biryani
6921,17297,2,190.56,Street Food
6922,17298,3,138.01,Pizza
6922,17299,1,252.0,North Indian
6923,17300,3,113.1,Chinese
6923,17301,2,232.79,Chinese
6923,17302,1,178.27,South Indian
6923,17303,3,263.21,Biryani
6924,17304,1,98.73,Biryani
6924,17305,3,106.12,South Indian
6924,17306,1,158.37,Chinese
6925,17307,3,168.3,Cafe
6926,17308,1,148.48,South Indian
6926,17309,3,289.87,Chinese
6926,17310,2,137.57,Chinese
6926,17311,1,288.66,Chinese
6927,17312,3,227.34,Pizza
6927,17313,3,231.96,Cafe
6928,17314,1,161.0,Pizza
6929,17315,2,285.46,Cafe
6929,17316,1,91.0,Pizza
6929,17317,3,273.94,Biryani
6929,17318,3,187.47,North Indian
6930,17319,3,86.19,Street Food
6931,17320,1,216.72,Chinese
6931,17321,1,187.29,Cafe
6931,17322,1,141.71,Cafe
6932,17323,1,159.76,North Indian
6932,17324,2,106.04,Street Food
6932,17325,1,189.79,Biryani
6932,17326,1,203.99,South Indian
6933,17327,3,111.58,Chinese
6934,17328,3,126.33,North Indian
6935,17329,1,208.73,Chinese
6936,17330,1,252.27,North Indian
6937,17331,2,136.48,Street Food
6937,17332,2,118.83,Biryani
6937,17333,1,235.82,Chinese
6938,17334,1,132.94,Biryani
6938,17335,1,232.73,North Indian
6938,17336,2,214.9,Pizza
6939,17337,2,234.49,Chinese
6939,17338,2,162.88,Biryani
6939,17339,2,142.38,Cafe
6940,17340,1,123.03,Cafe
6940,17341,1,250.9,Cafe
6940,17342,3,202.78,Chinese
6940,17343,3,270.63,Chinese
6941,17344,3,282.16,South Indian
6942,17345,3,123.96,North Indian
6942,17346,3,110.33,North Indian
6942,17347,1,89.05,Pizza
6943,17348,2,225.6,Cafe
6944,17349,3,268.69,Chinese
6944,17350,3,89.02,Chinese
6944,17351,3,243.74,South Indian
6945,17352,1,292.34,Street Food
6945,17353,2,242.64,Street Food
6945,17354,1,124.86,Street Food
6946,17355,3,218.71,Cafe
6946,17356,3,263.54,Pizza
6947,17357,3,238.34,South Indian
6948,17358,3,267.14,South Indian
6949,17359,2,227.52,Pizza
6950,17360,3,116.29,South Indian
6950,17361,1,196.18,Pizza
6951,17362,3,226.48,North Indian
6951,17363,3,98.69,Cafe
6951,17364,1,199.69,North Indian
6951,17365,1,283.6,South Indian
6952,17366,2,299.39,Street Food
6952,17367,2,280.16,Cafe
6953,17368,3,254.48,Pizza
6953,17369,3,274.21,South Indian
6954,17370,2,148.11,Street Food
6954,17371,1,278.77,Biryani
6954,17372,3,229.95,Chinese
6955,17373,2,232.67,Biryani
6955,17374,2,134.78,Biryani
6955,17375,3,166.27,Chinese
6956,17376,3,114.5,Biryani
6957,17377,3,111.66,South Indian
6957,17378,1,184.47,Chinese
6957,17379,3,96.57,Chinese
6958,17380,3,89.77,Street Food
6959,17381,3,122.07,Street Food
6960,17382,2,110.46,Pizza
6960,17383,3,133.14,Chinese
6960,17384,1,206.79,Street Food
6961,17385,1,164.25,Street Food
6962,17386,1,128.44,Biryani
6962,17387,1,177.82,Chinese
6962,17388,1,288.57,Chinese
6962,17389,3,227.37,Cafe
6963,17390,3,145.99,Pizza
6963,17391,2,194.65,Biryani
6964,17392,1,291.83,Chinese
6964,17393,3,155.92,Chinese
6965,17394,1,96.15,Street Food
6965,17395,1,296.04,Street Food
6966,17396,3,148.22,Cafe
6966,17397,2,201.13,Chinese
6966,17398,2,210.82,North Indian
6967,17399,2,92.53,North Indian
6967,17400,3,261.2,Biryani
6967,17401,2,83.06,South Indian
6967,17402,3,109.63,North Indian
6968,17403,2,152.21,Biryani
6968,17404,1,109.47,Cafe
6968,17405,2,244.61,Street Food
6968,17406,3,286.41,Biryani
6969,17407,3,96.38,South Indian
6969,17408,1,81.37,Chinese
6970,17409,3,91.49,Street Food
6971,17410,1,191.8,North Indian
6971,17411,1,297.2,Cafe
6971,17412,3,179.85,Biryani
6971,17413,2,259.86,Pizza
6972,17414,2,274.62,North Indian
6972,17415,1,174.89,Pizza
6972,17416,1,221.59,Pizza
6973,17417,3,243.83,South Indian
6973,17418,3,85.08,South Indian
6973,17419,1,156.77,Pizza
6973,17420,2,174.47,Cafe
6974,17421,1,279.34,Pizza
6974,17422,2,171.94,North Indian
6975,17423,1,146.64,Biryani
6975,17424,3,156.48,South Indian
6976,17425,2,286.08,Pizza
6976,17426,1,94.06,South Indian
6976,17427,3,285.7,Chinese
6977,17428,3,277.16,Biryani
6978,17429,2,96.52,Chinese
6978,17430,2,160.19,South Indian
6978,17431,2,174.07,South Indian
6979,17432,3,279.56,Cafe
6979,17433,1,156.75,Pizza
6979,17434,2,249.32,Chinese
6979,17435,3,174.25,Chinese
6980,17436,2,171.89,Chinese
6980,17437,3,151.12,Pizza
6980,17438,2,239.04,Chinese
6980,17439,1,203.36,Cafe
6981,17440,1,167.19,Biryani
6981,17441,3,250.3,Pizza
6981,17442,2,270.15,North Indian
6982,17443,2,208.9,North Indian
6983,17444,3,110.22,Cafe
6983,17445,2,170.82,Pizza
6983,17446,1,148.29,South Indian
6984,17447,2,163.14,Biryani
6984,17448,2,215.81,North Indian
6984,17449,3,200.0,Cafe
6984,17450,2,231.5,Pizza
6985,17451,3,289.44,Pizza
6986,17452,3,234.91,Cafe
6986,17453,1,191.0,North Indian
6987,17454,1,171.86,Cafe
6987,17455,2,152.65,Cafe
6987,17456,3,220.63,North Indian
6988,17457,1,153.62,North Indian
6988,17458,1,248.51,Cafe
6989,17459,3,82.75,Biryani
6989,17460,3,238.7,Chinese
6990,17461,1,277.57,Pizza
6990,17462,1,151.32,Street Food
6990,17463,1,275.11,Chinese
6990,17464,3,182.09,Biryani
6991,17465,3,100.15,Street Food
6991,17466,1,108.94,Biryani
6991,17467,2,140.68,Cafe
6991,17468,3,211.62,Street Food
6992,17469,1,277.46,Cafe
6992,17470,1,152.93,Cafe
6992,17471,3,144.52,Biryani
6993,17472,2,209.89,South Indian
6994,17473,3,222.5,Street Food
6994,17474,2,111.49,Biryani
6994,17475,3,184.17,Street Food
6995,17476,1,108.54,North Indian
6995,17477,3,232.46,North Indian
6995,17478,3,99.76,Street Food
6996,17479,3,180.65,Cafe
6996,17480,1,106.95,Chinese
6996,17481,3,173.12,South Indian
6997,17482,1,204.2,Biryani
6997,17483,3,101.19,Cafe
6997,17484,1,149.19,North Indian
6997,17485,2,227.96,Cafe
6998,17486,3,245.42,Street Food
6998,17487,1,216.06,Pizza
6998,17488,3,291.67,North Indian
6999,17489,3,159.67,Pizza
7000,17490,3,125.75,Street Food
7000,17491,2,158.67,Street Food
7000,17492,2,116.97,North Indian
7001,17493,1,83.67,Biryani
7001,17494,2,259.0,Biryani
7001,17495,1,199.98,Pizza
7002,17496,2,205.46,Cafe
7002,17497,2,200.38,South Indian
7002,17498,2,152.37,Street Food
7003,17499,2,106.27,North Indian
7003,17500,3,90.59,South Indian
7003,17501,2,161.33,Pizza
7004,17502,1,296.11,Cafe
7004,17503,2,262.25,Biryani
7004,17504,2,224.62,North Indian
7004,17505,3,168.42,Street Food
7005,17506,3,140.63,South Indian
7005,17507,2,259.58,South Indian
7005,17508,3,137.76,Cafe
7005,17509,3,125.1,Cafe
7006,17510,2,209.35,Chinese
7006,17511,3,293.27,Pizza
7006,17512,2,242.15,Street Food
7007,17513,3,216.26,South Indian
7007,17514,1,171.49,Cafe
7007,17515,3,104.29,Chinese
7007,17516,2,203.94,Street Food
7008,17517,3,86.3,North Indian
7008,17518,3,221.9,Pizza
7008,17519,2,107.37,North Indian
7009,17520,3,129.57,Cafe
7009,17521,1,224.76,North Indian
7010,17522,2,298.39,Street Food
7010,17523,2,208.38,Chinese
7010,17524,2,125.21,Chinese
7011,17525,1,203.74,Street Food
7011,17526,3,173.09,South Indian
7011,17527,2,158.88,Cafe
7012,17528,3,232.4,South Indian
7012,17529,3,198.93,Pizza
7012,17530,3,196.32,Cafe
7013,17531,1,203.46,North Indian
7014,17532,1,238.59,South Indian
7015,17533,3,151.68,Street Food
7015,17534,1,125.86,North Indian
7015,17535,2,131.73,Chinese
7015,17536,1,218.49,Pizza
7016,17537,3,182.37,Cafe
7017,17538,1,187.73,Pizza
7018,17539,1,134.05,Biryani
7018,17540,2,247.08,Biryani
7018,17541,3,89.01,Biryani
7018,17542,3,95.09,Street Food
7019,17543,1,242.0,Cafe
7019,17544,3,286.41,South Indian
7020,17545,2,142.02,Chinese
7021,17546,2,104.69,Pizza
7021,17547,3,250.79,Cafe
7022,17548,2,273.76,Biryani
7023,17549,2,104.51,Cafe
7023,17550,1,256.27,South Indian
7023,17551,3,271.48,Biryani
7024,17552,1,234.73,Cafe
7025,17553,3,144.82,South Indian
7025,17554,2,248.27,Pizza
7026,17555,3,107.37,Cafe
7027,17556,3,252.76,South Indian
7027,17557,2,188.28,Chinese
7028,17558,2,87.68,North Indian
7028,17559,2,242.55,Pizza
7029,17560,2,235.59,Street Food
7029,17561,1,189.56,South Indian
7030,17562,2,194.52,South Indian
7030,17563,2,190.18,Cafe
7031,17564,1,97.97,Chinese
7031,17565,1,214.9,Street Food
7032,17566,3,172.06,Chinese
7032,17567,2,168.89,North Indian
7032,17568,1,164.78,Pizza
7032,17569,1,219.45,Pizza
7033,17570,1,193.11,North Indian
7033,17571,1,138.92,Pizza
7034,17572,2,142.59,Street Food
7034,17573,3,154.33,Cafe
7034,17574,1,165.55,Cafe
7034,17575,3,108.13,Cafe
7035,17576,3,153.19,Street Food
7035,17577,1,103.07,Chinese
7036,17578,3,162.93,Street Food
7036,17579,3,151.77,Biryani
7036,17580,1,260.37,North Indian
7037,17581,3,286.91,Biryani
7037,17582,2,158.31,Street Food
7037,17583,3,208.47,Street Food
7038,17584,1,157.4,Pizza
7038,17585,1,224.92,Cafe
7038,17586,1,143.55,Chinese
7038,17587,2,298.16,Street Food
7039,17588,2,264.06,Pizza
7040,17589,3,136.57,North Indian
7040,17590,2,258.93,Chinese
7041,17591,2,146.23,Chinese
7042,17592,3,256.21,Pizza
7042,17593,2,193.7,Cafe
7042,17594,2,242.63,South Indian
7042,17595,2,109.62,Biryani
7043,17596,2,163.36,Cafe
7043,17597,1,274.65,Biryani
7043,17598,1,276.91,Chinese
7043,17599,1,295.86,Pizza
7044,17600,1,96.82,Biryani
7044,17601,1,129.24,Pizza
7044,17602,3,214.06,Pizza
7045,17603,2,195.93,Biryani
7045,17604,1,187.29,Pizza
7045,17605,1,244.65,Pizza
7046,17606,2,135.3,South Indian
7047,17607,2,105.43,Chinese
7047,17608,1,237.65,Cafe
7048,17609,2,246.6,South Indian
7048,17610,2,184.46,South Indian
7049,17611,2,281.03,North Indian
7049,17612,2,145.45,North Indian
7050,17613,2,127.64,Pizza
7050,17614,1,287.45,North Indian
7050,17615,2,131.97,South Indian
7050,17616,3,281.75,Biryani
7051,17617,2,126.14,Chinese
7051,17618,1,101.33,North Indian
7051,17619,3,155.12,Biryani
7051,17620,1,292.89,Pizza
7052,17621,2,230.12,Biryani
7052,17622,1,293.26,South Indian
7052,17623,1,288.45,Biryani
7053,17624,2,273.38,Street Food
7053,17625,1,202.49,Chinese
7053,17626,3,204.06,Street Food
7054,17627,3,106.94,North Indian
7055,17628,1,203.5,Pizza
7055,17629,3,203.26,Chinese
7055,17630,1,251.61,North Indian
7056,17631,2,121.73,Street Food
7056,17632,3,243.95,Chinese
7056,17633,2,121.38,Chinese
7056,17634,1,121.27,Biryani
7057,17635,3,101.73,Biryani
7057,17636,2,108.08,North Indian
7057,17637,2,91.11,Cafe
7057,17638,3,228.5,South Indian
7058,17639,2,112.63,Cafe
7058,17640,1,262.15,Cafe
7059,17641,1,214.84,North Indian
7060,17642,1,104.55,South Indian
7060,17643,1,109.43,Street Food
7060,17644,1,80.84,Biryani
7060,17645,3,255.2,Pizza
7061,17646,2,135.99,Biryani
7061,17647,1,264.58,Street Food
7062,17648,2,106.14,South Indian
7063,17649,1,160.48,Biryani
7064,17650,3,296.63,North Indian
7064,17651,1,146.72,North Indian
7064,17652,3,297.64,Cafe
7064,17653,3,119.42,Cafe
7065,17654,2,143.99,Biryani
7065,17655,2,118.83,North Indian
7066,17656,2,205.52,Street Food
7066,17657,1,158.25,Cafe
7066,17658,3,126.31,North Indian
7066,17659,3,181.97,Biryani
7067,17660,1,173.77,Chinese
7067,17661,1,284.87,Biryani
7067,17662,1,91.58,Chinese
7068,17663,1,245.31,Pizza
7068,17664,2,165.77,North Indian
7068,17665,3,270.36,South Indian
7069,17666,2,110.28,Cafe
7070,17667,2,100.26,North Indian
7070,17668,1,127.43,Cafe
7070,17669,2,245.09,Chinese
7070,17670,2,269.41,South Indian
7071,17671,3,132.09,Chinese
7071,17672,2,293.74,Cafe
7071,17673,1,243.92,Biryani
7071,17674,2,256.42,Chinese
7072,17675,2,129.91,North Indian
7073,17676,1,118.29,Cafe
7073,17677,1,197.91,South Indian
7074,17678,1,296.11,Pizza
7074,17679,1,152.64,North Indian
7074,17680,1,110.66,Street Food
7074,17681,3,285.53,Street Food
7075,17682,3,99.02,South Indian
7075,17683,2,113.63,Pizza
7076,17684,2,88.15,Cafe
7077,17685,3,144.86,Street Food
7077,17686,1,228.83,South Indian
7077,17687,1,206.67,Chinese
7077,17688,2,266.75,Cafe
7078,17689,2,289.82,Cafe
7078,17690,3,227.93,Pizza
7078,17691,2,128.96,North Indian
7078,17692,2,212.42,Chinese
7079,17693,2,277.86,Cafe
7079,17694,1,125.39,Chinese
7079,17695,1,158.1,Street Food
7080,17696,1,263.26,South Indian
7080,17697,2,115.03,Chinese
7080,17698,2,173.31,Cafe
7081,17699,3,265.9,South Indian
7081,17700,2,280.53,Pizza
7081,17701,2,96.25,Chinese
7081,17702,3,176.85,North Indian
7082,17703,2,298.91,Chinese
7082,17704,1,246.35,Chinese
7082,17705,3,246.5,Street Food
7083,17706,2,211.42,Pizza
7084,17707,1,160.57,Biryani
7084,17708,2,197.13,Pizza
7084,17709,2,130.47,North Indian
7085,17710,1,232.81,South Indian
7085,17711,2,267.1,Cafe
7085,17712,3,216.92,South Indian
7085,17713,1,103.88,North Indian
7086,17714,2,163.62,Chinese
7087,17715,3,212.66,South Indian
7087,17716,1,101.09,Street Food
7088,17717,2,258.59,Chinese
7088,17718,1,100.55,North Indian
7088,17719,3,243.09,South Indian
7089,17720,3,294.66,North Indian
7089,17721,3,195.43,Cafe
7089,17722,3,85.89,Cafe
7089,17723,3,133.01,Biryani
7090,17724,2,296.93,Street Food
7090,17725,1,173.97,Chinese
7090,17726,2,219.4,Pizza
7091,17727,3,178.77,Biryani
7091,17728,3,186.29,South Indian
7091,17729,2,241.4,South Indian
7092,17730,3,249.1,Chinese
7093,17731,2,196.64,Cafe
7093,17732,2,151.86,Biryani
7094,17733,3,295.5,Street Food
7094,17734,3,152.12,Cafe
7094,17735,3,275.76,Pizza
7095,17736,2,283.81,Cafe
7095,17737,2,131.17,Cafe
7095,17738,3,103.54,Biryani
7095,17739,1,199.53,Pizza
7096,17740,3,228.43,Biryani
7096,17741,2,162.09,North Indian
7096,17742,3,278.66,Street Food
7096,17743,1,256.76,Pizza
7097,17744,1,222.06,Street Food
7097,17745,3,215.72,South Indian
7097,17746,2,153.96,South Indian
7097,17747,2,277.94,North Indian
7098,17748,3,112.32,Cafe
7099,17749,3,220.94,South Indian
7099,17750,2,96.22,Cafe
7099,17751,3,266.4,Chinese
7100,17752,1,160.57,Cafe
7100,17753,1,89.14,Street Food
7100,17754,1,162.78,South Indian
7100,17755,3,218.87,North Indian
7101,17756,2,257.54,Chinese
7101,17757,1,216.79,Pizza
7101,17758,1,236.21,Cafe
7102,17759,1,224.71,South Indian
7102,17760,2,188.47,Biryani
7102,17761,1,165.27,Cafe
7103,17762,1,236.02,Cafe
7103,17763,3,195.35,Biryani
7104,17764,1,95.59,North Indian
7104,17765,2,97.07,South Indian
7104,17766,1,245.09,Street Food
7105,17767,1,216.2,North Indian
7105,17768,3,138.19,Cafe
7105,17769,2,210.03,Biryani
7105,17770,2,184.74,Street Food
7106,17771,2,127.55,Street Food
7106,17772,1,294.43,Cafe
7107,17773,2,155.91,South Indian
7107,17774,2,148.1,North Indian
7108,17775,1,83.57,Pizza
7109,17776,2,144.25,North Indian
7109,17777,3,231.59,North Indian
7109,17778,1,193.0,South Indian
7109,17779,2,218.54,Street Food
7110,17780,2,243.61,North Indian
7110,17781,3,81.91,North Indian
7110,17782,1,195.86,Chinese
7110,17783,1,258.37,North Indian
7111,17784,2,93.72,North Indian
7112,17785,1,282.23,Cafe
7113,17786,1,239.48,South Indian
7113,17787,3,167.07,Cafe
7114,17788,3,89.2,North Indian
7114,17789,3,87.87,Cafe
7115,17790,3,279.91,Street Food
7116,17791,3,123.1,Chinese
7116,17792,3,209.36,North Indian
7116,17793,2,281.5,Pizza
7116,17794,3,194.0,Pizza
7117,17795,1,264.54,North Indian
7118,17796,3,147.08,North Indian
7118,17797,2,130.46,South Indian
7118,17798,3,112.96,South Indian
7119,17799,1,204.83,Chinese
7119,17800,1,280.66,Biryani
7119,17801,2,191.51,Pizza
7120,17802,2,178.13,North Indian
7121,17803,2,84.35,Cafe
7122,17804,2,135.7,Chinese
7122,17805,3,165.9,Chinese
7123,17806,1,235.34,Street Food
7124,17807,3,98.4,Biryani
7124,17808,3,292.17,South Indian
7125,17809,2,220.03,North Indian
7125,17810,2,232.97,Chinese
7125,17811,3,264.17,Chinese
7126,17812,1,144.77,Chinese
7127,17813,2,127.36,Chinese
7127,17814,1,129.97,Street Food
7128,17815,3,150.48,Biryani
7128,17816,2,189.5,North Indian
7128,17817,3,291.57,South Indian
7128,17818,1,114.01,Pizza
7129,17819,3,125.4,Cafe
7130,17820,1,131.72,Cafe
7130,17821,3,171.37,Pizza
7131,17822,2,147.59,South Indian
7131,17823,1,192.26,Pizza
7131,17824,3,82.39,South Indian
7131,17825,3,93.59,Cafe
7132,17826,3,175.13,North Indian
7132,17827,3,207.29,Pizza
7132,17828,2,166.11,Pizza
7133,17829,1,204.88,North Indian
7133,17830,3,114.46,Cafe
7133,17831,3,213.91,Pizza
7133,17832,3,148.62,Biryani
7134,17833,3,89.14,Cafe
7135,17834,1,296.48,Chinese
7135,17835,3,152.08,Chinese
7135,17836,2,220.35,Cafe
7135,17837,2,241.24,Pizza
7136,17838,2,181.6,North Indian
7136,17839,1,231.33,Street Food
7136,17840,2,104.48,South Indian
7137,17841,1,182.43,Street Food
7137,17842,3,126.62,Cafe
7137,17843,1,194.65,Cafe
7138,17844,1,112.12,Cafe
7138,17845,1,257.28,Cafe
7138,17846,2,173.77,Chinese
7138,17847,2,246.36,Biryani
7139,17848,1,189.92,Chinese
7139,17849,3,249.5,Chinese
7139,17850,2,231.49,Chinese
7140,17851,3,92.89,Street Food
7140,17852,1,238.42,South Indian
7140,17853,3,102.03,Chinese
7141,17854,2,171.46,Cafe
7141,17855,3,144.65,South Indian
7142,17856,1,110.02,South Indian
7142,17857,2,253.68,Chinese
7143,17858,1,156.8,Pizza
7143,17859,3,257.99,South Indian
7144,17860,2,249.48,Street Food
7144,17861,2,146.72,Street Food
7144,17862,1,226.2,Cafe
7144,17863,1,265.08,Biryani
7145,17864,1,124.4,Cafe
7146,17865,3,167.28,Cafe
7146,17866,3,97.16,Chinese
7146,17867,3,180.53,North Indian
7146,17868,1,281.13,North Indian
7147,17869,1,158.35,Cafe
7148,17870,3,163.7,South Indian
7149,17871,1,157.8,Biryani
7149,17872,2,115.3,North Indian
7150,17873,2,199.98,Street Food
7151,17874,2,88.59,Cafe
7151,17875,1,162.8,Biryani
7151,17876,2,273.71,Chinese
7151,17877,1,161.21,Pizza
7152,17878,1,271.79,Chinese
7152,17879,1,88.46,Biryani
7153,17880,1,86.69,Biryani
7154,17881,2,128.61,North Indian
7154,17882,1,181.07,South Indian
7154,17883,1,245.0,Street Food
7155,17884,2,167.34,Chinese
7155,17885,1,178.22,Pizza
7155,17886,3,121.51,North Indian
7155,17887,3,195.75,Pizza
7156,17888,1,271.69,Cafe
7156,17889,2,171.78,South Indian
7157,17890,1,148.07,North Indian
7158,17891,2,154.74,Cafe
7159,17892,1,140.79,Chinese
7159,17893,1,175.01,Chinese
7159,17894,1,210.22,North Indian
7159,17895,2,227.46,Cafe
7160,17896,3,163.92,North Indian
7160,17897,2,286.91,Biryani
7160,17898,3,124.39,Street Food
7161,17899,2,189.39,Street Food
7162,17900,3,198.85,Biryani
7162,17901,2,279.82,Cafe
7163,17902,2,197.11,Street Food
7164,17903,2,134.15,Cafe
7164,17904,3,144.42,Chinese
7164,17905,1,255.22,Biryani
7164,17906,2,256.25,South Indian
7165,17907,2,259.71,Pizza
7165,17908,3,202.29,Biryani
7165,17909,3,119.27,Cafe
7166,17910,2,155.86,Chinese
7166,17911,1,240.18,Chinese
7166,17912,1,106.87,North Indian
7167,17913,2,219.96,Biryani
7168,17914,1,104.09,Cafe
7168,17915,2,178.02,Chinese
7168,17916,2,161.79,Biryani
7168,17917,3,263.97,North Indian
7169,17918,2,234.76,Biryani
7169,17919,2,164.55,South Indian
7169,17920,3,174.85,South Indian
7170,17921,1,204.63,Cafe
7170,17922,1,283.81,Street Food
7171,17923,1,244.13,Street Food
7172,17924,3,156.21,Chinese
7172,17925,1,210.87,Cafe
7173,17926,3,161.23,Street Food
7173,17927,1,179.97,Cafe
7174,17928,3,244.2,North Indian
7174,17929,1,259.77,South Indian
7174,17930,2,159.67,Street Food
7174,17931,2,257.47,North Indian
7175,17932,1,242.38,North Indian
7175,17933,1,177.88,North Indian
7176,17934,1,226.75,Chinese
7176,17935,3,123.15,South Indian
7176,17936,2,263.11,Street Food
7176,17937,1,107.35,North Indian
7177,17938,2,207.41,Chinese
7177,17939,1,201.7,Biryani
7177,17940,2,95.38,North Indian
7178,17941,2,289.2,Biryani
7178,17942,1,156.68,Street Food
7179,17943,1,281.08,Cafe
7180,17944,3,277.25,Cafe
7180,17945,1,152.78,South Indian
7180,17946,3,279.9,South Indian
7181,17947,2,123.8,Cafe
7181,17948,1,268.24,Pizza
7181,17949,1,248.79,North Indian
7181,17950,3,211.88,South Indian
7182,17951,3,197.38,Street Food
7182,17952,3,184.64,Chinese
7182,17953,1,226.66,Pizza
7182,17954,2,152.71,Chinese
7183,17955,2,224.61,Cafe
7183,17956,1,90.37,Biryani
7184,17957,3,287.87,North Indian
7184,17958,2,162.61,Biryani
7184,17959,1,230.49,Street Food
7184,17960,1,299.3,Biryani
7185,17961,3,167.07,Chinese
7185,17962,3,269.47,Chinese
7185,17963,1,172.48,Cafe
7186,17964,1,101.86,North Indian
7186,17965,1,150.37,Cafe
7187,17966,2,292.15,South Indian
7187,17967,2,244.67,South Indian
7187,17968,1,193.94,Pizza
7188,17969,3,134.02,Pizza
7189,17970,1,130.8,Chinese
7189,17971,3,106.93,Chinese
7190,17972,1,210.83,North Indian
7190,17973,2,260.21,Pizza
7191,17974,1,232.96,North Indian
7192,17975,3,258.6,Cafe
7192,17976,3,193.42,Pizza
7192,17977,1,222.56,Chinese
7192,17978,3,143.61,Chinese
7193,17979,2,283.22,South Indian
7193,17980,1,80.87,Street Food
7193,17981,2,252.16,Cafe
7194,17982,3,187.5,Chinese
7194,17983,1,222.62,Chinese
7194,17984,2,260.8,Street Food
7194,17985,2,270.92,Biryani
7195,17986,1,168.3,South Indian
7195,17987,1,274.84,South Indian
7196,17988,3,175.38,North Indian
7196,17989,2,180.49,Chinese
7197,17990,3,191.24,Pizza
7197,17991,2,272.45,Pizza
7197,17992,1,121.1,Cafe
7197,17993,2,85.11,Street Food
7198,17994,2,173.89,Pizza
7198,17995,3,220.96,Chinese
7198,17996,1,193.43,Chinese
7198,17997,3,112.56,North Indian
7199,17998,2,192.84,Pizza
7200,17999,2,269.09,Street Food
7200,18000,1,109.91,Cafe
7200,18001,2,189.22,Cafe
7201,18002,3,236.01,North Indian
7202,18003,3,139.84,Street Food
7202,18004,2,123.01,Pizza
7203,18005,3,265.63,Chinese
7203,18006,3,253.27,Pizza
7203,18007,1,81.57,North Indian
7204,18008,1,278.37,Pizza
7204,18009,1,165.25,South Indian
7205,18010,3,127.42,Street Food
7206,18011,2,97.87,North Indian
7206,18012,3,210.33,Cafe
7207,18013,3,265.02,North Indian
7207,18014,3,197.54,Biryani
7208,18015,1,170.93,North Indian
7208,18016,1,266.49,North Indian
7209,18017,3,159.65,Pizza
7209,18018,3,81.75,Biryani
7209,18019,1,292.35,Pizza
7209,18020,3,176.7,Cafe
7210,18021,3,107.53,Pizza
7210,18022,1,147.37,Cafe
7210,18023,1,153.43,Street Food
7211,18024,1,192.28,Cafe
7211,18025,2,271.91,Chinese
7212,18026,2,288.59,South Indian
7213,18027,1,98.36,Biryani
7214,18028,2,205.26,North Indian
7214,18029,1,151.75,Street Food
7214,18030,3,187.56,Pizza
7214,18031,1,252.35,Chinese
7215,18032,3,134.35,Pizza
7215,18033,2,225.03,North Indian
7215,18034,1,269.5,South Indian
7216,18035,2,245.76,Pizza
7216,18036,3,250.28,North Indian
7216,18037,2,127.19,North Indian
7217,18038,1,183.14,Cafe
7217,18039,2,135.4,Street Food
7217,18040,1,170.95,Biryani
7217,18041,1,271.06,South Indian
7218,18042,1,131.54,Chinese
7218,18043,1,121.32,Chinese
7218,18044,2,82.72,Pizza
7219,18045,3,171.48,Street Food
7219,18046,3,177.02,Pizza
7219,18047,2,222.06,Chinese
7220,18048,3,149.37,Street Food
7220,18049,2,198.55,North Indian
7220,18050,3,266.42,Cafe
7220,18051,2,127.89,Biryani
7221,18052,1,246.79,Chinese
7221,18053,2,192.22,Pizza
7222,18054,2,260.71,Cafe
7222,18055,2,92.78,Cafe
7222,18056,1,154.9,South Indian
7222,18057,2,248.11,Pizza
7223,18058,1,200.0,Street Food
7223,18059,2,151.11,Pizza
7223,18060,3,203.78,Pizza
7224,18061,3,187.89,Chinese
7224,18062,2,185.45,Pizza
7225,18063,1,147.74,South Indian
7226,18064,3,132.44,Cafe
7226,18065,3,263.88,Cafe
7226,18066,3,134.76,Cafe
7227,18067,1,173.27,Cafe
7228,18068,1,214.39,Street Food
7228,18069,3,287.75,Pizza
7228,18070,2,160.67,Cafe
7228,18071,1,288.83,Cafe
7229,18072,2,259.96,Street Food
7230,18073,1,276.23,South Indian
7231,18074,2,176.93,Street Food
7231,18075,2,179.91,Chinese
7232,18076,1,269.71,Street Food
7233,18077,1,208.79,North Indian
7233,18078,3,249.85,North Indian
7233,18079,3,120.92,Street Food
7234,18080,1,127.92,Chinese
7235,18081,3,241.86,Chinese
7236,18082,2,241.92,North Indian
7236,18083,2,123.58,Street Food
7237,18084,1,126.46,Street Food
7237,18085,1,176.17,Pizza
7238,18086,2,234.51,North Indian
7238,18087,3,285.06,Pizza
7238,18088,3,253.95,Pizza
7239,18089,3,200.8,Chinese
7239,18090,2,267.78,Street Food
7239,18091,3,239.57,Biryani
7239,18092,3,273.46,Pizza
7240,18093,1,101.77,Cafe
7240,18094,3,99.05,Biryani
7240,18095,2,171.68,Street Food
7240,18096,3,91.92,Pizza
7241,18097,1,220.5,Biryani
7241,18098,2,101.22,Biryani
7242,18099,1,247.62,Street Food
7242,18100,3,291.68,Pizza
7243,18101,3,293.66,Biryani
7243,18102,3,195.53,South Indian
7243,18103,1,84.59,South Indian
7243,18104,2,286.65,Chinese
7244,18105,3,130.23,North Indian
7245,18106,1,137.54,North Indian
7245,18107,2,246.08,North Indian
7245,18108,3,177.46,Pizza
7246,18109,1,299.66,South Indian
7246,18110,1,154.21,Cafe
7246,18111,3,142.09,Chinese
7247,18112,2,91.67,Street Food
7247,18113,3,245.69,Pizza
7247,18114,3,95.54,North Indian
7247,18115,3,139.5,Street Food
7248,18116,3,209.93,North Indian
7248,18117,2,250.01,South Indian
7249,18118,3,177.73,North Indian
7249,18119,1,232.85,Biryani
7249,18120,2,170.46,Pizza
7249,18121,1,104.98,Street Food
7250,18122,2,146.0,Chinese
7250,18123,2,245.14,Chinese
7251,18124,1,155.78,South Indian
7251,18125,3,281.55,Street Food
7252,18126,3,273.47,Biryani
7252,18127,3,206.8,Biryani
7253,18128,1,295.57,North Indian
7253,18129,1,271.43,North Indian
7253,18130,1,194.36,Chinese
7254,18131,2,90.5,Cafe
7255,18132,1,141.53,Street Food
7256,18133,1,127.28,Street Food
7256,18134,2,120.33,South Indian
7256,18135,2,239.02,South Indian
7256,18136,1,125.0,Cafe
7257,18137,2,93.77,Street Food
7257,18138,2,107.26,Biryani
7258,18139,2,115.74,North Indian
7258,18140,2,252.41,Pizza
7258,18141,3,267.78,Street Food
7258,18142,3,239.98,Chinese
7259,18143,3,214.13,North Indian
7259,18144,1,259.44,Pizza
7260,18145,2,276.32,Biryani
7260,18146,1,97.8,Chinese
7261,18147,2,248.66,North Indian
7262,18148,3,204.83,South Indian
7262,18149,1,129.48,Chinese
7262,18150,3,93.28,Cafe
7262,18151,3,285.43,Biryani
7263,18152,1,216.91,Pizza
7263,18153,3,221.65,Street Food
7263,18154,2,100.25,Pizza
7263,18155,2,117.77,North Indian
7264,18156,2,186.53,Pizza
7264,18157,2,283.72,Biryani
7264,18158,3,175.37,Biryani
7265,18159,1,263.9,Cafe
7265,18160,1,177.17,Chinese
7265,18161,3,245.17,Pizza
7265,18162,1,228.74,Pizza
7266,18163,1,94.48,Biryani
7267,18164,3,224.26,Biryani
7267,18165,1,188.38,Street Food
7268,18166,1,226.49,Cafe
7268,18167,2,220.13,North Indian
7268,18168,1,117.68,Pizza
7268,18169,3,269.6,Cafe
7269,18170,3,140.86,Chinese
7269,18171,1,177.34,Cafe
7270,18172,1,80.02,North Indian
7270,18173,1,213.42,Pizza
7270,18174,3,220.17,North Indian
7271,18175,2,173.2,Chinese
7271,18176,3,147.65,Biryani
7271,18177,1,224.91,Cafe
7271,18178,3,171.21,Street Food
7272,18179,3,223.25,Pizza
7272,18180,3,139.78,Street Food
7272,18181,1,233.73,North Indian
7273,18182,3,207.89,South Indian
7273,18183,2,201.64,Pizza
7274,18184,1,222.6,South Indian
7274,18185,2,160.75,Street Food
7274,18186,2,196.89,Cafe
7274,18187,2,152.09,Street Food
7275,18188,2,127.16,Biryani
7275,18189,1,137.35,Pizza
7275,18190,2,125.13,Biryani
7275,18191,1,128.95,South Indian
7276,18192,2,295.26,Chinese
7276,18193,1,136.91,South Indian
7277,18194,2,166.51,Cafe
7277,18195,1,232.29,Chinese
7278,18196,3,141.87,Chinese
7279,18197,3,222.31,Pizza
7279,18198,1,101.57,Cafe
7279,18199,3,113.15,Pizza
7280,18200,1,112.01,Street Food
7280,18201,2,188.09,Pizza
7280,18202,1,124.32,Biryani
7280,18203,1,257.2,Biryani
7281,18204,2,291.6,North Indian
7282,18205,1,136.11,Biryani
7283,18206,2,104.91,Pizza
7283,18207,3,209.26,Biryani
7283,18208,3,264.35,Biryani
7283,18209,2,212.67,Street Food
7284,18210,3,248.48,South Indian
7284,18211,3,123.05,South Indian
7285,18212,2,201.86,South Indian
7285,18213,3,238.34,Pizza
7285,18214,3,207.79,Biryani
7285,18215,1,156.01,North Indian
7286,18216,1,202.6,Street Food
7286,18217,2,292.69,North Indian
7286,18218,2,156.69,Street Food
7286,18219,1,134.88,North Indian
7287,18220,3,212.71,Street Food
7287,18221,3,215.45,Pizza
7287,18222,3,294.48,South Indian
7287,18223,3,219.0,South Indian
7288,18224,3,212.8,North Indian
7289,18225,3,136.24,Biryani
7289,18226,2,86.71,South Indian
7289,18227,1,284.42,South Indian
7289,18228,3,279.91,Cafe
7290,18229,1,199.06,Pizza
7290,18230,1,299.47,South Indian
7290,18231,2,225.79,Pizza
7291,18232,3,99.4,North Indian
7291,18233,2,168.92,Pizza
7292,18234,3,267.74,Pizza
7292,18235,3,236.64,Street Food
7292,18236,3,186.07,Biryani
7292,18237,1,296.33,North Indian
7293,18238,3,206.77,Chinese
7293,18239,2,190.3,Cafe
7293,18240,3,276.83,South Indian
7294,18241,1,159.54,Street Food
7294,18242,2,141.74,Street Food
7295,18243,1,294.4,South Indian
7295,18244,2,105.82,Street Food
7295,18245,1,133.15,Chinese
7295,18246,3,232.44,Pizza
7296,18247,2,157.04,Biryani
7296,18248,3,140.22,Biryani
7297,18249,3,198.03,Pizza
7298,18250,1,126.52,Biryani
7298,18251,2,84.72,South Indian
7298,18252,2,293.78,South Indian
7298,18253,2,182.76,Cafe
7299,18254,3,201.16,Pizza
7299,18255,1,257.76,Street Food
7300,18256,1,82.47,South Indian
7300,18257,3,284.32,Street Food
7300,18258,2,265.57,Biryani
7301,18259,3,250.45,Cafe
7301,18260,1,85.94,Biryani
7301,18261,3,280.85,Pizza
7302,18262,3,285.23,Biryani
7302,18263,1,252.51,Chinese
7302,18264,3,255.43,Chinese
7302,18265,3,83.61,Chinese
7303,18266,2,215.6,Chinese
7304,18267,3,129.17,Street Food
7304,18268,3,187.31,Chinese
7304,18269,1,264.0,Cafe
7304,18270,2,131.67,Pizza
7305,18271,3,204.37,North Indian
7305,18272,3,93.53,Pizza
7305,18273,3,281.97,Biryani
7306,18274,2,111.33,South Indian
7306,18275,1,233.48,Chinese
7306,18276,2,240.7,North Indian
7306,18277,2,285.55,South Indian
7307,18278,1,112.51,North Indian
7308,18279,2,250.54,Street Food
7308,18280,1,268.33,Pizza
7309,18281,3,183.48,Street Food
7309,18282,2,232.63,South Indian
7309,18283,3,232.21,Chinese
7309,18284,1,135.47,South Indian
7310,18285,3,210.75,North Indian
7310,18286,1,284.74,Biryani
7310,18287,1,114.09,North Indian
7310,18288,2,155.25,North Indian
7311,18289,1,168.56,Cafe
7312,18290,2,160.51,Chinese
7313,18291,3,276.61,South Indian
7313,18292,1,270.66,Chinese
7314,18293,2,287.65,Chinese
7314,18294,1,126.67,South Indian
7314,18295,1,146.82,Biryani
7315,18296,2,248.69,South Indian
7315,18297,3,256.37,Biryani
7315,18298,3,162.2,North Indian
7316,18299,2,204.08,South Indian
7316,18300,1,286.31,South Indian
7316,18301,3,97.41,Pizza
7316,18302,3,151.97,North Indian
7317,18303,1,156.83,Street Food
7317,18304,3,248.05,Biryani
7317,18305,2,235.84,North Indian
7317,18306,2,260.89,South Indian
7318,18307,1,223.17,North Indian
7318,18308,1,194.16,Pizza
7318,18309,2,89.03,Cafe
7318,18310,3,222.59,North Indian
7319,18311,1,295.93,Street Food
7319,18312,2,207.14,Biryani
7319,18313,1,263.22,South Indian
7319,18314,1,140.59,South Indian
7320,18315,3,208.26,Cafe
7320,18316,3,275.54,Pizza
7320,18317,1,191.17,South Indian
7320,18318,1,251.78,South Indian
7321,18319,1,159.34,North Indian
7321,18320,3,159.02,Chinese
7321,18321,2,270.16,Biryani
7322,18322,3,103.5,North Indian
7322,18323,1,223.57,North Indian
7323,18324,3,240.5,Chinese
7323,18325,3,299.74,Biryani
7323,18326,2,151.71,Biryani
7324,18327,3,294.12,Chinese
7325,18328,3,272.26,Biryani
7326,18329,2,297.81,Pizza
7326,18330,1,216.89,South Indian
7326,18331,2,221.12,North Indian
7326,18332,3,289.64,Chinese
7327,18333,2,196.49,North Indian
7327,18334,2,167.8,South Indian
7327,18335,1,86.04,Cafe
7327,18336,3,90.41,Chinese
7328,18337,1,208.57,Chinese
7328,18338,2,217.75,Cafe
7328,18339,1,159.36,Cafe
7328,18340,1,110.48,Cafe
7329,18341,2,91.58,Pizza
7329,18342,3,162.49,Pizza
7330,18343,1,266.22,Cafe
7330,18344,2,86.4,Chinese
7330,18345,3,84.58,Biryani
7330,18346,2,221.66,Street Food
7331,18347,2,152.56,Biryani
7331,18348,3,126.81,Cafe
7331,18349,2,206.05,South Indian
7331,18350,3,101.17,Biryani
7332,18351,2,138.64,Pizza
7332,18352,1,272.8,Cafe
7332,18353,3,89.17,South Indian
7333,18354,1,98.18,Cafe
7333,18355,3,241.02,Pizza
7333,18356,1,210.35,North Indian
7334,18357,2,172.97,Cafe
7334,18358,2,189.36,Cafe
7335,18359,1,135.26,Street Food
7335,18360,1,117.03,North Indian
7335,18361,1,258.95,Biryani
7336,18362,1,176.11,Pizza
7337,18363,1,186.69,South Indian
7337,18364,3,285.0,North Indian
7338,18365,1,81.64,Biryani
7338,18366,1,101.5,Chinese
7339,18367,1,134.98,Biryani
7339,18368,1,125.6,Pizza
7339,18369,1,256.04,Street Food
7340,18370,3,177.45,Street Food
7340,18371,1,256.69,Pizza
7341,18372,2,292.17,Biryani
7341,18373,2,171.06,Biryani
7341,18374,1,244.54,Chinese
7342,18375,1,90.92,Chinese
7343,18376,3,245.81,Biryani
7343,18377,1,152.08,Cafe
7343,18378,2,270.33,North Indian
7344,18379,2,139.3,Street Food
7345,18380,2,198.9,Biryani
7345,18381,3,90.85,Pizza
7345,18382,2,216.62,Street Food
7346,18383,3,283.81,North Indian
7346,18384,2,273.58,Biryani
7346,18385,1,156.46,Cafe
7347,18386,2,139.64,Pizza
7348,18387,3,224.72,Chinese
7349,18388,1,179.91,North Indian
7349,18389,1,270.89,Pizza
7349,18390,2,171.31,South Indian
7350,18391,2,174.2,Biryani
7350,18392,2,143.91,Cafe
7350,18393,2,226.75,South Indian
7350,18394,3,230.7,South Indian
7351,18395,2,173.62,Chinese
7351,18396,3,216.56,Chinese
7351,18397,3,211.9,South Indian
7351,18398,3,130.3,Chinese
7352,18399,1,276.69,Biryani
7352,18400,1,263.64,South Indian
7353,18401,2,174.39,Chinese
7353,18402,3,266.18,Biryani
7354,18403,3,222.59,North Indian
7355,18404,2,275.03,Biryani
7355,18405,3,131.41,South Indian
7355,18406,3,153.73,North Indian
7356,18407,1,124.17,Street Food
7356,18408,2,98.05,South Indian
7356,18409,1,229.06,South Indian
7357,18410,2,105.01,North Indian
7357,18411,2,277.27,South Indian
7357,18412,2,191.49,Pizza
7358,18413,2,147.48,Cafe
7358,18414,3,253.52,Pizza
7359,18415,3,118.66,Cafe
7359,18416,3,275.55,Street Food
7360,18417,2,248.0,North Indian
7361,18418,3,115.31,South Indian
7361,18419,2,194.89,Chinese
7361,18420,3,288.34,Cafe
7361,18421,2,225.54,North Indian
7362,18422,3,235.14,Chinese
7362,18423,3,229.93,Pizza
7363,18424,1,196.1,Chinese
7363,18425,2,140.25,Cafe
7363,18426,2,122.97,Pizza
7364,18427,3,218.26,North Indian
7364,18428,3,187.16,Pizza
7365,18429,2,186.72,Biryani
7365,18430,1,164.67,Biryani
7365,18431,1,242.97,Chinese
7366,18432,2,107.35,Biryani
7366,18433,1,211.41,Chinese
7367,18434,2,97.14,Street Food
7367,18435,1,143.67,Chinese
7367,18436,1,193.05,Pizza
7368,18437,2,200.37,North Indian
7368,18438,1,291.82,Cafe
7369,18439,3,179.31,Cafe
7370,18440,2,213.5,North Indian
7370,18441,2,147.31,South Indian
7370,18442,1,188.3,Chinese
7370,18443,1,84.42,Cafe
7371,18444,2,214.86,Chinese
7371,18445,2,286.97,North Indian
7371,18446,2,230.67,Chinese
7372,18447,2,273.84,South Indian
7373,18448,2,173.6,Biryani
7373,18449,2,81.59,Biryani
7374,18450,1,138.77,Street Food
7375,18451,3,95.14,Biryani
7375,18452,1,187.13,Biryani
7375,18453,2,186.02,North Indian
7375,18454,3,290.55,Chinese
7376,18455,2,208.23,North Indian
7377,18456,3,268.57,Street Food
7377,18457,2,151.92,Cafe
7377,18458,1,199.38,Cafe
7378,18459,2,200.79,Cafe
7378,18460,2,118.46,Pizza
7379,18461,3,97.13,Cafe
7379,18462,3,90.92,Chinese
7379,18463,1,276.85,Biryani
7379,18464,1,164.18,Biryani
7380,18465,3,110.78,Pizza
7380,18466,3,117.38,South Indian
7380,18467,3,274.78,Cafe
7381,18468,2,284.17,Cafe
7382,18469,3,286.15,Chinese
7382,18470,2,154.88,South Indian
7382,18471,1,225.86,Pizza
7383,18472,2,158.68,Street Food
7384,18473,3,214.25,North Indian
7385,18474,3,185.47,South Indian
7386,18475,1,119.02,Street Food
7387,18476,1,237.19,South Indian
7387,18477,2,120.34,South Indian
7387,18478,2,128.84,Pizza
7387,18479,3,268.56,North Indian
7388,18480,1,112.15,Street Food
7388,18481,2,275.93,Chinese
7388,18482,3,90.58,Pizza
7389,18483,2,126.39,Cafe
7389,18484,1,116.15,Cafe
7390,18485,2,209.74,North Indian
7390,18486,2,269.47,Biryani
7390,18487,2,275.5,Cafe
7391,18488,2,101.24,Street Food
7391,18489,3,156.28,Biryani
7391,18490,3,175.56,South Indian
7392,18491,1,219.36,Cafe
7392,18492,1,237.3,Biryani
7392,18493,3,216.87,Pizza
7392,18494,1,182.75,North Indian
7393,18495,1,136.84,Street Food
7393,18496,1,105.18,Cafe
7393,18497,2,144.01,Cafe
7394,18498,3,215.28,North Indian
7395,18499,2,160.78,Chinese
7395,18500,3,90.86,Street Food
7396,18501,3,159.36,Chinese
7396,18502,1,174.16,North Indian
7397,18503,1,198.8,Street Food
7397,18504,3,224.96,South Indian
7397,18505,1,194.54,South Indian
7397,18506,2,267.21,Biryani
7398,18507,3,222.18,Chinese
7398,18508,3,146.13,Biryani
7399,18509,1,151.73,Street Food
7399,18510,2,141.32,Pizza
7400,18511,1,211.23,Biryani
7400,18512,2,180.85,Pizza
7400,18513,2,149.23,South Indian
7401,18514,2,124.41,South Indian
7401,18515,2,187.9,Pizza
7401,18516,2,249.94,North Indian
7402,18517,1,241.74,North Indian
7402,18518,1,108.08,North Indian
7403,18519,1,221.68,Street Food
7403,18520,3,188.46,Cafe
7404,18521,3,250.95,Cafe
7404,18522,2,119.28,Chinese
7405,18523,3,192.49,Cafe
7405,18524,2,143.47,Cafe
7405,18525,2,245.99,Pizza
7406,18526,3,191.43,Street Food
7406,18527,3,130.83,Pizza
7406,18528,3,293.53,Biryani
7407,18529,2,113.15,Cafe
7407,18530,2,127.33,Biryani
7408,18531,2,231.63,Cafe
7408,18532,2,118.03,North Indian
7409,18533,1,187.84,Street Food
7409,18534,2,253.75,Pizza
7409,18535,1,286.87,Pizza
7410,18536,3,136.27,North Indian
7410,18537,2,184.68,Chinese
7411,18538,1,83.78,North Indian
7411,18539,3,280.2,North Indian
7411,18540,1,260.24,South Indian
7411,18541,1,275.83,Street Food
7412,18542,1,208.07,Chinese
7412,18543,1,119.35,Cafe
7413,18544,3,192.65,South Indian
7413,18545,1,113.72,Chinese
7413,18546,2,101.72,South Indian
7413,18547,1,170.04,South Indian
7414,18548,2,243.64,Street Food
7414,18549,1,105.03,Chinese
7415,18550,1,279.87,North Indian
7415,18551,2,222.12,Chinese
7415,18552,2,107.42,Biryani
7416,18553,2,199.58,Pizza
7416,18554,2,201.1,Cafe
7416,18555,1,248.47,North Indian
7416,18556,3,107.42,Chinese
7417,18557,1,119.29,Biryani
7418,18558,1,123.05,South Indian
7418,18559,3,230.95,South Indian
7418,18560,2,158.17,Chinese
7419,18561,3,229.7,South Indian
7419,18562,1,237.8,Cafe
7419,18563,3,203.78,South Indian
7419,18564,1,87.72,Cafe
7420,18565,2,98.23,Pizza
7420,18566,1,118.72,Street Food
7420,18567,3,102.04,Chinese
7421,18568,2,110.28,Biryani
7421,18569,3,183.25,Street Food
7421,18570,1,218.6,North Indian
7422,18571,1,152.54,Chinese
7422,18572,1,297.24,Biryani
7423,18573,1,216.96,Cafe
7423,18574,3,197.5,Biryani
7424,18575,3,239.34,North Indian
7425,18576,3,203.35,Pizza
7425,18577,3,298.06,Biryani
7425,18578,3,213.47,South Indian
7425,18579,3,195.41,North Indian
7426,18580,3,204.99,Biryani
7427,18581,2,165.53,South Indian
7427,18582,1,291.91,North Indian
7427,18583,3,233.11,North Indian
7427,18584,1,111.24,North Indian
7428,18585,2,104.88,Cafe
7428,18586,2,194.34,Pizza
7428,18587,1,277.7,Pizza
7429,18588,2,124.96,South Indian
7429,18589,2,87.54,Biryani
7430,18590,2,291.81,Biryani
7430,18591,2,258.04,Biryani
7430,18592,2,258.96,Cafe
7430,18593,3,139.09,North Indian
7431,18594,2,115.54,North Indian
7432,18595,3,227.67,Pizza
7433,18596,1,147.03,Biryani
7433,18597,2,265.32,South Indian
7433,18598,3,285.67,Street Food
7434,18599,3,253.9,Street Food
7434,18600,1,97.2,Chinese
7434,18601,2,176.57,North Indian
7435,18602,1,229.67,Street Food
7436,18603,2,152.72,Pizza
7436,18604,1,202.59,Street Food
7437,18605,3,164.27,Pizza
7437,18606,3,121.59,Chinese
7437,18607,3,145.87,Chinese
7438,18608,1,101.96,Biryani
7438,18609,2,249.21,South Indian
7439,18610,1,156.04,Cafe
7440,18611,1,173.34,Street Food
7440,18612,1,246.45,Biryani
7440,18613,1,201.34,Street Food
7440,18614,2,90.51,Biryani
7441,18615,2,107.31,Chinese
7442,18616,2,80.47,Cafe
7443,18617,3,156.7,Street Food
7444,18618,3,133.27,Chinese
7445,18619,3,140.01,South Indian
7445,18620,3,231.37,South Indian
7445,18621,2,136.02,South Indian
7445,18622,1,256.82,Chinese
7446,18623,1,150.46,Chinese
7446,18624,3,128.23,Biryani
7446,18625,3,269.9,Chinese
7446,18626,2,126.61,Street Food
7447,18627,1,266.4,South Indian
7447,18628,2,85.76,North Indian
7447,18629,2,142.3,Street Food
7447,18630,2,110.41,Street Food
7448,18631,3,233.84,Cafe
7448,18632,3,257.13,Pizza
7449,18633,3,120.86,Cafe
7449,18634,2,190.69,South Indian
7449,18635,1,205.05,Biryani
7450,18636,1,113.53,Cafe
7451,18637,2,107.04,Chinese
7451,18638,1,251.46,Biryani
7451,18639,1,213.2,Pizza
7451,18640,1,115.51,Biryani
7452,18641,3,235.31,Biryani
7452,18642,2,228.3,Chinese
7452,18643,1,262.82,Street Food
7452,18644,2,217.0,North Indian
7453,18645,2,222.87,South Indian
7453,18646,1,176.77,South Indian
7453,18647,3,266.03,South Indian
7453,18648,1,189.75,Pizza
7454,18649,3,165.64,Chinese
7455,18650,2,247.94,Chinese
7455,18651,3,181.37,Cafe
7456,18652,1,182.78,Pizza
7456,18653,1,87.81,North Indian
7456,18654,2,130.69,South Indian
7457,18655,1,123.93,Cafe
7458,18656,2,289.23,Biryani
7458,18657,2,139.75,Cafe
7459,18658,1,121.99,South Indian
7459,18659,1,283.05,Chinese
7459,18660,1,210.87,Biryani
7460,18661,3,143.95,Biryani
7460,18662,3,146.25,South Indian
7461,18663,3,175.12,North Indian
7461,18664,2,146.58,South Indian
7461,18665,1,210.46,Cafe
7461,18666,3,86.46,South Indian
7462,18667,3,205.05,South Indian
7462,18668,1,158.27,Pizza
7462,18669,3,155.38,Cafe
7463,18670,2,189.15,South Indian
7463,18671,2,147.35,Street Food
7463,18672,1,152.31,Street Food
7463,18673,2,151.46,South Indian
7464,18674,1,110.63,Chinese
7464,18675,3,127.59,Chinese
7465,18676,3,121.13,Street Food
7465,18677,3,178.31,Biryani
7465,18678,3,126.58,Chinese
7466,18679,2,294.18,Pizza
7466,18680,2,200.95,Street Food
7466,18681,1,156.24,North Indian
7466,18682,3,213.63,North Indian
7467,18683,2,81.43,Pizza
7467,18684,2,99.43,South Indian
7467,18685,3,287.96,Street Food
7467,18686,3,96.79,Chinese
7468,18687,1,147.8,Pizza
7469,18688,1,274.37,Pizza
7469,18689,2,83.2,Pizza
7470,18690,1,189.44,North Indian
7470,18691,1,223.16,Biryani
7471,18692,2,102.48,North Indian
7472,18693,1,163.69,Biryani
7472,18694,3,167.31,Cafe
7472,18695,2,285.55,South Indian
7473,18696,1,240.68,South Indian
7473,18697,2,288.39,Chinese
7473,18698,3,148.92,Chinese
7473,18699,1,165.25,Pizza
7474,18700,3,290.37,Pizza
7474,18701,3,147.27,Pizza
7474,18702,3,268.21,South Indian
7474,18703,2,211.09,Pizza
7475,18704,1,276.31,North Indian
7475,18705,3,131.14,South Indian
7476,18706,2,215.31,Biryani
7476,18707,3,256.53,Street Food
7477,18708,1,262.57,North Indian
7477,18709,1,221.02,Pizza
7478,18710,1,212.67,Pizza
7478,18711,1,145.25,Biryani
7478,18712,2,217.08,Cafe
7478,18713,3,157.4,Chinese
7479,18714,2,172.94,North Indian
7479,18715,2,242.58,Cafe
7479,18716,1,199.84,Biryani
7479,18717,2,294.43,South Indian
7480,18718,1,260.21,Biryani
7480,18719,1,264.95,Biryani
7480,18720,2,204.59,Street Food
7480,18721,2,95.76,Cafe
7481,18722,1,204.43,Pizza
7482,18723,1,227.93,Chinese
7482,18724,3,117.34,South Indian
7482,18725,1,240.98,Pizza
7482,18726,3,211.8,Biryani
7483,18727,1,173.18,North Indian
7483,18728,1,92.07,Street Food
7483,18729,1,142.83,Street Food
7484,18730,3,264.13,Street Food
7484,18731,3,95.66,South Indian
7484,18732,1,110.21,South Indian
7484,18733,1,262.91,Street Food
7485,18734,1,272.12,Street Food
7485,18735,2,220.46,Cafe
7486,18736,3,271.88,North Indian
7486,18737,3,231.15,Biryani
7486,18738,3,113.89,North Indian
7487,18739,1,112.38,North Indian
7487,18740,1,133.36,Street Food
7487,18741,3,113.02,South Indian
7487,18742,3,199.01,Street Food
7488,18743,1,103.22,North Indian
7488,18744,1,217.82,Biryani
7488,18745,3,189.37,Street Food
7489,18746,1,199.04,Street Food
7489,18747,2,212.35,Pizza
7489,18748,3,298.08,Pizza
7489,18749,2,287.28,Cafe
7490,18750,1,166.13,Street Food
7490,18751,3,237.14,South Indian
7491,18752,3,249.48,Cafe
7491,18753,2,152.39,Chinese
7492,18754,3,137.25,Biryani
7492,18755,2,154.54,Chinese
7492,18756,1,85.2,Pizza
7493,18757,1,164.07,North Indian
7493,18758,2,228.71,Cafe
7494,18759,3,215.17,North Indian
7494,18760,3,191.26,Pizza
7494,18761,1,91.08,Cafe
7495,18762,1,125.87,Cafe
7496,18763,3,139.77,Street Food
7497,18764,3,106.32,Chinese
7497,18765,1,207.42,Biryani
7498,18766,1,234.17,Street Food
7499,18767,3,170.25,South Indian
7499,18768,1,217.64,North Indian
7499,18769,2,245.67,Chinese
7499,18770,3,291.09,North Indian
7500,18771,2,132.59,Cafe
7500,18772,1,177.02,Cafe
7500,18773,3,116.54,Biryani
7501,18774,1,235.36,Chinese
7502,18775,1,255.16,Pizza
7502,18776,1,228.32,Biryani
7502,18777,1,295.37,Pizza
7503,18778,2,262.79,Biryani
7503,18779,3,195.77,Chinese
7504,18780,3,223.37,South Indian
7505,18781,1,191.31,South Indian
7505,18782,2,83.07,Street Food
7506,18783,2,236.62,Chinese
7506,18784,1,88.28,Pizza
7506,18785,2,283.98,South Indian
7507,18786,3,153.61,Chinese
7507,18787,1,238.12,South Indian
7507,18788,2,284.85,Cafe
7507,18789,3,126.27,Chinese
7508,18790,2,131.54,Pizza
7509,18791,1,170.5,Cafe
7510,18792,3,175.42,Cafe
7510,18793,3,140.43,Pizza
7510,18794,1,261.08,South Indian
7511,18795,1,250.73,South Indian
7512,18796,2,194.71,Cafe
7513,18797,3,106.57,North Indian
7513,18798,3,160.88,North Indian
7513,18799,1,261.86,North Indian
7514,18800,2,164.48,South Indian
7515,18801,3,161.55,Chinese
7515,18802,3,252.79,Pizza
7516,18803,3,210.28,North Indian
7516,18804,2,291.61,Biryani
7517,18805,1,232.51,Chinese
7518,18806,1,258.67,Pizza
7518,18807,2,259.73,Pizza
7518,18808,1,111.43,North Indian
7518,18809,2,203.42,South Indian
7519,18810,3,277.15,Biryani
7519,18811,3,140.42,Pizza
7519,18812,3,249.72,Cafe
7519,18813,2,290.83,Biryani
7520,18814,3,123.73,Biryani
7521,18815,2,189.7,Pizza
7521,18816,3,90.05,North Indian
7522,18817,3,259.97,Street Food
7523,18818,2,131.17,North Indian
7523,18819,3,202.05,South Indian
7523,18820,3,116.21,North Indian
7524,18821,1,234.95,Street Food
7524,18822,2,264.49,South Indian
7525,18823,3,274.91,North Indian
7525,18824,3,146.2,South Indian
7525,18825,1,140.29,Chinese
7526,18826,2,204.76,Biryani
7526,18827,3,209.51,South Indian
7526,18828,2,203.78,South Indian
7527,18829,3,285.05,Cafe
7527,18830,1,247.36,North Indian
7527,18831,3,179.35,Biryani
7528,18832,1,140.89,North Indian
7528,18833,1,136.83,Biryani
7529,18834,1,226.66,South Indian
7529,18835,3,89.63,North Indian
7529,18836,2,250.73,Cafe
7530,18837,1,184.88,Pizza
7530,18838,3,284.56,Pizza
7530,18839,3,239.13,Biryani
7530,18840,3,138.88,Pizza
7531,18841,3,198.46,South Indian
7531,18842,3,294.25,Biryani
7531,18843,3,187.52,Biryani
7532,18844,3,282.1,North Indian
7532,18845,3,103.23,Pizza
7532,18846,3,166.5,South Indian
7533,18847,2,135.97,Chinese
7533,18848,1,151.85,Pizza
7534,18849,2,189.66,Pizza
7534,18850,1,98.25,South Indian
7535,18851,1,223.03,Pizza
7535,18852,1,85.63,Biryani
7535,18853,1,169.8,Street Food
7535,18854,2,208.53,Chinese
7536,18855,2,241.83,South Indian
7537,18856,1,276.74,North Indian
7537,18857,1,176.55,Street Food
7538,18858,2,297.5,Biryani
7538,18859,2,133.41,Pizza
7538,18860,1,101.97,Biryani
7538,18861,2,253.07,Biryani
7539,18862,2,192.99,Chinese
7539,18863,3,238.32,Cafe
7540,18864,2,185.91,Cafe
7541,18865,3,180.45,Cafe
7541,18866,1,262.97,Chinese
7541,18867,2,291.51,Pizza
7542,18868,1,229.73,Chinese
7542,18869,2,165.75,Pizza
7542,18870,1,153.74,Cafe
7543,18871,1,260.88,South Indian
7544,18872,2,83.95,Biryani
7545,18873,3,154.27,Biryani
7546,18874,2,205.33,Pizza
7546,18875,3,209.73,South Indian
7547,18876,1,159.54,Cafe
7547,18877,2,110.19,Pizza
7547,18878,2,97.2,North Indian
7547,18879,3,236.72,Cafe
7548,18880,1,156.39,Cafe
7548,18881,3,255.58,Biryani
7549,18882,3,90.38,Biryani
7549,18883,2,94.43,Pizza
7549,18884,3,247.2,Street Food
7550,18885,1,260.21,South Indian
7550,18886,2,289.82,South Indian
7551,18887,3,162.2,South Indian
7551,18888,1,232.01,North Indian
7551,18889,1,236.63,South Indian
7551,18890,3,199.71,Cafe
7552,18891,1,204.32,Chinese
7552,18892,1,90.44,Pizza
7553,18893,2,201.91,Cafe
7553,18894,3,282.37,Street Food
7553,18895,3,225.51,North Indian
7553,18896,1,276.18,North Indian
7554,18897,2,153.22,North Indian
7554,18898,1,263.5,Pizza
7554,18899,3,187.46,Street Food
7555,18900,3,151.48,North Indian
7556,18901,3,281.76,Street Food
7556,18902,3,204.0,Chinese
7557,18903,1,166.88,Cafe
7557,18904,1,251.1,Cafe
7557,18905,3,280.29,Biryani
7557,18906,1,249.04,Pizza
7558,18907,3,245.92,South Indian
7558,18908,2,109.28,Biryani
7558,18909,2,97.5,Street Food
7559,18910,2,289.79,Street Food
7559,18911,2,274.8,Pizza
7560,18912,2,120.75,Pizza
7560,18913,3,283.05,Biryani
7560,18914,3,145.81,Street Food
7560,18915,1,231.57,Biryani
7561,18916,2,268.01,Street Food
7562,18917,3,199.72,North Indian
7562,18918,3,220.04,North Indian
7562,18919,3,110.42,Chinese
7562,18920,1,254.88,Cafe
7563,18921,1,159.56,Cafe
7563,18922,3,257.02,Pizza
7563,18923,2,285.04,North Indian
7563,18924,2,174.59,Chinese
7564,18925,3,97.68,Street Food
7564,18926,3,272.46,Biryani
7564,18927,3,225.04,Pizza
7565,18928,3,291.41,Street Food
7565,18929,2,270.07,North Indian
7565,18930,1,275.17,North Indian
7565,18931,3,124.2,Pizza
7566,18932,2,282.61,Cafe
7567,18933,2,272.65,North Indian
7568,18934,1,140.83,Biryani
7569,18935,1,201.46,Street Food
7569,18936,1,200.08,Cafe
7569,18937,1,285.83,Chinese
7570,18938,2,165.89,Chinese
7571,18939,3,176.24,Street Food
7571,18940,1,254.99,Cafe
7571,18941,2,283.94,South Indian
7571,18942,1,170.32,South Indian
7572,18943,1,131.17,Biryani
7572,18944,3,205.5,South Indian
7572,18945,2,150.07,Chinese
7572,18946,2,167.29,Biryani
7573,18947,1,292.12,South Indian
7573,18948,1,294.84,North Indian
7573,18949,3,150.81,Biryani
7574,18950,3,172.09,Pizza
7574,18951,2,256.48,Street Food
7574,18952,1,92.59,Pizza
7574,18953,3,285.03,Biryani
7575,18954,3,271.48,Biryani
7576,18955,2,178.1,North Indian
7576,18956,2,84.22,Biryani
7576,18957,2,105.98,Cafe
7577,18958,1,237.25,Chinese
7578,18959,3,293.3,Chinese
7578,18960,2,232.49,South Indian
7578,18961,1,92.49,Street Food
7578,18962,3,210.92,South Indian
7579,18963,2,179.8,Cafe
7580,18964,2,85.13,Cafe
7580,18965,1,248.33,Chinese
7580,18966,2,96.21,Pizza
7581,18967,3,132.41,Chinese
7581,18968,3,178.74,South Indian
7581,18969,2,162.05,South Indian
7581,18970,1,84.78,North Indian
7582,18971,2,198.95,South Indian
7582,18972,3,126.66,Street Food
7582,18973,1,150.49,Pizza
7582,18974,1,105.86,South Indian
7583,18975,3,166.33,Street Food
7583,18976,1,292.66,Street Food
7583,18977,2,120.64,Street Food
7583,18978,1,113.58,Street Food
7584,18979,3,295.68,South Indian
7584,18980,1,130.03,Pizza
7584,18981,2,281.65,Pizza
7585,18982,2,214.49,Chinese
7585,18983,2,165.35,Biryani
7585,18984,2,124.99,South Indian
7585,18985,2,105.69,Cafe
7586,18986,3,142.24,Pizza
7586,18987,3,294.94,Biryani
7586,18988,3,293.96,Street Food
7587,18989,2,177.09,Pizza
7588,18990,2,254.5,Biryani
7588,18991,2,228.88,Pizza
7588,18992,3,161.78,Cafe
7589,18993,2,99.31,Street Food
7589,18994,3,119.49,South Indian
7589,18995,2,204.92,Chinese
7590,18996,3,229.91,Cafe
7590,18997,3,215.72,Biryani
7590,18998,2,100.06,Chinese
7590,18999,1,120.39,Biryani
7591,19000,1,151.77,North Indian
7591,19001,3,182.72,Biryani
7591,19002,2,132.92,Street Food
7591,19003,1,140.22,Biryani
7592,19004,3,186.75,Chinese
7592,19005,2,286.97,Cafe
7592,19006,1,208.52,Street Food
7592,19007,3,97.02,North Indian
7593,19008,1,195.25,Pizza
7593,19009,1,189.41,Cafe
7594,19010,1,272.47,Street Food
7594,19011,3,191.21,Biryani
7594,19012,3,164.04,Street Food
7594,19013,3,252.2,Street Food
7595,19014,1,152.71,Street Food
7595,19015,1,226.23,Cafe
7596,19016,2,197.7,Chinese
7596,19017,2,118.6,Cafe
7596,19018,1,169.16,Chinese
7597,19019,2,100.38,Street Food
7597,19020,2,268.66,Cafe
7597,19021,1,156.15,North Indian
7597,19022,1,94.01,North Indian
7598,19023,3,194.68,Street Food
7598,19024,3,190.4,Cafe
7599,19025,3,90.32,Street Food
7599,19026,3,174.64,Biryani
7599,19027,2,149.28,North Indian
7599,19028,3,135.76,Cafe
7600,19029,1,252.33,North Indian
7600,19030,2,83.1,Cafe
7600,19031,3,156.99,South Indian
7600,19032,3,171.25,North Indian
7601,19033,3,153.65,Street Food
7602,19034,1,165.28,North Indian
7602,19035,3,109.42,Pizza
7603,19036,2,113.92,Street Food
7603,19037,3,212.24,Street Food
7603,19038,2,203.47,Cafe
7604,19039,2,105.24,Biryani
7604,19040,1,110.71,Cafe
7605,19041,1,255.58,Pizza
7605,19042,3,107.35,South Indian
7606,19043,3,91.04,South Indian
7607,19044,3,141.16,Biryani
7608,19045,1,238.36,Biryani
7609,19046,2,294.23,Chinese
7609,19047,2,159.18,Street Food
7609,19048,2,134.25,Street Food
7610,19049,1,203.29,South Indian
7610,19050,3,95.02,South Indian
7611,19051,3,254.24,Street Food
7612,19052,2,165.85,Cafe
7612,19053,3,298.33,Biryani
7613,19054,2,209.28,Street Food
7613,19055,1,195.36,Pizza
7614,19056,1,110.41,Cafe
7614,19057,2,276.36,Biryani
7614,19058,2,246.53,Pizza
7614,19059,1,184.32,Street Food
7615,19060,2,91.73,South Indian
7615,19061,2,281.25,Pizza
7616,19062,2,204.07,Biryani
7616,19063,3,86.4,North Indian
7616,19064,2,167.83,Cafe
7617,19065,3,145.32,Biryani
7618,19066,1,259.6,South Indian
7618,19067,2,144.02,Street Food
7619,19068,3,277.06,Biryani
7619,19069,3,201.75,South Indian
7619,19070,2,138.94,Chinese
7620,19071,1,98.06,Street Food
7620,19072,3,230.55,Cafe
7620,19073,1,231.21,North Indian
7620,19074,3,288.31,Pizza
7621,19075,3,134.05,Biryani
7621,19076,1,209.56,North Indian
7621,19077,3,97.6,South Indian
7622,19078,1,290.66,North Indian
7623,19079,3,101.2,South Indian
7623,19080,3,230.65,Chinese
7623,19081,1,126.25,Biryani
7624,19082,1,151.44,Cafe
7624,19083,1,237.32,Street Food
7624,19084,2,116.34,South Indian
7625,19085,1,80.27,Biryani
7625,19086,2,189.59,Chinese
7625,19087,1,215.19,Cafe
7625,19088,1,125.24,South Indian
7626,19089,1,184.68,Chinese
7626,19090,2,192.08,Chinese
7626,19091,1,115.37,Pizza
7626,19092,2,273.74,Chinese
7627,19093,2,299.24,South Indian
7627,19094,1,250.82,Cafe
7627,19095,1,110.87,South Indian
7627,19096,3,284.97,Cafe
7628,19097,2,133.4,Street Food
7628,19098,2,290.88,Pizza
7628,19099,1,92.13,Chinese
7629,19100,3,118.28,Biryani
7629,19101,2,274.8,Chinese
7629,19102,2,212.55,Biryani
7630,19103,3,112.67,Chinese
7630,19104,1,100.5,South Indian
7630,19105,3,226.37,North Indian
7630,19106,1,158.26,Chinese
7631,19107,3,215.68,Street Food
7631,19108,1,84.61,Biryani
7632,19109,2,104.43,Cafe
7633,19110,2,84.56,Pizza
7633,19111,2,278.66,Pizza
7633,19112,2,262.96,Street Food
7634,19113,2,135.8,Street Food
7634,19114,2,146.1,Cafe
7635,19115,2,223.9,Pizza
7635,19116,1,102.68,Cafe
7635,19117,1,162.25,Cafe
7635,19118,3,298.89,Cafe
7636,19119,1,105.77,North Indian
7636,19120,1,145.67,Pizza
7636,19121,2,149.8,Street Food
7636,19122,2,274.93,Biryani
7637,19123,2,196.23,Chinese
7637,19124,3,127.02,North Indian
7637,19125,1,256.07,North Indian
7638,19126,2,202.05,Chinese
7638,19127,3,236.64,South Indian
7639,19128,1,229.88,Street Food
7639,19129,2,156.99,Cafe
7639,19130,1,187.99,North Indian
7639,19131,3,114.02,Chinese
7640,19132,1,244.1,South Indian
7640,19133,1,200.95,Pizza
7641,19134,3,289.97,Biryani
7641,19135,1,187.5,Pizza
7642,19136,3,275.99,Street Food
7642,19137,3,147.66,Pizza
7642,19138,1,163.33,Biryani
7642,19139,2,207.34,Biryani
7643,19140,3,241.47,Street Food
7644,19141,3,260.77,Street Food
7645,19142,1,243.93,Street Food
7645,19143,1,156.01,South Indian
7645,19144,1,207.85,Cafe
7646,19145,1,96.09,North Indian
7647,19146,3,183.75,Street Food
7648,19147,1,88.82,Cafe
7649,19148,1,108.12,North Indian
7649,19149,2,131.87,Street Food
7650,19150,1,199.19,South Indian
7650,19151,3,238.07,Pizza
7651,19152,3,205.67,North Indian
7652,19153,2,164.25,Cafe
7652,19154,2,105.64,Cafe
7652,19155,1,270.19,Chinese
7653,19156,3,119.9,Cafe
7653,19157,2,261.38,Biryani
7653,19158,3,238.62,Cafe
7653,19159,1,279.0,South Indian
7654,19160,2,172.12,North Indian
7655,19161,3,196.79,Street Food
7655,19162,3,160.31,Street Food
7655,19163,2,251.35,South Indian
7655,19164,2,288.59,South Indian
7656,19165,2,84.38,Cafe
7657,19166,1,113.82,Chinese
7657,19167,2,83.43,Cafe
7657,19168,1,107.86,Pizza
7658,19169,3,232.9,Chinese
7659,19170,2,281.28,Street Food
7659,19171,2,213.85,Chinese
7660,19172,2,277.41,Pizza
7660,19173,3,171.45,Pizza
7660,19174,2,250.11,Street Food
7661,19175,2,215.09,North Indian
7661,19176,2,116.48,Biryani
7661,19177,2,81.84,North Indian
7662,19178,3,104.14,Cafe
7663,19179,2,122.1,Biryani
7663,19180,2,187.6,North Indian
7663,19181,1,246.74,South Indian
7663,19182,3,258.58,South Indian
7664,19183,1,151.53,Street Food
7664,19184,3,230.72,Street Food
7665,19185,1,185.79,Cafe
7665,19186,1,221.28,South Indian
7666,19187,3,131.77,Chinese
7666,19188,1,105.43,Chinese
7667,19189,2,188.64,Chinese
7668,19190,3,299.83,Cafe
7668,19191,2,97.27,Street Food
7668,19192,3,91.1,North Indian
7668,19193,2,211.66,Cafe
7669,19194,3,277.39,South Indian
7670,19195,2,213.85,South Indian
7670,19196,3,127.35,South Indian
7670,19197,2,191.8,Biryani
7671,19198,2,92.34,Pizza
7672,19199,1,98.96,Chinese
7672,19200,3,156.48,Chinese
7672,19201,3,195.65,Street Food
7672,19202,1,190.74,Chinese
7673,19203,2,181.4,North Indian
7673,19204,3,126.64,Biryani
7673,19205,1,241.79,Biryani
7673,19206,1,286.3,Pizza
7674,19207,3,243.24,Chinese
7675,19208,2,165.4,Street Food
7675,19209,2,83.64,Street Food
7675,19210,1,218.82,North Indian
7676,19211,3,160.71,Street Food
7676,19212,2,267.57,Biryani
7677,19213,1,215.55,South Indian
7677,19214,2,242.77,Chinese
7677,19215,2,90.11,Pizza
7678,19216,1,130.28,Cafe
7678,19217,2,225.44,North Indian
7678,19218,1,172.89,South Indian
7678,19219,2,89.73,Chinese
7679,19220,1,120.45,Biryani
7679,19221,1,97.38,North Indian
7679,19222,3,114.27,Pizza
7679,19223,1,222.4,Pizza
7680,19224,2,172.05,Cafe
7680,19225,3,211.53,Street Food
7680,19226,3,244.89,Pizza
7680,19227,3,84.85,North Indian
7681,19228,3,260.57,North Indian
7681,19229,3,293.32,Pizza
7681,19230,2,270.05,North Indian
7681,19231,1,260.37,Cafe
7682,19232,3,206.98,Cafe
7682,19233,1,235.35,Pizza
7683,19234,3,174.77,South Indian
7683,19235,2,203.66,South Indian
7683,19236,1,208.74,Chinese
7684,19237,1,232.04,South Indian
7684,19238,1,290.71,Biryani
7685,19239,3,218.48,Pizza
7685,19240,3,100.78,Street Food
7686,19241,1,225.04,Chinese
7686,19242,3,166.83,Pizza
7686,19243,1,135.07,Chinese
7686,19244,3,140.47,Biryani
7687,19245,2,226.85,South Indian
7687,19246,1,86.3,Cafe
7687,19247,3,275.99,Biryani
7687,19248,3,113.7,Cafe
7688,19249,3,250.24,North Indian
7688,19250,1,123.59,Cafe
7688,19251,2,197.63,Street Food
7689,19252,2,169.26,South Indian
7689,19253,2,243.79,Biryani
7689,19254,1,238.19,Cafe
7689,19255,1,191.53,Chinese
7690,19256,2,295.82,Biryani
7690,19257,1,282.69,Biryani
7691,19258,2,239.45,South Indian
7691,19259,2,266.05,Cafe
7692,19260,3,252.35,Chinese
7692,19261,1,189.27,Cafe
7692,19262,3,217.79,South Indian
7692,19263,1,286.74,Biryani
7693,19264,3,99.57,Street Food
7694,19265,1,277.69,Pizza
7694,19266,2,226.4,North Indian
7694,19267,1,129.7,North Indian
7694,19268,1,91.72,Pizza
7695,19269,2,94.53,Chinese
7695,19270,2,180.1,Chinese
7696,19271,2,217.86,North Indian
7697,19272,3,196.26,North Indian
7697,19273,1,86.22,North Indian
7697,19274,1,130.09,North Indian
7698,19275,3,105.84,Cafe
7698,19276,3,209.53,Chinese
7699,19277,1,100.6,Cafe
7700,19278,3,205.56,North Indian
7700,19279,2,225.31,Biryani
7701,19280,3,113.0,Cafe
7702,19281,1,138.64,South Indian
7702,19282,3,178.62,Pizza
7702,19283,2,150.91,North Indian
7702,19284,3,240.92,Street Food
7703,19285,2,203.39,North Indian
7703,19286,2,278.84,Street Food
7703,19287,3,243.76,South Indian
7704,19288,2,287.68,Biryani
7704,19289,2,148.11,North Indian
7705,19290,2,193.38,Street Food
7706,19291,3,120.73,Street Food
7707,19292,3,253.44,South Indian
7708,19293,3,162.69,Pizza
7708,19294,1,204.64,Biryani
7709,19295,3,275.12,South Indian
7709,19296,2,168.7,Street Food
7709,19297,3,207.66,Pizza
7709,19298,3,266.08,Cafe
7710,19299,3,237.76,Pizza
7710,19300,2,228.29,Street Food
7711,19301,3,252.64,Chinese
7711,19302,2,282.45,Cafe
7711,19303,2,283.79,Street Food
7711,19304,2,161.65,Biryani
7712,19305,2,225.99,Chinese
7712,19306,3,279.89,Pizza
7712,19307,2,175.41,South Indian
7712,19308,3,226.38,Cafe
7713,19309,1,278.54,Chinese
7714,19310,3,259.29,Biryani
7715,19311,1,224.24,South Indian
7715,19312,2,131.7,South Indian
7716,19313,2,182.88,Chinese
7716,19314,3,100.53,Street Food
7717,19315,2,189.73,Biryani
7717,19316,2,259.5,Pizza
7718,19317,2,134.09,Cafe
7719,19318,2,264.83,North Indian
7719,19319,3,243.55,Chinese
7719,19320,1,97.9,Pizza
7720,19321,1,94.68,South Indian
7720,19322,1,220.4,Biryani
7721,19323,3,203.3,South Indian
7721,19324,3,191.74,North Indian
7721,19325,1,296.3,Cafe
7721,19326,3,287.33,Biryani
7722,19327,2,250.99,Cafe
7722,19328,2,167.64,Cafe
7722,19329,1,92.14,Biryani
7723,19330,2,259.13,North Indian
7723,19331,2,211.66,Biryani
7724,19332,3,227.91,Cafe
7725,19333,2,108.03,Street Food
7726,19334,2,242.99,South Indian
7727,19335,2,217.42,Biryani
7727,19336,2,148.26,Cafe
7727,19337,2,80.67,Biryani
7728,19338,3,243.36,Pizza
7728,19339,1,104.6,Pizza
7728,19340,1,144.49,Biryani
7729,19341,3,162.97,Chinese
7729,19342,1,172.95,Cafe
7729,19343,3,268.83,Biryani
7730,19344,1,171.86,South Indian
7730,19345,3,233.11,Street Food
7730,19346,2,292.07,South Indian
7731,19347,1,191.2,Pizza
7731,19348,1,203.12,Pizza
7731,19349,1,98.34,Street Food
7732,19350,1,266.38,Chinese
7732,19351,2,173.25,North Indian
7733,19352,3,270.47,North Indian
7734,19353,1,182.25,North Indian
7734,19354,2,252.93,Street Food
7734,19355,3,205.9,Biryani
7734,19356,1,237.61,North Indian
7735,19357,1,280.21,Cafe
7735,19358,3,201.07,Street Food
7735,19359,1,112.97,North Indian
7735,19360,1,103.02,Biryani
7736,19361,1,148.9,South Indian
7736,19362,2,164.65,Cafe
7736,19363,3,99.77,South Indian
7736,19364,2,99.78,Pizza
7737,19365,1,141.34,Cafe
7737,19366,2,160.13,Chinese
7737,19367,1,257.45,South Indian
7738,19368,1,285.39,Chinese
7738,19369,2,209.14,Pizza
7739,19370,3,216.33,Chinese
7739,19371,3,170.35,South Indian
7739,19372,1,231.86,Pizza
7740,19373,1,192.76,Street Food
7740,19374,2,191.97,Chinese
7741,19375,1,178.22,Chinese
7742,19376,1,151.63,Cafe
7742,19377,2,266.39,North Indian
7742,19378,1,296.18,North Indian
7743,19379,2,130.82,Chinese
7743,19380,2,84.33,Pizza
7743,19381,3,175.74,Pizza
7743,19382,3,251.54,Pizza
7744,19383,3,217.51,Cafe
7744,19384,1,138.24,Chinese
7744,19385,2,112.93,Cafe
7744,19386,2,200.46,Pizza
7745,19387,3,94.26,Cafe
7745,19388,2,127.54,North Indian
7745,19389,3,83.81,Chinese
7746,19390,2,241.67,North Indian
7746,19391,3,141.0,Pizza
7747,19392,3,113.75,Street Food
7747,19393,2,220.14,Pizza
7748,19394,1,251.53,South Indian
7748,19395,1,281.86,North Indian
7748,19396,1,87.6,Biryani
7749,19397,1,174.44,Cafe
7750,19398,1,292.51,Chinese
7750,19399,2,236.49,Street Food
7750,19400,3,203.4,Biryani
7751,19401,3,83.78,North Indian
7751,19402,3,100.91,Pizza
7752,19403,1,204.64,Street Food
7752,19404,1,224.94,Cafe
7753,19405,1,149.92,South Indian
7753,19406,1,271.66,Pizza
7753,19407,2,187.71,Cafe
7753,19408,1,104.45,Street Food
7754,19409,3,144.48,Biryani
7754,19410,3,103.79,Biryani
7755,19411,1,274.44,Pizza
7755,19412,1,271.61,Cafe
7756,19413,3,126.61,Street Food
7757,19414,2,160.09,Pizza
7757,19415,2,205.51,Pizza
7758,19416,2,106.92,Street Food
7758,19417,3,176.08,Pizza
7758,19418,3,258.14,North Indian
7758,19419,2,110.94,Cafe
7759,19420,1,130.25,Street Food
7759,19421,2,204.3,South Indian
7760,19422,2,125.38,Chinese
7760,19423,1,157.49,South Indian
7761,19424,3,110.2,Chinese
7761,19425,2,233.57,Street Food
7761,19426,1,249.71,Street Food
7761,19427,3,86.17,Chinese
7762,19428,2,254.54,Street Food
7763,19429,1,246.33,Pizza
7763,19430,3,116.47,Street Food
7763,19431,3,198.42,North Indian
7763,19432,3,223.12,Chinese
7764,19433,2,200.43,Cafe
7764,19434,1,168.04,Pizza
7764,19435,1,211.54,North Indian
7765,19436,3,174.9,Street Food
7765,19437,2,221.65,Street Food
7766,19438,1,111.13,Street Food
7766,19439,1,127.89,South Indian
7766,19440,1,135.48,Cafe
7766,19441,2,123.99,Cafe
7767,19442,2,192.74,North Indian
7767,19443,1,154.89,North Indian
7768,19444,2,299.83,Biryani
7768,19445,2,287.11,Biryani
7768,19446,2,184.9,Biryani
7769,19447,2,136.8,Chinese
7770,19448,2,173.34,South Indian
7771,19449,2,97.15,Chinese
7771,19450,2,208.97,Street Food
7771,19451,3,87.4,Street Food
7772,19452,1,246.25,South Indian
7772,19453,1,207.39,Street Food
7772,19454,1,138.98,Cafe
7773,19455,3,198.27,South Indian
7773,19456,2,239.91,North Indian
7773,19457,3,289.12,Chinese
7774,19458,1,245.77,Street Food
7774,19459,3,212.81,Pizza
7774,19460,2,282.86,Chinese
7775,19461,1,237.74,Cafe
7775,19462,1,243.66,Street Food
7775,19463,2,86.07,Pizza
7775,19464,2,119.14,Cafe
7776,19465,1,235.3,South Indian
7777,19466,1,146.17,Street Food
7777,19467,2,177.58,North Indian
7778,19468,3,270.5,Biryani
7778,19469,2,116.3,Biryani
7778,19470,2,208.58,South Indian
7779,19471,1,156.67,Biryani
7779,19472,3,295.17,South Indian
7779,19473,1,151.0,Pizza
7779,19474,3,109.37,North Indian
7780,19475,3,118.63,Street Food
7781,19476,3,190.49,North Indian
7781,19477,3,190.34,South Indian
7781,19478,1,299.6,Biryani
7781,19479,1,158.41,Street Food
7782,19480,1,222.28,Cafe
7783,19481,1,123.02,Chinese
7783,19482,3,137.03,Biryani
7783,19483,1,126.55,Street Food
7784,19484,2,270.37,Biryani
7784,19485,1,209.25,Biryani
7785,19486,1,149.33,North Indian
7786,19487,3,281.0,South Indian
7787,19488,3,203.51,Cafe
7787,19489,1,265.67,Cafe
7787,19490,2,205.88,Cafe
7787,19491,3,262.21,Biryani
7788,19492,2,253.54,Street Food
7788,19493,3,226.84,South Indian
7789,19494,2,253.77,South Indian
7789,19495,1,264.96,Chinese
7790,19496,3,80.98,Street Food
7791,19497,2,221.2,North Indian
7791,19498,1,185.86,Biryani
7791,19499,1,187.96,Cafe
7791,19500,2,90.83,Pizza
7792,19501,1,144.61,North Indian
7792,19502,3,192.22,Biryani
7792,19503,3,161.22,Biryani
7793,19504,3,91.0,Chinese
7793,19505,1,288.14,North Indian
7794,19506,1,222.15,Biryani
7794,19507,2,281.6,North Indian
7795,19508,3,208.34,Street Food
7796,19509,3,143.75,Chinese
7796,19510,1,102.62,Pizza
7796,19511,1,162.12,Biryani
7796,19512,1,131.64,Chinese
7797,19513,1,183.67,Street Food
7797,19514,2,215.01,Cafe
7797,19515,3,250.99,Cafe
7797,19516,1,112.12,Biryani
7798,19517,3,141.44,Street Food
7798,19518,1,139.2,South Indian
7798,19519,3,109.77,Biryani
7798,19520,3,231.3,Biryani
7799,19521,3,187.85,Chinese
7799,19522,2,295.13,Street Food
7799,19523,1,258.08,Street Food
7799,19524,3,231.77,Chinese
7800,19525,2,97.98,Biryani
7800,19526,2,176.65,Cafe
7800,19527,3,189.27,North Indian
7801,19528,1,212.04,North Indian
7801,19529,3,221.73,Street Food
7801,19530,1,131.08,South Indian
7801,19531,1,168.35,South Indian
7802,19532,3,112.68,Street Food
7802,19533,2,119.5,Chinese
7802,19534,1,290.69,Cafe
7803,19535,2,150.52,Street Food
7804,19536,2,134.47,North Indian
7804,19537,3,222.79,Street Food
7804,19538,1,199.23,North Indian
7804,19539,2,104.18,Chinese
7805,19540,1,268.82,North Indian
7805,19541,1,265.7,Street Food
7805,19542,3,247.17,Biryani
7806,19543,3,136.49,Street Food
7806,19544,1,217.27,Street Food
7806,19545,3,165.01,Street Food
7807,19546,1,184.69,South Indian
7807,19547,2,223.92,Pizza
7807,19548,2,200.72,Chinese
7808,19549,1,127.96,Pizza
7808,19550,2,85.1,Cafe
7809,19551,3,100.43,Biryani
7810,19552,1,261.67,North Indian
7811,19553,1,202.15,South Indian
7811,19554,2,264.3,South Indian
7811,19555,1,164.58,Cafe
7811,19556,2,292.37,Biryani
7812,19557,1,226.53,Biryani
7812,19558,3,224.39,North Indian
7812,19559,3,207.44,Biryani
7813,19560,2,94.31,Pizza
7813,19561,3,104.81,Chinese
7813,19562,1,168.16,Biryani
7814,19563,3,277.61,Chinese
7815,19564,3,237.02,Biryani
7815,19565,3,125.08,Chinese
7815,19566,3,140.01,Biryani
7816,19567,3,273.26,North Indian
7817,19568,2,209.04,Pizza
7818,19569,3,197.87,South Indian
7819,19570,1,98.87,Pizza
7819,19571,3,291.08,South Indian
7820,19572,2,143.37,Cafe
7820,19573,3,132.28,North Indian
7820,19574,2,156.34,Chinese
7820,19575,3,260.11,Biryani
7821,19576,3,288.2,Chinese
7822,19577,3,105.37,Pizza
7823,19578,1,92.63,North Indian
7823,19579,2,217.25,Chinese
7823,19580,1,83.88,Cafe
7823,19581,2,213.17,Cafe
7824,19582,3,164.15,South Indian
7825,19583,2,207.43,Chinese
7825,19584,3,158.62,Biryani
7825,19585,1,210.67,North Indian
7825,19586,3,160.15,Cafe
7826,19587,2,241.24,Chinese
7826,19588,2,274.57,South Indian
7826,19589,2,282.11,Biryani
7826,19590,1,254.47,Cafe
7827,19591,3,200.63,Street Food
7827,19592,1,81.59,Street Food
7827,19593,3,243.12,Cafe
7827,19594,2,298.52,Street Food
7828,19595,1,92.96,Biryani
7828,19596,2,88.76,Cafe
7829,19597,1,187.92,Cafe
7829,19598,3,106.55,Street Food
7830,19599,1,134.91,Street Food
7830,19600,1,151.95,Biryani
7830,19601,3,105.07,Street Food
7830,19602,3,237.68,Biryani
7831,19603,1,242.3,Pizza
7832,19604,1,274.19,Cafe
7832,19605,1,200.01,Pizza
7832,19606,3,269.13,Chinese
7832,19607,1,137.92,Pizza
7833,19608,3,255.22,North Indian
7833,19609,1,135.87,Street Food
7833,19610,1,256.98,Chinese
7833,19611,3,177.63,Pizza
7834,19612,2,100.34,Chinese
7834,19613,2,145.62,Chinese
7834,19614,3,146.29,Pizza
7835,19615,1,210.92,North Indian
7835,19616,2,206.2,Biryani
7835,19617,1,293.47,North Indian
7836,19618,1,232.4,Biryani
7836,19619,1,153.64,Street Food
7836,19620,2,148.48,Biryani
7837,19621,1,222.82,Chinese
7837,19622,1,262.22,Pizza
7837,19623,2,134.16,Cafe
7837,19624,3,180.49,Cafe
7838,19625,3,294.75,Cafe
7838,19626,3,90.59,Pizza
7839,19627,3,168.51,Chinese
7839,19628,3,113.38,Chinese
7839,19629,3,145.45,North Indian
7839,19630,1,102.83,Cafe
7840,19631,2,209.63,Pizza
7840,19632,1,168.96,Chinese
7840,19633,3,94.45,South Indian
7841,19634,2,246.56,Cafe
7841,19635,2,176.29,South Indian
7841,19636,2,129.22,North Indian
7842,19637,3,192.55,Cafe
7842,19638,1,205.14,South Indian
7842,19639,2,106.35,Cafe
7842,19640,2,171.33,South Indian
7843,19641,2,119.65,Pizza
7843,19642,1,98.67,Street Food
7844,19643,1,269.02,Chinese
7844,19644,2,191.09,Cafe
7844,19645,1,107.98,Pizza
7844,19646,1,121.78,Street Food
7845,19647,1,261.52,Cafe
7845,19648,1,98.09,Cafe
7845,19649,3,108.16,South Indian
7846,19650,3,218.11,North Indian
7846,19651,1,116.54,Cafe
7847,19652,1,140.59,Cafe
7847,19653,3,167.79,Street Food
7848,19654,1,251.79,North Indian
7848,19655,3,283.3,Street Food
7848,19656,2,128.42,North Indian
7849,19657,2,168.79,Street Food
7850,19658,2,267.03,South Indian
7850,19659,3,202.22,Pizza
7851,19660,1,231.02,Cafe
7851,19661,3,136.9,Cafe
7851,19662,1,132.31,Chinese
7852,19663,1,155.82,Cafe
7852,19664,3,271.51,Biryani
7853,19665,2,160.05,Biryani
7853,19666,2,245.37,Pizza
7853,19667,2,122.7,Biryani
7853,19668,1,238.1,South Indian
7854,19669,1,101.14,Cafe
7854,19670,3,236.84,Biryani
7855,19671,2,80.69,Biryani
7856,19672,1,263.0,Cafe
7856,19673,2,153.97,Chinese
7857,19674,1,288.54,Cafe
7858,19675,1,119.25,Biryani
7858,19676,3,121.9,Street Food
7858,19677,1,143.88,Cafe
7859,19678,2,206.51,North Indian
7860,19679,2,298.63,Street Food
7860,19680,2,218.49,Pizza
7860,19681,2,242.11,Biryani
7861,19682,1,155.64,Pizza
7861,19683,2,263.32,North Indian
7861,19684,2,107.03,South Indian
7861,19685,1,130.19,Chinese
7862,19686,3,139.05,Street Food
7862,19687,2,154.97,Chinese
7862,19688,3,238.65,South Indian
7862,19689,1,298.78,North Indian
7863,19690,1,144.36,South Indian
7863,19691,1,130.81,Pizza
7864,19692,2,298.09,Chinese
7865,19693,1,225.66,South Indian
7865,19694,3,255.87,Street Food
7866,19695,1,258.44,Biryani
7866,19696,3,179.37,Street Food
7866,19697,1,281.93,North Indian
7867,19698,2,109.37,Biryani
7868,19699,2,245.43,North Indian
7868,19700,3,284.85,Biryani
7869,19701,3,92.22,Cafe
7869,19702,2,174.37,Chinese
7870,19703,1,219.56,Street Food
7870,19704,3,253.52,Street Food
7871,19705,2,282.44,Cafe
7872,19706,1,88.82,North Indian
7872,19707,3,271.05,North Indian
7873,19708,2,87.89,Cafe
7873,19709,2,120.91,North Indian
7873,19710,2,208.79,Cafe
7874,19711,2,197.67,Pizza
7874,19712,3,156.21,North Indian
7874,19713,1,200.63,Biryani
7874,19714,2,126.32,Street Food
7875,19715,1,181.06,Street Food
7875,19716,3,130.62,Biryani
7876,19717,3,212.09,South Indian
7876,19718,2,253.63,South Indian
7877,19719,2,196.34,Biryani
7877,19720,1,188.18,Pizza
7877,19721,3,259.76,Street Food
7878,19722,2,181.78,Cafe
7878,19723,2,149.18,South Indian
7878,19724,3,157.55,Biryani
7878,19725,1,201.91,North Indian
7879,19726,2,131.93,North Indian
7879,19727,1,272.18,Cafe
7879,19728,2,155.35,South Indian
7880,19729,2,137.56,Street Food
7880,19730,3,293.52,Cafe
7880,19731,1,288.81,Pizza
7881,19732,3,192.04,Street Food
7882,19733,3,229.75,North Indian
7882,19734,3,114.79,South Indian
7882,19735,1,221.44,Chinese
7882,19736,3,139.63,Biryani
7883,19737,2,179.9,Cafe
7883,19738,3,255.24,Biryani
7883,19739,2,195.56,Cafe
7884,19740,3,254.03,Street Food
7884,19741,2,146.27,Chinese
7884,19742,1,233.92,South Indian
7884,19743,1,218.45,Pizza
7885,19744,3,243.45,North Indian
7885,19745,2,109.15,Street Food
7886,19746,2,94.13,South Indian
7887,19747,2,131.55,Biryani
7888,19748,2,168.71,Chinese
7888,19749,3,167.24,Cafe
7889,19750,1,241.34,Chinese
7889,19751,2,138.07,Street Food
7890,19752,2,239.37,Cafe
7890,19753,1,263.91,Pizza
7891,19754,1,261.3,Cafe
7891,19755,2,177.11,Cafe
7892,19756,1,287.64,Street Food
7892,19757,2,203.56,South Indian
7893,19758,2,168.07,Pizza
7893,19759,1,91.19,Pizza
7894,19760,1,203.9,Cafe
7894,19761,3,99.19,Street Food
7894,19762,3,208.08,South Indian
7895,19763,3,285.67,Biryani
7895,19764,1,192.22,Street Food
7896,19765,3,150.5,Pizza
7896,19766,1,216.93,Chinese
7897,19767,2,82.4,North Indian
7897,19768,2,192.08,Chinese
7897,19769,1,230.63,Chinese
7898,19770,1,181.33,Biryani
7898,19771,2,166.96,Street Food
7898,19772,2,115.43,Pizza
7898,19773,3,245.78,South Indian
7899,19774,3,118.97,South Indian
7899,19775,3,262.2,Chinese
7899,19776,2,271.78,Pizza
7899,19777,2,98.32,Cafe
7900,19778,3,212.56,Chinese
7900,19779,1,223.04,North Indian
7900,19780,2,137.11,Street Food
7901,19781,1,199.7,Chinese
7901,19782,2,142.46,Cafe
7902,19783,1,107.52,South Indian
7903,19784,1,279.66,Street Food
7903,19785,3,222.35,Biryani
7904,19786,3,102.03,North Indian
7904,19787,1,293.82,Chinese
7904,19788,3,133.91,Biryani
7905,19789,1,299.38,Street Food
7905,19790,1,223.82,South Indian
7906,19791,3,88.71,Street Food
7906,19792,2,272.93,Cafe
7907,19793,2,169.66,Cafe
7907,19794,3,176.51,Cafe
7907,19795,3,168.85,Biryani
7907,19796,1,233.28,South Indian
7908,19797,2,235.65,Pizza
7908,19798,2,93.28,North Indian
7909,19799,3,287.91,Street Food
7910,19800,2,128.7,Street Food
7910,19801,2,207.67,Pizza
7910,19802,1,160.38,Cafe
7910,19803,3,157.01,North Indian
7911,19804,1,99.97,Chinese
7912,19805,1,91.4,South Indian
7912,19806,2,128.78,Street Food
7912,19807,1,174.96,Chinese
7913,19808,2,207.93,Pizza
7913,19809,1,173.76,Street Food
7913,19810,2,281.46,Chinese
7913,19811,2,85.03,Street Food
7914,19812,2,193.3,South Indian
7915,19813,1,216.3,Chinese
7916,19814,3,188.63,North Indian
7916,19815,2,162.5,South Indian
7916,19816,1,102.18,Cafe
7917,19817,2,149.79,South Indian
7917,19818,2,261.24,Biryani
7917,19819,2,255.66,North Indian
7918,19820,3,259.61,Street Food
7918,19821,2,91.83,South Indian
7918,19822,1,296.77,Biryani
7919,19823,3,206.85,Biryani
7919,19824,1,254.53,Cafe
7919,19825,3,219.54,Biryani
7920,19826,2,191.2,Biryani
7920,19827,1,101.55,Pizza
7920,19828,3,229.25,Cafe
7920,19829,3,119.61,Chinese
7921,19830,2,241.54,North Indian
7921,19831,2,118.43,South Indian
7921,19832,3,299.08,North Indian
7922,19833,1,175.08,Cafe
7922,19834,1,223.57,North Indian
7922,19835,2,220.36,Pizza
7923,19836,3,110.65,North Indian
7923,19837,1,272.49,Street Food
7923,19838,3,267.96,North Indian
7924,19839,3,216.52,Cafe
7924,19840,1,275.04,Pizza
7925,19841,3,280.14,Pizza
7925,19842,3,203.41,Cafe
7926,19843,1,284.83,Biryani
7927,19844,3,102.07,Chinese
7927,19845,3,85.44,Chinese
7927,19846,2,117.54,Cafe
7928,19847,3,246.57,Biryani
7928,19848,2,219.26,Chinese
7928,19849,1,248.9,Pizza
7929,19850,2,81.4,Biryani
7930,19851,2,259.26,Cafe
7930,19852,2,266.36,North Indian
7930,19853,2,233.59,Pizza
7930,19854,3,209.53,South Indian
7931,19855,3,105.22,Street Food
7931,19856,1,180.34,Cafe
7932,19857,3,93.87,Biryani
7933,19858,3,83.03,Street Food
7933,19859,2,266.29,Street Food
7933,19860,1,130.55,Cafe
7934,19861,2,250.38,Biryani
7934,19862,1,147.05,Chinese
7934,19863,3,298.7,Biryani
7935,19864,3,146.44,Pizza
7935,19865,2,187.87,Cafe
7936,19866,2,102.54,Chinese
7936,19867,1,251.3,Chinese
7936,19868,2,241.7,Cafe
7936,19869,2,202.28,Cafe
7937,19870,1,230.45,North Indian
7937,19871,2,145.24,Pizza
7937,19872,1,223.67,Street Food
7937,19873,1,100.77,Pizza
7938,19874,3,258.39,South Indian
7938,19875,2,95.59,Pizza
7938,19876,1,174.66,Pizza
7939,19877,2,200.48,Chinese
7939,19878,2,220.38,Chinese
7939,19879,3,242.72,South Indian
7940,19880,1,82.22,Cafe
7940,19881,1,85.96,Street Food
7940,19882,3,195.16,Street Food
7941,19883,2,205.75,Cafe
7942,19884,2,96.84,North Indian
7943,19885,3,108.43,Cafe
7944,19886,3,179.74,Chinese
7945,19887,2,234.06,North Indian
7945,19888,2,231.04,Biryani
7945,19889,2,101.22,Biryani
7945,19890,2,274.95,South Indian
7946,19891,1,242.56,South Indian
7947,19892,2,256.81,Biryani
7947,19893,1,137.78,Cafe
7947,19894,2,244.9,Biryani
7948,19895,3,189.57,Biryani
7949,19896,2,193.83,Cafe
7949,19897,2,178.7,Street Food
7950,19898,2,232.66,South Indian
7950,19899,2,140.39,Street Food
7951,19900,3,181.6,South Indian
7951,19901,2,217.39,North Indian
7951,19902,3,150.05,Cafe
7952,19903,2,169.25,Biryani
7952,19904,3,108.95,Cafe
7952,19905,1,186.43,Street Food
7953,19906,3,181.0,South Indian
7953,19907,1,234.17,Street Food
7954,19908,1,191.93,Pizza
7954,19909,3,132.98,Cafe
7954,19910,2,246.08,Chinese
7954,19911,2,130.73,Pizza
7955,19912,1,200.77,Biryani
7955,19913,3,84.48,South Indian
7955,19914,3,238.24,Chinese
7956,19915,3,268.54,Biryani
7956,19916,1,290.4,Biryani
7956,19917,2,141.27,South Indian
7956,19918,2,193.86,Pizza
7957,19919,3,163.28,Street Food
7957,19920,2,215.95,Chinese
7958,19921,3,272.58,Chinese
7959,19922,3,92.15,Chinese
7959,19923,2,151.78,Chinese
7959,19924,1,277.05,Street Food
7959,19925,3,116.68,Street Food
7960,19926,2,84.63,Biryani
7961,19927,1,230.36,South Indian
7961,19928,1,290.76,North Indian
7962,19929,3,220.03,Biryani
7963,19930,3,81.88,Street Food
7963,19931,2,240.76,Biryani
7963,19932,1,217.69,Pizza
7963,19933,2,218.94,South Indian
7964,19934,3,112.44,South Indian
7965,19935,1,108.11,Biryani
7965,19936,1,167.72,North Indian
7966,19937,2,260.31,Cafe
7966,19938,1,250.19,South Indian
7967,19939,1,116.61,South Indian
7967,19940,1,147.09,South Indian
7968,19941,1,277.69,Pizza
7968,19942,1,193.47,Biryani
7968,19943,3,285.51,Street Food
7969,19944,2,246.64,Biryani
7970,19945,3,286.28,South Indian
7970,19946,3,116.1,Street Food
7970,19947,1,107.92,Biryani
7971,19948,2,245.95,Pizza
7971,19949,1,212.38,Biryani
7971,19950,2,97.84,Biryani
7972,19951,3,168.0,South Indian
7973,19952,1,221.5,Pizza
7974,19953,3,287.89,Cafe
7974,19954,1,97.75,Chinese
7974,19955,2,225.64,Cafe
7975,19956,2,178.25,South Indian
7975,19957,2,86.14,North Indian
7975,19958,2,297.92,Biryani
7976,19959,2,249.9,South Indian
7976,19960,1,224.68,Biryani
7976,19961,3,269.27,South Indian
7976,19962,1,128.04,Chinese
7977,19963,3,91.49,South Indian
7977,19964,2,264.77,Cafe
7977,19965,1,111.91,North Indian
7978,19966,2,224.92,Cafe
7979,19967,1,220.59,Pizza
7979,19968,2,133.5,Pizza
7980,19969,2,247.3,Biryani
7980,19970,2,207.94,Pizza
7980,19971,2,290.09,Street Food
7980,19972,3,280.58,Chinese
7981,19973,1,129.78,Chinese
7981,19974,1,190.34,Pizza
7981,19975,3,292.63,South Indian
7981,19976,1,197.52,Street Food
7982,19977,3,92.32,Pizza
7982,19978,3,240.91,Street Food
7982,19979,2,163.56,North Indian
7983,19980,2,286.6,Biryani
7983,19981,1,113.75,Street Food
7984,19982,2,213.23,Pizza
7985,19983,2,199.01,Biryani
7985,19984,3,157.7,South Indian
7986,19985,3,109.22,Pizza
7986,19986,2,173.87,Cafe
7986,19987,2,237.66,Pizza
7987,19988,1,97.35,Cafe
7987,19989,3,232.53,North Indian
7988,19990,1,178.17,Street Food
7989,19991,2,232.58,Pizza
7989,19992,2,271.95,Pizza
7989,19993,1,161.04,North Indian
7990,19994,2,237.4,Cafe
7990,19995,2,137.29,Biryani
7990,19996,3,253.84,Biryani
7990,19997,1,252.81,Pizza
7991,19998,3,167.68,Street Food
7992,19999,3,277.16,Street Food
7992,20000,3,193.35,South Indian
7992,20001,1,258.22,Chinese
7992,20002,3,266.72,South Indian
7993,20003,1,203.21,South Indian
7994,20004,1,277.63,Pizza
7994,20005,1,251.47,Street Food
7994,20006,2,253.8,North Indian
7995,20007,3,217.58,North Indian
7995,20008,1,192.1,Cafe
7996,20009,1,245.33,Chinese
7997,20010,1,261.92,South Indian
7997,20011,2,241.84,North Indian
7998,20012,3,205.66,Cafe
7998,20013,3,86.34,Cafe
7999,20014,3,277.84,Street Food
7999,20015,3,200.0,Cafe
7999,20016,3,199.05,Street Food
8000,20017,3,266.51,Biryani
8000,20018,2,130.22,Street Food
8000,20019,1,221.27,South Indian
8001,20020,3,88.58,Biryani
8001,20021,1,279.58,South Indian
8001,20022,3,225.82,Cafe
8001,20023,3,167.14,Cafe
8002,20024,3,88.58,South Indian
8003,20025,2,289.28,Cafe
8004,20026,3,171.24,South Indian
8004,20027,1,249.04,Biryani
8004,20028,1,267.35,Biryani
8004,20029,1,280.93,Cafe
8005,20030,3,166.44,North Indian
8005,20031,2,222.79,Street Food
8005,20032,3,288.78,Street Food
8006,20033,2,139.96,Chinese
8006,20034,3,94.14,Biryani
8006,20035,2,98.01,North Indian
8006,20036,2,137.8,South Indian
8007,20037,1,151.04,Pizza
8007,20038,1,83.24,North Indian
8007,20039,3,244.32,Biryani
8007,20040,2,109.83,Biryani
8008,20041,1,267.94,North Indian
8008,20042,1,115.5,Street Food
8008,20043,2,284.05,Cafe
8009,20044,2,232.09,Cafe
8009,20045,2,114.81,Street Food
8010,20046,1,187.17,Street Food
8010,20047,3,112.38,North Indian
8010,20048,1,234.23,South Indian
8011,20049,1,240.21,Pizza
8011,20050,1,199.27,Pizza
8011,20051,2,176.61,Chinese
8012,20052,1,182.33,Pizza
8012,20053,1,223.77,Biryani
8012,20054,3,140.52,North Indian
8012,20055,2,121.51,Chinese
8013,20056,3,152.9,Pizza
8013,20057,2,277.25,Cafe
8013,20058,1,215.03,Cafe
8013,20059,3,131.1,Street Food
8014,20060,3,211.0,Pizza
8014,20061,1,173.96,Chinese
8014,20062,2,253.5,Biryani
8014,20063,1,204.28,Cafe
8015,20064,2,245.41,Pizza
8015,20065,1,151.64,Cafe
8015,20066,3,80.45,Biryani
8015,20067,1,98.79,North Indian
8016,20068,1,186.07,Street Food
8017,20069,3,132.02,North Indian
8017,20070,3,262.99,South Indian
8017,20071,3,169.9,Pizza
8017,20072,3,135.03,Biryani
8018,20073,3,243.92,South Indian
8018,20074,1,120.91,North Indian
8018,20075,3,193.35,Biryani
8018,20076,1,130.79,Street Food
8019,20077,1,184.44,Cafe
8019,20078,2,222.66,Cafe
8020,20079,2,225.16,Chinese
8020,20080,3,292.98,Cafe
8020,20081,2,280.68,South Indian
8021,20082,3,281.0,Street Food
8021,20083,3,264.01,Chinese
8021,20084,2,255.35,Cafe
8021,20085,3,240.36,Pizza
8022,20086,2,148.6,Pizza
8023,20087,3,165.25,Biryani
8023,20088,3,244.05,South Indian
8023,20089,1,229.83,Pizza
8023,20090,1,128.11,Pizza
8024,20091,1,179.58,North Indian
8024,20092,3,108.8,Street Food
8025,20093,1,199.81,Biryani
8025,20094,2,204.02,Biryani
8026,20095,1,190.07,North Indian
8027,20096,1,287.37,Pizza
8027,20097,1,149.53,Street Food
8028,20098,2,175.55,North Indian
8029,20099,1,291.21,Pizza
8030,20100,1,236.06,Cafe
8030,20101,3,102.48,South Indian
8031,20102,2,172.24,Cafe
8031,20103,3,270.35,Chinese
8032,20104,2,227.94,Cafe
8032,20105,3,120.39,Biryani
8033,20106,1,239.26,North Indian
8033,20107,1,158.06,Street Food
8033,20108,1,92.84,Chinese
8034,20109,1,90.24,North Indian
8034,20110,3,114.46,Cafe
8035,20111,1,144.16,Biryani
8036,20112,3,172.16,Cafe
8036,20113,3,182.63,South Indian
8036,20114,1,122.4,North Indian
8036,20115,2,117.29,Street Food
8037,20116,1,215.31,South Indian
8037,20117,2,157.07,South Indian
8037,20118,2,171.49,Street Food
8038,20119,3,104.71,Street Food
8038,20120,3,102.38,Biryani
8038,20121,3,163.77,Biryani
8039,20122,3,143.93,Chinese
8040,20123,3,113.74,Biryani
8041,20124,3,244.85,Chinese
8041,20125,1,253.66,Chinese
8041,20126,1,279.45,Chinese
8042,20127,2,285.95,Biryani
8043,20128,3,156.34,Cafe
8043,20129,3,266.44,Street Food
8043,20130,2,91.99,North Indian
8044,20131,2,159.99,South Indian
8045,20132,3,259.07,Biryani
8045,20133,3,184.25,South Indian
8045,20134,2,183.97,Street Food
8045,20135,3,235.5,North Indian
8046,20136,1,153.99,South Indian
8046,20137,3,258.59,Street Food
8047,20138,1,290.93,South Indian
8047,20139,2,139.2,Chinese
8048,20140,2,217.54,South Indian
8048,20141,3,82.94,Biryani
8048,20142,2,200.09,Chinese
8049,20143,2,183.27,Pizza
8049,20144,1,132.3,Pizza
8049,20145,2,226.73,Biryani
8050,20146,3,82.41,Pizza
8050,20147,2,276.67,Pizza
8051,20148,3,80.98,Pizza
8051,20149,1,168.95,Pizza
8052,20150,1,213.95,Biryani
8052,20151,1,180.98,Pizza
8052,20152,3,109.97,Biryani
8053,20153,2,165.84,Biryani
8054,20154,1,167.99,Chinese
8055,20155,2,135.18,Street Food
8055,20156,3,120.11,North Indian
8055,20157,3,159.65,Chinese
8056,20158,3,262.33,Street Food
8057,20159,3,146.17,Street Food
8057,20160,2,205.54,Cafe
8057,20161,1,198.3,Cafe
8058,20162,3,168.34,Street Food
8058,20163,1,109.66,Biryani
8058,20164,1,294.62,North Indian
8059,20165,3,187.27,Chinese
8060,20166,1,171.42,South Indian
8060,20167,3,241.76,Chinese
8060,20168,3,135.7,North Indian
8060,20169,2,81.31,Cafe
8061,20170,1,154.2,Street Food
8061,20171,1,187.12,Biryani
8061,20172,1,97.68,South Indian
8062,20173,1,273.62,North Indian
8062,20174,3,228.13,Chinese
8062,20175,2,167.35,Street Food
8062,20176,1,246.21,Chinese
8063,20177,3,210.17,Pizza
8063,20178,1,248.62,Pizza
8063,20179,2,91.03,Biryani
8063,20180,3,213.91,Pizza
8064,20181,2,191.24,Chinese
8064,20182,1,275.3,Biryani
8064,20183,3,226.67,Biryani
8065,20184,2,236.49,Biryani
8066,20185,3,169.03,North Indian
8067,20186,3,200.82,Cafe
8068,20187,2,221.66,Street Food
8068,20188,2,122.71,South Indian
8068,20189,1,184.44,Pizza
8068,20190,3,248.24,Chinese
8069,20191,2,142.74,Pizza
8069,20192,3,181.67,Pizza
8069,20193,1,194.6,Street Food
8070,20194,3,154.64,Street Food
8070,20195,3,227.36,Chinese
8070,20196,3,254.1,Cafe
8071,20197,2,245.61,Street Food
8071,20198,1,284.34,Cafe
8071,20199,2,235.33,Chinese
8071,20200,1,294.3,North Indian
8072,20201,2,160.05,Pizza
8072,20202,2,91.28,North Indian
8072,20203,3,155.74,Pizza
8073,20204,2,168.21,Cafe
8073,20205,3,204.19,North Indian
8074,20206,2,107.67,Cafe
8075,20207,1,89.92,Chinese
8075,20208,2,167.57,Cafe
8076,20209,2,238.19,Cafe
8077,20210,3,283.77,North Indian
8077,20211,2,294.6,Pizza
8077,20212,3,147.99,Cafe
8078,20213,1,132.53,Chinese
8078,20214,2,232.8,Biryani
8079,20215,3,194.56,Street Food
8079,20216,1,129.88,North Indian
8080,20217,3,134.78,South Indian
8080,20218,2,267.21,Biryani
8080,20219,2,284.83,Street Food
8081,20220,3,256.25,Street Food
8081,20221,1,243.98,Cafe
8082,20222,2,175.65,South Indian
8082,20223,2,190.0,Pizza
8082,20224,3,249.15,North Indian
8082,20225,3,84.68,South Indian
8083,20226,1,88.64,South Indian
8084,20227,3,171.99,Pizza
8084,20228,1,182.63,North Indian
8085,20229,2,147.86,Biryani
8085,20230,3,207.68,North Indian
8085,20231,2,294.03,South Indian
8085,20232,2,232.85,Cafe
8086,20233,2,80.77,Cafe
8086,20234,3,213.96,Chinese
8086,20235,1,157.98,Cafe
8086,20236,1,113.91,Cafe
8087,20237,2,290.46,Chinese
8088,20238,2,152.09,Biryani
8088,20239,1,294.77,North Indian
8089,20240,2,243.97,North Indian
8089,20241,2,116.79,South Indian
8089,20242,3,245.51,South Indian
8089,20243,1,196.71,North Indian
8090,20244,2,274.2,North Indian
8091,20245,2,181.41,Chinese
8092,20246,2,84.34,South Indian
8092,20247,2,297.93,Pizza
8092,20248,2,206.39,Pizza
8093,20249,1,180.27,Cafe
8093,20250,1,100.94,South Indian
8093,20251,1,128.98,Cafe
8094,20252,3,129.78,Biryani
8094,20253,2,163.01,North Indian
8094,20254,2,143.08,Street Food
8095,20255,3,128.68,Chinese
8096,20256,2,103.42,Chinese
8097,20257,3,164.59,Street Food
8097,20258,3,203.14,South Indian
8097,20259,3,237.99,Street Food
8097,20260,1,289.72,South Indian
8098,20261,3,166.49,South Indian
8098,20262,3,143.77,Biryani
8098,20263,2,127.4,Chinese
8098,20264,2,282.72,Street Food
8099,20265,1,111.06,Street Food
8100,20266,2,283.37,Biryani
8101,20267,1,150.75,Chinese
8101,20268,3,160.37,North Indian
8101,20269,1,250.22,Pizza
8102,20270,2,205.24,Pizza
8102,20271,1,154.08,Biryani
8102,20272,2,293.55,Chinese
8103,20273,2,148.87,Cafe
8104,20274,1,110.1,Street Food
8105,20275,3,199.96,Pizza
8105,20276,1,218.95,North Indian
8106,20277,3,219.74,North Indian
8106,20278,2,287.34,North Indian
8107,20279,1,256.99,North Indian
8107,20280,1,142.99,Biryani
8108,20281,3,183.74,South Indian
8108,20282,1,88.9,North Indian
8108,20283,3,142.57,Pizza
8108,20284,2,145.91,Chinese
8109,20285,3,175.36,Street Food
8109,20286,3,164.43,South Indian
8109,20287,1,116.39,North Indian
8110,20288,2,142.31,North Indian
8110,20289,2,99.47,Chinese
8110,20290,2,189.53,Biryani
8111,20291,3,127.63,Cafe
8111,20292,3,170.53,Biryani
8112,20293,2,297.66,Cafe
8113,20294,2,229.5,Street Food
8113,20295,2,111.18,South Indian
8113,20296,2,246.92,Cafe
8113,20297,3,121.34,Biryani
8114,20298,1,181.67,Chinese
8114,20299,3,110.52,Chinese
8114,20300,2,186.29,North Indian
8115,20301,3,122.98,North Indian
8115,20302,3,288.81,Pizza
8115,20303,1,181.67,South Indian
8116,20304,2,155.43,Biryani
8116,20305,1,181.21,Street Food
8117,20306,1,202.87,South Indian
8117,20307,3,260.18,Cafe
8117,20308,1,270.54,Chinese
8118,20309,2,271.85,South Indian
8119,20310,3,126.4,South Indian
8119,20311,3,229.63,South Indian
8119,20312,1,268.5,North Indian
8120,20313,2,136.45,Pizza
8120,20314,2,284.04,North Indian
8120,20315,1,196.65,Cafe
8121,20316,3,144.93,North Indian
8121,20317,3,149.38,South Indian
8121,20318,1,126.66,Pizza
8122,20319,1,259.1,North Indian
8123,20320,2,246.24,South Indian
8124,20321,1,159.98,North Indian
8124,20322,3,198.67,Cafe
8125,20323,2,89.03,Biryani
8125,20324,2,233.31,North Indian
8126,20325,2,190.84,Street Food
8126,20326,3,166.3,Chinese
8126,20327,3,227.55,South Indian
8126,20328,1,157.34,Cafe
8127,20329,2,165.83,Chinese
8127,20330,2,153.83,Street Food
8127,20331,2,265.12,Chinese
8127,20332,2,293.16,Biryani
8128,20333,2,188.61,North Indian
8128,20334,1,212.66,South Indian
8129,20335,1,235.76,Cafe
8129,20336,2,148.67,Chinese
8129,20337,1,268.78,Cafe
8130,20338,1,173.36,North Indian
8130,20339,3,291.4,Chinese
8131,20340,1,192.02,North Indian
8131,20341,2,214.0,Pizza
8132,20342,3,143.3,Street Food
8133,20343,3,281.43,South Indian
8134,20344,2,273.86,Pizza
8134,20345,3,128.49,South Indian
8134,20346,2,91.16,Biryani
8135,20347,3,164.32,South Indian
8135,20348,2,112.24,South Indian
8136,20349,2,154.35,Chinese
8137,20350,1,240.89,South Indian
8137,20351,3,145.46,Pizza
8138,20352,3,174.99,North Indian
8138,20353,3,289.95,Chinese
8138,20354,3,158.33,South Indian
8138,20355,2,274.15,Pizza
8139,20356,2,283.23,Street Food
8139,20357,2,268.42,Biryani
8139,20358,3,297.29,Chinese
8140,20359,1,219.78,Street Food
8140,20360,1,236.74,Cafe
8140,20361,3,283.9,Biryani
8140,20362,1,282.34,Street Food
8141,20363,3,270.11,Biryani
8141,20364,3,267.93,South Indian
8141,20365,2,197.07,Pizza
8142,20366,3,84.64,Chinese
8143,20367,2,167.08,North Indian
8144,20368,2,160.04,North Indian
8144,20369,1,188.62,Chinese
8144,20370,3,217.63,North Indian
8145,20371,3,272.05,North Indian
8145,20372,1,161.89,Biryani
8145,20373,3,86.05,Pizza
8145,20374,1,241.48,Pizza
8146,20375,3,180.37,North Indian
8146,20376,1,240.43,Pizza
8147,20377,3,105.71,Cafe
8147,20378,2,117.11,Cafe
8148,20379,1,93.26,North Indian
8148,20380,2,220.58,North Indian
8148,20381,1,168.83,Cafe
8149,20382,2,214.22,Chinese
8149,20383,2,134.29,Cafe
8149,20384,1,267.96,Biryani
8149,20385,1,241.58,Cafe
8150,20386,3,260.33,Chinese
8151,20387,1,208.03,North Indian
8151,20388,3,108.82,South Indian
8151,20389,1,189.25,North Indian
8151,20390,1,286.96,Street Food
8152,20391,1,107.72,Pizza
8152,20392,2,217.16,South Indian
8152,20393,1,286.43,South Indian
8152,20394,1,257.52,South Indian
8153,20395,3,214.9,Cafe
8153,20396,3,93.52,Pizza
8153,20397,3,135.28,Cafe
8154,20398,1,177.43,Cafe
8154,20399,1,242.17,Street Food
8155,20400,2,126.1,Cafe
8155,20401,1,253.9,Biryani
8155,20402,3,164.98,Street Food
8156,20403,1,223.43,Biryani
8156,20404,3,188.89,Cafe
8156,20405,1,156.96,Street Food
8156,20406,2,146.2,Chinese
8157,20407,3,121.7,Biryani
8157,20408,1,128.92,North Indian
8157,20409,1,158.98,Pizza
8158,20410,3,207.64,South Indian
8159,20411,1,131.91,Street Food
8159,20412,1,285.13,Chinese
8159,20413,3,81.39,Cafe
8160,20414,2,245.27,Pizza
8160,20415,1,222.95,Cafe
8160,20416,3,164.61,South Indian
8160,20417,3,209.21,South Indian
8161,20418,3,231.79,South Indian
8161,20419,1,145.03,Chinese
8161,20420,1,245.81,Chinese
8161,20421,3,223.01,Cafe
8162,20422,1,251.83,Cafe
8162,20423,2,248.19,Cafe
8162,20424,2,240.47,Chinese
8162,20425,3,298.23,Chinese
8163,20426,3,146.29,South Indian
8163,20427,1,115.56,Street Food
8163,20428,2,295.48,Street Food
8164,20429,1,101.08,North Indian
8165,20430,2,272.33,South Indian
8165,20431,2,118.9,Biryani
8165,20432,1,245.25,Street Food
8165,20433,2,135.98,Chinese
8166,20434,1,236.68,Biryani
8166,20435,1,169.23,Pizza
8166,20436,2,220.95,North Indian
8167,20437,3,122.3,Pizza
8168,20438,3,140.87,South Indian
8168,20439,3,187.79,North Indian
8169,20440,1,152.97,Street Food
8169,20441,2,299.46,South Indian
8169,20442,1,181.24,South Indian
8170,20443,1,231.44,Biryani
8170,20444,2,107.62,Chinese
8170,20445,3,172.27,Biryani
8171,20446,1,115.49,Chinese
8171,20447,1,154.06,South Indian
8172,20448,2,285.5,Chinese
8172,20449,3,167.02,Biryani
8173,20450,1,130.61,Chinese
8174,20451,1,128.34,Pizza
8174,20452,1,154.69,Pizza
8174,20453,3,236.69,Street Food
8174,20454,2,110.88,South Indian
8175,20455,3,275.44,Street Food
8176,20456,3,279.66,North Indian
8176,20457,3,147.19,Street Food
8177,20458,1,225.58,Chinese
8177,20459,1,292.43,North Indian
8178,20460,1,229.14,Biryani
8178,20461,2,220.93,Biryani
8179,20462,2,282.25,Cafe
8179,20463,1,158.96,North Indian
8179,20464,1,107.56,Chinese
8180,20465,1,199.47,Pizza
8180,20466,2,171.41,Chinese
8180,20467,3,246.2,Pizza
8180,20468,2,191.71,Street Food
8181,20469,3,95.6,Biryani
8181,20470,2,199.24,Chinese
8181,20471,3,105.13,South Indian
8182,20472,2,256.29,Street Food
8182,20473,2,134.48,South Indian
8182,20474,3,165.77,Pizza
8183,20475,2,267.76,Biryani
8183,20476,2,271.77,South Indian
8184,20477,1,190.77,Biryani
8184,20478,3,224.62,North Indian
8185,20479,2,168.01,South Indian
8185,20480,2,120.65,Biryani
8185,20481,1,212.71,North Indian
8185,20482,2,137.11,North Indian
8186,20483,3,117.89,Biryani
8186,20484,2,180.39,Cafe
8186,20485,2,229.02,Chinese
8186,20486,3,206.25,North Indian
8187,20487,1,287.59,Pizza
8187,20488,2,221.46,Pizza
8187,20489,2,157.74,South Indian
8188,20490,2,230.54,Cafe
8188,20491,3,238.17,Biryani
8188,20492,1,180.77,Cafe
8188,20493,1,156.65,South Indian
8189,20494,2,285.93,Pizza
8189,20495,1,260.74,South Indian
8190,20496,2,226.68,Chinese
8190,20497,2,266.08,North Indian
8191,20498,3,197.02,South Indian
8191,20499,3,289.58,South Indian
8191,20500,1,210.66,Chinese
8192,20501,2,88.0,Biryani
8192,20502,2,178.44,Street Food
8192,20503,2,227.4,Pizza
8192,20504,1,116.91,Biryani
8193,20505,1,250.22,Chinese
8193,20506,2,101.48,Pizza
8194,20507,3,265.53,Biryani
8194,20508,3,242.43,South Indian
8194,20509,3,209.16,Chinese
8194,20510,3,116.3,Biryani
8195,20511,2,221.38,South Indian
8196,20512,1,245.78,Street Food
8196,20513,3,224.72,Biryani
8196,20514,1,194.23,South Indian
8196,20515,1,247.32,North Indian
8197,20516,3,225.05,Pizza
8197,20517,2,231.76,Cafe
8197,20518,2,251.3,Pizza
8197,20519,3,297.12,Cafe
8198,20520,1,108.85,Pizza
8198,20521,1,197.02,North Indian
8198,20522,2,215.77,Chinese
8198,20523,1,225.9,South Indian
8199,20524,3,189.58,Street Food
8199,20525,1,190.96,Cafe
8199,20526,2,231.03,Street Food
8199,20527,1,155.42,Street Food
8200,20528,2,289.52,North Indian
8200,20529,2,245.34,North Indian
8200,20530,3,94.21,Cafe
8200,20531,3,208.27,Street Food
8201,20532,3,253.47,Cafe
8201,20533,1,281.33,Chinese
8201,20534,1,165.9,Chinese
8202,20535,1,276.68,Chinese
8202,20536,1,145.26,North Indian
8203,20537,1,195.25,Chinese
8203,20538,3,204.46,Cafe
8204,20539,3,181.24,Biryani
8204,20540,1,90.88,South Indian
8205,20541,2,230.37,South Indian
8205,20542,1,202.44,North Indian
8205,20543,1,86.51,Street Food
8206,20544,2,168.44,Cafe
8206,20545,1,275.57,South Indian
8207,20546,2,226.85,Biryani
8207,20547,3,239.74,Street Food
8207,20548,2,278.24,Pizza
8208,20549,1,223.51,North Indian
8208,20550,3,95.68,Biryani
8209,20551,2,177.32,North Indian
8209,20552,2,284.25,Cafe
8209,20553,1,242.21,Chinese
8209,20554,3,178.77,North Indian
8210,20555,2,141.31,North Indian
8210,20556,2,139.59,Street Food
8211,20557,1,267.5,Biryani
8211,20558,3,141.58,Biryani
8212,20559,2,288.56,Street Food
8212,20560,1,198.3,Cafe
8212,20561,2,142.17,Cafe
8212,20562,3,232.67,Chinese
8213,20563,1,97.71,South Indian
8214,20564,3,163.51,Chinese
8214,20565,3,276.9,South Indian
8214,20566,2,89.32,Pizza
8215,20567,2,111.5,Chinese
8215,20568,1,166.1,Street Food
8216,20569,2,99.62,South Indian
8216,20570,3,254.98,Biryani
8217,20571,1,235.63,Pizza
8217,20572,1,276.98,Pizza
8217,20573,1,264.23,Biryani
8217,20574,2,189.45,Chinese
8218,20575,3,188.43,North Indian
8218,20576,3,256.25,Biryani
8218,20577,2,136.09,North Indian
8219,20578,2,206.14,Chinese
8219,20579,3,133.86,Cafe
8219,20580,3,271.44,Street Food
8220,20581,2,238.94,North Indian
8220,20582,2,257.35,Biryani
8220,20583,2,201.86,Cafe
8221,20584,2,295.51,Pizza
8221,20585,3,212.74,South Indian
8221,20586,3,110.17,Biryani
8221,20587,2,248.57,Cafe
8222,20588,3,126.03,South Indian
8222,20589,3,165.96,North Indian
8223,20590,1,163.18,North Indian
8223,20591,1,252.62,Street Food
8224,20592,1,219.12,Street Food
8224,20593,2,273.37,Cafe
8224,20594,2,296.54,Cafe
8224,20595,3,121.64,Pizza
8225,20596,2,242.03,North Indian
8225,20597,3,128.09,North Indian
8226,20598,1,200.97,Chinese
8226,20599,3,273.67,North Indian
8226,20600,2,142.68,Pizza
8226,20601,1,231.86,North Indian
8227,20602,2,154.33,Chinese
8227,20603,2,149.85,Pizza
8227,20604,1,231.88,Street Food
8228,20605,2,122.91,Street Food
8228,20606,3,226.81,North Indian
8229,20607,3,111.45,Street Food
8229,20608,1,274.6,South Indian
8230,20609,2,292.98,South Indian
8231,20610,1,130.8,Biryani
8232,20611,1,146.49,Biryani
8232,20612,2,203.82,Street Food
8233,20613,2,239.07,Cafe
8233,20614,1,118.38,South Indian
8234,20615,2,263.37,Biryani
8234,20616,3,127.9,Pizza
8234,20617,3,183.65,Street Food
8235,20618,3,81.5,South Indian
8235,20619,3,108.56,Cafe
8235,20620,3,216.62,Biryani
8236,20621,1,94.94,South Indian
8236,20622,2,83.19,Chinese
8237,20623,2,274.11,Street Food
8237,20624,1,225.65,Chinese
8237,20625,1,283.28,Pizza
8238,20626,3,220.47,North Indian
8238,20627,1,212.88,Biryani
8238,20628,1,123.19,Pizza
8239,20629,3,148.67,South Indian
8239,20630,3,264.84,Cafe
8239,20631,2,203.41,North Indian
8239,20632,1,200.74,Street Food
8240,20633,3,230.74,South Indian
8241,20634,1,281.92,Street Food
8241,20635,2,244.38,Cafe
8242,20636,3,169.01,Chinese
8242,20637,3,287.27,Chinese
8243,20638,3,171.09,Biryani
8243,20639,2,274.75,Pizza
8243,20640,1,279.37,Street Food
8243,20641,2,197.91,Biryani
8244,20642,3,96.45,Pizza
8245,20643,3,277.59,Cafe
8245,20644,3,120.57,South Indian
8245,20645,1,243.34,Pizza
8246,20646,3,228.84,Biryani
8246,20647,1,221.73,South Indian
8246,20648,1,94.14,Cafe
8247,20649,3,203.1,Cafe
8248,20650,1,185.77,South Indian
8249,20651,3,255.44,Street Food
8249,20652,3,281.64,Pizza
8250,20653,3,176.76,South Indian
8250,20654,1,99.94,Cafe
8250,20655,2,138.84,North Indian
8251,20656,2,247.56,Chinese
8251,20657,2,113.32,South Indian
8252,20658,2,110.51,Biryani
8252,20659,2,100.26,Pizza
8252,20660,3,152.94,Chinese
8252,20661,2,244.72,North Indian
8253,20662,1,208.43,Biryani
8253,20663,3,220.84,North Indian
8254,20664,3,94.47,Pizza
8255,20665,3,270.54,North Indian
8256,20666,3,132.81,Biryani
8256,20667,2,249.24,Street Food
8256,20668,1,284.31,South Indian
8257,20669,1,86.19,Street Food
8257,20670,1,296.28,Chinese
8257,20671,1,156.6,Chinese
8258,20672,1,103.4,Pizza
8258,20673,1,173.24,Biryani
8258,20674,2,141.95,North Indian
8258,20675,3,183.08,Cafe
8259,20676,2,263.46,Biryani
8259,20677,3,171.3,Street Food
8259,20678,2,283.78,Street Food
8259,20679,3,176.34,South Indian
8260,20680,1,239.25,North Indian
8260,20681,2,117.43,Biryani
8260,20682,2,160.73,Street Food
8260,20683,3,218.25,North Indian
8261,20684,3,292.5,Chinese
8262,20685,1,238.93,Biryani
8263,20686,2,282.59,Street Food
8263,20687,1,126.55,Pizza
8264,20688,1,105.48,Pizza
8264,20689,3,115.43,Cafe
8264,20690,2,277.14,Chinese
8265,20691,3,193.04,North Indian
8265,20692,2,213.95,Pizza
8266,20693,2,140.35,Biryani
8267,20694,2,265.47,Biryani
8268,20695,3,221.58,Street Food
8268,20696,2,224.8,North Indian
8268,20697,2,244.59,North Indian
8269,20698,1,257.6,Cafe
8269,20699,2,185.46,Cafe
8269,20700,1,275.74,Cafe
8270,20701,3,199.47,Pizza
8270,20702,2,284.3,Pizza
8270,20703,1,115.43,Cafe
8270,20704,3,194.89,Chinese
8271,20705,1,131.24,Street Food
8271,20706,1,150.75,Street Food
8271,20707,1,269.57,Street Food
8272,20708,1,127.48,Street Food
8273,20709,1,86.18,South Indian
8273,20710,1,149.88,South Indian
8273,20711,1,152.74,Cafe
8273,20712,1,176.06,Pizza
8274,20713,3,98.19,Cafe
8274,20714,2,184.14,North Indian
8274,20715,3,286.53,Cafe
8275,20716,1,191.65,Pizza
8275,20717,1,138.05,Pizza
8276,20718,2,129.45,Cafe
8277,20719,1,257.9,Chinese
8277,20720,3,280.2,Street Food
8277,20721,3,235.15,Biryani
8278,20722,2,261.43,Street Food
8278,20723,2,179.57,Chinese
8279,20724,3,144.92,South Indian
8279,20725,1,297.7,North Indian
8279,20726,2,259.66,South Indian
8279,20727,1,226.6,Cafe
8280,20728,3,251.04,Biryani
8280,20729,1,159.27,Biryani
8280,20730,2,131.96,North Indian
8281,20731,1,212.51,Chinese
8281,20732,3,225.99,Street Food
8281,20733,3,211.24,Biryani
8281,20734,2,214.7,Biryani
8282,20735,1,177.51,South Indian
8282,20736,1,127.02,South Indian
8282,20737,3,271.78,Street Food
8283,20738,3,269.17,Chinese
8283,20739,2,168.66,Biryani
8283,20740,2,270.87,North Indian
8283,20741,1,276.12,North Indian
8284,20742,2,121.8,Street Food
8285,20743,2,289.8,Street Food
8285,20744,3,206.84,Street Food
8285,20745,1,178.98,Chinese
8286,20746,1,268.86,Cafe
8287,20747,2,151.56,Biryani
8287,20748,1,230.32,Biryani
8287,20749,1,136.1,North Indian
8288,20750,1,105.15,Chinese
8288,20751,1,240.37,Biryani
8289,20752,2,84.01,Pizza
8289,20753,2,253.41,Cafe
8290,20754,3,93.18,Street Food
8290,20755,1,203.55,Cafe
8290,20756,3,128.49,North Indian
8290,20757,2,257.13,Chinese
8291,20758,1,118.52,Chinese
8291,20759,2,128.74,Cafe
8291,20760,1,266.95,Cafe
8291,20761,2,270.02,Chinese
8292,20762,1,188.75,Chinese
8292,20763,1,259.79,Cafe
8293,20764,1,255.09,Street Food
8293,20765,1,136.18,North Indian
8293,20766,3,227.56,North Indian
8293,20767,1,148.81,South Indian
8294,20768,3,153.51,Biryani
8294,20769,1,197.27,Chinese
8294,20770,1,220.59,South Indian
8294,20771,1,203.34,Street Food
8295,20772,1,294.76,Biryani
8295,20773,3,188.03,Street Food
8295,20774,2,296.19,Biryani
8296,20775,1,281.36,Chinese
8296,20776,1,218.22,Street Food
8296,20777,1,235.67,South Indian
8297,20778,2,119.87,Street Food
8297,20779,2,208.79,Cafe
8297,20780,3,236.0,Chinese
8297,20781,1,165.28,South Indian
8298,20782,2,188.07,Street Food
8298,20783,3,284.59,Pizza
8298,20784,3,216.74,Biryani
8299,20785,3,227.78,Cafe
8299,20786,1,81.26,Chinese
8300,20787,2,242.98,Pizza
8301,20788,2,258.84,Cafe
8302,20789,3,242.74,North Indian
8302,20790,2,128.21,Biryani
8303,20791,3,104.56,Biryani
8303,20792,3,281.91,Cafe
8303,20793,1,231.94,Biryani
8304,20794,2,144.05,South Indian
8304,20795,3,188.35,South Indian
8304,20796,1,294.43,Street Food
8304,20797,1,111.41,North Indian
8305,20798,1,91.14,North Indian
8305,20799,3,255.17,South Indian
8306,20800,1,105.56,Chinese
8307,20801,2,155.75,Biryani
8308,20802,3,254.38,South Indian
8308,20803,1,267.41,South Indian
8308,20804,2,191.31,Street Food
8308,20805,3,287.82,South Indian
8309,20806,2,126.92,Chinese
8310,20807,2,276.35,North Indian
8310,20808,3,112.52,South Indian
8310,20809,3,112.01,Street Food
8310,20810,3,202.83,Pizza
8311,20811,1,288.46,Street Food
8312,20812,3,274.63,Street Food
8313,20813,2,129.66,Cafe
8314,20814,2,106.85,Pizza
8314,20815,1,156.71,Chinese
8315,20816,3,147.2,Cafe
8315,20817,3,259.7,South Indian
8316,20818,1,91.57,Cafe
8316,20819,1,123.87,South Indian
8316,20820,1,245.46,Pizza
8316,20821,1,148.68,Chinese
8317,20822,1,184.92,Street Food
8317,20823,2,86.25,Pizza
8318,20824,2,200.92,Biryani
8318,20825,1,137.71,Biryani
8318,20826,1,116.41,Street Food
8319,20827,1,86.41,North Indian
8319,20828,3,157.94,Chinese
8320,20829,2,244.18,Cafe
8321,20830,2,131.84,Biryani
8322,20831,2,129.59,Street Food
8322,20832,2,278.78,North Indian
8323,20833,3,141.62,North Indian
8323,20834,3,270.85,Street Food
8323,20835,1,238.84,Cafe
8324,20836,2,247.12,Pizza
8324,20837,1,274.38,Street Food
8325,20838,2,100.89,South Indian
8325,20839,2,137.34,South Indian
8325,20840,3,134.39,North Indian
8326,20841,2,150.86,Cafe
8326,20842,3,165.96,Chinese
8327,20843,2,105.21,Street Food
8328,20844,2,295.17,Street Food
8328,20845,1,298.8,North Indian
8328,20846,3,179.02,Chinese
8329,20847,1,245.33,Street Food
8329,20848,1,216.19,Pizza
8330,20849,2,110.06,Street Food
8330,20850,2,234.6,Street Food
8330,20851,2,103.39,North Indian
8330,20852,3,246.63,South Indian
8331,20853,2,149.76,Pizza
8331,20854,2,162.09,Chinese
8331,20855,3,223.09,Biryani
8331,20856,1,299.07,North Indian
8332,20857,2,271.55,South Indian
8332,20858,2,262.98,Cafe
8332,20859,1,171.4,Cafe
8332,20860,1,162.23,South Indian
8333,20861,1,119.77,Chinese
8333,20862,2,133.67,Pizza
8333,20863,1,222.75,North Indian
8333,20864,3,297.25,Biryani
8334,20865,1,136.61,Cafe
8334,20866,3,283.13,Pizza
8335,20867,1,132.74,North Indian
8335,20868,1,168.79,Street Food
8336,20869,2,141.9,Chinese
8336,20870,3,144.08,South Indian
8336,20871,2,166.56,South Indian
8337,20872,1,101.86,North Indian
8337,20873,3,134.37,North Indian
8337,20874,1,280.56,Biryani
8338,20875,2,251.71,Biryani
8338,20876,1,248.24,Street Food
8338,20877,3,124.78,Biryani
8338,20878,3,272.67,Pizza
8339,20879,2,257.13,Biryani
8339,20880,1,160.05,Biryani
8339,20881,3,257.91,Chinese
8340,20882,1,256.07,Street Food
8340,20883,2,144.03,Street Food
8340,20884,2,109.38,Pizza
8340,20885,2,265.95,Biryani
8341,20886,2,241.61,North Indian
8341,20887,1,125.88,North Indian
8342,20888,2,165.23,South Indian
8343,20889,1,106.48,Street Food
8343,20890,3,180.67,Cafe
8344,20891,2,209.74,Cafe
8344,20892,1,145.66,Pizza
8344,20893,2,242.15,North Indian
8344,20894,2,155.16,South Indian
8345,20895,3,252.89,Biryani
8345,20896,2,211.61,Street Food
8345,20897,2,110.28,Pizza
8345,20898,1,254.26,Chinese
8346,20899,3,170.07,North Indian
8346,20900,2,128.57,North Indian
8347,20901,3,196.74,South Indian
8347,20902,1,235.91,Street Food
8347,20903,3,202.22,North Indian
8347,20904,2,190.03,Cafe
8348,20905,3,218.0,Cafe
8348,20906,2,128.62,South Indian
8349,20907,1,190.79,Pizza
8350,20908,3,164.49,Pizza
8351,20909,2,128.37,Street Food
8351,20910,3,105.77,North Indian
8351,20911,2,265.87,Cafe
8351,20912,3,217.42,South Indian
8352,20913,2,251.77,Pizza
8352,20914,3,155.5,North Indian
8352,20915,1,216.45,Pizza
8353,20916,2,246.68,Cafe
8353,20917,3,116.01,South Indian
8353,20918,3,167.71,Cafe
8354,20919,2,268.12,Cafe
8355,20920,3,234.5,Biryani
8355,20921,1,199.82,Biryani
8356,20922,3,166.61,Pizza
8356,20923,1,222.43,Pizza
8357,20924,2,262.1,South Indian
8357,20925,3,162.54,South Indian
8357,20926,2,108.18,South Indian
8357,20927,2,82.52,Cafe
8358,20928,2,160.91,Chinese
8358,20929,1,223.25,Chinese
8358,20930,1,236.06,Biryani
8358,20931,1,251.78,Biryani
8359,20932,1,94.59,Chinese
8360,20933,3,222.05,North Indian
8360,20934,3,183.21,North Indian
8361,20935,2,267.55,Biryani
8361,20936,3,190.56,Street Food
8361,20937,3,229.71,North Indian
8361,20938,3,118.32,Pizza
8362,20939,2,173.81,North Indian
8363,20940,3,220.97,South Indian
8363,20941,3,85.75,South Indian
8364,20942,3,146.2,Cafe
8364,20943,2,175.29,Street Food
8365,20944,2,100.35,Street Food
8365,20945,2,203.54,Pizza
8365,20946,2,298.42,Cafe
8365,20947,2,158.07,Pizza
8366,20948,2,279.52,Biryani
8367,20949,1,245.91,South Indian
8367,20950,1,296.83,Street Food
8368,20951,1,216.98,Street Food
8368,20952,1,121.19,Pizza
8368,20953,3,97.09,Pizza
8369,20954,3,202.72,Pizza
8369,20955,2,294.61,Chinese
8369,20956,1,177.73,Cafe
8370,20957,3,201.63,Chinese
8370,20958,1,229.4,Street Food
8370,20959,2,85.68,Cafe
8371,20960,2,183.06,North Indian
8371,20961,3,109.35,Chinese
8371,20962,2,231.33,Cafe
8372,20963,3,289.1,Pizza
8372,20964,3,210.7,Chinese
8373,20965,1,190.22,Cafe
8373,20966,1,234.37,Pizza
8373,20967,3,89.58,South Indian
8373,20968,3,105.19,North Indian
8374,20969,1,281.88,Biryani
8375,20970,2,168.38,Street Food
8375,20971,1,91.52,South Indian
8375,20972,1,85.48,South Indian
8375,20973,3,234.06,Chinese
8376,20974,1,192.56,South Indian
8376,20975,1,155.6,South Indian
8377,20976,1,212.53,North Indian
8377,20977,1,298.31,Chinese
8378,20978,1,219.34,North Indian
8378,20979,1,242.98,North Indian
8378,20980,1,159.43,Cafe
8378,20981,3,260.49,Biryani
8379,20982,1,97.54,South Indian
8379,20983,3,253.15,Chinese
8379,20984,2,156.59,Chinese
8380,20985,1,177.82,Pizza
8380,20986,2,171.46,Biryani
8380,20987,3,128.46,Chinese
8381,20988,1,262.28,Street Food
8381,20989,1,169.67,Biryani
8381,20990,3,257.96,Chinese
8382,20991,1,93.06,Street Food
8382,20992,3,239.78,Street Food
8382,20993,1,143.09,South Indian
8382,20994,1,169.17,Chinese
8383,20995,1,192.24,Chinese
8383,20996,3,207.05,Chinese
8384,20997,1,211.94,Biryani
8384,20998,1,171.2,Biryani
8384,20999,3,243.2,North Indian
8384,21000,3,204.55,South Indian
8385,21001,1,93.17,Chinese
8385,21002,3,92.94,North Indian
8385,21003,3,103.0,Street Food
8385,21004,2,135.86,Biryani
8386,21005,2,236.25,Biryani
8387,21006,3,149.11,North Indian
8387,21007,1,211.73,South Indian
8387,21008,3,256.49,Cafe
8387,21009,2,215.94,North Indian
8388,21010,1,291.56,Biryani
8388,21011,3,189.91,North Indian
8388,21012,3,232.38,Street Food
8389,21013,1,240.64,Chinese
8389,21014,1,297.77,Biryani
8389,21015,2,221.11,North Indian
8390,21016,3,243.67,Pizza
8390,21017,3,247.56,Pizza
8391,21018,1,287.46,North Indian
8391,21019,1,135.61,North Indian
8392,21020,3,289.89,South Indian
8392,21021,1,223.65,Cafe
8392,21022,3,171.92,Street Food
8393,21023,3,146.18,Cafe
8393,21024,1,260.94,Cafe
8393,21025,1,287.48,Cafe
8394,21026,1,87.38,Street Food
8394,21027,3,201.35,Pizza
8395,21028,3,162.53,Street Food
8395,21029,3,121.79,South Indian
8395,21030,2,203.6,Biryani
8396,21031,3,130.39,Cafe
8397,21032,1,93.99,Chinese
8397,21033,2,221.85,Pizza
8398,21034,2,268.79,Pizza
8398,21035,1,117.17,Chinese
8398,21036,1,235.82,Chinese
8398,21037,1,153.34,Pizza
8399,21038,2,284.43,Cafe
8400,21039,1,141.56,South Indian
8401,21040,3,207.86,Biryani
8402,21041,2,295.87,Cafe
8402,21042,3,234.06,North Indian
8403,21043,2,90.67,Chinese
8403,21044,3,236.66,Street Food
8403,21045,1,88.6,Chinese
8403,21046,2,194.56,Chinese
8404,21047,2,114.33,South Indian
8405,21048,1,166.02,Cafe
8405,21049,2,258.2,Chinese
8405,21050,1,129.98,Cafe
8406,21051,2,122.66,Street Food
8406,21052,1,280.8,Cafe
8407,21053,2,284.23,Biryani
8408,21054,1,214.93,South Indian
8408,21055,1,209.9,South Indian
8409,21056,1,125.51,Pizza
8410,21057,2,226.88,Cafe
8411,21058,1,222.63,Biryani
8412,21059,1,189.17,Biryani
8412,21060,2,122.65,Pizza
8412,21061,1,190.85,South Indian
8412,21062,2,153.7,South Indian
8413,21063,1,215.25,Street Food
8413,21064,3,299.09,Biryani
8413,21065,3,153.9,Biryani
8414,21066,2,217.38,South Indian
8414,21067,1,163.47,Cafe
8414,21068,1,221.98,South Indian
8414,21069,2,192.88,South Indian
8415,21070,3,283.79,Cafe
8415,21071,2,251.2,Chinese
8415,21072,3,166.25,Street Food
8416,21073,1,196.58,North Indian
8417,21074,3,264.69,Chinese
8417,21075,2,252.55,South Indian
8417,21076,1,103.19,Street Food
8417,21077,3,247.13,South Indian
8418,21078,2,268.46,Chinese
8419,21079,2,183.83,Biryani
8419,21080,3,154.24,Pizza
8419,21081,1,126.41,North Indian
8419,21082,1,299.42,Cafe
8420,21083,3,112.43,Biryani
8420,21084,3,265.23,North Indian
8421,21085,2,117.08,South Indian
8422,21086,3,119.8,Pizza
8422,21087,3,168.08,Street Food
8422,21088,2,143.8,Chinese
8423,21089,3,151.18,Chinese
8424,21090,3,193.14,Cafe
8424,21091,3,250.19,Cafe
8424,21092,1,165.14,North Indian
8425,21093,1,207.5,Biryani
8425,21094,2,193.31,Biryani
8425,21095,3,207.27,Chinese
8426,21096,2,265.87,Pizza
8426,21097,1,112.13,Pizza
8426,21098,3,246.31,North Indian
8427,21099,3,147.64,Chinese
8427,21100,3,221.63,North Indian
8427,21101,3,195.8,Biryani
8428,21102,1,281.25,Cafe
8429,21103,2,189.73,North Indian
8429,21104,3,290.23,Biryani
8429,21105,1,152.54,North Indian
8429,21106,1,293.34,South Indian
8430,21107,1,289.76,Cafe
8430,21108,2,178.74,Chinese
8431,21109,3,188.5,South Indian
8431,21110,2,131.5,Chinese
8432,21111,3,251.23,Cafe
8433,21112,3,219.06,Cafe
8433,21113,1,111.56,South Indian
8433,21114,1,110.78,Chinese
8433,21115,3,246.57,Biryani
8434,21116,3,251.69,Street Food
8434,21117,1,146.84,North Indian
8434,21118,2,118.02,Chinese
8435,21119,1,101.38,Street Food
8435,21120,1,99.43,Cafe
8436,21121,2,223.3,Chinese
8436,21122,3,282.52,Cafe
8436,21123,2,83.38,Street Food
8437,21124,2,233.59,North Indian
8437,21125,3,232.08,Pizza
8437,21126,3,100.59,North Indian
8438,21127,1,134.3,Pizza
8438,21128,2,229.24,Cafe
8438,21129,3,187.74,North Indian
8438,21130,3,219.52,Chinese
8439,21131,3,146.78,Cafe
8440,21132,1,178.31,Cafe
8440,21133,2,117.83,Chinese
8440,21134,1,133.53,South Indian
8440,21135,3,253.51,North Indian
8441,21136,2,283.35,North Indian
8441,21137,1,96.57,Biryani
8441,21138,2,290.03,Street Food
8442,21139,3,246.42,South Indian
8442,21140,2,95.26,Chinese
8443,21141,1,98.65,Biryani
8443,21142,1,135.28,North Indian
8443,21143,1,196.36,Pizza
8444,21144,2,180.59,Chinese
8444,21145,2,144.56,Biryani
8444,21146,3,249.74,South Indian
8444,21147,2,133.26,Cafe
8445,21148,1,205.09,Biryani
8445,21149,3,100.81,Biryani
8446,21150,1,98.79,Biryani
8446,21151,3,225.15,North Indian
8446,21152,3,195.53,Cafe
8447,21153,1,246.36,Pizza
8448,21154,3,183.32,North Indian
8449,21155,2,233.44,South Indian
8449,21156,3,108.47,Cafe
8450,21157,2,198.4,South Indian
8450,21158,1,147.06,Street Food
8450,21159,2,141.64,Chinese
8450,21160,1,191.8,Biryani
8451,21161,1,111.1,Chinese
8451,21162,3,123.64,Pizza
8452,21163,3,238.95,Street Food
8452,21164,3,178.52,Cafe
8452,21165,2,126.85,South Indian
8452,21166,1,188.26,Chinese
8453,21167,3,116.45,North Indian
8453,21168,1,130.71,Chinese
8454,21169,2,95.82,Pizza
8455,21170,2,84.42,Pizza
8455,21171,3,258.87,South Indian
8455,21172,2,135.5,Chinese
8456,21173,2,238.71,Pizza
8457,21174,3,195.25,Pizza
8457,21175,1,279.42,Pizza
8457,21176,3,208.26,South Indian
8458,21177,1,218.3,Biryani
8458,21178,3,245.44,South Indian
8458,21179,2,203.28,North Indian
8459,21180,2,270.24,South Indian
8459,21181,1,211.9,Chinese
8460,21182,2,90.46,Street Food
8460,21183,2,92.82,South Indian
8460,21184,2,103.88,South Indian
8460,21185,3,229.01,Chinese
8461,21186,1,172.93,Cafe
8461,21187,2,92.06,Pizza
8461,21188,2,134.18,Street Food
8461,21189,1,176.51,Chinese
8462,21190,2,276.5,Street Food
8462,21191,1,291.58,Chinese
8462,21192,3,127.94,Cafe
8462,21193,1,215.68,Pizza
8463,21194,2,142.46,Pizza
8463,21195,2,254.51,Biryani
8464,21196,2,183.93,Pizza
8464,21197,1,147.13,Street Food
8465,21198,2,117.15,Biryani
8465,21199,2,252.17,North Indian
8466,21200,3,226.76,Street Food
8466,21201,2,249.48,Cafe
8467,21202,1,245.89,Biryani
8468,21203,2,294.54,South Indian
8468,21204,2,263.6,Biryani
8469,21205,2,214.04,Biryani
8469,21206,2,224.92,Cafe
8469,21207,3,96.12,Chinese
8469,21208,3,267.89,Pizza
8470,21209,1,266.32,Chinese
8471,21210,1,239.14,Chinese
8471,21211,1,202.99,Pizza
8471,21212,1,111.5,Cafe
8471,21213,3,286.09,Biryani
8472,21214,3,95.78,Pizza
8472,21215,1,140.7,North Indian
8472,21216,2,156.43,Pizza
8473,21217,3,268.18,Street Food
8473,21218,3,242.62,Chinese
8474,21219,1,85.64,Chinese
8475,21220,2,254.14,Biryani
8476,21221,3,186.37,Pizza
8477,21222,2,248.58,North Indian
8477,21223,1,172.47,Biryani
8477,21224,2,299.75,North Indian
8478,21225,3,132.67,Pizza
8478,21226,1,188.15,North Indian
8479,21227,2,249.02,Street Food
8479,21228,3,95.87,Cafe
8479,21229,2,198.81,Chinese
8479,21230,2,231.7,South Indian
8480,21231,2,269.79,Chinese
8480,21232,3,284.85,South Indian
8480,21233,3,296.0,Chinese
8481,21234,3,255.95,Cafe
8481,21235,2,128.19,Biryani
8481,21236,2,264.56,Chinese
8482,21237,2,259.74,North Indian
8482,21238,2,266.94,North Indian
8483,21239,2,253.56,Street Food
8483,21240,1,241.19,Street Food
8483,21241,2,248.1,North Indian
8484,21242,3,192.97,Biryani
8484,21243,2,205.13,Street Food
8484,21244,2,126.45,Street Food
8485,21245,2,298.78,Street Food
8486,21246,1,114.16,Chinese
8486,21247,2,92.34,North Indian
8487,21248,2,199.44,Pizza
8488,21249,3,260.0,South Indian
8488,21250,3,214.04,Street Food
8488,21251,1,195.43,Cafe
8488,21252,1,136.61,Biryani
8489,21253,2,275.49,Cafe
8489,21254,3,209.68,Cafe
8489,21255,1,261.86,Pizza
8489,21256,3,104.29,Cafe
8490,21257,2,228.67,Biryani
8490,21258,3,121.37,Pizza
8490,21259,1,242.88,North Indian
8491,21260,1,202.7,South Indian
8491,21261,2,165.5,Street Food
8491,21262,2,142.68,South Indian
8492,21263,2,234.2,South Indian
8492,21264,1,131.21,Street Food
8492,21265,1,174.65,Pizza
8493,21266,2,256.29,Pizza
8493,21267,3,292.93,North Indian
8493,21268,1,248.84,Chinese
8494,21269,3,221.93,Pizza
8494,21270,1,211.18,Pizza
8494,21271,2,227.79,Chinese
8494,21272,2,192.51,Cafe
8495,21273,2,86.04,Cafe
8495,21274,3,293.82,Pizza
8495,21275,3,114.67,Biryani
8495,21276,2,267.71,Cafe
8496,21277,3,218.24,South Indian
8496,21278,1,179.54,Biryani
8496,21279,3,86.27,Pizza
8497,21280,3,236.78,South Indian
8497,21281,2,124.51,North Indian
8497,21282,3,277.49,Pizza
8497,21283,3,253.8,Biryani
8498,21284,2,264.78,Cafe
8498,21285,1,103.25,Chinese
8498,21286,2,223.53,Chinese
8499,21287,1,256.67,Pizza
8499,21288,3,145.08,Chinese
8499,21289,1,231.49,North Indian
8500,21290,3,140.2,Cafe
8500,21291,2,162.25,Biryani
8500,21292,2,299.68,Street Food
8500,21293,3,255.66,Pizza
8501,21294,3,270.23,Chinese
8501,21295,3,173.31,Pizza
8502,21296,3,108.83,North Indian
8502,21297,2,284.55,North Indian
8502,21298,1,222.76,South Indian
8502,21299,3,129.87,South Indian
8503,21300,2,127.44,North Indian
8503,21301,2,236.47,Cafe
8503,21302,3,142.49,Biryani
8503,21303,2,125.35,Cafe
8504,21304,2,195.15,Street Food
8504,21305,3,164.34,Biryani
8504,21306,2,145.01,Cafe
8504,21307,2,104.06,Cafe
8505,21308,3,285.62,Chinese
8506,21309,2,88.57,Pizza
8506,21310,1,296.81,Biryani
8507,21311,3,264.4,North Indian
8507,21312,1,256.75,Chinese
8507,21313,2,289.14,Cafe
8507,21314,2,260.63,North Indian
8508,21315,1,113.52,North Indian
8508,21316,3,102.29,Pizza
8508,21317,1,175.33,Pizza
8508,21318,3,291.51,Pizza
8509,21319,2,253.4,Biryani
8509,21320,3,263.53,South Indian
8510,21321,1,258.12,South Indian
8510,21322,2,282.94,Pizza
8511,21323,1,204.19,Cafe
8511,21324,3,118.35,South Indian
8512,21325,3,190.03,North Indian
8512,21326,1,275.27,North Indian
8512,21327,2,184.0,Street Food
8512,21328,3,178.72,Pizza
8513,21329,1,298.06,Pizza
8513,21330,3,98.98,Chinese
8513,21331,3,236.98,Cafe
8513,21332,1,96.04,Biryani
8514,21333,3,248.91,Street Food
8514,21334,2,230.87,Chinese
8515,21335,2,140.65,North Indian
8516,21336,3,103.65,North Indian
8516,21337,1,174.94,Street Food
8516,21338,3,166.53,South Indian
8516,21339,3,152.96,South Indian
8517,21340,1,137.28,Chinese
8518,21341,3,223.79,Pizza
8518,21342,3,269.78,Chinese
8518,21343,3,120.12,South Indian
8518,21344,1,270.46,North Indian
8519,21345,2,283.91,Chinese
8520,21346,3,179.39,Street Food
8520,21347,1,145.32,South Indian
8520,21348,3,92.37,Biryani
8520,21349,3,286.91,South Indian
8521,21350,1,80.28,Pizza
8521,21351,3,284.61,Pizza
8521,21352,1,94.89,Pizza
8522,21353,2,263.61,Pizza
8523,21354,3,298.75,Street Food
8523,21355,1,291.01,Cafe
8523,21356,3,276.1,Biryani
8523,21357,1,255.87,Biryani
8524,21358,1,107.36,Pizza
8524,21359,2,103.91,South Indian
8524,21360,1,138.35,Street Food
8524,21361,2,191.64,Pizza
8525,21362,3,214.03,North Indian
8525,21363,3,243.47,Street Food
8525,21364,3,101.13,Street Food
8526,21365,2,200.08,Street Food
8526,21366,1,262.97,Pizza
8526,21367,2,234.55,South Indian
8526,21368,1,291.07,Cafe
8527,21369,3,162.75,North Indian
8528,21370,1,102.1,Cafe
8529,21371,3,233.59,North Indian
8530,21372,1,212.5,Chinese
8530,21373,2,201.14,Chinese
8530,21374,3,200.36,Street Food
8530,21375,2,167.24,Cafe
8531,21376,2,233.18,Chinese
8531,21377,1,297.99,Pizza
8532,21378,1,148.37,Chinese
8532,21379,1,227.54,Pizza
8532,21380,2,162.86,Cafe
8533,21381,1,262.85,Biryani
8533,21382,2,120.88,South Indian
8533,21383,1,297.33,South Indian
8533,21384,3,285.92,Biryani
8534,21385,1,105.2,Street Food
8534,21386,3,186.32,Pizza
8534,21387,1,88.77,South Indian
8535,21388,1,166.26,Cafe
8535,21389,3,235.41,Biryani
8536,21390,1,163.27,Pizza
8536,21391,3,87.46,Street Food
8536,21392,2,224.93,Street Food
8536,21393,1,216.4,Cafe
8537,21394,3,93.6,North Indian
8537,21395,2,155.16,Biryani
8538,21396,2,226.39,Pizza
8539,21397,3,269.18,Biryani
8539,21398,1,82.16,South Indian
8540,21399,1,290.94,Chinese
8541,21400,2,115.22,South Indian
8542,21401,1,248.3,Pizza
8543,21402,2,271.18,Pizza
8543,21403,1,120.87,North Indian
8543,21404,1,192.34,Chinese
8543,21405,3,85.2,South Indian
8544,21406,1,92.01,Street Food
8544,21407,3,157.87,Biryani
8544,21408,3,218.25,South Indian
8545,21409,1,138.21,South Indian
8545,21410,3,272.59,Chinese
8546,21411,1,237.75,Pizza
8546,21412,2,283.79,North Indian
8546,21413,2,206.2,South Indian
8547,21414,1,91.59,Biryani
8547,21415,2,261.93,Street Food
8548,21416,3,165.06,Biryani
8548,21417,1,244.71,Biryani
8548,21418,1,156.66,Chinese
8549,21419,2,128.26,Cafe
8550,21420,1,235.84,South Indian
8551,21421,2,163.04,North Indian
8551,21422,2,96.96,South Indian
8551,21423,1,195.98,North Indian
8552,21424,1,257.72,Pizza
8552,21425,3,80.46,Pizza
8552,21426,1,123.94,South Indian
8552,21427,3,238.07,Pizza
8553,21428,1,296.19,South Indian
8553,21429,1,275.51,Street Food
8554,21430,2,93.02,South Indian
8554,21431,2,160.04,Cafe
8554,21432,2,207.7,Chinese
8555,21433,1,188.35,South Indian
8555,21434,2,265.26,Street Food
8555,21435,3,114.57,North Indian
8555,21436,3,137.59,Pizza
8556,21437,1,240.27,South Indian
8557,21438,3,297.49,Pizza
8558,21439,1,234.5,Street Food
8559,21440,2,187.62,Pizza
8560,21441,1,259.81,North Indian
8560,21442,1,111.89,Chinese
8560,21443,1,88.33,South Indian
8560,21444,2,115.65,North Indian
8561,21445,1,200.91,Cafe
8561,21446,1,84.11,Cafe
8562,21447,2,236.07,Street Food
8563,21448,3,132.31,Cafe
8564,21449,1,252.05,Cafe
8564,21450,1,297.64,Street Food
8564,21451,1,235.5,Biryani
8565,21452,1,91.81,Cafe
8565,21453,1,97.53,Biryani
8566,21454,1,204.92,Biryani
8566,21455,2,259.62,Biryani
8566,21456,2,284.56,North Indian
8566,21457,1,281.19,Street Food
8567,21458,2,110.95,South Indian
8568,21459,3,167.81,North Indian
8568,21460,3,209.25,North Indian
8568,21461,3,286.47,Cafe
8568,21462,3,242.43,Biryani
8569,21463,2,114.6,Pizza
8569,21464,2,242.17,Biryani
8569,21465,2,196.57,Chinese
8569,21466,1,162.08,Cafe
8570,21467,1,281.38,Chinese
8571,21468,1,129.67,Cafe
8571,21469,3,181.32,Street Food
8571,21470,2,135.06,Street Food
8572,21471,3,106.72,Biryani
8572,21472,2,135.6,South Indian
8572,21473,3,129.04,Chinese
8573,21474,1,118.55,Street Food
8573,21475,3,223.57,Chinese
8573,21476,2,281.16,North Indian
8574,21477,3,259.44,Pizza
8574,21478,1,299.26,Biryani
8575,21479,2,197.79,South Indian
8575,21480,1,154.7,Cafe
8575,21481,3,252.92,Cafe
8575,21482,3,210.98,Chinese
8576,21483,3,82.45,Street Food
8576,21484,2,229.7,Cafe
8576,21485,2,135.2,Cafe
8576,21486,2,294.12,Chinese
8577,21487,3,246.88,Biryani
8577,21488,1,243.83,Cafe
8578,21489,3,129.44,South Indian
8578,21490,1,140.58,Biryani
8578,21491,1,257.7,Street Food
8578,21492,1,82.54,Street Food
8579,21493,2,113.25,Biryani
8580,21494,2,251.8,Chinese
8580,21495,2,207.74,South Indian
8580,21496,1,172.19,Street Food
8580,21497,1,257.43,Cafe
8581,21498,3,228.47,Pizza
8581,21499,2,215.49,Street Food
8581,21500,3,84.16,North Indian
8582,21501,2,155.06,Biryani
8582,21502,3,162.88,Cafe
8582,21503,3,271.92,South Indian
8583,21504,2,232.84,Pizza
8584,21505,3,83.01,Pizza
8585,21506,3,290.79,Cafe
8585,21507,2,116.07,Chinese
8585,21508,1,139.13,Pizza
8586,21509,1,211.89,North Indian
8586,21510,2,237.25,Street Food
8586,21511,2,261.5,Pizza
8586,21512,1,231.26,North Indian
8587,21513,2,122.38,Biryani
8587,21514,3,204.1,South Indian
8587,21515,1,239.69,South Indian
8587,21516,2,226.71,Street Food
8588,21517,1,131.86,South Indian
8588,21518,1,278.73,Pizza
8588,21519,3,211.47,Chinese
8589,21520,1,133.83,Chinese
8589,21521,2,204.73,Chinese
8590,21522,1,172.06,Pizza
8590,21523,3,193.63,South Indian
8590,21524,3,284.32,Cafe
8591,21525,2,255.27,Cafe
8591,21526,1,147.76,Biryani
8591,21527,2,268.35,Biryani
8591,21528,3,200.73,Chinese
8592,21529,2,266.07,Street Food
8592,21530,2,239.36,Pizza
8593,21531,2,142.01,Chinese
8593,21532,2,241.44,Cafe
8593,21533,3,268.95,South Indian
8594,21534,1,272.16,Chinese
8594,21535,2,175.17,Biryani
8594,21536,2,145.95,Chinese
8595,21537,2,80.1,Pizza
8595,21538,3,290.17,Biryani
8595,21539,3,145.96,Chinese
8596,21540,1,193.34,Pizza
8596,21541,3,131.09,Cafe
8597,21542,1,101.57,Street Food
8598,21543,1,104.95,South Indian
8598,21544,3,199.58,South Indian
8598,21545,3,83.76,South Indian
8598,21546,1,232.85,Cafe
8599,21547,2,217.97,Chinese
8599,21548,2,274.96,South Indian
8599,21549,3,124.65,Pizza
8600,21550,2,241.4,North Indian
8601,21551,1,207.95,Cafe
8601,21552,1,287.33,Cafe
8601,21553,3,283.89,Cafe
8601,21554,2,228.99,North Indian
8602,21555,3,153.18,Biryani
8602,21556,1,252.04,Chinese
8602,21557,3,280.52,Biryani
8602,21558,2,90.21,Street Food
8603,21559,2,133.09,North Indian
8603,21560,1,257.65,Biryani
8603,21561,3,146.44,Pizza
8603,21562,2,94.07,South Indian
8604,21563,1,296.29,Chinese
8604,21564,2,169.41,South Indian
8605,21565,2,169.68,Cafe
8605,21566,3,81.08,Cafe
8606,21567,1,153.83,Cafe
8606,21568,3,253.27,Pizza
8607,21569,1,105.92,Biryani
8607,21570,1,290.73,Biryani
8608,21571,1,86.02,Street Food
8609,21572,1,84.46,Pizza
8609,21573,1,214.3,Chinese
8609,21574,3,194.61,Chinese
8610,21575,3,206.48,Street Food
8610,21576,1,235.8,Pizza
8610,21577,1,133.51,South Indian
8610,21578,1,209.96,Pizza
8611,21579,2,288.82,Biryani
8611,21580,2,239.75,South Indian
8611,21581,2,254.04,Pizza
8611,21582,2,151.47,South Indian
8612,21583,2,168.64,South Indian
8612,21584,2,125.71,South Indian
8612,21585,1,89.2,Street Food
8613,21586,2,180.39,Pizza
8614,21587,1,131.83,Street Food
8614,21588,1,160.51,Street Food
8614,21589,3,262.86,North Indian
8614,21590,1,219.35,Cafe
8615,21591,3,143.39,Cafe
8616,21592,1,99.75,Biryani
8617,21593,1,91.34,Street Food
8617,21594,3,190.59,Biryani
8617,21595,2,241.43,Chinese
8618,21596,2,165.01,Pizza
8619,21597,3,132.01,North Indian
8619,21598,2,88.19,Chinese
8619,21599,3,131.85,Street Food
8619,21600,2,122.93,Pizza
8620,21601,1,136.15,Chinese
8620,21602,1,269.21,Chinese
8620,21603,3,137.8,Street Food
8621,21604,1,113.52,Biryani
8621,21605,3,146.12,Cafe
8622,21606,2,87.83,Biryani
8622,21607,2,147.51,Cafe
8622,21608,3,80.32,North Indian
8622,21609,3,113.91,North Indian
8623,21610,2,202.07,Chinese
8623,21611,1,145.46,Biryani
8624,21612,3,261.49,Chinese
8624,21613,1,92.69,Biryani
8624,21614,3,256.64,Chinese
8625,21615,1,201.46,Pizza
8625,21616,3,161.17,Street Food
8625,21617,2,211.46,Chinese
8625,21618,2,243.75,Biryani
8626,21619,2,159.32,Pizza
8626,21620,1,115.3,Chinese
8626,21621,1,89.99,North Indian
8626,21622,3,152.13,South Indian
8627,21623,2,85.58,North Indian
8628,21624,1,186.2,South Indian
8628,21625,3,238.01,Chinese
8628,21626,1,85.11,South Indian
8629,21627,2,110.07,South Indian
8630,21628,3,146.12,Chinese
8631,21629,1,85.38,South Indian
8631,21630,2,292.29,North Indian
8632,21631,2,180.22,Biryani
8632,21632,2,126.42,North Indian
8632,21633,3,237.35,Pizza
8633,21634,1,88.68,Street Food
8633,21635,2,129.7,Pizza
8634,21636,3,126.63,Street Food
8635,21637,3,177.82,Chinese
8636,21638,3,280.18,Biryani
8636,21639,2,125.95,Cafe
8636,21640,3,159.97,South Indian
8636,21641,2,197.37,Cafe
8637,21642,2,151.2,Street Food
8637,21643,3,205.52,North Indian
8638,21644,2,103.18,Chinese
8638,21645,1,172.62,North Indian
8638,21646,2,132.78,Pizza
8639,21647,2,131.76,Biryani
8639,21648,3,144.72,Cafe
8640,21649,3,87.17,Cafe
8640,21650,2,223.07,Chinese
8640,21651,2,242.39,Chinese
8640,21652,3,257.81,Street Food
8641,21653,3,270.67,Pizza
8642,21654,1,251.86,Chinese
8642,21655,3,186.87,Street Food
8643,21656,1,151.81,Chinese
8644,21657,3,200.08,Cafe
8645,21658,1,206.02,Biryani
8645,21659,2,153.11,Chinese
8645,21660,1,218.04,Street Food
8645,21661,3,221.97,Biryani
8646,21662,2,132.57,North Indian
8646,21663,2,184.3,Street Food
8646,21664,3,275.05,Biryani
8646,21665,3,157.9,Cafe
8647,21666,3,131.79,Chinese
8647,21667,1,158.2,Cafe
8647,21668,3,132.18,Chinese
8647,21669,1,120.1,Chinese
8648,21670,2,219.58,Street Food
8648,21671,1,107.39,Chinese
8648,21672,1,274.78,Biryani
8649,21673,1,132.86,South Indian
8649,21674,2,206.68,Pizza
8649,21675,3,129.48,North Indian
8650,21676,1,107.11,Chinese
8650,21677,2,145.58,Biryani
8651,21678,3,217.89,Cafe
8652,21679,2,85.79,Chinese
8652,21680,1,279.49,Street Food
8652,21681,3,126.85,Biryani
8653,21682,2,270.72,South Indian
8653,21683,2,212.75,Pizza
8653,21684,2,270.52,Chinese
8653,21685,3,151.11,Pizza
8654,21686,3,206.5,Chinese
8654,21687,2,154.01,Chinese
8655,21688,2,299.93,Cafe
8655,21689,1,122.45,Biryani
8656,21690,1,233.57,Street Food
8656,21691,1,238.05,Biryani
8657,21692,1,230.03,North Indian
8658,21693,3,187.6,South Indian
8658,21694,3,292.7,Biryani
8659,21695,1,288.37,Street Food
8660,21696,3,212.31,Cafe
8660,21697,3,100.69,Biryani
8660,21698,3,168.65,Cafe
8660,21699,2,281.75,Street Food
8661,21700,2,287.12,Biryani
8661,21701,3,191.55,South Indian
8661,21702,1,286.39,Pizza
8661,21703,2,87.15,Biryani
8662,21704,1,277.74,North Indian
8662,21705,3,119.58,South Indian
8663,21706,3,244.15,North Indian
8663,21707,2,91.98,Chinese
8663,21708,1,299.07,South Indian
8664,21709,2,291.87,Biryani
8664,21710,3,194.66,Pizza
8664,21711,3,133.95,Chinese
8665,21712,3,149.64,South Indian
8665,21713,2,119.15,Chinese
8666,21714,1,260.21,Chinese
8667,21715,3,285.97,Biryani
8667,21716,2,205.63,South Indian
8668,21717,1,124.98,Cafe
8669,21718,1,115.73,North Indian
8669,21719,3,213.83,Pizza
8670,21720,1,265.93,Pizza
8670,21721,1,191.65,Chinese
8670,21722,3,160.12,Chinese
8670,21723,1,156.03,Street Food
8671,21724,3,285.12,Pizza
8672,21725,1,146.19,Pizza
8672,21726,2,110.48,Chinese
8672,21727,1,170.62,Pizza
8672,21728,3,80.68,Chinese
8673,21729,1,83.49,North Indian
8674,21730,3,275.2,Street Food
8675,21731,2,215.94,South Indian
8675,21732,2,224.4,Pizza
8675,21733,2,265.85,Biryani
8675,21734,3,159.01,Pizza
8676,21735,1,161.81,Pizza
8676,21736,2,243.81,North Indian
8676,21737,2,187.43,Biryani
8677,21738,1,159.8,South Indian
8678,21739,1,298.12,Pizza
8678,21740,2,164.68,South Indian
8678,21741,2,123.54,Chinese
8678,21742,1,266.59,Biryani
8679,21743,3,93.32,Cafe
8680,21744,1,117.07,South Indian
8681,21745,1,256.79,Pizza
8682,21746,2,254.22,Pizza
8682,21747,2,297.96,South Indian
8682,21748,2,227.36,Chinese
8682,21749,2,199.69,Chinese
8683,21750,1,101.37,Street Food
8683,21751,3,148.34,Chinese
8683,21752,1,100.56,Street Food
8684,21753,2,135.77,Street Food
8684,21754,1,97.11,Street Food
8685,21755,1,225.06,Chinese
8685,21756,2,202.55,Biryani
8685,21757,3,98.97,Pizza
8686,21758,1,176.07,Street Food
8686,21759,2,195.49,Chinese
8686,21760,3,227.04,Biryani
8686,21761,3,244.8,Biryani
8687,21762,3,113.61,Cafe
8688,21763,3,196.84,Cafe
8688,21764,1,179.31,Biryani
8689,21765,1,147.42,Street Food
8689,21766,2,80.7,Pizza
8689,21767,1,272.17,South Indian
8690,21768,1,212.75,Biryani
8690,21769,2,90.22,Cafe
8691,21770,3,140.27,South Indian
8691,21771,3,200.26,Street Food
8692,21772,2,93.09,Biryani
8692,21773,2,217.94,South Indian
8693,21774,2,280.11,Cafe
8693,21775,2,273.37,Cafe
8693,21776,3,144.8,Chinese
8694,21777,2,205.24,Cafe
8694,21778,2,204.88,South Indian
8694,21779,1,98.28,North Indian
8694,21780,2,107.96,South Indian
8695,21781,3,196.85,Chinese
8696,21782,3,197.16,South Indian
8696,21783,1,173.64,Street Food
8696,21784,3,195.89,Pizza
8697,21785,3,224.58,South Indian
8698,21786,1,132.18,Chinese
8698,21787,1,95.73,Street Food
8699,21788,3,116.31,Chinese
8699,21789,3,138.19,Street Food
8699,21790,2,159.55,North Indian
8700,21791,1,183.32,Biryani
8700,21792,3,102.6,Cafe
8701,21793,3,127.21,South Indian
8702,21794,2,91.85,Pizza
8702,21795,1,92.46,North Indian
8702,21796,2,97.32,South Indian
8703,21797,2,158.78,Chinese
8703,21798,3,155.53,Chinese
8704,21799,3,106.94,Pizza
8704,21800,1,246.69,South Indian
8704,21801,1,94.78,Chinese
8705,21802,3,180.22,Chinese
8705,21803,2,196.75,Cafe
8705,21804,2,242.07,North Indian
8706,21805,2,284.97,Cafe
8706,21806,2,153.87,Street Food
8706,21807,1,253.95,South Indian
8706,21808,3,165.12,South Indian
8707,21809,1,175.52,North Indian
8708,21810,1,146.88,Pizza
8708,21811,1,273.59,South Indian
8708,21812,3,107.61,Cafe
8708,21813,3,255.82,Chinese
8709,21814,1,204.13,Street Food
8709,21815,2,97.9,Chinese
8710,21816,1,200.39,North Indian
8710,21817,2,138.98,North Indian
8710,21818,1,194.18,Street Food
8711,21819,3,241.85,Cafe
8711,21820,1,226.24,Biryani
8712,21821,1,84.18,Pizza
8712,21822,3,167.53,North Indian
8712,21823,3,214.93,North Indian
8713,21824,3,199.23,Biryani
8713,21825,2,152.41,Biryani
8713,21826,3,97.55,North Indian
8713,21827,1,202.32,Pizza
8714,21828,3,283.11,Pizza
8715,21829,2,178.49,Chinese
8716,21830,2,266.47,North Indian
8717,21831,2,175.39,North Indian
8717,21832,3,206.56,Pizza
8717,21833,2,188.3,Cafe
8717,21834,3,197.69,North Indian
8718,21835,3,119.14,South Indian
8718,21836,3,298.59,Cafe
8718,21837,2,112.11,Biryani
8718,21838,2,182.98,Chinese
8719,21839,1,271.38,Chinese
8720,21840,3,98.35,Chinese
8720,21841,1,167.77,Cafe
8720,21842,3,202.66,North Indian
8721,21843,3,201.68,North Indian
8722,21844,2,229.25,Cafe
8723,21845,3,187.78,Chinese
8723,21846,3,297.42,Biryani
8723,21847,2,105.68,Chinese
8723,21848,3,276.99,Cafe
8724,21849,2,162.39,Street Food
8724,21850,1,233.08,Pizza
8724,21851,3,149.62,North Indian
8724,21852,1,122.24,Cafe
8725,21853,3,143.19,South Indian
8725,21854,3,164.69,South Indian
8726,21855,3,216.1,Pizza
8726,21856,1,292.44,Cafe
8726,21857,3,219.54,Cafe
8726,21858,2,182.08,North Indian
8727,21859,2,200.34,Chinese
8728,21860,1,217.64,South Indian
8728,21861,3,139.6,Street Food
8728,21862,1,118.31,Biryani
8729,21863,3,215.12,South Indian
8729,21864,1,124.66,North Indian
8729,21865,2,240.7,Pizza
8729,21866,1,140.49,Biryani
8730,21867,3,272.87,Street Food
8730,21868,2,111.73,Biryani
8730,21869,1,113.14,Cafe
8730,21870,3,252.45,Street Food
8731,21871,1,177.28,South Indian
8731,21872,1,268.6,Street Food
8731,21873,3,200.95,Chinese
8732,21874,1,237.46,South Indian
8732,21875,2,256.43,Cafe
8733,21876,2,167.32,Chinese
8734,21877,3,222.45,Chinese
8734,21878,3,189.51,North Indian
8734,21879,1,180.5,Street Food
8735,21880,2,250.56,Chinese
8735,21881,3,277.6,Biryani
8736,21882,1,237.97,Biryani
8736,21883,1,204.01,Biryani
8737,21884,2,283.09,North Indian
8738,21885,3,231.6,Pizza
8738,21886,1,208.44,South Indian
8738,21887,2,238.43,Cafe
8739,21888,3,286.13,Pizza
8740,21889,2,232.63,Biryani
8740,21890,1,87.86,Cafe
8741,21891,1,80.34,Street Food
8741,21892,3,196.74,Biryani
8741,21893,3,236.29,South Indian
8741,21894,3,177.39,Cafe
8742,21895,1,248.76,Pizza
8742,21896,2,88.58,North Indian
8742,21897,2,226.86,Street Food
8742,21898,2,230.95,Chinese
8743,21899,1,99.2,South Indian
8743,21900,3,206.17,Cafe
8743,21901,1,100.82,South Indian
8744,21902,2,223.69,Chinese
8744,21903,1,87.82,South Indian
8744,21904,3,154.95,Cafe
8744,21905,3,241.38,South Indian
8745,21906,1,254.55,Biryani
8745,21907,1,103.73,Cafe
8745,21908,3,267.88,Biryani
8745,21909,1,132.18,Chinese
8746,21910,1,281.23,North Indian
8746,21911,2,261.05,Cafe
8747,21912,1,285.14,Street Food
8747,21913,2,155.96,Cafe
8748,21914,2,220.13,Street Food
8748,21915,3,199.81,Street Food
8749,21916,3,161.13,Biryani
8749,21917,1,210.88,Pizza
8749,21918,2,191.38,Street Food
8749,21919,3,253.71,Pizza
8750,21920,2,200.29,South Indian
8750,21921,1,121.79,Cafe
8750,21922,3,167.69,Chinese
8750,21923,1,259.67,North Indian
8751,21924,2,141.31,Pizza
8751,21925,1,284.97,Cafe
8751,21926,3,234.09,Pizza
8752,21927,1,165.11,Cafe
8752,21928,3,199.87,Cafe
8752,21929,2,281.21,Pizza
8753,21930,1,280.71,Chinese
8753,21931,2,85.61,North Indian
8753,21932,2,227.05,Cafe
8753,21933,1,114.53,Street Food
8754,21934,3,266.98,North Indian
8754,21935,3,103.12,Street Food
8754,21936,2,91.61,Pizza
8755,21937,3,102.27,Biryani
8755,21938,2,214.29,Street Food
8756,21939,2,241.44,North Indian
8756,21940,2,203.42,Pizza
8757,21941,3,84.08,North Indian
8757,21942,2,122.88,Cafe
8758,21943,1,257.16,Biryani
8758,21944,1,141.87,South Indian
8758,21945,1,208.73,Street Food
8759,21946,1,226.17,Cafe
8759,21947,2,268.87,Street Food
8759,21948,2,142.79,Biryani
8760,21949,3,107.15,Pizza
8760,21950,1,248.74,Cafe
8760,21951,2,279.64,South Indian
8760,21952,2,228.49,North Indian
8761,21953,1,175.5,North Indian
8761,21954,2,138.79,South Indian
8761,21955,1,126.37,Chinese
8761,21956,2,240.93,Pizza
8762,21957,3,217.42,Street Food
8763,21958,3,184.91,Chinese
8763,21959,3,112.6,Street Food
8763,21960,1,135.93,North Indian
8763,21961,1,141.26,Pizza
8764,21962,1,292.44,Street Food
8765,21963,2,211.46,Cafe
8765,21964,3,82.2,North Indian
8765,21965,1,193.88,South Indian
8765,21966,3,144.24,Pizza
8766,21967,3,128.45,Chinese
8767,21968,2,187.68,Pizza
8767,21969,3,277.93,Street Food
8768,21970,1,262.83,Chinese
8768,21971,3,177.92,Cafe
8769,21972,2,239.35,Chinese
8770,21973,1,141.64,Biryani
8771,21974,1,137.99,Chinese
8771,21975,1,220.18,Cafe
8771,21976,3,237.09,Chinese
8772,21977,2,169.81,Pizza
8772,21978,1,212.77,North Indian
8772,21979,3,89.25,North Indian
8772,21980,1,241.06,North Indian
8773,21981,1,133.02,Pizza
8773,21982,2,220.06,Biryani
8773,21983,3,184.99,Chinese
8773,21984,3,182.87,Pizza
8774,21985,2,172.09,Pizza
8774,21986,3,172.86,Pizza
8774,21987,2,285.81,Cafe
8774,21988,2,292.13,Street Food
8775,21989,1,146.6,Biryani
8776,21990,2,281.72,Cafe
8777,21991,1,126.75,Chinese
8777,21992,1,115.51,Pizza
8777,21993,3,136.29,Chinese
8778,21994,3,109.88,Street Food
8778,21995,2,238.72,Chinese
8779,21996,1,147.36,North Indian
8779,21997,1,83.59,Biryani
8780,21998,2,287.76,North Indian
8780,21999,1,153.56,Biryani
8781,22000,3,290.46,South Indian
8782,22001,2,96.62,Chinese
8782,22002,2,207.88,Chinese
8782,22003,3,226.54,Biryani
8782,22004,1,185.88,Chinese
8783,22005,3,180.6,Cafe
8783,22006,1,88.0,Pizza
8784,22007,2,100.07,Biryani
8784,22008,1,189.55,North Indian
8785,22009,1,224.73,South Indian
8785,22010,2,139.92,Chinese
8785,22011,1,126.09,Pizza
8786,22012,1,107.67,Street Food
8786,22013,3,275.81,South Indian
8786,22014,3,112.84,Cafe
8787,22015,3,229.08,Chinese
8788,22016,1,287.47,Cafe
8788,22017,1,111.88,Cafe
8788,22018,3,264.0,Chinese
8789,22019,3,158.49,Biryani
8789,22020,3,161.04,Cafe
8789,22021,1,280.86,North Indian
8790,22022,1,175.34,Chinese
8790,22023,2,280.04,South Indian
8790,22024,2,258.23,North Indian
8790,22025,3,98.98,Street Food
8791,22026,1,125.02,Biryani
8791,22027,1,227.53,South Indian
8791,22028,3,158.13,Biryani
8791,22029,1,167.32,Chinese
8792,22030,3,235.92,North Indian
8792,22031,2,207.5,Cafe
8792,22032,1,223.95,Chinese
8793,22033,2,263.56,Biryani
8794,22034,1,101.89,Cafe
8795,22035,2,201.67,South Indian
8795,22036,2,105.41,Pizza
8795,22037,1,185.21,South Indian
8796,22038,2,125.98,Cafe
8797,22039,2,89.15,South Indian
8797,22040,2,151.67,Biryani
8797,22041,3,167.4,Pizza
8798,22042,1,123.74,North Indian
8798,22043,1,105.79,Cafe
8799,22044,3,277.46,South Indian
8800,22045,1,136.13,Street Food
8800,22046,2,163.51,Pizza
8800,22047,1,262.2,North Indian
8801,22048,3,257.2,South Indian
8801,22049,1,153.62,Biryani
8802,22050,2,83.18,Pizza
8802,22051,1,96.91,Chinese
8802,22052,2,240.12,Street Food
8803,22053,1,155.51,Biryani
8803,22054,2,211.11,Chinese
8804,22055,2,161.9,Biryani
8804,22056,1,173.65,North Indian
8804,22057,1,185.5,Biryani
8805,22058,1,267.07,South Indian
8806,22059,1,126.45,Street Food
8806,22060,1,289.48,Biryani
8806,22061,2,93.86,Pizza
8807,22062,1,190.31,Street Food
8807,22063,1,178.64,Chinese
8807,22064,2,160.85,South Indian
8808,22065,2,137.4,Street Food
8808,22066,1,191.38,Biryani
8808,22067,3,293.52,Cafe
8809,22068,1,111.0,Street Food
8809,22069,2,248.8,Pizza
8809,22070,3,80.47,Chinese
8809,22071,1,185.44,South Indian
8810,22072,3,242.28,North Indian
8811,22073,1,204.44,Street Food
8811,22074,3,196.35,Pizza
8811,22075,1,165.09,Pizza
8811,22076,2,122.63,South Indian
8812,22077,3,119.27,Biryani
8812,22078,2,134.35,Biryani
8812,22079,3,180.95,Chinese
8812,22080,2,85.08,Street Food
8813,22081,1,98.37,South Indian
8814,22082,3,261.49,Street Food
8814,22083,1,277.02,South Indian
8814,22084,3,137.11,Pizza
8815,22085,3,261.86,Cafe
8815,22086,1,280.38,Biryani
8816,22087,2,274.55,Chinese
8817,22088,1,144.65,South Indian
8817,22089,3,224.7,Chinese
8817,22090,2,181.27,North Indian
8817,22091,2,141.73,North Indian
8818,22092,1,154.19,Biryani
8818,22093,1,215.94,Biryani
8819,22094,2,270.31,Chinese
8819,22095,1,130.99,Chinese
8820,22096,2,200.19,Chinese
8821,22097,3,134.51,Cafe
8821,22098,1,226.61,Cafe
8822,22099,1,166.25,South Indian
8822,22100,2,123.19,Street Food
8822,22101,1,130.62,North Indian
8822,22102,3,110.21,Chinese
8823,22103,3,243.91,Street Food
8823,22104,3,183.56,Chinese
8823,22105,2,257.03,Pizza
8823,22106,3,229.57,Cafe
8824,22107,1,226.03,Street Food
8825,22108,3,277.26,Pizza
8825,22109,2,208.15,Pizza
8825,22110,3,261.78,Chinese
8825,22111,3,105.07,Street Food
8826,22112,3,220.96,Chinese
8826,22113,2,293.63,Chinese
8827,22114,2,189.0,Biryani
8827,22115,3,239.94,Biryani
8828,22116,3,106.76,Street Food
8829,22117,1,262.28,South Indian
8829,22118,2,145.45,Street Food
8829,22119,2,183.56,Biryani
8830,22120,1,199.32,Chinese
8831,22121,1,241.45,North Indian
8831,22122,2,178.38,Street Food
8831,22123,1,202.45,South Indian
8832,22124,3,210.14,Pizza
8833,22125,2,222.83,Chinese
8834,22126,3,225.77,Chinese
8834,22127,3,137.72,Street Food
8835,22128,2,294.03,Street Food
8835,22129,3,266.15,Chinese
8836,22130,2,214.6,North Indian
8836,22131,1,283.78,Cafe
8836,22132,3,204.39,North Indian
8837,22133,1,219.92,Street Food
8837,22134,2,278.58,Cafe
8838,22135,2,284.54,Pizza
8838,22136,3,243.61,Pizza
8838,22137,2,107.31,Biryani
8839,22138,2,85.19,Pizza
8839,22139,1,236.01,South Indian
8840,22140,1,224.3,South Indian
8840,22141,2,84.98,Cafe
8840,22142,3,120.75,Street Food
8840,22143,1,81.63,South Indian
8841,22144,3,106.36,South Indian
8841,22145,3,218.52,Pizza
8841,22146,3,225.35,North Indian
8842,22147,3,120.05,Chinese
8842,22148,2,112.96,North Indian
8842,22149,2,159.68,Biryani
8842,22150,2,118.23,Cafe
8843,22151,3,93.95,Biryani
8843,22152,3,217.41,Cafe
8843,22153,3,292.82,Cafe
8844,22154,1,266.79,Biryani
8844,22155,1,214.51,Pizza
8844,22156,1,120.05,Street Food
8845,22157,2,203.27,Chinese
8845,22158,2,265.25,South Indian
8845,22159,1,265.13,Chinese
8846,22160,3,295.0,Street Food
8846,22161,2,285.34,Cafe
8846,22162,3,104.34,Biryani
8847,22163,2,132.43,Street Food
8847,22164,2,228.75,Street Food
8847,22165,1,180.31,Cafe
8847,22166,3,174.26,South Indian
8848,22167,1,91.26,Street Food
8848,22168,1,176.9,Biryani
8849,22169,2,272.57,Pizza
8849,22170,2,121.56,Biryani
8849,22171,2,222.81,North Indian
8850,22172,2,107.78,Chinese
8850,22173,3,173.09,Cafe
8850,22174,2,139.39,Biryani
8850,22175,3,162.82,Pizza
8851,22176,2,91.2,Street Food
8851,22177,1,126.77,Pizza
8851,22178,1,290.27,Biryani
8852,22179,3,235.26,South Indian
8852,22180,2,217.82,Pizza
8852,22181,1,229.78,Chinese
8852,22182,3,136.73,North Indian
8853,22183,1,292.8,North Indian
8853,22184,3,217.9,Pizza
8853,22185,2,200.16,South Indian
8854,22186,3,193.13,Pizza
8854,22187,2,241.44,Pizza
8855,22188,2,139.98,Pizza
8855,22189,1,82.3,Chinese
8856,22190,1,247.76,Cafe
8857,22191,3,179.21,Cafe
8857,22192,1,162.06,Pizza
8858,22193,3,209.42,Street Food
8859,22194,2,154.51,Cafe
8859,22195,1,212.84,North Indian
8859,22196,2,138.82,Street Food
8859,22197,2,91.08,Street Food
8860,22198,3,298.8,Street Food
8860,22199,1,229.72,South Indian
8860,22200,2,292.99,North Indian
8860,22201,1,151.47,Cafe
8861,22202,3,153.56,Cafe
8861,22203,2,218.48,Cafe
8861,22204,1,288.48,Biryani
8862,22205,1,104.98,Biryani
8862,22206,1,105.19,North Indian
8863,22207,3,157.16,North Indian
8863,22208,1,249.05,Street Food
8864,22209,3,231.22,Cafe
8864,22210,1,157.52,South Indian
8864,22211,1,274.69,Cafe
8865,22212,2,152.03,Cafe
8865,22213,1,262.94,Biryani
8866,22214,1,231.21,Pizza
8866,22215,1,278.92,Cafe
8866,22216,1,187.41,Cafe
8866,22217,2,164.29,Pizza
8867,22218,3,272.34,North Indian
8868,22219,1,174.16,Chinese
8868,22220,3,272.75,Street Food
8868,22221,2,143.75,Chinese
8868,22222,1,99.38,South Indian
8869,22223,3,240.61,North Indian
8869,22224,3,243.97,Street Food
8870,22225,3,141.7,Pizza
8870,22226,3,84.46,South Indian
8870,22227,3,298.38,Cafe
8871,22228,2,129.53,Pizza
8871,22229,1,242.51,Cafe
8872,22230,2,104.01,Street Food
8872,22231,2,114.39,Chinese
8872,22232,3,236.06,North Indian
8873,22233,2,97.36,Biryani
8873,22234,1,110.43,Street Food
8874,22235,2,161.38,Street Food
8874,22236,1,152.15,Street Food
8875,22237,2,132.77,South Indian
8875,22238,3,223.0,Biryani
8876,22239,3,200.16,Pizza
8876,22240,1,237.49,Pizza
8876,22241,3,139.04,Cafe
8876,22242,2,192.36,Cafe
8877,22243,2,91.36,Biryani
8877,22244,1,273.2,Biryani
8877,22245,2,188.16,Street Food
8878,22246,2,204.34,South Indian
8878,22247,3,133.71,Street Food
8878,22248,2,271.52,Cafe
8878,22249,3,250.32,Biryani
8879,22250,3,127.89,Pizza
8879,22251,3,232.87,Chinese
8879,22252,2,180.01,Cafe
8880,22253,2,211.14,Street Food
8880,22254,1,241.73,South Indian
8880,22255,1,92.84,Cafe
8881,22256,1,273.26,Cafe
8881,22257,2,224.24,Cafe
8881,22258,2,282.55,North Indian
8881,22259,3,299.75,South Indian
8882,22260,1,264.7,North Indian
8882,22261,3,134.98,Pizza
8882,22262,3,299.94,North Indian
8882,22263,3,96.0,Biryani
8883,22264,3,222.55,South Indian
8884,22265,3,92.11,North Indian
8884,22266,1,142.67,North Indian
8884,22267,3,224.02,Chinese
8884,22268,2,233.55,Chinese
8885,22269,2,268.59,South Indian
8885,22270,3,109.51,Pizza
8885,22271,2,109.45,Cafe
8886,22272,3,229.66,Chinese
8887,22273,1,81.67,Chinese
8888,22274,3,230.98,Cafe
8888,22275,1,168.44,Cafe
8888,22276,3,220.74,South Indian
8889,22277,2,155.12,North Indian
8890,22278,2,117.98,Cafe
8890,22279,1,267.0,North Indian
8890,22280,3,299.96,Biryani
8891,22281,3,172.7,Street Food
8891,22282,1,147.83,Pizza
8891,22283,2,116.42,South Indian
8891,22284,3,161.12,Pizza
8892,22285,1,264.92,Chinese
8892,22286,3,130.96,Chinese
8893,22287,3,89.88,Pizza
8894,22288,1,181.96,Cafe
8894,22289,3,267.25,Biryani
8895,22290,1,178.46,Pizza
8896,22291,1,99.45,North Indian
8896,22292,1,259.98,Chinese
8896,22293,3,258.34,Cafe
8896,22294,2,296.43,Chinese
8897,22295,1,152.64,Biryani
8897,22296,2,105.15,Chinese
8898,22297,3,145.04,Chinese
8899,22298,3,84.4,Chinese
8900,22299,2,109.56,Biryani
8900,22300,2,249.97,Cafe
8900,22301,3,198.01,North Indian
8900,22302,1,195.45,Biryani
8901,22303,1,246.44,Street Food
8901,22304,1,176.63,Cafe
8902,22305,2,226.55,Cafe
8903,22306,2,197.79,Street Food
8903,22307,3,230.46,Cafe
8903,22308,1,135.39,Chinese
8904,22309,3,176.36,Pizza
8904,22310,2,210.51,Pizza
8905,22311,3,134.91,Cafe
8905,22312,2,275.38,Biryani
8905,22313,2,164.06,Cafe
8905,22314,2,252.66,South Indian
8906,22315,1,289.63,Cafe
8906,22316,2,264.61,South Indian
8906,22317,3,86.26,Pizza
8906,22318,1,294.68,North Indian
8907,22319,3,293.57,Cafe
8907,22320,2,119.57,Pizza
8907,22321,3,277.32,Biryani
8907,22322,3,249.03,South Indian
8908,22323,1,138.32,Biryani
8908,22324,3,271.22,Street Food
8908,22325,2,117.43,Biryani
8908,22326,2,242.43,Chinese
8909,22327,2,261.26,Street Food
8909,22328,3,218.59,Street Food
8909,22329,2,299.42,Biryani
8910,22330,3,293.76,Biryani
8910,22331,1,296.48,North Indian
8910,22332,3,96.97,Cafe
8911,22333,1,241.43,Chinese
8911,22334,2,107.82,Pizza
8912,22335,1,145.92,Street Food
8912,22336,3,251.37,Pizza
8912,22337,2,271.4,Street Food
8913,22338,2,148.68,South Indian
8914,22339,1,268.43,Chinese
8914,22340,3,248.49,Street Food
8914,22341,2,299.33,North Indian
8915,22342,1,100.18,Street Food
8915,22343,3,237.56,Cafe
8915,22344,2,248.96,Chinese
8915,22345,1,187.12,North Indian
8916,22346,1,128.17,Biryani
8917,22347,2,294.82,Pizza
8918,22348,1,105.69,Street Food
8918,22349,1,173.65,Cafe
8918,22350,3,166.82,Chinese
8919,22351,3,262.97,Cafe
8920,22352,2,210.57,North Indian
8920,22353,1,239.37,Street Food
8920,22354,3,101.3,Pizza
8921,22355,3,273.65,Biryani
8922,22356,2,258.23,Chinese
8923,22357,1,185.02,South Indian
8923,22358,1,291.55,Biryani
8924,22359,2,112.09,Pizza
8924,22360,3,173.21,Pizza
8924,22361,2,129.65,Biryani
8924,22362,2,275.78,Biryani
8925,22363,1,99.65,Chinese
8925,22364,3,87.88,Biryani
8925,22365,2,253.5,Chinese
8925,22366,2,206.57,Street Food
8926,22367,3,165.55,North Indian
8926,22368,2,277.24,Cafe
8926,22369,3,117.08,North Indian
8927,22370,2,94.34,Biryani
8927,22371,2,111.19,North Indian
8928,22372,1,192.91,Pizza
8928,22373,1,226.5,Pizza
8928,22374,3,132.87,Street Food
8928,22375,3,244.26,Pizza
8929,22376,1,299.6,Cafe
8929,22377,2,136.16,Street Food
8930,22378,2,181.77,South Indian
8930,22379,1,109.5,Chinese
8930,22380,3,100.15,Biryani
8931,22381,1,135.8,North Indian
8931,22382,1,83.99,North Indian
8931,22383,2,229.66,South Indian
8931,22384,2,273.29,Chinese
8932,22385,3,105.32,Chinese
8932,22386,1,289.59,Street Food
8932,22387,3,212.53,Street Food
8932,22388,1,81.68,Biryani
8933,22389,3,189.92,Pizza
8934,22390,2,80.73,Pizza
8934,22391,2,100.32,Cafe
8935,22392,1,175.65,Street Food
8936,22393,3,156.46,Biryani
8937,22394,2,100.14,Biryani
8938,22395,3,112.67,Street Food
8938,22396,3,174.82,South Indian
8939,22397,2,250.19,Chinese
8939,22398,2,83.81,North Indian
8939,22399,3,95.78,Pizza
8939,22400,3,159.88,North Indian
8940,22401,2,146.18,Street Food
8940,22402,1,164.65,North Indian
8941,22403,2,94.43,South Indian
8941,22404,3,225.2,Street Food
8942,22405,1,292.11,Biryani
8942,22406,3,228.87,South Indian
8942,22407,2,93.94,Cafe
8942,22408,3,115.19,South Indian
8943,22409,3,253.84,Biryani
8944,22410,1,200.19,South Indian
8944,22411,1,89.93,Pizza
8945,22412,1,222.97,Cafe
8946,22413,3,252.13,Street Food
8946,22414,2,288.39,South Indian
8946,22415,2,243.38,Pizza
8946,22416,2,175.85,Street Food
8947,22417,3,102.63,Biryani
8947,22418,3,268.62,Chinese
8947,22419,1,86.92,South Indian
8948,22420,3,297.9,Street Food
8948,22421,1,122.47,Pizza
8948,22422,2,208.57,Street Food
8949,22423,1,295.58,North Indian
8950,22424,3,150.25,South Indian
8950,22425,3,281.83,Cafe
8950,22426,2,151.22,Cafe
8951,22427,1,117.2,Chinese
8951,22428,1,137.04,South Indian
8951,22429,2,242.01,South Indian
8952,22430,2,196.14,Pizza
8952,22431,1,131.74,Street Food
8952,22432,1,284.1,South Indian
8953,22433,2,174.06,Cafe
8954,22434,1,97.14,Street Food
8954,22435,3,233.9,Pizza
8955,22436,1,233.23,Cafe
8955,22437,2,183.26,Street Food
8956,22438,3,119.69,North Indian
8957,22439,3,271.15,Street Food
8957,22440,3,118.7,South Indian
8958,22441,1,96.85,Biryani
8959,22442,3,200.84,Street Food
8960,22443,3,186.06,Biryani
8961,22444,1,125.45,Biryani
8961,22445,3,261.07,South Indian
8962,22446,3,221.86,Biryani
8963,22447,1,115.58,Cafe
8963,22448,3,113.72,Biryani
8963,22449,2,224.57,Street Food
8963,22450,3,191.42,North Indian
8964,22451,2,131.97,Cafe
8965,22452,3,257.67,Biryani
8965,22453,2,119.43,Biryani
8965,22454,1,274.28,Chinese
8966,22455,2,295.31,Biryani
8967,22456,2,224.98,Cafe
8967,22457,3,175.84,North Indian
8967,22458,2,169.73,Pizza
8967,22459,3,91.32,Chinese
8968,22460,2,137.48,South Indian
8968,22461,1,224.34,Biryani
8968,22462,3,238.91,Street Food
8969,22463,2,193.14,North Indian
8969,22464,3,239.63,Cafe
8969,22465,3,120.87,Cafe
8969,22466,2,86.44,South Indian
8970,22467,2,279.59,Chinese
8971,22468,1,283.84,Street Food
8971,22469,2,201.97,Biryani
8972,22470,1,146.26,Pizza
8973,22471,2,121.85,Street Food
8973,22472,3,245.97,Chinese
8974,22473,2,248.22,Pizza
8974,22474,2,228.97,Street Food
8974,22475,1,140.09,Cafe
8974,22476,1,263.68,Biryani
8975,22477,2,291.9,Chinese
8975,22478,1,172.7,Biryani
8975,22479,1,223.42,South Indian
8976,22480,1,127.92,Chinese
8976,22481,3,177.89,Biryani
8976,22482,3,95.48,Pizza
8976,22483,2,295.7,Biryani
8977,22484,2,257.14,Street Food
8977,22485,2,147.3,Pizza
8977,22486,2,162.09,Street Food
8977,22487,2,285.56,North Indian
8978,22488,2,107.04,Pizza
8978,22489,1,164.51,North Indian
8978,22490,2,271.14,South Indian
8979,22491,3,127.1,Street Food
8979,22492,2,276.75,Biryani
8980,22493,1,162.94,Chinese
8980,22494,3,153.64,Chinese
8980,22495,1,119.11,Cafe
8980,22496,3,251.96,Chinese
8981,22497,3,227.77,Chinese
8982,22498,2,84.09,Street Food
8982,22499,2,197.5,Cafe
8983,22500,3,224.71,Street Food
8983,22501,3,166.88,Cafe
8983,22502,1,197.29,Pizza
8984,22503,2,176.72,Chinese
8984,22504,2,168.58,South Indian
8984,22505,2,223.3,Cafe
8985,22506,3,233.58,North Indian
8985,22507,3,87.99,Biryani
8985,22508,3,224.9,South Indian
8985,22509,3,253.0,South Indian
8986,22510,2,292.55,Street Food
8986,22511,1,182.33,Chinese
8986,22512,2,176.27,Chinese
8986,22513,1,122.94,North Indian
8987,22514,1,150.5,Chinese
8987,22515,1,104.24,Street Food
8987,22516,1,125.45,Cafe
8987,22517,2,270.13,South Indian
8988,22518,2,239.53,Street Food
8989,22519,3,143.52,Pizza
8989,22520,3,129.3,Biryani
8989,22521,3,158.36,Street Food
8989,22522,2,84.45,South Indian
8990,22523,1,261.77,North Indian
8990,22524,1,152.97,Biryani
8990,22525,2,292.79,South Indian
8990,22526,2,125.67,South Indian
8991,22527,1,90.12,Street Food
8991,22528,3,266.6,Street Food
8992,22529,2,184.22,Street Food
8992,22530,3,141.89,South Indian
8992,22531,1,161.79,Chinese
8993,22532,1,244.93,North Indian
8993,22533,1,194.06,Pizza
8994,22534,2,116.24,South Indian
8994,22535,3,146.75,North Indian
8995,22536,2,204.35,Cafe
8996,22537,3,136.35,Biryani
8996,22538,1,260.76,Street Food
8996,22539,1,181.9,Street Food
8996,22540,2,289.98,Cafe
8997,22541,1,245.02,Biryani
8998,22542,3,117.3,Biryani
8998,22543,3,248.12,Pizza
8998,22544,2,233.7,Chinese
8999,22545,3,137.89,South Indian
8999,22546,2,178.27,North Indian
9000,22547,3,198.22,South Indian
9000,22548,2,297.97,Pizza
9000,22549,1,264.32,Chinese
9000,22550,2,181.39,Chinese
9001,22551,1,178.63,Street Food
9001,22552,3,180.17,South Indian
9001,22553,1,272.69,Street Food
9001,22554,3,198.78,Pizza
9002,22555,1,134.51,Pizza
9003,22556,3,102.69,South Indian
9003,22557,3,103.64,Chinese
9003,22558,2,286.18,Cafe
9003,22559,1,262.77,Pizza
9004,22560,3,230.35,Pizza
9004,22561,2,226.05,North Indian
9005,22562,3,102.66,Cafe
9005,22563,3,153.97,Biryani
9005,22564,3,278.79,North Indian
9006,22565,2,139.4,South Indian
9006,22566,1,160.93,Cafe
9007,22567,2,133.31,Biryani
9008,22568,2,150.54,Chinese
9008,22569,2,238.33,Biryani
9008,22570,2,88.25,North Indian
9008,22571,2,112.99,Cafe
9009,22572,3,211.32,Pizza
9010,22573,2,169.63,North Indian
9010,22574,1,229.36,Pizza
9010,22575,3,171.9,Street Food
9011,22576,3,177.29,South Indian
9011,22577,3,204.57,South Indian
9011,22578,2,283.18,Street Food
9011,22579,1,165.49,Street Food
9012,22580,3,267.41,Pizza
9013,22581,3,267.04,Pizza
9014,22582,1,189.97,Street Food
9014,22583,3,192.54,South Indian
9015,22584,3,95.47,North Indian
9015,22585,1,279.13,South Indian
9016,22586,1,141.7,Biryani
9016,22587,3,122.0,Biryani
9016,22588,2,253.85,South Indian
9016,22589,3,292.71,Pizza
9017,22590,2,186.0,Cafe
9017,22591,2,283.76,Pizza
9017,22592,3,274.74,Street Food
9018,22593,1,285.84,Street Food
9018,22594,2,84.94,Chinese
9019,22595,2,242.05,Cafe
9019,22596,3,262.56,Chinese
9019,22597,3,271.99,Cafe
9019,22598,1,245.45,Chinese
9020,22599,2,185.41,South Indian
9020,22600,1,86.26,Biryani
9020,22601,3,241.84,South Indian
9021,22602,1,225.6,Cafe
9021,22603,1,293.11,Cafe
9021,22604,1,267.17,Chinese
9022,22605,3,190.73,Biryani
9022,22606,1,253.57,South Indian
9023,22607,1,225.2,Biryani
9023,22608,1,197.8,Cafe
9023,22609,2,261.91,Cafe
9023,22610,3,254.7,Pizza
9024,22611,2,188.17,Biryani
9024,22612,3,275.7,South Indian
9024,22613,3,182.39,Cafe
9024,22614,1,118.68,South Indian
9025,22615,2,110.17,Cafe
9026,22616,3,229.51,Street Food
9026,22617,1,152.59,North Indian
9026,22618,1,281.19,South Indian
9027,22619,2,223.42,South Indian
9027,22620,1,221.0,Street Food
9027,22621,1,132.1,Cafe
9028,22622,2,197.58,North Indian
9028,22623,1,165.44,Chinese
9029,22624,3,231.22,Chinese
9030,22625,3,260.61,Biryani
9030,22626,2,151.86,North Indian
9031,22627,3,209.08,South Indian
9031,22628,1,88.35,Street Food
9031,22629,3,196.65,Street Food
9031,22630,1,256.28,Chinese
9032,22631,3,252.99,Biryani
9032,22632,1,128.39,Street Food
9032,22633,2,265.57,North Indian
9033,22634,2,224.42,Pizza
9033,22635,1,141.47,Biryani
9033,22636,1,169.66,North Indian
9034,22637,2,294.93,Chinese
9034,22638,1,293.03,North Indian
9034,22639,3,110.03,South Indian
9034,22640,2,104.79,Street Food
9035,22641,3,241.32,Chinese
9035,22642,1,97.14,South Indian
9036,22643,1,122.83,Street Food
9036,22644,1,238.67,Cafe
9037,22645,1,205.2,Street Food
9038,22646,3,198.85,Cafe
9038,22647,3,276.69,Chinese
9039,22648,2,131.36,North Indian
9039,22649,1,110.25,Street Food
9040,22650,3,98.66,Cafe
9040,22651,1,91.53,Cafe
9040,22652,1,211.94,Cafe
9041,22653,1,230.16,North Indian
9041,22654,1,152.3,Pizza
9041,22655,3,221.14,Street Food
9042,22656,3,198.85,Cafe
9042,22657,2,285.09,Cafe
9043,22658,3,151.21,North Indian
9043,22659,3,223.57,Street Food
9044,22660,3,235.4,Biryani
9044,22661,3,183.03,Biryani
9044,22662,3,271.14,Pizza
9045,22663,1,84.74,North Indian
9045,22664,3,259.31,Street Food
9045,22665,1,103.77,Chinese
9045,22666,1,240.96,Cafe
9046,22667,3,178.09,North Indian
9046,22668,1,226.89,North Indian
9046,22669,1,286.59,Chinese
9046,22670,3,295.18,Cafe
9047,22671,1,169.42,Street Food
9047,22672,2,163.7,South Indian
9048,22673,3,85.64,Biryani
9049,22674,3,118.82,Pizza
9049,22675,1,175.35,Chinese
9050,22676,3,231.71,Biryani
9050,22677,1,214.18,South Indian
9051,22678,3,240.51,South Indian
9051,22679,1,243.52,Street Food
9051,22680,2,163.32,Pizza
9052,22681,3,237.69,Cafe
9052,22682,2,177.83,Cafe
9052,22683,1,276.58,South Indian
9052,22684,2,259.86,Biryani
9053,22685,2,235.12,North Indian
9053,22686,1,84.78,Biryani
9053,22687,2,108.73,Cafe
9054,22688,1,222.7,South Indian
9054,22689,2,249.91,Biryani
9055,22690,1,180.8,South Indian
9055,22691,1,167.13,Pizza
9055,22692,3,192.11,Biryani
9055,22693,2,262.04,Biryani
9056,22694,1,236.56,South Indian
9056,22695,3,111.02,Street Food
9057,22696,2,89.92,North Indian
9057,22697,1,168.74,North Indian
9057,22698,2,270.08,Cafe
9058,22699,2,230.92,North Indian
9058,22700,2,255.27,Street Food
9058,22701,3,108.6,Chinese
9059,22702,3,105.31,Cafe
9059,22703,1,169.64,Chinese
9059,22704,2,262.3,Street Food
9060,22705,3,176.55,North Indian
9060,22706,2,278.07,North Indian
9061,22707,3,243.32,Chinese
9061,22708,3,250.68,Street Food
9061,22709,1,265.55,South Indian
9062,22710,1,168.05,Biryani
9063,22711,2,261.19,South Indian
9064,22712,2,129.57,Biryani
9064,22713,2,259.99,North Indian
9064,22714,3,220.11,Pizza
9065,22715,3,192.17,South Indian
9065,22716,1,105.93,Street Food
9065,22717,1,280.11,North Indian
9065,22718,3,154.99,South Indian
9066,22719,3,159.91,Chinese
9067,22720,3,195.19,South Indian
9067,22721,2,136.2,Chinese
9067,22722,3,257.69,Pizza
9068,22723,3,215.54,Chinese
9068,22724,1,208.46,Pizza
9068,22725,3,136.55,South Indian
9069,22726,1,135.24,Chinese
9069,22727,3,299.25,Street Food
9069,22728,3,146.17,Cafe
9070,22729,3,83.85,Chinese
9070,22730,2,150.44,Chinese
9071,22731,1,245.97,South Indian
9072,22732,1,257.36,Street Food
9073,22733,3,144.66,Chinese
9073,22734,1,120.42,Biryani
9073,22735,1,110.94,Street Food
9074,22736,3,190.21,Pizza
9074,22737,2,114.16,Biryani
9074,22738,2,243.11,North Indian
9075,22739,3,268.76,Cafe
9075,22740,3,155.04,Biryani
9075,22741,2,293.94,Biryani
9076,22742,3,142.71,Pizza
9076,22743,1,200.19,Cafe
9076,22744,1,191.37,North Indian
9076,22745,1,299.45,Chinese
9077,22746,2,102.5,North Indian
9077,22747,1,271.63,Biryani
9078,22748,2,115.03,North Indian
9078,22749,1,175.49,Pizza
9078,22750,2,262.33,Cafe
9079,22751,2,129.01,Street Food
9079,22752,2,270.92,North Indian
9079,22753,1,285.67,Chinese
9080,22754,1,150.34,Cafe
9080,22755,1,97.34,Pizza
9081,22756,1,180.86,Street Food
9081,22757,2,264.14,Cafe
9081,22758,2,238.01,Biryani
9082,22759,1,138.22,Pizza
9082,22760,3,280.01,South Indian
9082,22761,2,216.19,South Indian
9083,22762,3,229.48,Biryani
9083,22763,2,258.64,Chinese
9084,22764,2,137.65,North Indian
9084,22765,3,166.47,Cafe
9084,22766,2,282.47,Chinese
9084,22767,2,231.24,Cafe
9085,22768,2,168.44,North Indian
9085,22769,2,126.78,Pizza
9085,22770,2,154.87,Pizza
9086,22771,2,105.48,North Indian
9087,22772,3,261.19,Pizza
9087,22773,3,165.83,South Indian
9087,22774,3,274.78,South Indian
9087,22775,2,276.14,Street Food
9088,22776,1,129.85,Chinese
9088,22777,1,173.08,South Indian
9088,22778,3,279.88,North Indian
9088,22779,2,171.42,Street Food
9089,22780,2,211.67,Chinese
9089,22781,2,178.41,Chinese
9090,22782,2,242.11,South Indian
9091,22783,2,242.68,North Indian
9091,22784,1,91.71,Pizza
9092,22785,2,164.28,Street Food
9092,22786,1,160.89,Chinese
9092,22787,3,299.58,North Indian
9092,22788,1,152.21,Biryani
9093,22789,2,227.94,Cafe
9094,22790,2,214.41,Biryani
9094,22791,3,280.37,North Indian
9094,22792,3,229.12,North Indian
9095,22793,2,146.33,Cafe
9095,22794,2,162.81,Biryani
9095,22795,3,290.55,Cafe
9096,22796,2,147.29,Cafe
9096,22797,1,124.82,Pizza
9096,22798,1,225.47,Chinese
9096,22799,1,198.22,Pizza
9097,22800,1,111.6,North Indian
9097,22801,3,292.95,South Indian
9097,22802,1,180.49,Pizza
9097,22803,2,244.51,Chinese
9098,22804,2,180.55,Biryani
9098,22805,1,163.13,Street Food
9098,22806,1,284.93,South Indian
9098,22807,2,229.73,Cafe
9099,22808,3,122.96,Chinese
9099,22809,3,178.18,North Indian
9100,22810,2,233.63,Pizza
9100,22811,2,232.43,Street Food
9100,22812,2,218.32,Pizza
9101,22813,1,277.54,South Indian
9101,22814,2,104.21,Street Food
9101,22815,3,243.03,South Indian
9102,22816,2,269.43,Biryani
9102,22817,3,136.14,Chinese
9103,22818,1,138.67,Chinese
9103,22819,3,296.7,Pizza
9103,22820,2,139.59,Street Food
9103,22821,1,172.99,Chinese
9104,22822,1,207.22,Chinese
9105,22823,3,257.47,Biryani
9105,22824,1,124.8,Street Food
9105,22825,1,188.04,North Indian
9105,22826,1,219.04,Street Food
9106,22827,2,166.63,Pizza
9107,22828,1,154.84,Cafe
9107,22829,1,222.42,Cafe
9107,22830,3,88.86,Cafe
9107,22831,2,99.06,Biryani
9108,22832,3,228.91,North Indian
9108,22833,2,205.1,Street Food
9109,22834,2,298.75,Biryani
9109,22835,3,160.1,Street Food
9110,22836,1,89.44,South Indian
9111,22837,3,262.9,Biryani
9112,22838,2,196.14,South Indian
9112,22839,3,232.39,Cafe
9112,22840,1,285.31,North Indian
9112,22841,2,249.35,North Indian
9113,22842,1,167.12,Street Food
9113,22843,3,296.95,North Indian
9113,22844,1,255.92,Pizza
9113,22845,1,152.13,Biryani
9114,22846,1,206.15,Pizza
9114,22847,1,218.47,Cafe
9114,22848,1,143.96,Biryani
9115,22849,3,203.62,North Indian
9116,22850,3,185.26,Chinese
9116,22851,3,208.19,Street Food
9116,22852,3,186.66,Biryani
9117,22853,3,266.91,South Indian
9117,22854,2,247.9,South Indian
9117,22855,3,181.16,Cafe
9118,22856,3,211.99,Cafe
9118,22857,1,180.86,Street Food
9119,22858,2,227.27,Cafe
9119,22859,2,230.98,Chinese
9120,22860,2,269.1,Pizza
9121,22861,3,93.68,North Indian
9121,22862,3,244.25,Chinese
9122,22863,2,96.49,Chinese
9122,22864,3,157.56,Street Food
9123,22865,3,193.87,Cafe
9123,22866,2,160.91,Street Food
9123,22867,2,173.41,Pizza
9123,22868,1,90.34,North Indian
9124,22869,3,281.65,Pizza
9124,22870,1,262.77,Biryani
9125,22871,1,273.41,Pizza
9125,22872,1,123.29,South Indian
9125,22873,3,263.6,Pizza
9125,22874,3,218.44,Pizza
9126,22875,2,88.72,Street Food
9126,22876,3,277.95,Cafe
9126,22877,1,152.44,North Indian
9127,22878,2,124.94,Cafe
9127,22879,2,113.78,South Indian
9128,22880,3,150.78,South Indian
9128,22881,1,267.66,Chinese
9129,22882,1,161.32,Pizza
9129,22883,1,250.37,South Indian
9130,22884,2,187.23,Biryani
9131,22885,1,128.22,Biryani
9131,22886,2,80.57,Biryani
9132,22887,3,214.5,Cafe
9132,22888,1,253.36,Street Food
9133,22889,1,111.24,Chinese
9133,22890,2,168.3,Cafe
9133,22891,3,152.01,Cafe
9133,22892,1,275.94,Street Food
9134,22893,2,167.63,Biryani
9135,22894,2,86.54,Cafe
9136,22895,1,200.81,Pizza
9136,22896,2,147.32,South Indian
9136,22897,3,280.24,Cafe
9136,22898,3,249.07,Chinese
9137,22899,3,285.09,North Indian
9137,22900,2,234.22,North Indian
9137,22901,2,273.31,Street Food
9138,22902,1,134.09,North Indian
9138,22903,2,229.36,North Indian
9138,22904,1,245.08,Street Food
9138,22905,1,265.68,Street Food
9139,22906,1,95.3,South Indian
9139,22907,1,130.16,Pizza
9140,22908,1,174.0,Chinese
9140,22909,2,130.33,North Indian
9140,22910,3,99.0,Biryani
9140,22911,1,123.5,North Indian
9141,22912,3,244.27,South Indian
9141,22913,1,168.08,Biryani
9142,22914,3,196.0,North Indian
9142,22915,2,110.06,Biryani
9142,22916,2,259.02,North Indian
9143,22917,3,174.78,Street Food
9144,22918,3,115.2,Cafe
9144,22919,1,272.96,Cafe
9145,22920,3,163.04,Biryani
9145,22921,2,196.18,South Indian
9146,22922,3,229.9,Chinese
9146,22923,2,163.28,Pizza
9147,22924,3,167.83,South Indian
9147,22925,3,125.7,North Indian
9147,22926,3,187.42,Pizza
9147,22927,1,132.81,Biryani
9148,22928,2,143.94,Pizza
9148,22929,2,131.09,Street Food
9148,22930,2,83.71,Biryani
9148,22931,1,161.84,Pizza
9149,22932,2,138.44,Street Food
9150,22933,2,135.82,Biryani
9150,22934,1,160.79,Biryani
9150,22935,3,289.06,Street Food
9151,22936,1,101.44,Biryani
9151,22937,2,131.35,Biryani
9151,22938,1,156.64,Chinese
9152,22939,3,222.7,Chinese
9152,22940,3,192.4,Biryani
9152,22941,1,81.45,North Indian
9152,22942,3,247.36,Pizza
9153,22943,3,86.3,Street Food
9154,22944,2,253.94,South Indian
9154,22945,3,130.45,Street Food
9154,22946,3,209.79,Cafe
9154,22947,2,248.62,Pizza
9155,22948,1,290.51,Cafe
9155,22949,3,135.47,Pizza
9155,22950,1,209.8,South Indian
9155,22951,3,295.68,Cafe
9156,22952,2,242.05,Cafe
9156,22953,3,273.05,Biryani
9156,22954,2,219.02,Street Food
9157,22955,3,221.98,North Indian
9157,22956,3,160.77,Pizza
9158,22957,2,177.62,Street Food
9158,22958,1,285.88,Street Food
9159,22959,2,190.62,Chinese
9159,22960,2,223.42,Cafe
9159,22961,3,93.6,Street Food
9159,22962,3,256.57,Chinese
9160,22963,2,253.18,Biryani
9160,22964,1,161.54,South Indian
9160,22965,2,207.67,Chinese
9161,22966,3,178.59,Chinese
9162,22967,1,223.18,Biryani
9162,22968,1,101.51,Street Food
9163,22969,2,194.68,Pizza
9164,22970,3,167.96,Biryani
9164,22971,3,136.54,Pizza
9164,22972,1,200.95,Chinese
9164,22973,1,164.52,Street Food
9165,22974,1,137.22,Street Food
9165,22975,2,278.08,Street Food
9165,22976,2,247.85,Cafe
9165,22977,3,237.7,North Indian
9166,22978,2,170.5,South Indian
9166,22979,2,278.96,Cafe
9166,22980,2,173.03,North Indian
9167,22981,2,279.64,Street Food
9167,22982,3,220.39,Pizza
9168,22983,2,266.43,Chinese
9168,22984,2,201.36,Pizza
9168,22985,2,181.25,South Indian
9168,22986,2,264.53,North Indian
9169,22987,1,270.39,North Indian
9169,22988,3,228.79,South Indian
9170,22989,2,203.58,North Indian
9170,22990,2,273.57,Pizza
9170,22991,3,207.15,Biryani
9171,22992,2,231.66,North Indian
9171,22993,3,229.24,North Indian
9171,22994,3,210.75,Biryani
9172,22995,3,114.91,Street Food
9172,22996,2,287.18,Cafe
9173,22997,3,111.64,South Indian
9174,22998,1,86.08,Biryani
9174,22999,2,82.48,South Indian
9174,23000,1,129.69,Biryani
9174,23001,3,84.47,Pizza
9175,23002,1,283.27,Cafe
9175,23003,1,108.36,South Indian
9176,23004,2,291.21,Street Food
9176,23005,3,238.01,North Indian
9176,23006,2,109.47,Biryani
9176,23007,2,282.18,Biryani
9177,23008,1,190.78,North Indian
9177,23009,1,139.05,Pizza
9177,23010,2,182.46,North Indian
9177,23011,2,124.56,Street Food
9178,23012,3,293.67,Biryani
9178,23013,1,210.66,Pizza
9178,23014,1,223.15,Pizza
9179,23015,1,100.55,Street Food
9179,23016,3,94.41,South Indian
9179,23017,3,130.71,Street Food
9179,23018,2,250.03,Street Food
9180,23019,1,264.22,Pizza
9180,23020,3,236.96,North Indian
9180,23021,3,192.83,South Indian
9181,23022,3,202.15,Street Food
9181,23023,3,244.23,Pizza
9181,23024,2,219.52,South Indian
9182,23025,3,147.19,Cafe
9182,23026,3,254.72,Cafe
9182,23027,3,143.84,Cafe
9183,23028,2,214.42,Chinese
9184,23029,3,119.42,Pizza
9184,23030,2,283.73,Street Food
9184,23031,2,175.37,Chinese
9185,23032,3,170.05,Biryani
9185,23033,3,96.76,Chinese
9186,23034,3,261.66,Street Food
9186,23035,2,259.6,Cafe
9187,23036,3,275.29,Pizza
9187,23037,1,121.38,South Indian
9188,23038,3,146.67,North Indian
9188,23039,3,101.27,Street Food
9188,23040,2,148.23,Biryani
9188,23041,3,291.61,Cafe
9189,23042,1,194.6,South Indian
9189,23043,2,131.4,Biryani
9190,23044,3,290.0,North Indian
9191,23045,2,297.66,Biryani
9191,23046,2,259.77,Chinese
9191,23047,3,140.74,Biryani
9192,23048,3,287.93,North Indian
9192,23049,1,82.77,Chinese
9193,23050,3,274.79,Pizza
9193,23051,1,87.83,Biryani
9194,23052,2,114.72,Chinese
9195,23053,2,113.48,North Indian
9195,23054,3,226.13,South Indian
9195,23055,1,157.61,South Indian
9195,23056,2,143.89,Pizza
9196,23057,1,264.44,South Indian
9196,23058,3,298.07,North Indian
9196,23059,2,172.1,Chinese
9196,23060,2,160.76,Pizza
9197,23061,2,91.85,South Indian
9197,23062,2,293.67,Pizza
9197,23063,1,94.76,North Indian
9197,23064,3,279.3,Chinese
9198,23065,2,250.92,Chinese
9198,23066,1,279.87,Biryani
9198,23067,3,108.41,Chinese
9199,23068,3,136.08,South Indian
9199,23069,2,100.46,North Indian
9199,23070,2,222.35,North Indian
9199,23071,3,231.5,Biryani
9200,23072,3,221.35,Biryani
9200,23073,1,231.39,Street Food
9200,23074,3,183.94,Cafe
9201,23075,3,203.25,Cafe
9202,23076,3,247.49,Chinese
9202,23077,3,209.71,North Indian
9202,23078,3,218.72,Pizza
9203,23079,1,212.45,Pizza
9203,23080,3,138.81,Biryani
9204,23081,1,206.52,Pizza
9204,23082,1,155.83,Pizza
9204,23083,1,247.55,North Indian
9204,23084,1,262.27,Chinese
9205,23085,3,252.6,Cafe
9205,23086,3,246.1,North Indian
9205,23087,2,224.25,Pizza
9205,23088,3,154.63,Biryani
9206,23089,1,122.61,Pizza
9207,23090,3,285.38,North Indian
9208,23091,2,266.28,Biryani
9208,23092,1,91.9,Cafe
9208,23093,2,219.35,South Indian
9209,23094,2,255.15,Biryani
9209,23095,1,178.15,Street Food
9210,23096,1,278.29,North Indian
9210,23097,3,270.86,Chinese
9210,23098,2,80.91,North Indian
9210,23099,1,166.63,North Indian
9211,23100,2,278.86,Street Food
9211,23101,1,299.6,South Indian
9211,23102,2,165.29,South Indian
9212,23103,2,109.49,North Indian
9212,23104,1,143.6,Cafe
9213,23105,2,237.38,Cafe
9214,23106,2,130.42,South Indian
9214,23107,3,210.27,Pizza
9214,23108,1,298.82,North Indian
9214,23109,1,201.22,South Indian
9215,23110,3,165.94,Biryani
9216,23111,1,160.24,North Indian
9216,23112,1,242.81,Biryani
9216,23113,1,228.19,South Indian
9217,23114,3,142.01,Biryani
9217,23115,3,269.57,Biryani
9217,23116,1,145.34,Street Food
9217,23117,3,276.62,Biryani
9218,23118,3,104.82,South Indian
9218,23119,1,204.97,Cafe
9218,23120,2,112.69,Cafe
9218,23121,1,201.8,South Indian
9219,23122,3,120.28,Street Food
9219,23123,2,150.32,North Indian
9220,23124,3,183.9,Chinese
9220,23125,2,142.84,Chinese
9221,23126,2,231.62,Pizza
9222,23127,2,122.28,Chinese
9222,23128,1,282.61,Pizza
9222,23129,3,88.92,Pizza
9223,23130,1,239.46,Chinese
9224,23131,2,228.38,North Indian
9225,23132,1,183.83,Biryani
9225,23133,2,193.13,Pizza
9225,23134,2,245.19,Street Food
9225,23135,1,231.46,North Indian
9226,23136,2,263.39,Chinese
9227,23137,2,189.58,Chinese
9227,23138,1,189.17,Chinese
9227,23139,1,182.53,Pizza
9228,23140,1,278.61,Cafe
9228,23141,3,206.61,Chinese
9229,23142,2,112.39,Chinese
9229,23143,2,205.27,Pizza
9230,23144,1,281.83,Pizza
9231,23145,1,143.82,Street Food
9231,23146,1,171.59,South Indian
9231,23147,1,93.23,North Indian
9232,23148,2,238.07,Biryani
9232,23149,2,131.86,Chinese
9233,23150,1,212.33,North Indian
9234,23151,1,191.67,Cafe
9234,23152,3,214.03,North Indian
9234,23153,2,225.97,North Indian
9235,23154,1,297.81,Pizza
9236,23155,3,206.44,Cafe
9236,23156,2,202.48,South Indian
9236,23157,2,264.06,Pizza
9237,23158,3,107.8,Pizza
9237,23159,1,81.38,Street Food
9237,23160,3,218.59,Street Food
9237,23161,1,104.57,North Indian
9238,23162,3,146.03,Pizza
9238,23163,3,142.7,North Indian
9238,23164,2,88.38,Street Food
9239,23165,1,153.36,Chinese
9239,23166,3,82.81,Cafe
9239,23167,1,133.36,Chinese
9240,23168,3,252.4,South Indian
9240,23169,2,295.11,Pizza
9240,23170,1,83.9,Chinese
9240,23171,1,92.8,Cafe
9241,23172,2,257.35,Biryani
9242,23173,1,176.98,Biryani
9242,23174,1,181.47,Street Food
9242,23175,2,81.34,Biryani
9243,23176,2,207.04,Chinese
9243,23177,3,126.69,Cafe
9243,23178,3,238.24,Chinese
9244,23179,2,287.78,Street Food
9244,23180,1,172.63,South Indian
9244,23181,3,133.67,Street Food
9245,23182,3,197.6,Pizza
9245,23183,2,292.69,North Indian
9246,23184,2,266.66,Cafe
9246,23185,3,200.6,Biryani
9246,23186,1,249.26,Street Food
9246,23187,3,298.15,Pizza
9247,23188,2,284.09,Biryani
9247,23189,3,299.71,Biryani
9247,23190,2,261.05,Street Food
9248,23191,1,231.11,Chinese
9248,23192,3,283.43,Cafe
9249,23193,3,169.51,Street Food
9249,23194,1,163.5,Cafe
9249,23195,3,135.48,Street Food
9249,23196,1,263.85,North Indian
9250,23197,1,116.1,Pizza
9250,23198,2,168.4,North Indian
9251,23199,3,174.2,South Indian
9251,23200,3,293.99,South Indian
9251,23201,2,251.65,Biryani
9251,23202,3,147.15,North Indian
9252,23203,1,268.6,Street Food
9253,23204,3,168.73,Street Food
9253,23205,3,231.17,South Indian
9254,23206,2,246.67,Cafe
9254,23207,3,242.06,Cafe
9254,23208,3,92.0,North Indian
9254,23209,2,103.61,South Indian
9255,23210,3,174.78,Street Food
9255,23211,3,98.73,Cafe
9256,23212,2,118.41,Street Food
9256,23213,3,120.6,Pizza
9256,23214,3,123.38,South Indian
9256,23215,2,196.87,South Indian
9257,23216,1,151.59,South Indian
9257,23217,1,265.23,South Indian
9258,23218,1,88.97,Street Food
9258,23219,1,198.68,North Indian
9258,23220,1,281.92,South Indian
9258,23221,1,185.64,Biryani
9259,23222,1,218.52,South Indian
9260,23223,1,138.06,South Indian
9261,23224,2,287.73,Cafe
9261,23225,1,93.24,North Indian
9261,23226,2,256.58,Chinese
9261,23227,2,119.26,Cafe
9262,23228,3,156.56,North Indian
9263,23229,3,282.06,North Indian
9264,23230,3,218.3,Pizza
9265,23231,2,190.98,Biryani
9266,23232,3,107.14,Street Food
9266,23233,1,264.16,Cafe
9266,23234,2,85.11,Street Food
9267,23235,1,116.42,South Indian
9267,23236,3,267.83,North Indian
9267,23237,1,104.98,South Indian
9268,23238,2,93.19,Biryani
9268,23239,1,166.96,Cafe
9268,23240,1,122.93,North Indian
9268,23241,3,186.7,Biryani
9269,23242,2,215.62,North Indian
9270,23243,3,289.97,Pizza
9270,23244,1,212.07,North Indian
9270,23245,2,161.37,Chinese
9271,23246,2,163.92,Biryani
9272,23247,2,149.97,Pizza
9273,23248,1,204.52,Biryani
9274,23249,2,198.68,South Indian
9274,23250,2,284.77,North Indian
9275,23251,2,153.85,South Indian
9275,23252,2,243.91,Chinese
9276,23253,3,295.72,Street Food
9276,23254,1,157.87,Cafe
9276,23255,1,230.21,Street Food
9276,23256,3,238.64,Pizza
9277,23257,1,257.12,Cafe
9277,23258,3,267.13,Pizza
9277,23259,3,122.51,Street Food
9278,23260,1,282.12,Pizza
9278,23261,2,265.58,Street Food
9278,23262,3,227.28,Biryani
9278,23263,2,191.32,North Indian
9279,23264,3,161.64,Pizza
9280,23265,1,183.6,North Indian
9280,23266,2,265.6,Chinese
9280,23267,2,173.77,Pizza
9280,23268,1,297.01,Pizza
9281,23269,1,267.2,Street Food
9282,23270,1,288.01,Chinese
9282,23271,1,251.19,North Indian
9282,23272,1,84.61,South Indian
9282,23273,3,241.45,South Indian
9283,23274,3,111.67,Biryani
9283,23275,1,150.81,Cafe
9283,23276,2,198.0,North Indian
9283,23277,3,182.73,Cafe
9284,23278,1,282.21,Pizza
9284,23279,3,80.15,Cafe
9284,23280,3,149.88,Chinese
9284,23281,3,182.6,Chinese
9285,23282,3,176.53,Biryani
9286,23283,2,145.81,Chinese
9287,23284,3,137.67,Pizza
9287,23285,3,212.48,Pizza
9288,23286,1,171.09,South Indian
9288,23287,3,276.64,North Indian
9288,23288,3,292.19,Biryani
9288,23289,1,237.21,South Indian
9289,23290,1,141.45,Street Food
9289,23291,3,221.87,North Indian
9290,23292,2,278.39,Biryani
9290,23293,3,265.74,Biryani
9290,23294,1,181.67,Pizza
9291,23295,1,121.85,Biryani
9291,23296,3,213.05,Cafe
9291,23297,3,170.55,Cafe
9291,23298,2,85.13,North Indian
9292,23299,1,105.64,Cafe
9292,23300,3,217.64,Biryani
9293,23301,1,256.18,Biryani
9293,23302,2,224.86,Cafe
9293,23303,2,226.51,Biryani
9293,23304,3,266.41,South Indian
9294,23305,1,206.34,Cafe
9294,23306,2,289.38,South Indian
9295,23307,3,145.74,Cafe
9295,23308,1,213.34,North Indian
9295,23309,2,287.73,Street Food
9296,23310,1,208.84,Cafe
9296,23311,2,169.83,Pizza
9296,23312,3,166.86,Chinese
9297,23313,2,193.72,North Indian
9298,23314,2,243.01,Street Food
9298,23315,1,269.56,Biryani
9299,23316,1,181.21,Biryani
9299,23317,2,85.62,Street Food
9299,23318,1,137.88,North Indian
9299,23319,3,85.9,Chinese
9300,23320,2,292.95,Cafe
9301,23321,2,178.51,South Indian
9302,23322,2,205.42,Pizza
9302,23323,1,87.08,Cafe
9303,23324,2,278.14,Cafe
9304,23325,1,105.5,Biryani
9304,23326,1,152.54,Cafe
9305,23327,2,178.58,Chinese
9305,23328,3,162.0,Cafe
9305,23329,2,90.07,South Indian
9305,23330,1,134.66,Pizza
9306,23331,3,139.55,Pizza
9306,23332,1,268.11,Pizza
9306,23333,2,91.39,Cafe
9307,23334,1,151.16,Street Food
9307,23335,3,279.67,North Indian
9307,23336,2,136.46,Biryani
9307,23337,1,276.04,South Indian
9308,23338,3,111.84,North Indian
9308,23339,1,111.48,South Indian
9308,23340,3,295.55,North Indian
9308,23341,2,257.56,Pizza
9309,23342,1,186.43,Street Food
9309,23343,2,230.76,Biryani
9310,23344,3,258.34,Chinese
9310,23345,3,181.74,Street Food
9310,23346,3,175.32,Biryani
9311,23347,1,160.82,Cafe
9311,23348,1,175.97,Biryani
9311,23349,2,133.83,Chinese
9311,23350,3,178.62,Street Food
9312,23351,3,233.19,Cafe
9312,23352,3,126.32,Street Food
9312,23353,2,103.85,North Indian
9313,23354,2,192.76,North Indian
9314,23355,2,266.07,North Indian
9314,23356,3,92.93,Street Food
9315,23357,3,249.59,Pizza
9315,23358,3,104.3,Pizza
9316,23359,3,295.01,North Indian
9316,23360,3,252.16,Cafe
9316,23361,1,256.76,Cafe
9317,23362,1,172.61,Street Food
9317,23363,3,179.15,South Indian
9317,23364,2,155.09,North Indian
9317,23365,2,155.72,Chinese
9318,23366,3,105.67,Street Food
9318,23367,2,290.47,South Indian
9319,23368,2,289.07,Cafe
9319,23369,3,290.45,Chinese
9319,23370,3,140.1,South Indian
9319,23371,2,93.51,Biryani
9320,23372,3,294.88,Chinese
9320,23373,3,210.76,North Indian
9320,23374,1,192.47,Pizza
9321,23375,2,149.04,Pizza
9322,23376,3,230.04,Chinese
9322,23377,2,208.0,Cafe
9322,23378,1,262.19,Biryani
9322,23379,1,198.57,Cafe
9323,23380,1,93.42,Pizza
9323,23381,3,124.85,Street Food
9324,23382,2,275.36,South Indian
9324,23383,2,80.74,North Indian
9324,23384,1,292.13,Cafe
9324,23385,3,208.72,Biryani
9325,23386,3,110.01,Chinese
9325,23387,3,282.45,Pizza
9325,23388,1,289.7,Cafe
9325,23389,3,128.2,Cafe
9326,23390,2,221.59,Pizza
9326,23391,1,101.26,North Indian
9326,23392,1,237.0,Biryani
9326,23393,2,108.96,Chinese
9327,23394,1,282.0,Chinese
9327,23395,2,103.37,South Indian
9328,23396,2,109.58,Cafe
9328,23397,2,105.73,North Indian
9328,23398,2,196.63,Pizza
9328,23399,2,265.17,Pizza
9329,23400,2,160.56,Chinese
9329,23401,1,142.36,Street Food
9329,23402,3,262.85,Biryani
9330,23403,3,93.68,Cafe
9331,23404,2,208.28,Pizza
9331,23405,1,173.35,Chinese
9331,23406,2,189.06,North Indian
9331,23407,1,261.15,Street Food
9332,23408,2,213.8,Street Food
9332,23409,2,175.17,Chinese
9333,23410,2,157.39,Cafe
9334,23411,1,229.26,North Indian
9334,23412,3,295.2,North Indian
9335,23413,3,296.06,Biryani
9335,23414,1,256.59,Cafe
9336,23415,1,253.25,Biryani
9337,23416,3,179.26,Pizza
9337,23417,3,118.82,Cafe
9338,23418,2,258.18,North Indian
9339,23419,1,288.28,North Indian
9340,23420,1,169.5,Biryani
9340,23421,3,143.22,Biryani
9341,23422,3,110.97,Biryani
9341,23423,1,173.81,Pizza
9341,23424,2,145.2,South Indian
9342,23425,2,152.98,North Indian
9342,23426,3,279.73,Cafe
9343,23427,2,204.44,Pizza
9343,23428,3,135.67,South Indian
9343,23429,2,231.12,North Indian
9344,23430,1,282.35,South Indian
9344,23431,3,100.41,Pizza
9344,23432,1,186.93,Pizza
9345,23433,2,148.19,Street Food
9345,23434,3,121.39,Pizza
9345,23435,1,286.82,South Indian
9346,23436,2,88.82,North Indian
9346,23437,2,116.86,Street Food
9346,23438,3,289.37,Chinese
9347,23439,2,288.99,South Indian
9347,23440,1,88.01,South Indian
9347,23441,1,164.23,North Indian
9348,23442,2,254.21,South Indian
9349,23443,1,133.95,Street Food
9349,23444,3,184.28,Pizza
9349,23445,2,232.57,Chinese
9350,23446,1,286.85,Biryani
9350,23447,3,198.01,Biryani
9351,23448,3,185.69,Chinese
9352,23449,2,190.46,Chinese
9353,23450,3,247.54,Cafe
9354,23451,3,120.35,Pizza
9354,23452,2,230.18,Cafe
9354,23453,1,94.68,Biryani
9355,23454,1,239.59,Pizza
9356,23455,1,234.48,Pizza
9356,23456,1,245.25,Biryani
9356,23457,1,198.78,Chinese
9356,23458,2,132.48,North Indian
9357,23459,3,167.19,Pizza
9358,23460,3,176.63,North Indian
9359,23461,1,203.42,South Indian
9359,23462,2,94.27,South Indian
9359,23463,2,90.12,Chinese
9360,23464,2,214.57,Chinese
9360,23465,3,84.46,North Indian
9360,23466,2,156.39,South Indian
9360,23467,2,93.47,North Indian
9361,23468,2,160.54,North Indian
9362,23469,3,226.35,Chinese
9362,23470,2,200.6,Chinese
9362,23471,1,113.29,Pizza
9363,23472,1,96.65,Cafe
9363,23473,3,159.36,South Indian
9363,23474,3,188.88,South Indian
9363,23475,3,198.54,Cafe
9364,23476,3,107.35,South Indian
9364,23477,1,190.49,North Indian
9365,23478,3,201.73,Pizza
9366,23479,3,255.06,North Indian
9366,23480,2,135.45,Cafe
9366,23481,1,165.07,Biryani
9367,23482,1,116.78,South Indian
9367,23483,3,187.0,North Indian
9367,23484,3,218.87,South Indian
9368,23485,2,184.26,South Indian
9368,23486,3,141.43,South Indian
9368,23487,2,260.17,South Indian
9369,23488,1,278.62,Chinese
9369,23489,2,112.83,Cafe
9370,23490,3,133.89,Chinese
9370,23491,3,131.93,Street Food
9371,23492,1,250.11,Street Food
9371,23493,3,127.71,South Indian
9371,23494,1,224.87,Chinese
9371,23495,2,102.07,Street Food
9372,23496,3,127.11,Street Food
9372,23497,2,227.72,North Indian
9372,23498,2,128.17,Biryani
9373,23499,3,254.43,Cafe
9374,23500,3,243.63,Street Food
9375,23501,2,240.95,Cafe
9375,23502,3,111.3,North Indian
9376,23503,3,176.21,South Indian
9376,23504,2,258.32,Pizza
9377,23505,1,110.22,Street Food
9377,23506,3,130.13,North Indian
9377,23507,3,128.48,Pizza
9378,23508,3,200.39,Cafe
9378,23509,1,260.69,Biryani
9378,23510,1,214.42,Pizza
9379,23511,2,197.39,Cafe
9379,23512,1,140.63,Chinese
9379,23513,2,139.32,Street Food
9379,23514,3,148.57,Chinese
9380,23515,1,252.72,Biryani
9380,23516,3,181.92,South Indian
9380,23517,2,112.3,Biryani
9381,23518,1,254.27,South Indian
9381,23519,2,197.26,South Indian
9382,23520,3,157.66,Street Food
9382,23521,2,220.34,Cafe
9382,23522,1,188.37,Chinese
9382,23523,1,131.01,Biryani
9383,23524,1,103.56,Pizza
9383,23525,2,127.43,South Indian
9384,23526,2,156.2,Pizza
9384,23527,3,243.33,Pizza
9384,23528,2,280.29,Cafe
9384,23529,2,87.68,Pizza
9385,23530,2,100.59,Biryani
9386,23531,3,198.78,South Indian
9387,23532,1,160.53,South Indian
9387,23533,3,223.75,Chinese
9388,23534,1,106.93,Chinese
9388,23535,3,147.12,Cafe
9388,23536,1,235.54,South Indian
9389,23537,1,97.17,South Indian
9389,23538,2,122.36,Street Food
9389,23539,1,85.2,Street Food
9390,23540,1,87.06,Pizza
9390,23541,1,292.03,Biryani
9391,23542,1,218.76,Cafe
9391,23543,1,291.58,Pizza
9392,23544,3,295.4,Biryani
9392,23545,3,244.03,Pizza
9392,23546,2,130.68,Cafe
9392,23547,2,83.63,Biryani
9393,23548,2,199.67,Biryani
9393,23549,2,256.53,Biryani
9393,23550,3,214.33,Cafe
9393,23551,2,148.8,Pizza
9394,23552,3,117.19,Biryani
9395,23553,3,251.9,North Indian
9395,23554,1,293.44,South Indian
9395,23555,3,285.89,Chinese
9396,23556,3,269.28,Chinese
9396,23557,1,259.42,South Indian
9397,23558,2,161.2,South Indian
9397,23559,3,238.18,Biryani
9398,23560,3,243.75,South Indian
9398,23561,3,225.29,North Indian
9398,23562,3,283.7,Cafe
9399,23563,3,286.43,North Indian
9399,23564,2,264.12,Cafe
9400,23565,1,117.77,Biryani
9400,23566,3,289.23,Cafe
9401,23567,1,225.5,Pizza
9402,23568,2,274.49,Cafe
9402,23569,1,295.78,Chinese
9402,23570,1,298.82,Pizza
9402,23571,2,262.36,Cafe
9403,23572,2,255.34,Biryani
9403,23573,1,122.21,Pizza
9403,23574,2,283.97,Biryani
9404,23575,3,113.29,Biryani
9404,23576,1,91.39,North Indian
9404,23577,1,142.0,North Indian
9404,23578,1,121.21,Pizza
9405,23579,3,82.82,Biryani
9406,23580,3,121.75,Biryani
9406,23581,1,124.27,Chinese
9406,23582,3,181.09,North Indian
9407,23583,2,126.79,Biryani
9408,23584,1,247.76,Biryani
9408,23585,3,81.79,Cafe
9409,23586,1,190.63,Cafe
9409,23587,1,132.4,Pizza
9409,23588,1,174.9,Cafe
9410,23589,1,226.04,Biryani
9411,23590,1,244.14,Cafe
9411,23591,3,217.23,South Indian
9411,23592,3,196.96,North Indian
9411,23593,1,266.17,Cafe
9412,23594,1,101.42,Chinese
9413,23595,1,281.25,North Indian
9414,23596,3,146.55,Pizza
9414,23597,3,85.75,Street Food
9414,23598,3,113.97,North Indian
9414,23599,3,176.27,Cafe
9415,23600,3,169.18,Pizza
9415,23601,3,261.29,North Indian
9415,23602,1,91.1,Chinese
9415,23603,2,124.25,Biryani
9416,23604,1,109.58,South Indian
9416,23605,2,151.95,Cafe
9416,23606,1,116.18,North Indian
9417,23607,2,250.62,South Indian
9417,23608,3,229.26,North Indian
9417,23609,2,287.62,Cafe
9418,23610,1,130.2,South Indian
9418,23611,2,280.23,Chinese
9419,23612,3,225.67,Chinese
9420,23613,3,128.87,Pizza
9420,23614,3,295.72,Street Food
9420,23615,3,272.93,South Indian
9421,23616,1,255.68,North Indian
9421,23617,2,97.98,Street Food
9421,23618,3,184.37,Street Food
9421,23619,3,164.36,Street Food
9422,23620,2,124.02,South Indian
9423,23621,3,149.55,Chinese
9423,23622,3,137.5,South Indian
9424,23623,1,211.94,Pizza
9424,23624,1,102.5,South Indian
9424,23625,3,215.21,Biryani
9424,23626,1,81.3,Biryani
9425,23627,2,202.14,South Indian
9425,23628,1,297.64,South Indian
9425,23629,1,229.07,Cafe
9426,23630,3,174.46,South Indian
9426,23631,2,295.96,South Indian
9426,23632,3,108.87,Cafe
9427,23633,1,111.72,Chinese
9427,23634,1,83.67,Chinese
9427,23635,3,140.43,Cafe
9428,23636,1,276.69,Chinese
9428,23637,2,260.94,Cafe
9429,23638,2,179.44,North Indian
9429,23639,3,248.28,North Indian
9429,23640,3,220.33,Chinese
9430,23641,2,136.78,Chinese
9431,23642,1,86.17,Chinese
9431,23643,1,298.88,Biryani
9432,23644,3,291.28,North Indian
9432,23645,1,235.11,Pizza
9433,23646,2,165.75,Biryani
9433,23647,1,248.44,South Indian
9433,23648,2,226.28,Street Food
9433,23649,3,184.6,Street Food
9434,23650,1,218.56,North Indian
9434,23651,2,261.92,Pizza
9434,23652,3,289.55,Street Food
9435,23653,1,112.42,Pizza
9435,23654,3,162.65,Street Food
9435,23655,3,151.72,Street Food
9435,23656,3,180.35,Pizza
9436,23657,2,203.99,Pizza
9436,23658,2,211.57,Street Food
9436,23659,1,120.26,South Indian
9437,23660,2,233.62,Pizza
9437,23661,3,294.55,Chinese
9437,23662,3,199.85,Chinese
9437,23663,3,144.01,Chinese
9438,23664,2,133.51,Chinese
9438,23665,2,226.96,South Indian
9438,23666,1,90.52,South Indian
9438,23667,2,225.84,Biryani
9439,23668,2,283.68,Cafe
9439,23669,1,293.54,Street Food
9440,23670,1,186.71,Street Food
9441,23671,1,272.98,North Indian
9441,23672,2,172.3,Chinese
9441,23673,1,290.05,Chinese
9442,23674,1,224.18,Street Food
9442,23675,1,295.72,Cafe
9443,23676,1,163.16,Pizza
9443,23677,2,205.91,South Indian
9443,23678,1,257.56,North Indian
9443,23679,1,238.72,North Indian
9444,23680,1,139.06,South Indian
9444,23681,1,282.49,Pizza
9445,23682,3,264.79,Street Food
9445,23683,1,220.08,South Indian
9445,23684,1,264.83,South Indian
9445,23685,1,134.15,Biryani
9446,23686,1,268.28,Biryani
9446,23687,2,161.51,North Indian
9446,23688,2,263.43,Pizza
9447,23689,3,107.16,Pizza
9448,23690,1,211.08,Chinese
9448,23691,2,140.65,Biryani
9449,23692,2,165.58,Street Food
9450,23693,2,235.33,Pizza
9450,23694,1,220.0,Cafe
9450,23695,3,291.92,Street Food
9450,23696,3,172.81,North Indian
9451,23697,2,98.78,Pizza
9451,23698,2,271.42,Chinese
9451,23699,2,265.07,Pizza
9451,23700,1,139.97,Cafe
9452,23701,2,106.25,South Indian
9453,23702,3,178.97,Cafe
9453,23703,3,188.41,North Indian
9454,23704,1,204.85,Chinese
9455,23705,2,92.32,Street Food
9455,23706,3,125.13,Chinese
9455,23707,3,184.46,South Indian
9456,23708,3,269.73,North Indian
9456,23709,1,122.71,Chinese
9457,23710,3,288.39,Street Food
9457,23711,1,174.64,Pizza
9457,23712,1,81.26,Pizza
9458,23713,1,108.48,Cafe
9458,23714,1,218.59,North Indian
9458,23715,2,134.23,South Indian
9458,23716,2,172.24,Biryani
9459,23717,1,99.93,Cafe
9460,23718,2,83.57,Street Food
9460,23719,3,83.1,Pizza
9460,23720,3,174.94,North Indian
9460,23721,2,153.75,Cafe
9461,23722,3,94.26,Biryani
9461,23723,2,206.21,South Indian
9462,23724,2,214.91,Biryani
9462,23725,1,223.66,Pizza
9462,23726,1,160.08,North Indian
9463,23727,3,176.51,Street Food
9463,23728,3,273.95,Pizza
9464,23729,1,287.77,Chinese
9464,23730,2,178.0,Chinese
9465,23731,3,280.56,Street Food
9466,23732,3,290.62,North Indian
9466,23733,3,219.4,Biryani
9466,23734,1,175.45,North Indian
9467,23735,2,131.25,North Indian
9467,23736,3,221.94,Street Food
9468,23737,1,280.37,Biryani
9468,23738,1,107.13,Cafe
9468,23739,1,134.65,South Indian
9468,23740,2,151.03,Cafe
9469,23741,3,86.83,Street Food
9469,23742,1,121.55,Street Food
9470,23743,2,141.02,Cafe
9470,23744,2,252.4,North Indian
9470,23745,2,146.44,Chinese
9470,23746,2,280.31,Cafe
9471,23747,1,219.81,Pizza
9471,23748,3,104.95,Biryani
9471,23749,1,159.56,Pizza
9472,23750,3,245.28,Street Food
9472,23751,2,232.02,Biryani
9472,23752,2,205.65,Pizza
9473,23753,2,83.61,Street Food
9474,23754,1,155.68,Cafe
9475,23755,2,86.74,Street Food
9476,23756,1,138.42,Biryani
9476,23757,3,276.28,Pizza
9477,23758,2,184.71,Pizza
9478,23759,2,213.92,Cafe
9478,23760,2,87.24,Cafe
9478,23761,1,250.56,Street Food
9478,23762,1,120.16,North Indian
9479,23763,3,178.07,Cafe
9479,23764,3,172.71,Cafe
9479,23765,3,177.88,Street Food
9479,23766,2,231.71,Pizza
9480,23767,1,168.77,Pizza
9481,23768,1,148.29,Pizza
9482,23769,2,170.69,Biryani
9482,23770,2,94.13,Cafe
9483,23771,1,172.84,Cafe
9483,23772,1,190.42,Street Food
9483,23773,1,118.5,North Indian
9484,23774,1,282.02,Cafe
9484,23775,3,282.67,Street Food
9484,23776,2,189.81,Pizza
9485,23777,3,155.64,North Indian
9485,23778,1,172.89,Biryani
9485,23779,1,213.54,Cafe
9485,23780,3,84.81,Chinese
9486,23781,3,162.76,Chinese
9486,23782,3,201.04,North Indian
9486,23783,1,243.93,Street Food
9487,23784,2,290.01,South Indian
9487,23785,3,100.58,North Indian
9488,23786,1,103.23,North Indian
9488,23787,1,214.22,Chinese
9488,23788,3,190.47,Street Food
9489,23789,1,208.37,South Indian
9489,23790,2,219.31,Street Food
9489,23791,1,162.52,Cafe
9490,23792,1,250.25,Street Food
9490,23793,2,208.73,Pizza
9491,23794,2,192.67,Street Food
9492,23795,3,154.27,South Indian
9492,23796,1,290.65,Street Food
9493,23797,3,290.1,South Indian
9493,23798,1,116.55,Biryani
9494,23799,1,289.35,Chinese
9494,23800,1,266.67,North Indian
9495,23801,2,271.94,Chinese
9496,23802,3,232.14,Street Food
9496,23803,3,271.65,North Indian
9496,23804,2,271.69,Street Food
9496,23805,3,231.11,Cafe
9497,23806,1,253.91,Street Food
9497,23807,1,83.81,Street Food
9498,23808,2,261.65,Biryani
9499,23809,2,133.79,Street Food
9499,23810,1,279.0,Chinese
9499,23811,2,265.18,North Indian
9500,23812,3,226.21,Biryani
9500,23813,1,197.86,Street Food
9501,23814,1,96.87,Pizza
9501,23815,2,205.82,North Indian
9501,23816,2,291.84,Biryani
9502,23817,2,263.29,South Indian
9502,23818,2,127.72,North Indian
9502,23819,3,116.71,Cafe
9502,23820,1,197.29,Pizza
9503,23821,2,220.14,Biryani
9504,23822,1,245.16,South Indian
9504,23823,2,92.3,North Indian
9505,23824,1,265.41,North Indian
9505,23825,1,250.76,Biryani
9505,23826,1,286.17,Pizza
9505,23827,1,291.8,Biryani
9506,23828,3,182.02,Chinese
9507,23829,2,187.97,North Indian
9508,23830,2,172.22,Chinese
9509,23831,3,153.53,Chinese
9510,23832,1,141.5,North Indian
9510,23833,1,255.57,Pizza
9510,23834,3,275.7,North Indian
9511,23835,1,180.01,Cafe
9511,23836,2,177.9,South Indian
9511,23837,3,214.35,Biryani
9511,23838,2,137.0,South Indian
9512,23839,3,218.03,Street Food
9513,23840,1,263.98,Biryani
9513,23841,2,209.91,North Indian
9513,23842,2,250.94,South Indian
9513,23843,3,271.16,Biryani
9514,23844,3,119.66,South Indian
9514,23845,1,285.67,Chinese
9514,23846,3,287.95,Biryani
9515,23847,1,279.07,Chinese
9515,23848,2,255.4,Biryani
9516,23849,2,218.42,Pizza
9516,23850,2,250.71,North Indian
9516,23851,3,161.87,North Indian
9516,23852,3,90.88,Cafe
9517,23853,3,114.51,Cafe
9518,23854,1,177.48,Street Food
9518,23855,2,168.36,Chinese
9518,23856,3,277.88,Pizza
9518,23857,1,213.85,Chinese
9519,23858,1,204.74,South Indian
9519,23859,2,95.22,South Indian
9519,23860,3,172.01,Chinese
9519,23861,1,182.07,Pizza
9520,23862,3,185.04,Cafe
9520,23863,2,117.47,Cafe
9521,23864,2,287.33,Chinese
9522,23865,1,114.42,North Indian
9522,23866,3,159.17,Street Food
9523,23867,1,213.26,Biryani
9524,23868,1,217.43,Biryani
9525,23869,3,259.22,Biryani
9525,23870,2,100.67,Street Food
9526,23871,1,80.02,Chinese
9527,23872,2,182.34,Street Food
9528,23873,1,276.62,North Indian
9529,23874,1,286.2,Chinese
9529,23875,3,155.12,Street Food
9530,23876,3,184.66,Chinese
9530,23877,3,280.67,Pizza
9531,23878,3,224.63,Chinese
9531,23879,1,151.66,Chinese
9532,23880,3,284.26,Biryani
9532,23881,2,164.54,Cafe
9532,23882,1,276.15,Street Food
9532,23883,3,90.4,South Indian
9533,23884,1,166.01,Pizza
9533,23885,3,294.15,Chinese
9533,23886,2,285.1,Cafe
9533,23887,1,193.99,Chinese
9534,23888,3,198.38,Street Food
9535,23889,3,253.54,Pizza
9536,23890,1,249.6,Biryani
9536,23891,1,170.3,Chinese
9537,23892,2,138.14,Cafe
9537,23893,2,291.77,Pizza
9537,23894,2,276.32,North Indian
9538,23895,1,285.4,Pizza
9539,23896,3,214.0,Pizza
9539,23897,2,266.62,South Indian
9539,23898,2,150.2,North Indian
9539,23899,2,195.14,North Indian
9540,23900,2,156.93,Biryani
9540,23901,1,229.45,Chinese
9541,23902,3,260.25,Biryani
9541,23903,2,140.63,Chinese
9542,23904,1,226.72,Street Food
9543,23905,3,222.26,Cafe
9543,23906,2,195.8,Cafe
9543,23907,2,283.63,Cafe
9544,23908,2,256.49,Chinese
9544,23909,2,152.81,Cafe
9545,23910,3,121.64,Cafe
9545,23911,3,269.87,South Indian
9546,23912,1,258.91,South Indian
9546,23913,1,87.12,Biryani
9546,23914,3,208.42,Street Food
9547,23915,1,115.66,Street Food
9548,23916,1,215.36,North Indian
9548,23917,3,298.49,North Indian
9548,23918,1,90.5,Cafe
9549,23919,3,145.67,Chinese
9549,23920,3,108.69,Street Food
9550,23921,1,272.91,Chinese
9551,23922,1,177.21,Pizza
9552,23923,3,219.49,North Indian
9552,23924,3,118.49,Biryani
9552,23925,1,110.91,Biryani
9553,23926,1,104.6,Biryani
9553,23927,3,173.88,Street Food
9553,23928,3,179.32,Street Food
9554,23929,2,217.04,North Indian
9554,23930,2,207.11,Biryani
9555,23931,2,238.73,Street Food
9555,23932,3,248.84,Pizza
9556,23933,1,213.77,Pizza
9556,23934,2,244.08,Pizza
9556,23935,2,213.5,North Indian
9556,23936,3,275.98,South Indian
9557,23937,3,277.18,Cafe
9558,23938,1,222.55,Street Food
9558,23939,3,287.45,Pizza
9559,23940,3,256.82,Pizza
9560,23941,2,143.93,Biryani
9560,23942,2,288.91,Chinese
9560,23943,2,225.5,Pizza
9561,23944,3,295.71,Biryani
9561,23945,3,180.98,North Indian
9562,23946,1,271.53,Chinese
9563,23947,3,214.65,Chinese
9563,23948,3,164.18,Chinese
9563,23949,2,169.71,Chinese
9564,23950,1,106.37,South Indian
9564,23951,3,104.3,Street Food
9564,23952,2,285.08,North Indian
9565,23953,2,190.02,South Indian
9565,23954,1,295.17,Street Food
9566,23955,3,236.35,Street Food
9566,23956,2,295.77,North Indian
9567,23957,2,230.23,Street Food
9567,23958,2,294.46,North Indian
9567,23959,2,109.32,Cafe
9568,23960,3,103.92,Pizza
9569,23961,1,251.88,Pizza
9569,23962,3,282.15,Biryani
9569,23963,2,202.53,Chinese
9569,23964,3,297.56,Pizza
9570,23965,3,103.31,Chinese
9570,23966,3,279.74,Pizza
9570,23967,2,234.5,Pizza
9570,23968,3,241.24,South Indian
9571,23969,1,267.28,Cafe
9571,23970,1,121.22,Chinese
9571,23971,1,256.07,Cafe
9571,23972,2,265.07,Cafe
9572,23973,1,122.67,South Indian
9572,23974,3,191.41,North Indian
9573,23975,3,217.06,Cafe
9573,23976,1,255.92,Cafe
9573,23977,1,126.67,Pizza
9573,23978,1,297.96,Pizza
9574,23979,3,234.91,Pizza
9575,23980,3,176.72,Pizza
9576,23981,3,94.79,South Indian
9576,23982,2,163.53,North Indian
9576,23983,2,94.1,Cafe
9576,23984,3,118.22,Street Food
9577,23985,3,188.46,North Indian
9577,23986,2,127.35,South Indian
9577,23987,1,299.69,South Indian
9578,23988,1,226.91,South Indian
9578,23989,1,258.55,North Indian
9578,23990,3,256.09,Street Food
9578,23991,1,213.48,Pizza
9579,23992,2,128.17,Cafe
9579,23993,2,184.47,Cafe
9580,23994,3,216.63,Biryani
9580,23995,2,111.8,Pizza
9580,23996,3,171.11,North Indian
9581,23997,3,265.71,North Indian
9581,23998,2,146.05,Chinese
9581,23999,3,104.85,North Indian
9581,24000,2,103.29,Street Food
9582,24001,3,259.7,South Indian
9582,24002,2,82.78,Chinese
9582,24003,2,216.09,Cafe
9582,24004,3,180.37,North Indian
9583,24005,3,222.58,Biryani
9583,24006,3,265.39,Cafe
9583,24007,2,202.05,North Indian
9584,24008,3,158.64,Biryani
9584,24009,1,127.28,Biryani
9585,24010,3,188.13,Street Food
9586,24011,2,190.33,Cafe
9586,24012,2,114.93,Chinese
9587,24013,1,280.13,South Indian
9588,24014,1,298.8,Biryani
9588,24015,3,94.57,South Indian
9588,24016,3,236.59,Pizza
9588,24017,2,149.36,Street Food
9589,24018,1,213.52,Cafe
9589,24019,3,234.63,Pizza
9589,24020,2,237.37,Street Food
9590,24021,1,286.32,South Indian
9590,24022,2,245.95,Cafe
9590,24023,2,298.98,South Indian
9590,24024,2,225.3,Cafe
9591,24025,2,126.58,North Indian
9591,24026,2,283.37,Cafe
9591,24027,1,154.87,South Indian
9591,24028,2,228.52,Street Food
9592,24029,1,142.18,Pizza
9592,24030,1,234.01,Street Food
9592,24031,2,111.2,Street Food
9593,24032,2,175.92,Pizza
9593,24033,3,237.02,Street Food
9593,24034,2,194.78,North Indian
9593,24035,3,149.38,Chinese
9594,24036,1,97.52,North Indian
9595,24037,2,166.54,Cafe
9595,24038,1,239.32,Biryani
9595,24039,3,269.36,South Indian
9595,24040,3,146.81,North Indian
9596,24041,3,158.04,Pizza
9596,24042,1,212.22,North Indian
9597,24043,3,137.31,Biryani
9598,24044,2,202.0,North Indian
9599,24045,3,154.52,Biryani
9599,24046,3,160.18,North Indian
9599,24047,1,221.15,Cafe
9599,24048,1,230.08,South Indian
9600,24049,1,295.49,Pizza
9600,24050,2,84.77,Street Food
9600,24051,3,144.66,South Indian
9600,24052,1,238.39,North Indian
9601,24053,2,203.22,Pizza
9601,24054,3,282.8,Chinese
9602,24055,2,278.21,Biryani
9603,24056,2,259.08,Biryani
9603,24057,3,296.56,Street Food
9604,24058,3,186.33,Street Food
9604,24059,1,255.42,South Indian
9604,24060,1,183.63,Cafe
9605,24061,1,244.93,Pizza
9606,24062,1,243.02,Pizza
9606,24063,2,287.19,North Indian
9606,24064,2,195.45,Pizza
9607,24065,3,108.84,Street Food
9607,24066,1,219.28,Pizza
9607,24067,3,140.11,North Indian
9608,24068,3,293.41,Street Food
9608,24069,2,297.56,North Indian
9608,24070,2,153.04,Pizza
9609,24071,2,207.16,Street Food
9609,24072,1,270.41,Biryani
9609,24073,1,101.09,Biryani
9610,24074,3,166.74,South Indian
9611,24075,3,276.02,Cafe
9611,24076,2,248.6,Pizza
9611,24077,2,143.99,Chinese
9612,24078,3,299.81,Street Food
9613,24079,1,91.1,South Indian
9613,24080,3,110.36,Pizza
9613,24081,3,295.3,Chinese
9613,24082,3,172.84,Biryani
9614,24083,2,162.6,Chinese
9614,24084,1,268.37,Street Food
9615,24085,2,253.3,Street Food
9616,24086,2,195.04,Street Food
9617,24087,3,214.28,Pizza
9618,24088,3,222.95,Biryani
9618,24089,2,102.74,Pizza
9618,24090,3,113.45,Cafe
9619,24091,3,96.93,Biryani
9620,24092,3,163.92,Pizza
9620,24093,2,185.36,North Indian
9621,24094,1,237.11,Pizza
9621,24095,2,186.85,Street Food
9622,24096,2,147.83,Pizza
9622,24097,1,198.54,Biryani
9622,24098,2,225.07,South Indian
9623,24099,2,88.09,North Indian
9624,24100,1,236.87,Biryani
9624,24101,3,130.93,Street Food
9624,24102,3,152.07,Pizza
9624,24103,1,141.97,Pizza
9625,24104,3,127.94,North Indian
9626,24105,3,120.2,Street Food
9627,24106,1,153.8,Street Food
9628,24107,1,288.93,South Indian
9628,24108,3,109.64,Chinese
9628,24109,1,116.2,Pizza
9629,24110,2,233.31,Street Food
9629,24111,1,173.66,Chinese
9629,24112,2,170.73,Cafe
9629,24113,1,265.37,Cafe
9630,24114,3,113.5,Biryani
9631,24115,2,95.1,Cafe
9631,24116,1,237.33,Street Food
9631,24117,1,86.34,Chinese
9632,24118,1,251.97,North Indian
9633,24119,2,271.97,Chinese
9633,24120,3,113.28,Street Food
9633,24121,2,227.54,North Indian
9634,24122,1,276.49,Chinese
9634,24123,2,110.01,Biryani
9634,24124,3,183.78,Chinese
9635,24125,3,287.07,North Indian
9635,24126,3,85.57,Street Food
9635,24127,2,284.22,Street Food
9635,24128,2,114.37,North Indian
9636,24129,3,272.9,Street Food
9636,24130,3,190.42,Chinese
9636,24131,2,241.42,Pizza
9637,24132,1,270.68,Pizza
9637,24133,1,259.31,Biryani
9637,24134,1,103.21,South Indian
9638,24135,1,146.65,Biryani
9638,24136,3,169.32,South Indian
9639,24137,2,190.92,South Indian
9639,24138,3,149.88,Chinese
9639,24139,3,155.55,Biryani
9639,24140,3,274.12,Cafe
9640,24141,2,260.78,South Indian
9640,24142,2,156.27,Cafe
9640,24143,2,88.37,North Indian
9640,24144,2,170.31,Biryani
9641,24145,2,269.67,South Indian
9641,24146,1,216.78,North Indian
9641,24147,3,284.96,Biryani
9642,24148,3,100.5,North Indian
9643,24149,1,215.27,South Indian
9643,24150,3,239.28,Street Food
9643,24151,3,220.24,North Indian
9643,24152,1,164.07,Chinese
9644,24153,1,278.59,North Indian
9645,24154,2,136.74,Street Food
9645,24155,3,230.92,North Indian
9646,24156,1,216.3,Biryani
9646,24157,3,251.29,North Indian
9647,24158,3,237.6,Pizza
9648,24159,2,283.63,Chinese
9648,24160,2,252.96,Chinese
9648,24161,2,110.42,Street Food
9649,24162,3,230.43,Pizza
9649,24163,2,147.91,Pizza
9650,24164,3,142.04,Chinese
9651,24165,3,254.96,Biryani
9651,24166,3,271.4,Street Food
9651,24167,3,81.51,Chinese
9651,24168,1,212.51,Biryani
9652,24169,3,148.83,Biryani
9653,24170,2,162.74,Cafe
9654,24171,1,165.75,Cafe
9654,24172,2,248.12,South Indian
9655,24173,3,101.38,South Indian
9655,24174,1,160.13,South Indian
9655,24175,1,192.02,Cafe
9656,24176,1,129.92,Cafe
9657,24177,2,170.26,Pizza
9657,24178,2,226.19,Street Food
9658,24179,3,223.57,Cafe
9658,24180,2,241.0,Pizza
9658,24181,2,99.75,Biryani
9658,24182,1,296.39,Biryani
9659,24183,1,183.37,South Indian
9660,24184,2,117.64,Chinese
9660,24185,3,154.52,North Indian
9660,24186,2,265.72,Pizza
9660,24187,1,286.5,Chinese
9661,24188,2,254.45,North Indian
9661,24189,2,257.55,North Indian
9662,24190,1,131.31,Street Food
9663,24191,2,292.23,North Indian
9663,24192,2,274.15,South Indian
9663,24193,3,128.24,Street Food
9664,24194,3,294.91,South Indian
9664,24195,3,187.31,Pizza
9664,24196,2,92.96,South Indian
9665,24197,3,290.73,South Indian
9665,24198,3,217.18,Street Food
9665,24199,1,191.6,Street Food
9665,24200,1,162.68,Biryani
9666,24201,2,296.18,North Indian
9666,24202,1,257.63,South Indian
9667,24203,2,139.18,North Indian
9667,24204,3,167.85,North Indian
9667,24205,2,288.86,Chinese
9668,24206,3,130.04,North Indian
9668,24207,2,144.89,Cafe
9669,24208,3,173.66,North Indian
9669,24209,2,192.48,Pizza
9669,24210,3,118.82,South Indian
9669,24211,2,169.41,Cafe
9670,24212,3,134.5,North Indian
9670,24213,3,257.62,South Indian
9671,24214,2,269.49,North Indian
9671,24215,1,184.31,North Indian
9672,24216,2,234.79,Pizza
9672,24217,2,133.27,Street Food
9672,24218,2,254.59,South Indian
9673,24219,1,155.28,North Indian
9674,24220,2,244.07,South Indian
9674,24221,2,81.57,Biryani
9675,24222,1,183.41,Cafe
9675,24223,3,216.42,Chinese
9675,24224,1,131.17,North Indian
9675,24225,1,218.63,Biryani
9676,24226,3,194.48,Cafe
9676,24227,2,122.79,Biryani
9676,24228,2,102.09,South Indian
9676,24229,1,227.72,Pizza
9677,24230,2,246.89,Chinese
9677,24231,2,134.83,Street Food
9677,24232,2,87.93,Pizza
9678,24233,1,110.07,Pizza
9678,24234,1,191.82,Chinese
9678,24235,1,175.63,South Indian
9679,24236,1,94.0,Biryani
9680,24237,2,138.26,Street Food
9681,24238,3,283.12,Chinese
9681,24239,2,265.01,North Indian
9682,24240,1,184.91,Chinese
9682,24241,1,155.37,Pizza
9683,24242,1,114.15,Chinese
9683,24243,3,110.64,South Indian
9683,24244,2,96.28,Biryani
9684,24245,3,82.08,Chinese
9684,24246,2,97.2,North Indian
9685,24247,3,193.97,South Indian
9685,24248,3,261.44,Street Food
9685,24249,2,191.81,South Indian
9686,24250,3,190.91,Chinese
9686,24251,2,122.34,North Indian
9687,24252,3,242.67,Street Food
9687,24253,2,175.46,North Indian
9688,24254,3,82.63,Street Food
9688,24255,1,242.36,Biryani
9688,24256,3,279.81,Street Food
9689,24257,3,241.51,North Indian
9689,24258,1,183.42,North Indian
9689,24259,2,232.69,Biryani
9689,24260,2,222.19,Pizza
9690,24261,2,255.0,North Indian
9690,24262,1,149.9,Street Food
9690,24263,1,221.31,Street Food
9691,24264,1,115.94,Cafe
9691,24265,2,145.81,South Indian
9692,24266,1,177.3,Chinese
9692,24267,3,147.8,Street Food
9693,24268,1,273.41,South Indian
9693,24269,3,207.16,South Indian
9693,24270,2,185.89,Street Food
9694,24271,3,208.63,South Indian
9694,24272,3,277.71,South Indian
9694,24273,2,123.83,Pizza
9695,24274,3,145.11,South Indian
9695,24275,1,220.91,Cafe
9695,24276,2,93.89,Chinese
9695,24277,3,136.22,Cafe
9696,24278,1,143.07,Chinese
9696,24279,3,228.06,South Indian
9696,24280,2,88.79,Chinese
9697,24281,3,289.04,Chinese
9697,24282,2,199.12,Chinese
9698,24283,3,278.39,Street Food
9699,24284,1,284.82,Pizza
9700,24285,3,285.24,Chinese
9700,24286,3,215.7,Chinese
9700,24287,3,153.56,Street Food
9700,24288,3,246.95,Cafe
9701,24289,1,245.75,Cafe
9702,24290,1,272.85,Cafe
9703,24291,1,242.03,North Indian
9703,24292,1,103.03,Cafe
9704,24293,1,276.41,Cafe
9704,24294,3,276.17,Pizza
9704,24295,1,158.42,North Indian
9704,24296,3,180.23,Cafe
9705,24297,3,86.63,Cafe
9706,24298,1,296.4,South Indian
9706,24299,2,151.69,Cafe
9707,24300,3,190.13,North Indian
9707,24301,1,278.63,Chinese
9708,24302,1,277.94,Chinese
9708,24303,2,195.03,North Indian
9708,24304,2,252.32,Cafe
9708,24305,3,273.41,North Indian
9709,24306,2,170.33,Biryani
9709,24307,3,97.0,Cafe
9709,24308,1,216.87,Pizza
9709,24309,1,112.12,South Indian
9710,24310,3,294.68,Pizza
9710,24311,2,250.22,Biryani
9711,24312,2,204.83,Chinese
9711,24313,2,283.88,Street Food
9711,24314,3,279.08,South Indian
9712,24315,2,146.13,Biryani
9713,24316,1,182.85,South Indian
9713,24317,1,161.01,Biryani
9713,24318,1,169.92,Street Food
9714,24319,2,277.91,South Indian
9715,24320,3,108.3,South Indian
9715,24321,1,282.86,North Indian
9715,24322,3,214.87,Pizza
9715,24323,2,112.2,South Indian
9716,24324,1,187.11,North Indian
9716,24325,1,250.02,North Indian
9716,24326,3,142.54,Pizza
9717,24327,3,192.59,South Indian
9717,24328,1,185.37,Street Food
9717,24329,2,192.77,Biryani
9718,24330,1,188.89,Chinese
9718,24331,3,183.56,Cafe
9719,24332,1,140.08,Chinese
9719,24333,1,198.82,Pizza
9719,24334,3,168.94,Pizza
9719,24335,1,228.68,Cafe
9720,24336,3,259.95,Pizza
9720,24337,3,259.73,Pizza
9720,24338,1,202.2,North Indian
9720,24339,1,169.93,North Indian
9721,24340,3,168.91,Chinese
9721,24341,1,99.41,South Indian
9721,24342,2,186.29,South Indian
9722,24343,1,220.77,Chinese
9722,24344,3,242.7,North Indian
9723,24345,2,90.72,South Indian
9723,24346,2,110.97,Chinese
9724,24347,2,148.74,North Indian
9724,24348,2,198.53,Pizza
9725,24349,2,285.14,Chinese
9725,24350,2,205.42,Biryani
9725,24351,2,106.71,Biryani
9725,24352,1,163.4,Cafe
9726,24353,3,207.63,Biryani
9727,24354,3,247.29,South Indian
9728,24355,2,211.65,Chinese
9729,24356,3,195.89,Cafe
9729,24357,1,184.68,Chinese
9729,24358,2,291.34,Cafe
9730,24359,3,130.63,North Indian
9730,24360,3,120.15,Chinese
9730,24361,2,110.49,Chinese
9731,24362,1,247.01,South Indian
9732,24363,3,206.68,Cafe
9733,24364,1,292.87,Pizza
9733,24365,2,91.16,South Indian
9733,24366,2,291.88,Pizza
9733,24367,1,289.83,Cafe
9734,24368,1,274.34,North Indian
9734,24369,3,154.52,Biryani
9735,24370,3,168.92,North Indian
9735,24371,1,235.42,Biryani
9736,24372,3,261.35,Biryani
9736,24373,3,270.36,Pizza
9737,24374,1,291.14,Pizza
9737,24375,1,144.24,Street Food
9737,24376,3,196.79,South Indian
9738,24377,2,110.24,Biryani
9738,24378,3,222.74,Pizza
9739,24379,1,175.34,Cafe
9739,24380,1,231.28,Chinese
9739,24381,3,293.45,North Indian
9740,24382,3,227.1,Street Food
9741,24383,1,266.16,South Indian
9741,24384,1,208.79,Cafe
9741,24385,2,115.94,Pizza
9742,24386,1,251.3,Pizza
9742,24387,2,166.03,Cafe
9742,24388,3,240.05,Street Food
9742,24389,1,198.49,Pizza
9743,24390,2,264.33,North Indian
9743,24391,3,180.26,Street Food
9743,24392,1,117.79,Pizza
9744,24393,3,106.93,Pizza
9744,24394,2,267.32,Chinese
9744,24395,3,276.22,Biryani
9745,24396,1,276.17,North Indian
9745,24397,2,237.83,Pizza
9746,24398,2,217.48,Chinese
9747,24399,3,285.58,Cafe
9748,24400,2,266.29,South Indian
9748,24401,1,278.6,Biryani
9748,24402,3,132.06,Pizza
9749,24403,1,207.79,North Indian
9749,24404,1,179.5,Cafe
9749,24405,3,147.49,Pizza
9749,24406,1,242.58,Biryani
9750,24407,1,239.6,Chinese
9750,24408,1,123.03,Pizza
9750,24409,2,151.98,South Indian
9751,24410,3,81.77,Chinese
9752,24411,3,84.43,Chinese
9752,24412,2,222.25,Cafe
9753,24413,3,123.21,Street Food
9754,24414,3,114.16,South Indian
9754,24415,3,80.48,South Indian
9755,24416,2,191.06,Cafe
9756,24417,3,189.34,Cafe
9756,24418,3,170.08,Chinese
9757,24419,3,213.43,Cafe
9757,24420,3,168.6,South Indian
9758,24421,3,257.21,Biryani
9758,24422,3,225.99,North Indian
9758,24423,3,116.5,South Indian
9759,24424,3,172.78,North Indian
9760,24425,1,198.66,Biryani
9760,24426,3,120.7,Cafe
9761,24427,2,132.92,Street Food
9761,24428,1,296.71,Chinese
9761,24429,1,268.94,Street Food
9762,24430,2,126.17,North Indian
9763,24431,2,92.17,Pizza
9764,24432,1,182.68,Pizza
9764,24433,3,287.41,South Indian
9764,24434,3,286.17,Biryani
9764,24435,1,133.99,South Indian
9765,24436,2,136.45,Street Food
9765,24437,1,246.78,South Indian
9765,24438,3,225.23,Street Food
9766,24439,3,189.86,North Indian
9766,24440,2,119.09,North Indian
9766,24441,3,140.34,South Indian
9766,24442,2,171.33,Street Food
9767,24443,2,176.36,North Indian
9767,24444,2,173.31,North Indian
9767,24445,3,135.99,North Indian
9767,24446,2,128.09,Chinese
9768,24447,3,110.62,Chinese
9769,24448,1,279.51,Pizza
9769,24449,3,106.46,Cafe
9770,24450,1,295.84,Street Food
9770,24451,2,290.83,Chinese
9770,24452,2,289.0,South Indian
9771,24453,1,230.24,Chinese
9772,24454,3,107.96,Chinese
9773,24455,2,107.37,North Indian
9773,24456,3,147.6,Pizza
9773,24457,2,134.43,Pizza
9774,24458,3,113.48,Street Food
9775,24459,3,258.18,Cafe
9775,24460,1,256.87,South Indian
9775,24461,3,129.06,Cafe
9775,24462,3,264.75,Street Food
9776,24463,2,176.68,North Indian
9776,24464,3,201.28,Cafe
9776,24465,2,124.81,Chinese
9776,24466,1,157.9,Cafe
9777,24467,2,93.2,South Indian
9778,24468,3,197.38,North Indian
9778,24469,3,114.56,Chinese
9778,24470,2,282.79,Chinese
9779,24471,2,203.02,Biryani
9779,24472,1,269.42,Cafe
9780,24473,1,124.9,Cafe
9780,24474,1,168.93,Cafe
9780,24475,3,195.01,North Indian
9780,24476,2,249.42,Cafe
9781,24477,1,234.64,South Indian
9782,24478,3,108.71,North Indian
9783,24479,3,227.5,Street Food
9784,24480,2,231.75,North Indian
9785,24481,3,205.73,Pizza
9785,24482,2,138.84,Pizza
9786,24483,2,192.47,South Indian
9786,24484,2,205.7,South Indian
9786,24485,1,175.87,South Indian
9786,24486,3,210.67,South Indian
9787,24487,3,131.79,Chinese
9787,24488,2,148.64,North Indian
9787,24489,3,155.16,Chinese
9788,24490,1,188.03,North Indian
9788,24491,2,153.56,Chinese
9788,24492,3,206.56,Pizza
9788,24493,2,131.85,South Indian
9789,24494,2,209.19,South Indian
9789,24495,1,258.2,Street Food
9789,24496,1,151.56,Biryani
9790,24497,1,209.02,South Indian
9790,24498,3,294.25,Street Food
9790,24499,1,165.35,Chinese
9790,24500,1,91.45,South Indian
9791,24501,1,84.29,Chinese
9791,24502,3,109.7,North Indian
9791,24503,1,257.25,Chinese
9791,24504,1,95.46,Cafe
9792,24505,3,104.27,North Indian
9792,24506,3,194.8,Biryani
9793,24507,1,243.22,Street Food
9793,24508,3,120.21,Cafe
9793,24509,2,101.67,Street Food
9793,24510,1,155.15,Cafe
9794,24511,2,273.53,South Indian
9794,24512,3,93.29,North Indian
9794,24513,2,205.17,Cafe
9794,24514,1,264.56,North Indian
9795,24515,3,270.32,Chinese
9795,24516,1,180.55,Cafe
9795,24517,2,130.35,Biryani
9796,24518,3,200.77,Street Food
9797,24519,3,126.68,Pizza
9797,24520,3,293.14,Cafe
9797,24521,3,273.34,Pizza
9797,24522,3,181.48,Street Food
9798,24523,1,100.48,Chinese
9798,24524,3,232.45,Chinese
9798,24525,1,275.69,South Indian
9798,24526,3,218.21,North Indian
9799,24527,2,184.64,Street Food
9799,24528,1,87.65,Cafe
9799,24529,1,238.47,Street Food
9800,24530,2,251.18,Cafe
9800,24531,3,238.52,Biryani
9801,24532,3,206.78,Chinese
9802,24533,2,280.89,Cafe
9802,24534,1,265.22,South Indian
9803,24535,1,198.67,Pizza
9804,24536,2,233.13,South Indian
9804,24537,3,139.15,Street Food
9804,24538,2,240.5,North Indian
9804,24539,2,128.56,North Indian
9805,24540,1,234.57,Street Food
9806,24541,2,122.54,Pizza
9807,24542,1,91.36,Pizza
9807,24543,3,256.78,South Indian
9807,24544,2,107.5,Chinese
9807,24545,2,284.87,Cafe
9808,24546,2,137.19,North Indian
9808,24547,2,94.25,South Indian
9808,24548,1,209.99,Chinese
9808,24549,1,175.7,Chinese
9809,24550,2,232.17,Pizza
9809,24551,2,285.12,Pizza
9809,24552,3,193.06,North Indian
9810,24553,1,87.98,Chinese
9810,24554,2,264.75,Street Food
9811,24555,2,285.98,North Indian
9811,24556,3,226.1,North Indian
9811,24557,2,255.61,Chinese
9812,24558,3,274.91,South Indian
9812,24559,3,180.9,Street Food
9813,24560,1,184.59,Chinese
9813,24561,3,237.9,South Indian
9813,24562,2,216.23,Cafe
9813,24563,1,142.92,South Indian
9814,24564,2,201.91,South Indian
9814,24565,1,231.42,Biryani
9814,24566,3,82.77,Street Food
9815,24567,1,88.07,South Indian
9815,24568,2,195.52,North Indian
9815,24569,3,257.11,North Indian
9815,24570,3,174.86,Cafe
9816,24571,3,126.41,Street Food
9816,24572,3,265.54,Street Food
9817,24573,2,122.01,Street Food
9817,24574,2,287.08,Pizza
9817,24575,3,231.82,South Indian
9818,24576,1,257.98,Cafe
9818,24577,3,137.83,North Indian
9818,24578,2,201.59,Biryani
9819,24579,1,135.37,Biryani
9819,24580,3,291.46,North Indian
9819,24581,3,123.67,North Indian
9819,24582,3,223.41,South Indian
9820,24583,1,242.76,Chinese
9820,24584,1,204.74,Chinese
9821,24585,3,171.15,South Indian
9822,24586,1,147.03,North Indian
9822,24587,3,160.05,Cafe
9823,24588,3,241.0,Biryani
9823,24589,1,133.47,South Indian
9824,24590,2,229.5,Pizza
9824,24591,1,227.08,South Indian
9825,24592,3,195.36,Chinese
9825,24593,3,115.55,Street Food
9825,24594,3,285.5,Biryani
9826,24595,3,244.52,North Indian
9826,24596,2,289.91,Biryani
9826,24597,1,151.16,Biryani
9827,24598,1,157.0,Pizza
9827,24599,2,140.32,Chinese
9827,24600,1,266.04,South Indian
9828,24601,1,91.51,Pizza
9828,24602,1,166.13,Pizza
9828,24603,1,141.13,Biryani
9828,24604,2,93.18,Cafe
9829,24605,3,280.86,North Indian
9829,24606,2,283.92,Biryani
9830,24607,3,111.0,Chinese
9831,24608,2,172.84,South Indian
9831,24609,3,224.9,Pizza
9831,24610,3,205.9,South Indian
9832,24611,2,251.56,Cafe
9833,24612,1,133.62,North Indian
9834,24613,2,174.57,North Indian
9834,24614,2,210.27,Biryani
9835,24615,3,188.49,Biryani
9836,24616,1,252.9,Pizza
9836,24617,3,276.92,Street Food
9836,24618,2,127.63,North Indian
9836,24619,3,91.48,South Indian
9837,24620,3,95.32,South Indian
9837,24621,2,116.55,Cafe
9837,24622,1,279.44,Chinese
9837,24623,2,194.47,North Indian
9838,24624,1,112.7,South Indian
9839,24625,1,128.5,Street Food
9840,24626,3,220.95,Street Food
9840,24627,1,202.07,Pizza
9840,24628,1,273.74,North Indian
9840,24629,3,254.85,North Indian
9841,24630,2,115.08,Chinese
9841,24631,1,283.28,Biryani
9841,24632,2,243.24,Street Food
9842,24633,2,233.51,South Indian
9842,24634,3,165.8,Biryani
9842,24635,3,96.29,North Indian
9843,24636,1,240.55,Chinese
9843,24637,1,160.0,Chinese
9843,24638,2,265.17,Biryani
9844,24639,3,261.57,South Indian
9844,24640,1,231.18,North Indian
9845,24641,2,239.53,Biryani
9846,24642,2,157.9,Chinese
9846,24643,1,271.16,Biryani
9847,24644,2,292.12,South Indian
9848,24645,2,262.65,Cafe
9848,24646,3,264.6,Cafe
9848,24647,1,241.07,Biryani
9848,24648,2,109.0,Street Food
9849,24649,2,271.66,Cafe
9850,24650,3,237.13,South Indian
9851,24651,1,149.81,Cafe
9851,24652,1,179.57,Pizza
9851,24653,3,115.49,South Indian
9851,24654,2,123.91,Cafe
9852,24655,1,285.69,Pizza
9852,24656,1,163.67,North Indian
9852,24657,1,246.49,Biryani
9852,24658,1,154.63,North Indian
9853,24659,3,100.84,Cafe
9853,24660,2,113.74,Street Food
9853,24661,2,82.74,Chinese
9853,24662,2,286.73,Biryani
9854,24663,2,148.35,North Indian
9854,24664,1,285.7,Cafe
9855,24665,3,251.45,Chinese
9855,24666,2,216.02,Pizza
9856,24667,2,291.6,Chinese
9857,24668,1,152.34,Biryani
9858,24669,3,200.7,South Indian
9858,24670,1,273.97,South Indian
9858,24671,1,186.76,Biryani
9858,24672,1,104.25,Street Food
9859,24673,2,175.67,Chinese
9859,24674,1,169.29,Cafe
9859,24675,1,82.13,Street Food
9859,24676,1,85.61,Biryani
9860,24677,2,223.36,South Indian
9860,24678,1,91.1,South Indian
9860,24679,1,221.19,South Indian
9860,24680,1,274.84,Pizza
9861,24681,2,114.43,Chinese
9862,24682,1,298.27,South Indian
9862,24683,2,186.17,Chinese
9862,24684,2,84.4,Biryani
9863,24685,1,238.89,Cafe
9863,24686,1,196.14,Street Food
9864,24687,2,111.86,Biryani
9864,24688,1,115.21,Biryani
9864,24689,2,140.88,Pizza
9864,24690,2,128.34,North Indian
9865,24691,3,105.54,South Indian
9865,24692,1,204.1,Pizza
9866,24693,3,127.09,Chinese
9866,24694,2,105.09,Street Food
9866,24695,2,275.76,Cafe
9867,24696,1,82.83,Street Food
9867,24697,3,117.84,Biryani
9867,24698,3,188.87,South Indian
9867,24699,2,202.39,South Indian
9868,24700,3,83.63,Chinese
9868,24701,1,168.46,Biryani
9868,24702,1,106.25,Chinese
9869,24703,1,182.54,Chinese
9870,24704,2,266.21,North Indian
9870,24705,1,221.82,Pizza
9870,24706,3,257.12,Cafe
9871,24707,2,180.7,Pizza
9872,24708,2,239.82,Street Food
9872,24709,3,242.34,Biryani
9872,24710,1,105.46,North Indian
9872,24711,1,126.27,North Indian
9873,24712,3,211.05,Street Food
9874,24713,3,147.57,Pizza
9875,24714,3,153.1,Cafe
9875,24715,2,277.0,Biryani
9875,24716,3,202.39,Chinese
9876,24717,1,256.58,South Indian
9877,24718,3,125.09,Chinese
9878,24719,3,253.35,Biryani
9879,24720,3,109.15,Cafe
9879,24721,2,83.77,Street Food
9879,24722,2,172.37,North Indian
9880,24723,1,267.49,Chinese
9880,24724,1,110.54,North Indian
9880,24725,2,248.22,South Indian
9880,24726,2,276.6,Biryani
9881,24727,2,266.99,South Indian
9881,24728,3,157.11,Cafe
9881,24729,1,191.54,Chinese
9881,24730,2,184.12,South Indian
9882,24731,3,213.48,Chinese
9882,24732,2,257.67,Chinese
9883,24733,1,253.59,Biryani
9883,24734,1,159.71,Pizza
9883,24735,2,232.84,Chinese
9884,24736,1,254.32,Cafe
9885,24737,2,220.8,Chinese
9886,24738,1,108.05,Pizza
9886,24739,3,109.08,Cafe
9886,24740,1,120.87,Cafe
9887,24741,1,107.16,South Indian
9887,24742,1,229.22,Pizza
9888,24743,3,130.54,Street Food
9889,24744,3,190.34,Biryani
9889,24745,3,239.55,Cafe
9890,24746,3,119.82,Street Food
9891,24747,1,92.74,Chinese
9891,24748,1,93.45,Cafe
9891,24749,1,86.71,Cafe
9891,24750,3,143.19,North Indian
9892,24751,3,280.16,Street Food
9892,24752,2,184.27,Street Food
9892,24753,2,154.19,South Indian
9892,24754,1,200.85,South Indian
9893,24755,2,125.22,Pizza
9893,24756,3,145.02,North Indian
9893,24757,2,200.21,Street Food
9893,24758,3,183.69,Cafe
9894,24759,3,238.34,North Indian
9894,24760,3,138.72,Street Food
9895,24761,2,212.45,Pizza
9895,24762,3,144.85,Cafe
9896,24763,3,126.63,North Indian
9896,24764,3,197.74,Biryani
9897,24765,3,297.65,Biryani
9898,24766,3,273.46,North Indian
9899,24767,2,150.21,Street Food
9899,24768,1,237.05,Cafe
9899,24769,2,220.38,Pizza
9899,24770,1,275.6,Chinese
9900,24771,1,118.12,South Indian
9901,24772,2,250.08,Biryani
9901,24773,2,143.01,North Indian
9902,24774,2,273.83,South Indian
9903,24775,2,223.43,South Indian
9903,24776,3,210.81,Street Food
9903,24777,3,95.63,South Indian
9903,24778,3,225.26,Pizza
9904,24779,3,84.55,South Indian
9904,24780,2,236.62,Pizza
9904,24781,1,173.16,Biryani
9905,24782,1,209.77,South Indian
9905,24783,1,212.18,North Indian
9905,24784,1,281.01,Biryani
9905,24785,2,291.2,Chinese
9906,24786,2,246.69,Cafe
9907,24787,2,193.52,Cafe
9907,24788,1,273.78,Biryani
9907,24789,1,232.96,Pizza
9908,24790,2,259.54,Pizza
9909,24791,3,274.19,North Indian
9909,24792,2,214.75,South Indian
9909,24793,1,195.7,South Indian
9910,24794,2,134.66,South Indian
9910,24795,1,85.44,Chinese
9911,24796,2,113.21,Cafe
9911,24797,3,91.04,Cafe
9911,24798,2,116.65,Pizza
9911,24799,3,133.36,Biryani
9912,24800,3,250.26,South Indian
9912,24801,3,223.16,Biryani
9912,24802,2,111.25,South Indian
9913,24803,2,127.02,Chinese
9913,24804,3,198.22,Chinese
9913,24805,1,109.43,South Indian
9914,24806,3,92.62,Cafe
9914,24807,1,255.71,South Indian
9914,24808,2,246.09,Biryani
9915,24809,2,128.76,Chinese
9915,24810,2,145.89,South Indian
9916,24811,2,104.53,North Indian
9917,24812,2,154.2,Cafe
9917,24813,3,214.44,North Indian
9917,24814,1,211.03,Street Food
9918,24815,2,252.64,South Indian
9918,24816,3,165.68,Pizza
9918,24817,2,221.24,Pizza
9918,24818,2,242.69,North Indian
9919,24819,1,148.11,Street Food
9919,24820,3,243.9,Pizza
9919,24821,1,85.13,North Indian
9919,24822,2,192.82,Pizza
9920,24823,2,266.22,South Indian
9920,24824,2,146.74,South Indian
9920,24825,1,124.37,Chinese
9921,24826,3,144.51,South Indian
9921,24827,1,113.37,Pizza
9921,24828,2,158.83,Pizza
9921,24829,3,174.73,Pizza
9922,24830,2,194.88,Street Food
9922,24831,1,145.87,Cafe
9922,24832,2,232.5,Pizza
9922,24833,2,263.62,Pizza
9923,24834,1,167.28,Street Food
9923,24835,3,164.66,Street Food
9924,24836,2,200.91,Pizza
9924,24837,1,119.99,North Indian
9925,24838,2,296.67,Pizza
9925,24839,2,250.21,Pizza
9925,24840,3,221.2,Cafe
9926,24841,1,135.56,Chinese
9926,24842,1,167.1,Street Food
9926,24843,3,116.66,Cafe
9927,24844,3,287.25,Street Food
9928,24845,1,156.33,Chinese
9929,24846,2,293.51,Cafe
9929,24847,1,215.61,South Indian
9929,24848,2,227.07,North Indian
9929,24849,3,121.7,South Indian
9930,24850,3,200.76,Cafe
9930,24851,3,138.57,Pizza
9930,24852,2,282.24,South Indian
9931,24853,3,132.08,Chinese
9931,24854,3,91.83,Street Food
9932,24855,3,165.01,Street Food
9932,24856,1,228.58,Pizza
9932,24857,1,266.14,Cafe
9932,24858,1,138.13,North Indian
9933,24859,2,243.55,North Indian
9933,24860,1,231.63,Biryani
9934,24861,3,294.14,Chinese
9934,24862,1,145.95,North Indian
9934,24863,1,83.48,North Indian
9934,24864,1,248.46,North Indian
9935,24865,2,288.81,South Indian
9935,24866,2,199.79,South Indian
9935,24867,3,131.81,Cafe
9935,24868,3,289.21,Pizza
9936,24869,1,105.43,Chinese
9936,24870,3,241.53,Biryani
9936,24871,3,247.42,Cafe
9936,24872,1,191.6,Chinese
9937,24873,1,194.26,North Indian
9938,24874,2,266.49,North Indian
9939,24875,2,84.59,Pizza
9939,24876,2,239.17,Pizza
9940,24877,3,253.32,Biryani
9940,24878,3,165.56,Pizza
9940,24879,2,157.74,South Indian
9940,24880,3,123.87,South Indian
9941,24881,1,90.06,Pizza
9941,24882,3,261.97,Pizza
9942,24883,1,296.82,North Indian
9942,24884,1,183.32,Pizza
9942,24885,1,221.95,South Indian
9942,24886,1,207.14,Chinese
9943,24887,2,278.82,North Indian
9944,24888,2,253.98,Chinese
9944,24889,2,259.58,Biryani
9945,24890,1,180.67,South Indian
9946,24891,3,214.06,Street Food
9947,24892,2,116.07,Chinese
9947,24893,1,113.99,Biryani
9948,24894,2,154.94,Street Food
9948,24895,2,189.69,Street Food
9948,24896,1,82.31,Pizza
9948,24897,2,230.37,Pizza
9949,24898,1,298.72,Cafe
9950,24899,3,180.94,South Indian
9951,24900,1,284.06,North Indian
9951,24901,2,123.15,Pizza
9951,24902,1,87.74,North Indian
9952,24903,1,102.73,South Indian
9952,24904,2,245.54,Street Food
9953,24905,2,294.43,North Indian
9953,24906,1,257.44,Chinese
9954,24907,1,191.94,Pizza
9954,24908,1,253.0,Street Food
9954,24909,2,98.82,Pizza
9954,24910,1,271.17,Chinese
9955,24911,3,137.54,Pizza
9956,24912,2,216.49,Street Food
9956,24913,2,189.03,South Indian
9956,24914,1,116.96,Street Food
9957,24915,3,123.51,Chinese
9958,24916,2,234.94,Chinese
9958,24917,1,196.35,South Indian
9958,24918,1,151.99,South Indian
9958,24919,3,138.81,Biryani
9959,24920,1,182.49,Cafe
9959,24921,3,168.37,North Indian
9959,24922,3,223.08,South Indian
9960,24923,3,163.6,Cafe
9960,24924,3,221.97,Pizza
9960,24925,3,183.15,Cafe
9960,24926,3,164.56,Street Food
9961,24927,3,124.51,Street Food
9961,24928,3,240.25,Biryani
9961,24929,2,164.26,Biryani
9961,24930,1,240.74,Biryani
9962,24931,3,231.37,Street Food
9962,24932,2,176.02,South Indian
9962,24933,1,286.2,Cafe
9963,24934,3,220.79,Chinese
9963,24935,3,184.72,Cafe
9964,24936,3,139.17,Cafe
9964,24937,3,85.24,North Indian
9964,24938,2,284.07,Street Food
9964,24939,1,191.25,Cafe
9965,24940,3,243.88,Pizza
9965,24941,2,107.21,North Indian
9966,24942,1,258.45,North Indian
9966,24943,2,197.58,Chinese
9967,24944,3,184.83,Biryani
9967,24945,3,84.72,Biryani
9967,24946,1,156.21,Pizza
9968,24947,3,294.37,South Indian
9968,24948,3,281.2,South Indian
9969,24949,2,293.67,North Indian
9969,24950,2,236.23,Pizza
9969,24951,1,167.55,Chinese
9969,24952,1,284.6,North Indian
9970,24953,3,223.86,South Indian
9970,24954,2,293.79,North Indian
9970,24955,3,289.51,Biryani
9970,24956,3,288.02,Biryani
9971,24957,2,234.66,Cafe
9971,24958,2,222.57,Biryani
9971,24959,1,239.45,South Indian
9972,24960,3,122.69,Pizza
9972,24961,3,282.98,Pizza
9973,24962,3,136.23,North Indian
9973,24963,1,245.26,Street Food
9973,24964,2,127.09,North Indian
9974,24965,1,84.97,Street Food
9975,24966,2,117.21,North Indian
9975,24967,2,133.26,North Indian
9976,24968,2,227.16,Street Food
9976,24969,1,216.04,Cafe
9976,24970,1,299.59,Biryani
9976,24971,1,225.25,South Indian
9977,24972,2,279.57,North Indian
9977,24973,3,236.61,Biryani
9978,24974,1,150.45,Pizza
9978,24975,3,120.74,Cafe
9978,24976,1,164.34,Cafe
9978,24977,2,110.6,South Indian
9979,24978,2,260.28,Biryani
9979,24979,1,271.06,Pizza
9979,24980,2,108.95,Pizza
9979,24981,2,124.81,Biryani
9980,24982,1,112.59,North Indian
9981,24983,1,261.31,Street Food
9982,24984,1,219.12,Cafe
9982,24985,3,240.52,Pizza
9982,24986,1,217.31,Cafe
9982,24987,3,123.01,Chinese
9983,24988,2,227.25,Street Food
9984,24989,2,104.76,South Indian
9984,24990,3,127.86,Biryani
9985,24991,3,210.03,Chinese
9986,24992,3,223.82,Biryani
9986,24993,2,157.28,North Indian
9986,24994,3,252.11,Chinese
9987,24995,1,250.03,Street Food
9987,24996,2,203.38,Pizza
9988,24997,2,84.63,Cafe
9988,24998,2,180.54,North Indian
9989,24999,1,109.26,Street Food
9989,25000,1,179.1,Street Food
9990,25001,3,83.55,South Indian
9991,25002,1,147.99,Pizza
9992,25003,2,281.17,Biryani
9992,25004,1,234.55,Chinese
9992,25005,3,267.08,South Indian
9993,25006,3,129.38,South Indian
9993,25007,3,109.39,Street Food
9993,25008,2,159.38,Cafe
9994,25009,1,118.38,Biryani
9995,25010,3,147.83,Cafe
9996,25011,3,165.25,Chinese
9996,25012,3,271.14,North Indian
9997,25013,3,91.48,North Indian
9997,25014,2,182.46,Cafe
9998,25015,3,272.94,South Indian
9999,25016,2,202.97,North Indian
9999,25017,2,218.14,North Indian
9999,25018,2,156.29,North Indian
10000,25019,1,227.99,Pizza
10000,25020,2,183.83,Pizza
10001,25021,1,126.6,Cafe
10001,25022,1,295.93,Biryani
10001,25023,3,282.09,Pizza
10001,25024,2,112.81,Cafe
10002,25025,3,123.66,Pizza
10002,25026,2,200.87,Street Food
10002,25027,2,235.65,Pizza
10003,25028,3,145.9,South Indian
10003,25029,1,198.23,North Indian
10004,25030,1,167.43,Biryani
10004,25031,3,109.65,Cafe
10005,25032,3,189.65,Cafe
10005,25033,3,243.4,South Indian
10006,25034,1,229.57,North Indian
10006,25035,2,170.37,Biryani
10006,25036,1,291.7,South Indian
10007,25037,1,167.12,Chinese
10007,25038,2,157.56,South Indian
10007,25039,3,278.27,Cafe
10008,25040,2,133.43,North Indian
10009,25041,2,106.06,Cafe
10009,25042,1,276.3,Street Food
10010,25043,3,284.99,Cafe
10010,25044,3,153.1,North Indian
10010,25045,1,101.38,Biryani
10010,25046,3,216.88,North Indian
10011,25047,3,256.86,Biryani
10012,25048,1,166.96,Cafe
10012,25049,2,111.54,North Indian
10012,25050,2,278.66,Chinese
10012,25051,1,266.53,Chinese
10013,25052,3,264.34,Chinese
10013,25053,2,97.23,Cafe
10014,25054,3,114.65,Biryani
10014,25055,2,137.18,Chinese
10014,25056,2,298.45,South Indian
10014,25057,3,151.58,Biryani
10015,25058,3,268.69,Street Food
10016,25059,3,275.92,Pizza
10016,25060,2,174.29,Chinese
10016,25061,1,206.35,Chinese
10017,25062,3,261.24,Pizza
10017,25063,1,280.71,North Indian
10017,25064,2,86.51,South Indian
10017,25065,1,221.45,Street Food
10018,25066,3,197.67,Biryani
10018,25067,2,202.77,Biryani
10018,25068,2,103.12,Cafe
10019,25069,1,174.72,South Indian
10019,25070,3,235.22,South Indian
10019,25071,3,201.17,Biryani
10019,25072,1,229.39,Biryani
10020,25073,1,101.43,South Indian
10020,25074,3,271.95,North Indian
10021,25075,2,112.78,North Indian
10021,25076,3,107.88,Biryani
10022,25077,2,115.57,Pizza
10023,25078,3,185.23,South Indian
10024,25079,1,137.52,Pizza
10024,25080,3,80.1,Biryani
10024,25081,2,273.84,Biryani
10025,25082,3,88.14,Pizza
10025,25083,1,164.29,South Indian
10025,25084,1,223.12,North Indian
10026,25085,3,197.45,Street Food
10026,25086,3,237.99,Street Food
10026,25087,3,217.9,Pizza
10026,25088,3,120.43,Pizza
10027,25089,3,191.76,Chinese
10027,25090,1,115.25,South Indian
10027,25091,1,282.39,Biryani
10027,25092,2,147.0,Chinese
10028,25093,1,100.06,Biryani
10028,25094,3,246.81,Chinese
10028,25095,2,210.66,Chinese
10028,25096,3,180.84,North Indian
10029,25097,2,251.55,Chinese
10030,25098,3,234.24,Street Food
10030,25099,3,95.64,South Indian
10030,25100,2,299.54,Chinese
10031,25101,1,231.23,Street Food
10031,25102,3,273.88,South Indian
10031,25103,1,281.18,South Indian
10032,25104,1,264.36,Biryani
10032,25105,1,233.93,Cafe
10033,25106,1,146.38,Biryani
10033,25107,1,281.21,Pizza
10033,25108,1,82.46,North Indian
10033,25109,2,108.14,North Indian
10034,25110,2,192.75,Chinese
10034,25111,1,172.6,Chinese
10034,25112,3,274.93,North Indian
10034,25113,3,264.57,Chinese
10035,25114,1,154.03,Cafe
10036,25115,2,156.35,Street Food
10036,25116,1,190.58,South Indian
10036,25117,2,251.92,South Indian
10037,25118,1,276.59,Biryani
10037,25119,3,96.58,Cafe
10037,25120,2,286.9,Pizza
10038,25121,3,184.65,Street Food
10038,25122,2,195.45,South Indian
10038,25123,1,149.43,Biryani
10039,25124,2,146.01,Biryani
10039,25125,2,216.81,Cafe
10039,25126,1,125.35,Pizza
10040,25127,3,207.29,South Indian
10040,25128,1,136.24,Cafe
10040,25129,3,121.15,South Indian
10041,25130,3,187.51,Pizza
10042,25131,2,243.98,Cafe
10042,25132,2,175.12,Cafe
10042,25133,3,226.93,South Indian
10043,25134,2,222.26,Pizza
10043,25135,2,194.21,Pizza
10044,25136,2,183.14,Biryani
10044,25137,2,158.42,Street Food
10045,25138,1,100.45,Street Food
10046,25139,2,121.28,Pizza
10046,25140,3,172.9,South Indian
10046,25141,1,127.75,Pizza
10047,25142,2,112.46,Chinese
10048,25143,2,182.32,South Indian
10048,25144,2,109.74,Chinese
10048,25145,2,226.72,Pizza
10049,25146,2,94.81,Biryani
10049,25147,2,196.27,Cafe
10049,25148,1,228.39,Street Food
10049,25149,1,167.45,Cafe
10050,25150,3,204.54,Cafe
10050,25151,2,299.39,North Indian
10051,25152,2,188.38,Chinese
10051,25153,3,242.83,Biryani
10051,25154,3,180.85,Street Food
10052,25155,3,136.88,Street Food
10053,25156,2,217.0,Street Food
10053,25157,3,166.38,Chinese
10053,25158,1,272.89,Cafe
10054,25159,2,259.93,North Indian
10054,25160,3,141.93,Cafe
10054,25161,1,282.14,Chinese
10054,25162,1,151.63,South Indian
10055,25163,1,295.49,South Indian
10055,25164,1,109.67,Pizza
10055,25165,2,209.14,Pizza
10056,25166,3,224.61,Chinese
10056,25167,2,119.72,Biryani
10057,25168,2,154.21,Street Food
10057,25169,1,108.47,Pizza
10057,25170,1,261.93,Biryani
10057,25171,1,183.11,Cafe
10058,25172,3,204.28,Street Food
10058,25173,3,214.18,Chinese
10058,25174,3,115.84,Pizza
10059,25175,3,256.25,Chinese
10060,25176,2,268.82,North Indian
10060,25177,1,235.68,Pizza
10060,25178,3,196.42,South Indian
10061,25179,3,110.92,Biryani
10062,25180,3,108.43,Cafe
10062,25181,2,242.0,Street Food
10062,25182,1,131.16,Pizza
10062,25183,2,90.54,Biryani
10063,25184,2,112.26,Biryani
10063,25185,1,177.52,Street Food
10063,25186,1,244.24,Biryani
10063,25187,3,118.78,Cafe
10064,25188,1,107.0,Street Food
10064,25189,3,169.3,Biryani
10064,25190,2,279.72,Chinese
10064,25191,2,90.24,Pizza
10065,25192,3,285.15,Biryani
10065,25193,3,245.97,North Indian
10065,25194,2,270.07,South Indian
10066,25195,2,127.5,Cafe
10067,25196,1,299.83,Pizza
10068,25197,1,246.38,Cafe
10068,25198,2,145.13,Cafe
10069,25199,3,185.91,Biryani
10069,25200,3,248.62,South Indian
10070,25201,3,229.79,Pizza
10070,25202,1,139.4,Pizza
10070,25203,2,190.25,North Indian
10070,25204,2,85.5,Pizza
10071,25205,1,239.3,Biryani
10071,25206,1,262.14,Biryani
10071,25207,3,161.34,North Indian
10072,25208,2,177.06,Chinese
10072,25209,3,277.42,Chinese
10072,25210,3,254.19,Cafe
10072,25211,2,154.44,Street Food
10073,25212,1,186.25,Street Food
10073,25213,3,286.53,South Indian
10073,25214,3,219.85,Chinese
10074,25215,3,192.53,Biryani
10074,25216,1,111.58,Cafe
10074,25217,3,94.35,Pizza
10074,25218,1,264.16,North Indian
10075,25219,1,285.9,Cafe
10075,25220,3,106.34,Chinese
10076,25221,1,124.64,Biryani
10077,25222,2,158.91,Street Food
10077,25223,3,215.53,South Indian
10077,25224,1,164.48,Cafe
10077,25225,3,130.93,Biryani
10078,25226,2,140.26,North Indian
10078,25227,3,199.69,Pizza
10078,25228,3,270.06,North Indian
10079,25229,3,228.67,South Indian
10079,25230,1,231.87,North Indian
10080,25231,3,169.63,Street Food
10081,25232,3,167.43,Chinese
10081,25233,2,149.39,Biryani
10081,25234,3,268.89,South Indian
10081,25235,1,158.34,Pizza
10082,25236,3,193.45,Cafe
10082,25237,1,279.16,South Indian
10083,25238,2,81.94,Pizza
10083,25239,3,274.6,Biryani
10084,25240,2,180.33,South Indian
10084,25241,1,197.15,Chinese
10084,25242,1,207.39,Biryani
10084,25243,2,279.74,Pizza
10085,25244,1,220.0,South Indian
10085,25245,2,198.62,Street Food
10085,25246,1,238.43,Chinese
10085,25247,2,252.55,Pizza
10086,25248,1,243.64,North Indian
10086,25249,2,259.02,Pizza
10087,25250,1,96.0,Street Food
10088,25251,3,118.66,South Indian
10089,25252,3,178.22,North Indian
10089,25253,3,209.78,Street Food
10089,25254,1,263.93,Street Food
10089,25255,3,272.07,Cafe
10090,25256,3,171.37,Street Food
10090,25257,3,150.18,North Indian
10091,25258,3,152.85,Biryani
10092,25259,1,81.38,Street Food
10093,25260,1,151.31,Cafe
10093,25261,3,116.61,Street Food
10094,25262,3,285.95,North Indian
10095,25263,2,283.37,South Indian
10095,25264,1,289.61,Biryani
10096,25265,3,130.91,Street Food
10096,25266,3,210.84,Cafe
10096,25267,1,82.64,Biryani
10097,25268,2,150.26,South Indian
10098,25269,1,194.33,North Indian
10098,25270,2,233.49,Biryani
10098,25271,2,267.22,Pizza
10098,25272,1,120.11,Chinese
10099,25273,2,243.5,Street Food
10099,25274,2,129.78,North Indian
10099,25275,2,151.98,Biryani
10100,25276,2,137.38,North Indian
10101,25277,3,114.68,Pizza
10101,25278,3,183.94,Street Food
10101,25279,3,176.06,South Indian
10102,25280,1,238.95,Chinese
10102,25281,3,253.45,Pizza
10103,25282,3,146.19,Pizza
10104,25283,3,176.83,South Indian
10105,25284,2,133.5,Street Food
10105,25285,2,166.76,Street Food
10105,25286,3,225.45,Pizza
10105,25287,2,266.61,Chinese
10106,25288,1,101.9,Biryani
10107,25289,2,255.84,Cafe
10107,25290,3,173.84,Pizza
10107,25291,3,211.61,Street Food
10108,25292,1,155.77,Pizza
10108,25293,1,177.62,North Indian
10108,25294,1,140.21,Cafe
10109,25295,3,298.17,Street Food
10110,25296,2,158.91,South Indian
10110,25297,1,248.71,Chinese
10110,25298,2,118.31,Street Food
10110,25299,2,247.53,North Indian
10111,25300,1,293.66,Cafe
10112,25301,3,264.86,Street Food
10113,25302,2,102.71,Chinese
10113,25303,3,274.83,Street Food
10114,25304,2,93.19,Pizza
10114,25305,3,87.88,North Indian
10115,25306,2,92.1,Street Food
10115,25307,3,179.89,Cafe
10115,25308,1,115.4,North Indian
10115,25309,2,191.41,Pizza
10116,25310,2,177.66,Chinese
10116,25311,3,95.46,Biryani
10116,25312,1,82.49,Street Food
10116,25313,1,167.74,Street Food
10117,25314,3,290.02,Chinese
10117,25315,1,271.42,Pizza
10117,25316,1,283.99,Pizza
10117,25317,1,200.37,Biryani
10118,25318,1,149.67,Biryani
10119,25319,2,180.6,Pizza
10119,25320,1,201.0,Cafe
10119,25321,3,104.73,Street Food
10119,25322,3,253.66,Chinese
10120,25323,3,146.94,Pizza
10121,25324,1,257.61,Street Food
10121,25325,1,192.05,South Indian
10121,25326,2,258.97,Pizza
10121,25327,1,252.31,Biryani
10122,25328,2,95.33,Pizza
10122,25329,2,229.22,North Indian
10122,25330,3,169.56,Cafe
10123,25331,1,194.17,Chinese
10123,25332,2,91.43,Street Food
10123,25333,3,206.73,North Indian
10124,25334,3,225.4,South Indian
10124,25335,2,276.96,Cafe
10125,25336,1,194.11,Street Food
10125,25337,3,116.81,Pizza
10126,25338,1,126.75,Chinese
10127,25339,1,244.45,North Indian
10127,25340,3,175.48,South Indian
10127,25341,3,239.79,Pizza
10127,25342,2,186.22,North Indian
10128,25343,2,126.16,Cafe
10128,25344,2,297.88,North Indian
10128,25345,1,271.99,Cafe
10128,25346,3,282.66,Pizza
10129,25347,3,290.16,North Indian
10129,25348,2,130.98,Biryani
10129,25349,1,215.73,Pizza
10130,25350,1,155.41,South Indian
10130,25351,1,201.09,Street Food
10130,25352,1,126.78,Pizza
10131,25353,1,144.46,Cafe
10132,25354,1,157.1,North Indian
10132,25355,3,198.77,Biryani
10132,25356,3,202.41,Street Food
10132,25357,1,273.03,North Indian
10133,25358,1,243.09,South Indian
10133,25359,2,238.85,Biryani
10134,25360,1,162.85,Chinese
10135,25361,2,138.9,Chinese
10135,25362,2,221.87,Pizza
10136,25363,3,269.09,North Indian
10136,25364,3,98.73,South Indian
10137,25365,2,297.24,Cafe
10137,25366,2,235.96,South Indian
10137,25367,2,176.96,Biryani
10137,25368,2,278.82,Pizza
10138,25369,1,182.14,Cafe
10138,25370,1,98.28,Biryani
10139,25371,2,223.68,Pizza
10139,25372,2,214.7,Pizza
10140,25373,1,134.13,North Indian
10140,25374,3,95.7,South Indian
10140,25375,2,106.02,Pizza
10140,25376,1,298.17,Pizza
10141,25377,2,148.93,Biryani
10142,25378,2,90.89,Cafe
10143,25379,2,95.02,Chinese
10143,25380,1,143.33,Biryani
10143,25381,1,174.16,Chinese
10143,25382,2,132.87,Street Food
10144,25383,2,155.52,South Indian
10144,25384,3,219.27,Street Food
10144,25385,2,109.38,Chinese
10145,25386,2,247.14,Cafe
10145,25387,3,263.98,Biryani
10145,25388,2,218.6,Biryani
10145,25389,3,243.51,Street Food
10146,25390,1,142.12,Biryani
10147,25391,3,116.94,Pizza
10147,25392,3,298.11,Cafe
10148,25393,2,229.0,Street Food
10148,25394,3,212.11,Biryani
10149,25395,3,150.77,Pizza
10149,25396,2,85.62,Cafe
10149,25397,1,168.45,Chinese
10149,25398,3,285.63,Pizza
10150,25399,1,97.94,North Indian
10150,25400,1,151.27,Chinese
10150,25401,3,102.64,Cafe
10151,25402,3,290.78,Street Food
10152,25403,2,167.97,North Indian
10153,25404,2,266.73,Cafe
10153,25405,2,185.61,Cafe
10153,25406,1,220.7,South Indian
10154,25407,1,88.83,Cafe
10154,25408,2,241.35,Cafe
10154,25409,1,198.79,North Indian
10154,25410,3,173.51,South Indian
10155,25411,2,196.52,Cafe
10155,25412,1,172.82,Street Food
10156,25413,1,212.73,Biryani
10157,25414,3,196.01,South Indian
10157,25415,1,206.82,Cafe
10157,25416,2,123.55,North Indian
10157,25417,3,225.25,Biryani
10158,25418,2,152.7,Pizza
10159,25419,1,139.36,Pizza
10160,25420,1,151.86,Chinese
10160,25421,2,275.72,North Indian
10161,25422,3,125.7,Biryani
10162,25423,1,186.66,North Indian
10162,25424,1,82.18,Street Food
10162,25425,3,157.3,Chinese
10162,25426,3,160.26,Street Food
10163,25427,3,199.58,Biryani
10164,25428,1,223.54,South Indian
10165,25429,1,129.47,Chinese
10165,25430,2,226.05,Cafe
10165,25431,1,222.18,Chinese
10166,25432,3,250.25,South Indian
10166,25433,3,252.24,South Indian
10167,25434,1,254.97,South Indian
10167,25435,2,193.38,Street Food
10167,25436,1,134.15,North Indian
10168,25437,2,218.38,South Indian
10168,25438,1,110.72,Pizza
10169,25439,3,207.52,Chinese
10169,25440,3,228.22,Pizza
10169,25441,3,138.0,Pizza
10169,25442,3,271.11,North Indian
10170,25443,1,264.51,Cafe
10171,25444,3,238.66,North Indian
10171,25445,3,263.88,Pizza
10171,25446,2,261.48,Pizza
10171,25447,3,147.09,South Indian
10172,25448,2,220.35,South Indian
10172,25449,3,133.33,Street Food
10173,25450,3,145.38,Pizza
10173,25451,1,251.83,Street Food
10173,25452,1,191.64,Street Food
10173,25453,1,123.83,Street Food
10174,25454,1,125.01,South Indian
10174,25455,2,235.21,Chinese
10174,25456,1,172.75,Chinese
10174,25457,1,128.55,Street Food
10175,25458,1,277.64,Cafe
10175,25459,1,166.92,Cafe
10175,25460,3,225.26,Pizza
10176,25461,2,229.7,Pizza
10176,25462,3,290.1,Pizza
10176,25463,1,157.26,Cafe
10177,25464,1,133.9,Street Food
10177,25465,3,107.65,Pizza
10178,25466,1,176.91,South Indian
10179,25467,1,168.32,Biryani
10179,25468,3,108.73,Pizza
10180,25469,3,193.86,North Indian
10180,25470,1,120.58,Chinese
10181,25471,1,209.24,Pizza
10182,25472,1,266.3,North Indian
10182,25473,1,251.36,Biryani
10182,25474,1,213.18,Cafe
10183,25475,1,206.45,Cafe
10183,25476,3,170.83,Pizza
10183,25477,2,267.85,Biryani
10184,25478,3,163.56,Street Food
10184,25479,2,213.4,Street Food
10184,25480,3,225.05,Cafe
10185,25481,1,126.4,North Indian
10185,25482,1,115.41,Biryani
10185,25483,1,252.64,Chinese
10185,25484,2,118.22,South Indian
10186,25485,1,199.86,Street Food
10187,25486,1,108.11,Cafe
10187,25487,1,273.23,South Indian
10188,25488,1,222.23,Chinese
10189,25489,3,152.79,North Indian
10189,25490,1,86.36,South Indian
10190,25491,3,80.38,Chinese
10190,25492,3,187.88,South Indian
10191,25493,1,85.26,Pizza
10192,25494,1,91.05,Cafe
10192,25495,3,117.89,Chinese
10192,25496,2,210.68,North Indian
10193,25497,1,175.73,South Indian
10193,25498,1,259.53,Cafe
10193,25499,1,138.45,Biryani
10193,25500,2,141.93,South Indian
10194,25501,1,81.54,South Indian
10194,25502,2,215.49,South Indian
10194,25503,2,171.0,North Indian
10194,25504,1,241.86,Pizza
10195,25505,1,284.66,Street Food
10195,25506,1,151.57,Pizza
10195,25507,3,133.72,Pizza
10195,25508,2,186.87,Cafe
10196,25509,3,200.63,South Indian
10196,25510,3,100.81,South Indian
10196,25511,1,130.82,Pizza
10197,25512,2,215.51,Chinese
10197,25513,1,254.95,South Indian
10197,25514,1,263.92,North Indian
10198,25515,1,209.65,Biryani
10199,25516,3,203.43,South Indian
10199,25517,3,160.95,Street Food
10199,25518,1,238.53,Pizza
10199,25519,1,193.18,Biryani
10200,25520,1,197.85,Chinese
10200,25521,1,254.26,Street Food
10200,25522,3,197.27,Cafe
10201,25523,2,228.09,Biryani
10201,25524,1,120.27,Biryani
10201,25525,2,112.69,South Indian
10202,25526,1,261.4,Street Food
10203,25527,2,138.73,Biryani
10204,25528,3,100.45,Chinese
10204,25529,2,204.83,Pizza
10204,25530,2,198.88,Pizza
10205,25531,1,271.37,South Indian
10206,25532,3,181.91,South Indian
10207,25533,3,88.99,Street Food
10207,25534,3,251.96,Biryani
10207,25535,3,193.69,South Indian
10208,25536,3,267.37,Biryani
10208,25537,2,81.93,Street Food
10209,25538,2,206.56,Street Food
10210,25539,2,201.4,South Indian
10211,25540,3,165.7,Street Food
10211,25541,3,293.65,Cafe
10211,25542,1,111.42,Street Food
10212,25543,2,249.54,Pizza
10212,25544,2,160.03,North Indian
10212,25545,2,226.41,Street Food
10213,25546,1,260.47,South Indian
10213,25547,2,225.04,Cafe
10213,25548,1,294.7,South Indian
10213,25549,2,141.72,Street Food
10214,25550,2,284.2,Street Food
10214,25551,1,182.78,Chinese
10214,25552,3,211.73,Chinese
10215,25553,1,178.95,Chinese
10215,25554,1,168.32,Pizza
10215,25555,3,190.08,Chinese
10215,25556,2,241.44,North Indian
10216,25557,3,233.14,Chinese
10216,25558,1,213.91,North Indian
10216,25559,3,114.51,North Indian
10216,25560,1,219.87,Pizza
10217,25561,1,239.67,Pizza
10218,25562,1,85.69,Chinese
10219,25563,1,250.83,South Indian
10220,25564,3,245.92,Pizza
10220,25565,3,216.69,Street Food
10220,25566,3,286.14,North Indian
10221,25567,2,195.52,Biryani
10222,25568,2,231.05,Cafe
10222,25569,2,137.67,Street Food
10222,25570,1,119.66,Street Food
10223,25571,1,211.68,North Indian
10223,25572,2,248.5,North Indian
10224,25573,3,119.86,Street Food
10224,25574,1,184.28,South Indian
10225,25575,1,231.26,Biryani
10225,25576,2,174.73,Biryani
10225,25577,1,126.61,Street Food
10226,25578,2,151.08,Street Food
10226,25579,2,170.63,Chinese
10226,25580,3,143.96,Biryani
10226,25581,2,129.31,Biryani
10227,25582,3,225.24,Chinese
10227,25583,2,209.74,Pizza
10227,25584,1,276.33,North Indian
10227,25585,3,216.48,Pizza
10228,25586,2,237.48,North Indian
10228,25587,3,241.0,North Indian
10229,25588,1,127.88,Street Food
10229,25589,3,264.47,Chinese
10229,25590,2,113.61,Pizza
10229,25591,2,238.7,South Indian
10230,25592,3,194.16,South Indian
10230,25593,2,94.44,Street Food
10230,25594,3,215.41,Pizza
10230,25595,2,90.43,Street Food
10231,25596,1,90.1,Street Food
10231,25597,1,288.45,Biryani
10231,25598,1,288.87,Street Food
10231,25599,1,185.95,Street Food
10232,25600,3,215.78,South Indian
10232,25601,3,265.77,North Indian
10232,25602,3,134.11,Cafe
10233,25603,2,155.58,Street Food
10233,25604,1,239.62,South Indian
10234,25605,2,225.28,North Indian
10235,25606,1,98.0,Chinese
10235,25607,3,112.6,Cafe
10235,25608,2,290.66,Chinese
10236,25609,2,128.2,South Indian
10237,25610,2,93.4,Biryani
10237,25611,3,164.1,Street Food
10238,25612,1,156.7,North Indian
10238,25613,1,135.26,Cafe
10239,25614,2,210.28,Cafe
10240,25615,3,297.87,South Indian
10240,25616,2,207.57,South Indian
10241,25617,2,262.96,South Indian
10241,25618,2,93.36,North Indian
10242,25619,2,222.34,Street Food
10242,25620,1,140.51,Cafe
10242,25621,2,167.14,South Indian
10242,25622,1,167.05,Biryani
10243,25623,2,274.48,Street Food
10244,25624,1,251.78,South Indian
10245,25625,1,120.08,Chinese
10245,25626,1,297.68,Street Food
10245,25627,2,209.19,Street Food
10246,25628,3,244.45,Street Food
10246,25629,1,180.75,North Indian
10247,25630,1,143.32,Cafe
10247,25631,3,166.55,Biryani
10247,25632,1,100.81,Cafe
10248,25633,1,185.91,Cafe
10248,25634,1,203.87,Biryani
10248,25635,2,279.51,South Indian
10248,25636,2,250.54,Street Food
10249,25637,1,298.31,Chinese
10249,25638,1,105.77,Cafe
10249,25639,3,259.41,Biryani
10250,25640,1,183.89,Biryani
10250,25641,2,238.65,Chinese
10250,25642,3,293.85,Street Food
10250,25643,1,160.99,South Indian
10251,25644,3,199.44,Pizza
10251,25645,2,297.3,Pizza
10251,25646,3,226.18,Street Food
10251,25647,1,142.57,Chinese
10252,25648,3,165.17,Cafe
10252,25649,3,171.23,South Indian
10252,25650,3,157.06,Pizza
10252,25651,3,225.14,Pizza
10253,25652,3,117.45,Street Food
10253,25653,1,196.29,Pizza
10253,25654,1,258.29,North Indian
10254,25655,3,170.39,Chinese
10254,25656,2,122.05,North Indian
10255,25657,1,288.92,North Indian
10255,25658,3,111.1,Pizza
10256,25659,2,238.56,Chinese
10257,25660,2,185.63,Biryani
10257,25661,1,277.34,Biryani
10257,25662,3,224.24,Cafe
10258,25663,2,266.67,Pizza
10259,25664,1,132.59,Street Food
10260,25665,1,262.33,Biryani
10260,25666,3,105.44,North Indian
10261,25667,3,80.33,Biryani
10261,25668,2,167.73,North Indian
10261,25669,2,136.62,Cafe
10262,25670,3,126.15,North Indian
10263,25671,2,176.82,Cafe
10263,25672,3,222.69,Chinese
10263,25673,1,164.31,Street Food
10264,25674,2,84.88,Chinese
10264,25675,2,114.02,Pizza
10265,25676,2,297.52,Chinese
10265,25677,1,259.69,Biryani
10266,25678,1,177.51,Chinese
10266,25679,2,143.82,North Indian
10266,25680,1,296.61,Biryani
10267,25681,2,199.01,South Indian
10267,25682,3,133.99,Street Food
10268,25683,2,111.82,South Indian
10268,25684,2,125.24,Biryani
10268,25685,1,297.88,Pizza
10269,25686,2,185.33,Biryani
10270,25687,2,267.26,South Indian
10271,25688,1,82.27,South Indian
10272,25689,1,149.32,Biryani
10273,25690,1,181.54,Pizza
10273,25691,1,136.15,Street Food
10273,25692,2,193.22,Biryani
10274,25693,1,269.57,Pizza
10274,25694,3,93.06,Cafe
10274,25695,1,298.75,South Indian
10274,25696,3,112.17,North Indian
10275,25697,3,119.98,North Indian
10276,25698,1,141.35,Street Food
10277,25699,1,230.98,Biryani
10277,25700,2,273.68,Biryani
10278,25701,2,216.86,Biryani
10278,25702,3,264.16,South Indian
10278,25703,3,164.69,Chinese
10279,25704,3,82.46,Pizza
10279,25705,3,104.85,Biryani
10279,25706,2,87.81,South Indian
10279,25707,3,239.92,Cafe
10280,25708,3,266.42,Biryani
10280,25709,3,235.57,South Indian
10281,25710,2,126.62,Chinese
10281,25711,2,229.41,South Indian
10282,25712,3,88.17,Biryani
10282,25713,1,245.98,Chinese
10282,25714,1,223.15,Biryani
10282,25715,3,264.43,Pizza
10283,25716,1,170.02,Pizza
10283,25717,2,270.41,Cafe
10284,25718,2,169.36,Street Food
10284,25719,2,200.29,Cafe
10284,25720,3,183.74,South Indian
10284,25721,1,192.72,Chinese
10285,25722,3,189.22,North Indian
10285,25723,1,166.2,Pizza
10286,25724,1,215.79,Pizza
10286,25725,3,203.94,Pizza
10287,25726,2,148.22,Cafe
10287,25727,3,247.55,South Indian
10287,25728,2,182.38,Cafe
10288,25729,2,244.84,Biryani
10289,25730,2,81.81,South Indian
10289,25731,3,96.91,Street Food
10289,25732,2,222.58,Chinese
10289,25733,1,272.5,Biryani
10290,25734,1,157.78,South Indian
10291,25735,2,292.09,North Indian
10292,25736,2,232.59,South Indian
10293,25737,3,121.85,Street Food
10293,25738,3,150.58,Biryani
10293,25739,2,252.95,Chinese
10294,25740,2,95.13,North Indian
10294,25741,3,177.13,Biryani
10294,25742,2,128.08,Cafe
10295,25743,2,86.2,Cafe
10295,25744,3,243.78,South Indian
10295,25745,1,251.39,Pizza
10295,25746,3,205.56,North Indian
10296,25747,3,158.12,Street Food
10296,25748,1,221.83,Chinese
10296,25749,1,137.43,Street Food
10296,25750,2,247.3,Biryani
10297,25751,3,174.06,Chinese
10297,25752,3,120.42,Biryani
10298,25753,2,243.03,Street Food
10299,25754,1,215.16,South Indian
10300,25755,3,257.42,Biryani
10300,25756,3,97.53,Street Food
10300,25757,3,240.1,South Indian
10301,25758,2,259.42,Chinese
10301,25759,2,189.19,Chinese
10302,25760,2,222.82,Chinese
10302,25761,3,158.08,North Indian
10303,25762,1,202.53,Cafe
10303,25763,3,153.44,Biryani
10304,25764,3,239.75,Cafe
10304,25765,3,190.27,North Indian
10305,25766,2,113.92,Pizza
10306,25767,1,101.7,North Indian
10306,25768,1,234.76,South Indian
10306,25769,2,211.24,North Indian
10307,25770,1,241.19,Street Food
10307,25771,2,266.72,Pizza
10308,25772,3,248.02,Chinese
10309,25773,2,192.15,South Indian
10310,25774,1,254.94,North Indian
10310,25775,1,273.72,Biryani
10310,25776,2,190.95,Biryani
10311,25777,2,278.22,South Indian
10311,25778,3,266.19,Biryani
10311,25779,2,138.87,Street Food
10312,25780,1,199.58,Chinese
10312,25781,1,109.81,Street Food
10312,25782,2,114.64,Cafe
10312,25783,2,254.33,Biryani
10313,25784,2,246.99,Cafe
10314,25785,2,127.9,Biryani
10314,25786,2,288.36,Cafe
