order_id,customer_id,restaurant_id,city,order_ts,promised_delivery_ts,status,order_value,payment_mode
1,4037,36,,2026-01-23 09:54:00,2026-01-23 10:19:00,COMPLETED,295.09,CARD
2,1356,76,,2026-01-23 09:44:00,2026-01-23 10:26:00,CANCELLED,170.66,COD
3,3069,78,,2026-01-23 11:43:00,2026-01-23 12:15:00,COMPLETED,514.81,CARD
4,2718,29,,2026-01-23 19:05:00,2026-01-23 19:47:00,CANCELLED,533.02,COD
5,3859,55,,2026-01-23 20:57:00,2026-01-23 21:27:00,CANCELLED,330.62,COD
6,1418,12,,2026-01-23 21:01:00,2026-01-23 21:36:00,CANCELLED,212.87,UPI
7,4305,6,,2026-01-23 18:18:00,2026-01-23 18:51:00,CANCELLED,498.55,UPI
8,2200,107,,2026-01-23 09:20:00,2026-01-23 10:02:00,CANCELLED,525.28,CARD
9,3708,30,,2026-01-23 09:11:00,2026-01-23 09:37:00,CANCELLED,790.39,COD
10,2556,36,,2026-01-23 22:47:00,2026-01-23 23:15:00,CANCELLED,563.19,UPI
11,2455,27,,2026-01-23 10:46:00,2026-01-23 11:22:00,CANCELLED,606.18,CARD
12,3495,82,,2026-01-23 19:03:00,2026-01-23 19:30:00,COMPLETED,497.19,COD
13,2554,35,,2026-01-23 10:47:00,2026-01-23 11:26:00,COMPLETED,595.0,COD
14,4297,41,,2026-01-23 11:54:00,2026-01-23 12:20:00,CANCELLED,324.03,COD
15,1870,84,,2026-01-23 17:40:00,2026-01-23 18:15:00,CANCELLED,407.16,CARD
16,2084,18,,2026-01-23 15:49:00,2026-01-23 16:18:00,COMPLETED,634.24,CARD
17,2754,115,,2026-01-23 12:29:00,2026-01-23 13:12:00,CANCELLED,385.3,COD
18,1372,97,,2026-01-23 16:41:00,2026-01-23 17:21:00,COMPLETED,709.72,COD
19,4244,88,,2026-01-23 18:42:00,2026-01-23 19:12:00,CANCELLED,537.67,UPI
20,2917,68,,2026-01-23 14:30:00,2026-01-23 15:14:00,CANCELLED,781.2,COD
21,3792,114,,2026-01-23 19:36:00,2026-01-23 20:04:00,CANCELLED,649.59,UPI
22,2780,21,,2026-01-23 09:54:00,2026-01-23 10:28:00,CANCELLED,152.11,CARD
23,4980,65,,2026-01-23 22:56:00,2026-01-23 23:29:00,COMPLETED,479.99,COD
24,2222,108,,2026-01-23 22:51:00,2026-01-23 23:36:00,COMPLETED,249.35,COD
25,4762,1,,2026-01-23 17:12:00,2026-01-23 17:53:00,CANCELLED,467.59,COD
26,1980,8,,2026-01-23 14:11:00,2026-01-23 14:45:00,COMPLETED,720.71,COD
27,4342,9,,2026-01-23 09:27:00,2026-01-23 10:07:00,COMPLETED,233.45,UPI
28,2085,68,,2026-01-23 17:22:00,2026-01-23 17:52:00,CANCELLED,776.84,CARD
29,3920,40,,2026-01-23 20:53:00,2026-01-23 21:24:00,CANCELLED,796.85,CARD
30,4684,67,,2026-01-23 14:22:00,2026-01-23 15:01:00,CANCELLED,228.65,COD
31,1086,76,,2026-01-23 09:05:00,2026-01-23 09:40:00,COMPLETED,532.49,COD
32,1241,30,,2026-01-23 09:12:00,2026-01-23 09:57:00,COMPLETED,738.52,UPI
33,1974,36,,2026-01-23 09:12:00,2026-01-23 09:53:00,CANCELLED,289.25,COD
34,3360,61,,2026-01-23 20:20:00,2026-01-23 21:03:00,COMPLETED,660.0,UPI
35,1397,85,,2026-01-23 11:14:00,2026-01-23 11:42:00,CANCELLED,380.29,UPI
36,3758,84,,2026-01-23 15:58:00,2026-01-23 16:24:00,COMPLETED,189.4,CARD
37,2018,25,,2026-01-23 13:47:00,2026-01-23 14:15:00,COMPLETED,498.59,COD
38,2140,60,,2026-01-23 15:12:00,2026-01-23 15:42:00,COMPLETED,718.42,COD
39,1401,7,,2026-01-23 15:33:00,2026-01-23 16:15:00,COMPLETED,779.85,COD
40,2989,62,,2026-01-23 10:50:00,2026-01-23 11:28:00,COMPLETED,712.02,COD
41,1008,50,,2026-01-23 10:48:00,2026-01-23 11:25:00,CANCELLED,752.24,UPI
42,3853,94,,2026-01-23 12:52:00,2026-01-23 13:30:00,CANCELLED,250.62,UPI
43,3372,95,,2026-01-23 11:42:00,2026-01-23 12:08:00,COMPLETED,636.18,COD
44,2952,65,,2026-01-23 08:51:00,2026-01-23 09:34:00,COMPLETED,186.97,CARD
45,1280,77,,2026-01-23 09:22:00,2026-01-23 09:52:00,COMPLETED,588.89,COD
46,4856,114,,2026-01-23 14:53:00,2026-01-23 15:21:00,COMPLETED,526.3,COD
47,2717,85,,2026-01-23 18:34:00,2026-01-23 19:01:00,CANCELLED,757.56,COD
48,1977,34,,2026-01-23 19:25:00,2026-01-23 20:00:00,CANCELLED,235.07,CARD
49,2295,119,,2026-01-23 13:07:00,2026-01-23 13:46:00,COMPLETED,156.06,CARD
50,1300,69,,2026-01-23 17:36:00,2026-01-23 18:04:00,COMPLETED,478.83,COD
51,4601,32,,2026-01-23 13:57:00,2026-01-23 14:24:00,CANCELLED,335.24,UPI
52,3881,39,,2026-01-23 22:13:00,2026-01-23 22:55:00,COMPLETED,584.11,CARD
53,4845,113,,2026-01-23 13:06:00,2026-01-23 13:34:00,COMPLETED,321.9,COD
54,1636,35,,2026-01-23 20:40:00,2026-01-23 21:22:00,CANCELLED,543.14,CARD
55,3815,82,,2026-01-23 13:51:00,2026-01-23 14:22:00,CANCELLED,478.52,UPI
56,1378,82,,2026-01-23 22:26:00,2026-01-23 22:52:00,CANCELLED,689.08,COD
57,4158,17,,2026-01-23 08:03:00,2026-01-23 08:38:00,CANCELLED,255.03,UPI
58,3297,2,,2026-01-23 17:24:00,2026-01-23 18:02:00,COMPLETED,198.91,CARD
59,1147,107,,2026-01-23 10:32:00,2026-01-23 11:14:00,CANCELLED,528.63,COD
60,1171,40,,2026-01-23 15:20:00,2026-01-23 15:49:00,CANCELLED,734.34,COD
61,3793,32,,2026-01-23 14:06:00,2026-01-23 14:37:00,COMPLETED,379.89,CARD
62,4988,80,,2026-01-23 22:55:00,2026-01-23 23:33:00,COMPLETED,751.75,COD
63,4998,103,,2026-01-23 22:45:00,2026-01-23 23:15:00,COMPLETED,722.92,COD
64,4204,120,,2026-01-23 11:03:00,2026-01-23 11:38:00,CANCELLED,671.45,CARD
65,2092,21,,2026-01-23 21:50:00,2026-01-23 22:22:00,COMPLETED,398.65,COD
66,1911,26,,2026-01-23 22:39:00,2026-01-23 23:19:00,CANCELLED,377.28,COD
67,3703,25,,2026-01-23 11:48:00,2026-01-23 12:13:00,CANCELLED,363.37,COD
68,2438,83,,2026-01-23 21:11:00,2026-01-23 21:44:00,CANCELLED,591.69,CARD
69,1472,113,,2026-01-23 13:39:00,2026-01-23 14:04:00,CANCELLED,266.07,UPI
70,3443,56,,2026-01-23 08:39:00,2026-01-23 09:07:00,CANCELLED,623.55,UPI
71,3094,15,,2026-01-23 15:26:00,2026-01-23 16:10:00,CANCELLED,734.68,COD
72,3903,56,,2026-01-23 12:20:00,2026-01-23 12:46:00,COMPLETED,487.95,CARD
73,2491,56,,2026-01-23 19:43:00,2026-01-23 20:14:00,COMPLETED,766.77,UPI
74,3717,109,,2026-01-23 18:38:00,2026-01-23 19:13:00,COMPLETED,617.84,UPI
75,3731,53,,2026-01-23 16:39:00,2026-01-23 17:13:00,CANCELLED,411.56,UPI
76,1785,54,,2026-01-23 17:27:00,2026-01-23 17:56:00,CANCELLED,590.26,COD
77,2232,52,,2026-01-23 18:30:00,2026-01-23 19:13:00,COMPLETED,347.52,COD
78,3484,84,,2026-01-23 15:20:00,2026-01-23 16:03:00,CANCELLED,452.24,UPI
79,3093,61,,2026-01-23 19:31:00,2026-01-23 20:02:00,COMPLETED,578.25,UPI
80,3536,43,,2026-01-23 16:47:00,2026-01-23 17:32:00,COMPLETED,681.98,COD
81,1920,104,,2026-01-23 19:28:00,2026-01-23 20:02:00,COMPLETED,245.78,COD
82,3503,109,,2026-01-23 12:10:00,2026-01-23 12:50:00,COMPLETED,446.02,CARD
83,3942,90,,2026-01-23 17:49:00,2026-01-23 18:20:00,CANCELLED,471.35,COD
84,3816,1,,2026-01-23 10:31:00,2026-01-23 11:16:00,COMPLETED,655.97,COD
85,2902,7,,2026-01-23 11:00:00,2026-01-23 11:41:00,COMPLETED,746.36,COD
86,4282,60,,2026-01-23 15:47:00,2026-01-23 16:16:00,CANCELLED,767.53,UPI
87,2747,107,,2026-01-23 18:27:00,2026-01-23 19:08:00,CANCELLED,733.19,CARD
88,2843,34,,2026-01-23 22:42:00,2026-01-23 23:22:00,COMPLETED,695.91,UPI
89,2984,81,,2026-01-23 21:04:00,2026-01-23 21:45:00,COMPLETED,328.49,COD
90,1960,35,,2026-01-23 20:10:00,2026-01-23 20:44:00,CANCELLED,357.81,CARD
91,1617,30,,2026-01-23 09:22:00,2026-01-23 09:51:00,CANCELLED,601.07,CARD
92,2699,53,,2026-01-23 11:39:00,2026-01-23 12:06:00,CANCELLED,502.7,UPI
93,4411,54,,2026-01-23 09:03:00,2026-01-23 09:34:00,CANCELLED,738.15,CARD
94,4509,113,,2026-01-23 19:52:00,2026-01-23 20:17:00,CANCELLED,460.04,UPI
95,4495,115,,2026-01-23 13:05:00,2026-01-23 13:42:00,CANCELLED,499.84,CARD
96,4677,29,,2026-01-23 17:19:00,2026-01-23 18:03:00,CANCELLED,292.62,UPI
97,2592,44,,2026-01-23 16:17:00,2026-01-23 16:42:00,CANCELLED,620.72,UPI
98,3187,4,,2026-01-23 10:10:00,2026-01-23 10:54:00,CANCELLED,534.73,CARD
99,3632,55,,2026-01-23 08:27:00,2026-01-23 08:54:00,COMPLETED,713.45,COD
100,2552,42,,2026-01-23 08:51:00,2026-01-23 09:24:00,COMPLETED,445.55,UPI
101,2139,97,,2026-01-23 20:59:00,2026-01-23 21:36:00,CANCELLED,313.98,COD
102,4068,70,,2026-01-23 16:01:00,2026-01-23 16:26:00,COMPLETED,799.94,UPI
103,1281,100,,2026-01-23 11:49:00,2026-01-23 12:34:00,COMPLETED,640.25,COD
104,3544,20,,2026-01-23 11:24:00,2026-01-23 11:49:00,COMPLETED,232.04,CARD
105,4882,28,,2026-01-23 09:57:00,2026-01-23 10:40:00,CANCELLED,604.65,UPI
106,3487,96,,2026-01-23 10:51:00,2026-01-23 11:35:00,COMPLETED,655.56,COD
107,3370,4,,2026-01-23 13:18:00,2026-01-23 13:46:00,CANCELLED,524.27,UPI
108,1311,76,,2026-01-23 14:46:00,2026-01-23 15:17:00,COMPLETED,216.24,UPI
109,4299,16,,2026-01-23 22:30:00,2026-01-23 23:14:00,COMPLETED,375.68,UPI
110,1282,65,,2026-01-23 19:17:00,2026-01-23 19:53:00,CANCELLED,158.22,UPI
111,1432,56,,2026-01-23 22:02:00,2026-01-23 22:42:00,CANCELLED,563.13,UPI
112,2783,23,,2026-01-23 20:04:00,2026-01-23 20:33:00,CANCELLED,550.34,CARD
113,2904,56,,2026-01-23 21:13:00,2026-01-23 21:53:00,CANCELLED,359.5,COD
114,2142,113,,2026-01-23 22:10:00,2026-01-23 22:37:00,CANCELLED,308.51,UPI
115,3736,49,,2026-01-23 17:43:00,2026-01-23 18:27:00,CANCELLED,168.65,UPI
116,1868,46,,2026-01-23 11:06:00,2026-01-23 11:46:00,CANCELLED,371.22,CARD
117,3276,2,,2026-01-23 19:58:00,2026-01-23 20:31:00,COMPLETED,205.65,CARD
118,3274,98,,2026-01-23 14:56:00,2026-01-23 15:36:00,COMPLETED,598.9,CARD
119,2835,102,,2026-01-23 20:08:00,2026-01-23 20:48:00,COMPLETED,210.48,COD
120,2254,85,,2026-01-23 14:54:00,2026-01-23 15:26:00,CANCELLED,457.62,CARD
121,4055,71,,2026-01-23 13:52:00,2026-01-23 14:30:00,CANCELLED,378.68,UPI
122,2029,30,,2026-01-23 12:37:00,2026-01-23 13:11:00,COMPLETED,618.83,UPI
123,4894,98,,2026-01-23 10:02:00,2026-01-23 10:44:00,COMPLETED,274.5,CARD
124,3967,76,,2026-01-23 16:15:00,2026-01-23 16:48:00,CANCELLED,787.33,COD
125,2478,23,,2026-01-23 13:03:00,2026-01-23 13:35:00,CANCELLED,159.2,CARD
126,1186,7,,2026-01-23 10:09:00,2026-01-23 10:42:00,CANCELLED,603.32,COD
127,1420,112,,2026-01-23 18:53:00,2026-01-23 19:33:00,COMPLETED,523.14,UPI
128,2395,24,,2026-01-23 16:10:00,2026-01-23 16:49:00,COMPLETED,314.11,UPI
129,2641,63,,2026-01-23 09:56:00,2026-01-23 10:23:00,COMPLETED,525.06,CARD
130,1611,104,,2026-01-23 08:54:00,2026-01-23 09:23:00,CANCELLED,205.37,COD
131,4131,54,,2026-01-23 10:01:00,2026-01-23 10:43:00,COMPLETED,654.2,UPI
132,2217,111,,2026-01-23 15:41:00,2026-01-23 16:20:00,CANCELLED,348.5,CARD
133,4932,95,,2026-01-23 09:01:00,2026-01-23 09:45:00,COMPLETED,765.93,COD
134,2083,85,,2026-01-23 18:40:00,2026-01-23 19:11:00,COMPLETED,252.09,COD
135,1641,1,,2026-01-23 17:25:00,2026-01-23 17:52:00,CANCELLED,442.83,CARD
136,1133,30,,2026-01-23 16:01:00,2026-01-23 16:35:00,CANCELLED,609.52,CARD
137,1291,88,,2026-01-23 22:40:00,2026-01-23 23:19:00,COMPLETED,750.54,CARD
138,2741,15,,2026-01-23 18:03:00,2026-01-23 18:34:00,COMPLETED,570.96,UPI
139,1292,8,,2026-01-23 22:06:00,2026-01-23 22:35:00,COMPLETED,665.21,CARD
140,4773,37,,2026-01-23 20:46:00,2026-01-23 21:29:00,CANCELLED,230.83,CARD
141,4861,35,,2026-01-23 13:11:00,2026-01-23 13:48:00,CANCELLED,434.54,CARD
142,4008,42,,2026-01-23 08:40:00,2026-01-23 09:18:00,CANCELLED,166.81,COD
143,3404,3,,2026-01-23 19:30:00,2026-01-23 20:13:00,CANCELLED,524.56,COD
144,3668,57,,2026-01-23 16:01:00,2026-01-23 16:42:00,CANCELLED,267.97,CARD
145,4335,63,,2026-01-23 15:26:00,2026-01-23 16:11:00,COMPLETED,455.51,UPI
146,3744,14,,2026-01-23 13:41:00,2026-01-23 14:16:00,COMPLETED,364.37,CARD
147,3713,52,,2026-01-23 16:27:00,2026-01-23 17:01:00,COMPLETED,445.64,UPI
148,1474,99,,2026-01-23 12:18:00,2026-01-23 12:53:00,CANCELLED,712.19,COD
149,2892,53,,2026-01-23 19:13:00,2026-01-23 19:55:00,COMPLETED,271.93,UPI
150,3561,57,,2026-01-23 18:37:00,2026-01-23 19:17:00,COMPLETED,282.31,CARD
151,2794,113,,2026-01-23 10:14:00,2026-01-23 10:48:00,CANCELLED,228.93,CARD
152,3907,21,,2026-01-23 18:23:00,2026-01-23 18:55:00,CANCELLED,508.05,CARD
153,1920,108,,2026-01-23 14:57:00,2026-01-23 15:24:00,COMPLETED,449.94,COD
154,3041,120,,2026-01-23 19:03:00,2026-01-23 19:32:00,CANCELLED,480.77,UPI
155,2934,32,,2026-01-23 15:05:00,2026-01-23 15:45:00,CANCELLED,508.32,UPI
156,3081,96,,2026-01-23 11:15:00,2026-01-23 11:59:00,COMPLETED,711.62,UPI
157,2392,120,,2026-01-23 21:11:00,2026-01-23 21:49:00,CANCELLED,683.36,UPI
158,4430,76,,2026-01-23 20:23:00,2026-01-23 20:57:00,CANCELLED,712.42,UPI
159,2413,43,,2026-01-23 17:11:00,2026-01-23 17:51:00,CANCELLED,445.97,UPI
160,3856,31,,2026-01-23 22:50:00,2026-01-23 23:21:00,CANCELLED,301.82,UPI
161,4050,61,,2026-01-23 08:44:00,2026-01-23 09:19:00,CANCELLED,400.95,CARD
162,1623,64,,2026-01-23 21:31:00,2026-01-23 22:16:00,COMPLETED,232.06,CARD
163,4580,109,,2026-01-23 13:39:00,2026-01-23 14:07:00,CANCELLED,214.81,UPI
164,2679,112,,2026-01-23 08:15:00,2026-01-23 08:44:00,COMPLETED,198.64,UPI
165,3837,51,,2026-01-23 13:46:00,2026-01-23 14:30:00,COMPLETED,703.65,CARD
166,2556,41,,2026-01-23 22:39:00,2026-01-23 23:21:00,CANCELLED,717.05,COD
167,1961,81,,2026-01-23 18:32:00,2026-01-23 18:59:00,CANCELLED,798.33,CARD
168,1403,98,,2026-01-23 09:32:00,2026-01-23 10:10:00,COMPLETED,438.39,CARD
169,1188,42,,2026-01-23 13:06:00,2026-01-23 13:31:00,COMPLETED,340.69,UPI
170,2000,68,,2026-01-23 15:21:00,2026-01-23 15:50:00,CANCELLED,517.85,COD
171,1323,79,,2026-01-23 10:54:00,2026-01-23 11:24:00,CANCELLED,552.81,COD
172,1586,30,,2026-01-23 16:29:00,2026-01-23 17:12:00,CANCELLED,564.64,UPI
173,4681,103,,2026-01-23 12:21:00,2026-01-23 12:46:00,CANCELLED,735.79,CARD
174,1302,57,,2026-01-23 17:19:00,2026-01-23 17:49:00,CANCELLED,791.97,UPI
175,3827,33,,2026-01-23 18:54:00,2026-01-23 19:32:00,CANCELLED,699.45,COD
176,1436,31,,2026-01-23 14:33:00,2026-01-23 15:13:00,CANCELLED,521.75,CARD
177,1089,107,,2026-01-23 13:02:00,2026-01-23 13:36:00,CANCELLED,328.41,CARD
178,4729,78,,2026-01-23 22:45:00,2026-01-23 23:11:00,CANCELLED,691.35,UPI
179,3486,103,,2026-01-23 21:14:00,2026-01-23 21:46:00,CANCELLED,292.35,COD
180,3776,97,,2026-01-23 18:35:00,2026-01-23 19:08:00,COMPLETED,558.36,CARD
181,2265,101,,2026-01-23 19:01:00,2026-01-23 19:27:00,CANCELLED,171.69,UPI
182,1369,117,,2026-01-23 20:29:00,2026-01-23 20:58:00,CANCELLED,362.37,UPI
183,1541,101,,2026-01-23 10:59:00,2026-01-23 11:30:00,CANCELLED,495.05,UPI
184,2052,117,,2026-01-23 22:10:00,2026-01-23 22:40:00,CANCELLED,778.8,UPI
185,4294,15,,2026-01-23 20:44:00,2026-01-23 21:19:00,CANCELLED,775.88,COD
186,4523,87,,2026-01-23 20:52:00,2026-01-23 21:24:00,CANCELLED,778.73,CARD
187,4238,51,,2026-01-23 14:14:00,2026-01-23 14:41:00,COMPLETED,321.9,COD
188,3755,96,,2026-01-23 15:45:00,2026-01-23 16:21:00,CANCELLED,529.96,CARD
189,3764,30,,2026-01-23 14:20:00,2026-01-23 14:48:00,CANCELLED,166.27,CARD
190,1906,83,,2026-01-23 13:35:00,2026-01-23 14:19:00,COMPLETED,563.01,UPI
191,3659,53,,2026-01-23 19:57:00,2026-01-23 20:31:00,COMPLETED,240.86,COD
192,1475,13,,2026-01-23 13:11:00,2026-01-23 13:51:00,COMPLETED,726.72,COD
193,2519,86,,2026-01-23 14:37:00,2026-01-23 15:16:00,CANCELLED,531.77,CARD
194,3682,13,,2026-01-23 10:38:00,2026-01-23 11:16:00,CANCELLED,550.17,UPI
195,1889,57,,2026-01-23 08:33:00,2026-01-23 09:09:00,CANCELLED,767.86,UPI
196,3230,116,,2026-01-23 09:41:00,2026-01-23 10:17:00,CANCELLED,189.36,UPI
197,4887,109,,2026-01-23 11:14:00,2026-01-23 11:42:00,CANCELLED,209.59,COD
198,3445,3,,2026-01-23 18:57:00,2026-01-23 19:42:00,COMPLETED,661.42,COD
199,1840,9,,2026-01-23 10:08:00,2026-01-23 10:51:00,COMPLETED,531.15,COD
200,4230,116,,2026-01-23 13:36:00,2026-01-23 14:05:00,COMPLETED,330.23,COD
201,2026,103,,2026-01-23 10:13:00,2026-01-23 10:55:00,COMPLETED,221.45,COD
202,4235,101,,2026-01-24 08:15:00,2026-01-24 08:51:00,COMPLETED,532.75,COD
203,1214,17,,2026-01-24 10:58:00,2026-01-24 11:31:00,CANCELLED,491.96,CARD
204,2836,100,,2026-01-24 09:05:00,2026-01-24 09:45:00,CANCELLED,483.6,COD
205,1907,79,,2026-01-24 15:42:00,2026-01-24 16:23:00,COMPLETED,622.71,CARD
206,2876,83,,2026-01-24 16:53:00,2026-01-24 17:27:00,COMPLETED,189.54,UPI
207,2746,88,,2026-01-24 22:27:00,2026-01-24 23:04:00,COMPLETED,468.67,UPI
208,2319,78,,2026-01-24 09:15:00,2026-01-24 09:42:00,COMPLETED,192.69,UPI
209,3397,71,,2026-01-24 18:39:00,2026-01-24 19:24:00,CANCELLED,397.59,CARD
210,2858,65,,2026-01-24 17:03:00,2026-01-24 17:37:00,CANCELLED,214.47,CARD
211,3666,113,,2026-01-24 09:57:00,2026-01-24 10:42:00,COMPLETED,429.55,COD
212,4389,59,,2026-01-24 15:03:00,2026-01-24 15:38:00,CANCELLED,420.39,COD
213,2280,86,,2026-01-24 13:20:00,2026-01-24 13:58:00,CANCELLED,393.3,COD
214,1274,12,,2026-01-24 19:43:00,2026-01-24 20:23:00,COMPLETED,210.6,COD
215,4325,17,,2026-01-24 20:42:00,2026-01-24 21:18:00,COMPLETED,531.2,CARD
216,3744,16,,2026-01-24 17:35:00,2026-01-24 18:10:00,CANCELLED,379.84,CARD
217,4555,118,,2026-01-24 20:48:00,2026-01-24 21:26:00,COMPLETED,779.46,CARD
218,1424,74,,2026-01-24 13:19:00,2026-01-24 13:55:00,COMPLETED,250.57,UPI
219,2434,109,,2026-01-24 11:49:00,2026-01-24 12:17:00,CANCELLED,224.68,UPI
220,4306,55,,2026-01-24 17:47:00,2026-01-24 18:19:00,COMPLETED,545.85,CARD
221,1118,24,,2026-01-24 22:09:00,2026-01-24 22:42:00,CANCELLED,606.75,UPI
222,1025,24,,2026-01-24 13:47:00,2026-01-24 14:23:00,COMPLETED,518.11,UPI
223,4035,82,,2026-01-24 09:11:00,2026-01-24 09:40:00,COMPLETED,209.64,CARD
224,2719,59,,2026-01-24 11:40:00,2026-01-24 12:17:00,CANCELLED,252.32,UPI
225,4181,73,,2026-01-24 20:18:00,2026-01-24 20:53:00,COMPLETED,724.17,COD
226,1203,87,,2026-01-24 10:41:00,2026-01-24 11:25:00,COMPLETED,326.87,CARD
227,3486,57,,2026-01-24 15:14:00,2026-01-24 15:54:00,CANCELLED,327.56,CARD
228,2760,15,,2026-01-24 09:56:00,2026-01-24 10:32:00,CANCELLED,590.84,CARD
229,3732,40,,2026-01-24 16:18:00,2026-01-24 16:59:00,COMPLETED,293.34,CARD
230,1837,39,,2026-01-24 08:56:00,2026-01-24 09:21:00,COMPLETED,648.78,UPI
231,1491,1,,2026-01-24 12:56:00,2026-01-24 13:31:00,CANCELLED,635.56,COD
232,3181,91,,2026-01-24 10:12:00,2026-01-24 10:49:00,COMPLETED,475.17,CARD
233,1295,51,,2026-01-24 21:45:00,2026-01-24 22:21:00,COMPLETED,433.54,UPI
234,3358,55,,2026-01-24 09:19:00,2026-01-24 09:54:00,CANCELLED,611.17,UPI
235,2659,3,,2026-01-24 12:56:00,2026-01-24 13:24:00,CANCELLED,261.72,CARD
236,1360,56,,2026-01-24 15:51:00,2026-01-24 16:27:00,COMPLETED,308.16,CARD
237,1322,51,,2026-01-24 14:50:00,2026-01-24 15:31:00,CANCELLED,634.77,COD
238,1312,66,,2026-01-24 13:41:00,2026-01-24 14:11:00,COMPLETED,494.89,COD
239,2438,94,,2026-01-24 21:14:00,2026-01-24 21:50:00,COMPLETED,303.57,COD
240,1710,78,,2026-01-24 12:22:00,2026-01-24 12:53:00,COMPLETED,644.14,CARD
241,4896,99,,2026-01-24 09:17:00,2026-01-24 09:47:00,CANCELLED,451.57,CARD
242,2838,88,,2026-01-24 20:58:00,2026-01-24 21:41:00,CANCELLED,711.76,CARD
243,2801,9,,2026-01-24 13:23:00,2026-01-24 13:52:00,CANCELLED,437.44,UPI
244,3422,8,,2026-01-24 21:35:00,2026-01-24 22:08:00,CANCELLED,479.77,UPI
245,1154,8,,2026-01-24 15:52:00,2026-01-24 16:31:00,CANCELLED,690.6,COD
246,3519,77,,2026-01-24 19:00:00,2026-01-24 19:27:00,CANCELLED,450.76,CARD
247,2842,117,,2026-01-24 21:30:00,2026-01-24 21:56:00,COMPLETED,358.99,UPI
248,4922,8,,2026-01-24 16:33:00,2026-01-24 17:02:00,CANCELLED,217.28,UPI
249,3066,83,,2026-01-24 20:11:00,2026-01-24 20:38:00,COMPLETED,175.44,CARD
250,3146,67,,2026-01-24 15:28:00,2026-01-24 16:07:00,COMPLETED,386.53,UPI
251,4172,44,,2026-01-24 14:36:00,2026-01-24 15:14:00,COMPLETED,663.0,CARD
252,2350,13,,2026-01-24 13:42:00,2026-01-24 14:09:00,CANCELLED,334.7,CARD
253,4576,20,,2026-01-24 22:32:00,2026-01-24 23:16:00,CANCELLED,202.98,CARD
254,2270,84,,2026-01-24 10:24:00,2026-01-24 11:00:00,CANCELLED,233.82,CARD
255,3289,49,,2026-01-24 09:26:00,2026-01-24 10:00:00,CANCELLED,678.57,CARD
256,1382,83,,2026-01-24 19:59:00,2026-01-24 20:40:00,CANCELLED,480.52,COD
257,1738,28,,2026-01-24 14:11:00,2026-01-24 14:45:00,CANCELLED,765.98,UPI
258,1563,20,,2026-01-24 11:16:00,2026-01-24 11:48:00,COMPLETED,342.26,COD
259,4420,95,,2026-01-24 16:39:00,2026-01-24 17:21:00,COMPLETED,580.25,CARD
260,2543,20,,2026-01-24 10:14:00,2026-01-24 10:58:00,COMPLETED,267.55,CARD
261,4313,116,,2026-01-24 21:09:00,2026-01-24 21:53:00,COMPLETED,618.77,COD
262,3770,93,,2026-01-24 15:00:00,2026-01-24 15:36:00,COMPLETED,780.23,CARD
263,1958,69,,2026-01-24 12:51:00,2026-01-24 13:30:00,COMPLETED,351.15,UPI
264,2506,87,,2026-01-24 22:15:00,2026-01-24 22:46:00,CANCELLED,450.09,UPI
265,3059,68,,2026-01-24 21:16:00,2026-01-24 21:53:00,CANCELLED,778.07,COD
266,1566,112,,2026-01-24 21:40:00,2026-01-24 22:24:00,CANCELLED,183.92,UPI
267,3271,120,,2026-01-24 22:55:00,2026-01-24 23:31:00,COMPLETED,612.41,CARD
268,2167,11,,2026-01-24 22:31:00,2026-01-24 22:59:00,COMPLETED,327.31,CARD
269,1375,117,,2026-01-24 10:30:00,2026-01-24 11:08:00,COMPLETED,680.86,UPI
270,1218,51,,2026-01-24 08:27:00,2026-01-24 09:05:00,CANCELLED,303.26,COD
271,1115,41,,2026-01-24 14:23:00,2026-01-24 14:55:00,COMPLETED,695.46,CARD
272,1563,5,,2026-01-24 13:43:00,2026-01-24 14:12:00,CANCELLED,746.31,UPI
273,4108,91,,2026-01-24 19:52:00,2026-01-24 20:21:00,CANCELLED,441.59,COD
274,2048,28,,2026-01-24 09:21:00,2026-01-24 09:46:00,COMPLETED,506.72,CARD
275,2733,15,,2026-01-24 18:23:00,2026-01-24 19:04:00,CANCELLED,304.47,COD
276,2719,82,,2026-01-24 08:48:00,2026-01-24 09:20:00,CANCELLED,190.82,UPI
277,1067,81,,2026-01-24 18:11:00,2026-01-24 18:53:00,COMPLETED,617.05,UPI
278,3518,46,,2026-01-24 15:19:00,2026-01-24 15:44:00,COMPLETED,520.93,COD
279,3144,47,,2026-01-24 19:20:00,2026-01-24 19:47:00,COMPLETED,769.71,CARD
280,3269,3,,2026-01-24 16:39:00,2026-01-24 17:20:00,CANCELLED,717.67,COD
281,2529,33,,2026-01-24 18:50:00,2026-01-24 19:27:00,COMPLETED,382.11,COD
282,4002,85,,2026-01-24 13:53:00,2026-01-24 14:25:00,COMPLETED,651.48,CARD
283,1546,6,,2026-01-24 20:54:00,2026-01-24 21:29:00,CANCELLED,504.91,CARD
284,3848,62,,2026-01-24 10:59:00,2026-01-24 11:38:00,COMPLETED,677.47,COD
285,1151,38,,2026-01-24 20:13:00,2026-01-24 20:52:00,COMPLETED,178.47,COD
286,4823,40,,2026-01-24 08:42:00,2026-01-24 09:17:00,CANCELLED,792.93,CARD
287,1149,97,,2026-01-24 16:04:00,2026-01-24 16:37:00,COMPLETED,335.97,COD
288,2359,35,,2026-01-24 22:46:00,2026-01-24 23:31:00,COMPLETED,669.57,UPI
289,4664,50,,2026-01-24 14:49:00,2026-01-24 15:28:00,CANCELLED,782.92,UPI
290,2504,119,,2026-01-24 19:48:00,2026-01-24 20:28:00,CANCELLED,670.75,CARD
291,2763,78,,2026-01-24 15:14:00,2026-01-24 15:41:00,COMPLETED,504.56,UPI
292,2343,85,,2026-01-24 09:45:00,2026-01-24 10:12:00,CANCELLED,349.22,CARD
293,1682,89,,2026-01-24 20:14:00,2026-01-24 20:52:00,CANCELLED,378.51,COD
294,3518,56,,2026-01-24 20:24:00,2026-01-24 21:00:00,CANCELLED,565.66,COD
295,2663,47,,2026-01-24 09:16:00,2026-01-24 10:01:00,COMPLETED,769.31,COD
296,3777,101,,2026-01-24 22:29:00,2026-01-24 23:13:00,CANCELLED,172.62,COD
297,2500,47,,2026-01-24 12:01:00,2026-01-24 12:46:00,CANCELLED,767.15,COD
298,3781,58,,2026-01-24 18:19:00,2026-01-24 18:48:00,CANCELLED,391.81,COD
299,3168,47,,2026-01-24 17:47:00,2026-01-24 18:16:00,CANCELLED,354.35,UPI
300,1106,95,,2026-01-24 12:15:00,2026-01-24 12:43:00,COMPLETED,474.38,UPI
301,2072,100,,2026-01-24 17:35:00,2026-01-24 18:03:00,CANCELLED,607.62,COD
302,3842,118,,2026-01-24 18:26:00,2026-01-24 19:00:00,CANCELLED,280.12,COD
303,2851,23,,2026-01-24 22:33:00,2026-01-24 23:00:00,CANCELLED,798.22,CARD
304,3735,45,,2026-01-24 22:25:00,2026-01-24 23:00:00,COMPLETED,507.5,UPI
305,3915,91,,2026-01-24 13:07:00,2026-01-24 13:37:00,COMPLETED,665.9,CARD
306,1823,102,,2026-01-24 11:49:00,2026-01-24 12:17:00,COMPLETED,303.88,UPI
307,3269,74,,2026-01-24 08:26:00,2026-01-24 09:02:00,CANCELLED,453.81,CARD
308,4621,12,,2026-01-24 10:12:00,2026-01-24 10:56:00,COMPLETED,351.04,CARD
309,3153,53,,2026-01-24 20:16:00,2026-01-24 20:56:00,CANCELLED,685.17,COD
310,3631,10,,2026-01-24 10:08:00,2026-01-24 10:43:00,CANCELLED,452.79,CARD
311,4596,107,,2026-01-24 13:52:00,2026-01-24 14:21:00,COMPLETED,649.06,COD
312,4730,112,,2026-01-24 15:23:00,2026-01-24 16:04:00,COMPLETED,690.4,CARD
313,1674,21,,2026-01-24 10:36:00,2026-01-24 11:10:00,CANCELLED,757.58,COD
314,4665,37,,2026-01-24 13:54:00,2026-01-24 14:35:00,COMPLETED,312.89,CARD
315,1512,81,,2026-01-24 17:24:00,2026-01-24 17:57:00,CANCELLED,549.38,COD
316,1690,76,,2026-01-24 16:34:00,2026-01-24 17:19:00,COMPLETED,261.28,CARD
317,2382,108,,2026-01-24 20:17:00,2026-01-24 21:01:00,COMPLETED,686.4,COD
318,4885,83,,2026-01-24 09:23:00,2026-01-24 09:49:00,CANCELLED,573.23,CARD
319,3617,4,,2026-01-24 15:06:00,2026-01-24 15:50:00,CANCELLED,727.85,CARD
320,4918,39,,2026-01-24 12:56:00,2026-01-24 13:41:00,CANCELLED,309.17,CARD
321,2857,10,,2026-01-24 14:55:00,2026-01-24 15:29:00,COMPLETED,252.75,UPI
322,1835,44,,2026-01-24 16:15:00,2026-01-24 16:54:00,COMPLETED,353.18,CARD
323,4995,52,,2026-01-24 13:26:00,2026-01-24 14:02:00,COMPLETED,644.43,CARD
324,2307,31,,2026-01-24 17:35:00,2026-01-24 18:03:00,CANCELLED,229.64,UPI
325,1396,7,,2026-01-24 12:13:00,2026-01-24 12:42:00,CANCELLED,764.5,CARD
326,4943,111,,2026-01-24 15:08:00,2026-01-24 15:40:00,COMPLETED,678.76,CARD
327,1777,98,,2026-01-24 20:18:00,2026-01-24 20:53:00,COMPLETED,473.87,CARD
328,4600,40,,2026-01-24 15:58:00,2026-01-24 16:38:00,CANCELLED,165.06,UPI
329,4959,31,,2026-01-24 16:37:00,2026-01-24 17:16:00,COMPLETED,529.17,COD
330,3027,77,,2026-01-24 08:51:00,2026-01-24 09:25:00,CANCELLED,335.74,COD
331,2765,18,,2026-01-24 22:27:00,2026-01-24 22:55:00,CANCELLED,622.88,UPI
332,2640,7,,2026-01-24 14:14:00,2026-01-24 14:40:00,COMPLETED,385.64,UPI
333,3065,58,,2026-01-24 09:15:00,2026-01-24 09:52:00,CANCELLED,686.45,CARD
334,1486,17,,2026-01-24 19:36:00,2026-01-24 20:20:00,COMPLETED,406.04,UPI
335,4092,19,,2026-01-24 17:31:00,2026-01-24 18:07:00,COMPLETED,541.6,UPI
336,1185,5,,2026-01-24 16:32:00,2026-01-24 16:58:00,COMPLETED,613.83,UPI
337,1610,78,,2026-01-24 16:51:00,2026-01-24 17:30:00,COMPLETED,363.18,CARD
338,3525,95,,2026-01-25 10:46:00,2026-01-25 11:23:00,CANCELLED,535.92,CARD
339,3180,63,,2026-01-25 22:08:00,2026-01-25 22:49:00,CANCELLED,458.68,COD
340,3759,15,,2026-01-25 14:17:00,2026-01-25 14:52:00,CANCELLED,529.41,CARD
341,1109,77,,2026-01-25 22:53:00,2026-01-25 23:38:00,CANCELLED,322.59,CARD
342,3365,30,,2026-01-25 21:21:00,2026-01-25 22:04:00,COMPLETED,529.29,COD
343,3953,80,,2026-01-25 16:56:00,2026-01-25 17:41:00,CANCELLED,246.05,CARD
344,3345,90,,2026-01-25 12:08:00,2026-01-25 12:34:00,COMPLETED,274.01,UPI
345,1620,53,,2026-01-25 13:21:00,2026-01-25 13:59:00,COMPLETED,416.75,CARD
346,3890,18,,2026-01-25 16:02:00,2026-01-25 16:28:00,COMPLETED,514.58,CARD
347,2543,41,,2026-01-25 16:09:00,2026-01-25 16:50:00,COMPLETED,448.78,CARD
348,2451,87,,2026-01-25 13:50:00,2026-01-25 14:32:00,CANCELLED,546.55,COD
349,3285,39,,2026-01-25 12:12:00,2026-01-25 12:45:00,COMPLETED,761.97,UPI
350,3887,27,,2026-01-25 21:09:00,2026-01-25 21:43:00,CANCELLED,356.08,UPI
351,2178,16,,2026-01-25 17:33:00,2026-01-25 18:06:00,CANCELLED,732.24,UPI
352,4910,99,,2026-01-25 21:58:00,2026-01-25 22:34:00,COMPLETED,338.79,UPI
353,2418,119,,2026-01-25 20:11:00,2026-01-25 20:38:00,CANCELLED,576.38,CARD
354,1827,106,,2026-01-25 16:10:00,2026-01-25 16:41:00,CANCELLED,756.47,CARD
355,1447,79,,2026-01-25 12:38:00,2026-01-25 13:07:00,COMPLETED,307.6,CARD
356,3613,30,,2026-01-25 17:03:00,2026-01-25 17:35:00,COMPLETED,215.13,UPI
357,1411,88,,2026-01-25 20:14:00,2026-01-25 20:54:00,COMPLETED,153.37,CARD
358,3674,120,,2026-01-25 10:41:00,2026-01-25 11:19:00,CANCELLED,460.34,COD
359,2315,37,,2026-01-25 20:54:00,2026-01-25 21:28:00,COMPLETED,740.16,COD
360,1951,69,,2026-01-25 19:07:00,2026-01-25 19:50:00,COMPLETED,743.6,COD
361,4825,118,,2026-01-25 15:07:00,2026-01-25 15:37:00,COMPLETED,798.16,UPI
362,1763,120,,2026-01-25 21:26:00,2026-01-25 22:06:00,CANCELLED,719.88,COD
363,3468,14,,2026-01-25 13:05:00,2026-01-25 13:48:00,CANCELLED,334.97,CARD
364,3023,114,,2026-01-25 17:16:00,2026-01-25 17:57:00,COMPLETED,703.19,UPI
365,4312,15,,2026-01-25 12:39:00,2026-01-25 13:10:00,CANCELLED,255.62,UPI
366,3943,24,,2026-01-25 19:03:00,2026-01-25 19:36:00,COMPLETED,628.8,UPI
367,1718,79,,2026-01-25 17:41:00,2026-01-25 18:12:00,CANCELLED,687.54,CARD
368,2641,86,,2026-01-25 13:35:00,2026-01-25 14:02:00,COMPLETED,270.11,COD
369,4833,32,,2026-01-25 16:08:00,2026-01-25 16:43:00,COMPLETED,319.51,COD
370,4907,43,,2026-01-25 15:37:00,2026-01-25 16:10:00,CANCELLED,528.6,CARD
371,3677,47,,2026-01-25 08:11:00,2026-01-25 08:44:00,COMPLETED,190.38,COD
372,1654,52,,2026-01-25 15:56:00,2026-01-25 16:30:00,CANCELLED,598.69,CARD
373,3517,29,,2026-01-25 13:02:00,2026-01-25 13:38:00,COMPLETED,772.28,UPI
374,4062,78,,2026-01-25 10:36:00,2026-01-25 11:15:00,CANCELLED,420.3,CARD
375,4284,86,,2026-01-25 16:02:00,2026-01-25 16:44:00,COMPLETED,645.21,CARD
376,4576,101,,2026-01-25 20:52:00,2026-01-25 21:36:00,COMPLETED,491.58,CARD
377,1319,118,,2026-01-25 20:00:00,2026-01-25 20:36:00,COMPLETED,190.14,CARD
378,3345,69,,2026-01-25 16:37:00,2026-01-25 17:08:00,COMPLETED,256.95,CARD
379,3786,27,,2026-01-25 15:32:00,2026-01-25 16:00:00,CANCELLED,209.11,CARD
380,2857,17,,2026-01-25 15:36:00,2026-01-25 16:02:00,CANCELLED,446.92,COD
381,3755,104,,2026-01-25 17:32:00,2026-01-25 18:11:00,CANCELLED,620.13,UPI
382,4054,28,,2026-01-25 12:20:00,2026-01-25 12:45:00,COMPLETED,179.44,UPI
383,3216,8,,2026-01-25 19:57:00,2026-01-25 20:24:00,COMPLETED,790.99,UPI
384,2674,24,,2026-01-25 08:32:00,2026-01-25 09:06:00,COMPLETED,647.79,CARD
385,2533,115,,2026-01-25 19:01:00,2026-01-25 19:39:00,CANCELLED,441.55,UPI
386,3796,85,,2026-01-25 14:24:00,2026-01-25 14:51:00,COMPLETED,574.8,UPI
387,3200,51,,2026-01-25 10:01:00,2026-01-25 10:31:00,COMPLETED,623.11,COD
388,4097,3,,2026-01-25 22:14:00,2026-01-25 22:39:00,CANCELLED,450.95,CARD
389,3178,49,,2026-01-25 17:17:00,2026-01-25 17:55:00,COMPLETED,310.88,UPI
390,1772,120,,2026-01-25 10:38:00,2026-01-25 11:11:00,COMPLETED,170.94,CARD
391,4137,120,,2026-01-25 15:09:00,2026-01-25 15:53:00,COMPLETED,306.43,COD
392,1137,58,,2026-01-25 09:43:00,2026-01-25 10:27:00,COMPLETED,309.08,COD
393,1959,70,,2026-01-25 14:51:00,2026-01-25 15:30:00,COMPLETED,640.35,COD
394,2184,30,,2026-01-25 10:23:00,2026-01-25 11:04:00,CANCELLED,525.36,CARD
395,1970,39,,2026-01-25 21:58:00,2026-01-25 22:33:00,COMPLETED,790.7,CARD
396,2230,36,,2026-01-25 11:46:00,2026-01-25 12:24:00,COMPLETED,511.87,CARD
397,3564,87,,2026-01-25 23:00:00,2026-01-25 23:30:00,CANCELLED,511.3,COD
398,3749,49,,2026-01-25 13:52:00,2026-01-25 14:37:00,CANCELLED,602.6,UPI
399,2541,24,,2026-01-25 10:32:00,2026-01-25 11:06:00,CANCELLED,306.63,COD
400,4300,60,,2026-01-25 13:07:00,2026-01-25 13:36:00,COMPLETED,515.55,UPI
401,1549,50,,2026-01-25 17:30:00,2026-01-25 18:11:00,COMPLETED,315.75,UPI
402,4777,58,,2026-01-25 19:02:00,2026-01-25 19:29:00,CANCELLED,210.1,CARD
403,1211,35,,2026-01-25 22:09:00,2026-01-25 22:40:00,CANCELLED,587.89,CARD
404,1770,103,,2026-01-25 08:40:00,2026-01-25 09:07:00,COMPLETED,461.61,UPI
405,1867,120,,2026-01-25 13:10:00,2026-01-25 13:35:00,COMPLETED,775.35,COD
406,4745,32,,2026-01-25 20:44:00,2026-01-25 21:24:00,COMPLETED,407.81,COD
407,4176,37,,2026-01-25 17:25:00,2026-01-25 18:00:00,CANCELLED,453.06,CARD
408,2071,47,,2026-01-25 14:07:00,2026-01-25 14:41:00,CANCELLED,452.9,CARD
409,4745,27,,2026-01-25 16:00:00,2026-01-25 16:35:00,CANCELLED,353.4,COD
410,4036,19,,2026-01-25 17:36:00,2026-01-25 18:08:00,COMPLETED,319.5,CARD
411,2209,20,,2026-01-25 17:53:00,2026-01-25 18:31:00,COMPLETED,364.41,UPI
412,3045,71,,2026-01-25 17:43:00,2026-01-25 18:15:00,CANCELLED,317.26,UPI
413,4029,63,,2026-01-25 20:20:00,2026-01-25 21:05:00,CANCELLED,259.35,UPI
414,3950,70,,2026-01-25 10:53:00,2026-01-25 11:22:00,CANCELLED,269.63,CARD
415,3146,5,,2026-01-25 18:57:00,2026-01-25 19:23:00,COMPLETED,764.37,CARD
416,2689,18,,2026-01-25 08:49:00,2026-01-25 09:14:00,COMPLETED,194.18,COD
417,3071,59,,2026-01-25 08:09:00,2026-01-25 08:40:00,CANCELLED,189.29,CARD
418,4738,62,,2026-01-25 19:22:00,2026-01-25 20:06:00,CANCELLED,160.23,CARD
419,1048,3,,2026-01-25 17:24:00,2026-01-25 18:02:00,CANCELLED,498.23,UPI
420,4330,90,,2026-01-25 08:17:00,2026-01-25 08:58:00,CANCELLED,674.01,COD
421,3147,20,,2026-01-25 09:49:00,2026-01-25 10:17:00,COMPLETED,274.76,CARD
422,2094,102,,2026-01-25 12:18:00,2026-01-25 12:54:00,CANCELLED,201.36,UPI
423,1996,90,,2026-01-25 15:50:00,2026-01-25 16:33:00,COMPLETED,344.98,COD
424,4111,5,,2026-01-25 19:09:00,2026-01-25 19:54:00,COMPLETED,413.43,UPI
425,1229,82,,2026-01-25 17:25:00,2026-01-25 18:05:00,COMPLETED,606.85,COD
426,3641,101,,2026-01-25 16:31:00,2026-01-25 17:09:00,CANCELLED,517.81,COD
427,1941,28,,2026-01-25 17:00:00,2026-01-25 17:26:00,CANCELLED,326.21,COD
428,4683,70,,2026-01-25 19:40:00,2026-01-25 20:13:00,COMPLETED,266.58,UPI
429,3404,19,,2026-01-25 08:16:00,2026-01-25 08:47:00,CANCELLED,753.77,UPI
430,1984,73,,2026-01-25 10:46:00,2026-01-25 11:29:00,CANCELLED,590.07,CARD
431,4094,95,,2026-01-25 13:39:00,2026-01-25 14:16:00,COMPLETED,663.82,CARD
432,3051,96,,2026-01-25 20:21:00,2026-01-25 20:48:00,CANCELLED,184.9,UPI
433,2395,78,,2026-01-25 11:57:00,2026-01-25 12:24:00,CANCELLED,779.8,UPI
434,2119,101,,2026-01-25 08:30:00,2026-01-25 09:15:00,CANCELLED,468.89,UPI
435,2768,24,,2026-01-25 17:26:00,2026-01-25 18:03:00,CANCELLED,205.7,CARD
436,3920,10,,2026-01-25 13:02:00,2026-01-25 13:34:00,COMPLETED,324.18,UPI
437,1631,95,,2026-01-25 20:08:00,2026-01-25 20:53:00,CANCELLED,355.84,COD
438,4862,40,,2026-01-25 09:33:00,2026-01-25 09:58:00,CANCELLED,383.95,UPI
439,1357,24,,2026-01-25 09:44:00,2026-01-25 10:13:00,CANCELLED,441.75,CARD
440,1423,4,,2026-01-25 16:44:00,2026-01-25 17:22:00,COMPLETED,380.04,COD
441,4213,42,,2026-01-25 18:11:00,2026-01-25 18:55:00,CANCELLED,158.02,UPI
442,3968,116,,2026-01-25 14:37:00,2026-01-25 15:04:00,COMPLETED,521.77,COD
443,1694,18,,2026-01-25 19:41:00,2026-01-25 20:18:00,CANCELLED,345.74,UPI
444,1684,56,,2026-01-25 10:29:00,2026-01-25 10:56:00,CANCELLED,423.72,UPI
445,2479,33,,2026-01-25 21:21:00,2026-01-25 21:48:00,COMPLETED,618.58,UPI
446,1800,59,,2026-01-25 18:08:00,2026-01-25 18:52:00,COMPLETED,238.07,COD
447,4447,80,,2026-01-25 14:45:00,2026-01-25 15:20:00,CANCELLED,672.65,UPI
448,2763,105,,2026-01-25 15:30:00,2026-01-25 16:05:00,COMPLETED,345.28,CARD
449,2962,41,,2026-01-25 19:51:00,2026-01-25 20:22:00,COMPLETED,776.97,UPI
450,3011,74,,2026-01-25 12:58:00,2026-01-25 13:43:00,COMPLETED,361.83,UPI
451,2495,15,,2026-01-25 21:56:00,2026-01-25 22:33:00,COMPLETED,534.95,CARD
452,1110,94,,2026-01-25 11:04:00,2026-01-25 11:46:00,CANCELLED,762.93,COD
453,4404,89,,2026-01-25 15:28:00,2026-01-25 16:02:00,COMPLETED,682.33,UPI
454,1570,82,,2026-01-25 19:29:00,2026-01-25 20:09:00,CANCELLED,307.31,CARD
455,4232,49,,2026-01-25 10:37:00,2026-01-25 11:15:00,COMPLETED,441.89,CARD
456,2641,69,,2026-01-25 16:10:00,2026-01-25 16:53:00,CANCELLED,503.37,UPI
457,3432,82,,2026-01-25 19:58:00,2026-01-25 20:40:00,COMPLETED,221.09,COD
458,1681,83,,2026-01-25 19:13:00,2026-01-25 19:49:00,COMPLETED,516.09,CARD
459,2636,97,,2026-01-25 19:33:00,2026-01-25 20:18:00,CANCELLED,777.72,UPI
460,1403,34,,2026-01-25 09:48:00,2026-01-25 10:13:00,COMPLETED,481.94,CARD
461,3816,74,,2026-01-25 17:31:00,2026-01-25 18:14:00,COMPLETED,439.76,UPI
462,3828,65,,2026-01-25 15:54:00,2026-01-25 16:37:00,COMPLETED,374.23,COD
463,2210,54,,2026-01-25 16:14:00,2026-01-25 16:42:00,COMPLETED,225.45,CARD
464,2277,44,,2026-01-25 10:25:00,2026-01-25 11:01:00,CANCELLED,659.78,CARD
465,2950,13,,2026-01-25 16:14:00,2026-01-25 16:50:00,CANCELLED,619.3,UPI
466,2229,6,,2026-01-25 13:26:00,2026-01-25 13:53:00,COMPLETED,164.68,UPI
467,3773,103,,2026-01-25 19:03:00,2026-01-25 19:31:00,COMPLETED,754.45,CARD
468,1714,71,,2026-01-25 12:09:00,2026-01-25 12:50:00,COMPLETED,365.14,UPI
469,4267,52,,2026-01-25 15:53:00,2026-01-25 16:25:00,COMPLETED,271.15,CARD
470,1119,95,,2026-01-25 15:22:00,2026-01-25 15:59:00,COMPLETED,442.22,UPI
471,3886,28,,2026-01-25 14:38:00,2026-01-25 15:03:00,COMPLETED,330.92,CARD
472,3364,14,,2026-01-25 21:48:00,2026-01-25 22:15:00,COMPLETED,387.77,COD
473,2074,86,,2026-01-25 15:48:00,2026-01-25 16:16:00,CANCELLED,493.01,CARD
474,2591,79,,2026-01-25 13:20:00,2026-01-25 14:04:00,CANCELLED,531.55,UPI
475,3528,23,,2026-01-25 14:00:00,2026-01-25 14:39:00,CANCELLED,747.14,CARD
476,2282,16,,2026-01-25 09:26:00,2026-01-25 09:55:00,COMPLETED,348.5,COD
477,3092,50,,2026-01-25 14:22:00,2026-01-25 14:51:00,CANCELLED,537.68,CARD
478,1760,63,,2026-01-25 14:32:00,2026-01-25 15:10:00,COMPLETED,510.69,UPI
479,1766,41,,2026-01-25 12:55:00,2026-01-25 13:24:00,CANCELLED,552.62,UPI
480,1559,25,,2026-01-25 08:09:00,2026-01-25 08:49:00,CANCELLED,776.49,CARD
481,2675,88,,2026-01-25 19:08:00,2026-01-25 19:48:00,CANCELLED,420.16,UPI
482,1338,73,,2026-01-25 16:20:00,2026-01-25 16:50:00,COMPLETED,667.32,COD
483,2125,29,,2026-01-25 12:59:00,2026-01-25 13:25:00,CANCELLED,259.34,UPI
484,3251,66,,2026-01-25 17:39:00,2026-01-25 18:19:00,COMPLETED,522.26,UPI
485,4372,47,,2026-01-25 21:13:00,2026-01-25 21:55:00,COMPLETED,644.0,UPI
486,2741,14,,2026-01-25 17:19:00,2026-01-25 17:50:00,COMPLETED,343.51,COD
487,2427,111,,2026-01-25 15:40:00,2026-01-25 16:13:00,COMPLETED,435.4,COD
488,1859,104,,2026-01-25 21:14:00,2026-01-25 21:46:00,CANCELLED,709.68,CARD
489,1679,79,,2026-01-25 18:47:00,2026-01-25 19:25:00,COMPLETED,660.15,COD
490,3335,45,,2026-01-25 21:44:00,2026-01-25 22:10:00,CANCELLED,537.96,COD
491,2185,74,,2026-01-25 13:31:00,2026-01-25 14:05:00,CANCELLED,769.06,CARD
492,1555,97,,2026-01-25 19:35:00,2026-01-25 20:03:00,CANCELLED,747.2,UPI
493,1519,90,,2026-01-25 22:47:00,2026-01-25 23:32:00,COMPLETED,312.29,CARD
494,4118,108,,2026-01-25 13:29:00,2026-01-25 14:01:00,CANCELLED,468.15,CARD
495,3571,54,,2026-01-25 18:47:00,2026-01-25 19:20:00,CANCELLED,443.79,CARD
496,2650,66,,2026-01-25 21:33:00,2026-01-25 22:00:00,CANCELLED,601.56,UPI
497,2340,75,,2026-01-25 15:45:00,2026-01-25 16:25:00,COMPLETED,714.79,CARD
498,3600,86,,2026-01-26 20:28:00,2026-01-26 21:07:00,CANCELLED,702.57,CARD
499,4965,55,,2026-01-26 14:47:00,2026-01-26 15:18:00,COMPLETED,471.56,UPI
500,2383,71,,2026-01-26 22:08:00,2026-01-26 22:42:00,COMPLETED,517.99,UPI
501,4662,88,,2026-01-26 21:27:00,2026-01-26 22:02:00,COMPLETED,179.86,CARD
502,1066,16,,2026-01-26 21:22:00,2026-01-26 22:01:00,COMPLETED,436.84,COD
503,3820,117,,2026-01-26 15:18:00,2026-01-26 15:49:00,COMPLETED,723.4,UPI
504,1382,84,,2026-01-26 10:42:00,2026-01-26 11:15:00,CANCELLED,312.75,UPI
505,1677,7,,2026-01-26 19:20:00,2026-01-26 20:05:00,CANCELLED,556.64,CARD
506,2758,84,,2026-01-26 19:56:00,2026-01-26 20:28:00,COMPLETED,607.4,COD
507,1319,17,,2026-01-26 11:38:00,2026-01-26 12:18:00,COMPLETED,487.64,UPI
508,3849,44,,2026-01-26 08:09:00,2026-01-26 08:34:00,COMPLETED,792.3,UPI
509,2956,10,,2026-01-26 19:50:00,2026-01-26 20:19:00,COMPLETED,399.0,CARD
510,1422,41,,2026-01-26 21:45:00,2026-01-26 22:13:00,CANCELLED,722.64,COD
511,3627,87,,2026-01-26 14:31:00,2026-01-26 15:00:00,COMPLETED,194.47,CARD
512,3662,22,,2026-01-26 08:08:00,2026-01-26 08:52:00,CANCELLED,378.27,COD
513,4767,53,,2026-01-26 18:43:00,2026-01-26 19:12:00,CANCELLED,708.98,COD
514,4082,16,,2026-01-26 09:42:00,2026-01-26 10:11:00,CANCELLED,378.5,UPI
515,2014,36,,2026-01-26 13:22:00,2026-01-26 13:51:00,COMPLETED,311.31,CARD
516,2167,100,,2026-01-26 18:14:00,2026-01-26 18:58:00,COMPLETED,701.13,CARD
517,1841,67,,2026-01-26 22:56:00,2026-01-26 23:30:00,COMPLETED,636.1,UPI
518,4210,115,,2026-01-26 19:01:00,2026-01-26 19:27:00,COMPLETED,471.68,COD
519,3613,77,,2026-01-26 12:06:00,2026-01-26 12:46:00,COMPLETED,493.39,COD
520,1540,50,,2026-01-26 14:09:00,2026-01-26 14:44:00,CANCELLED,387.52,CARD
521,4909,99,,2026-01-26 10:56:00,2026-01-26 11:36:00,COMPLETED,160.85,COD
522,1883,6,,2026-01-26 08:14:00,2026-01-26 08:47:00,COMPLETED,766.64,UPI
523,3574,92,,2026-01-26 16:38:00,2026-01-26 17:12:00,CANCELLED,425.32,UPI
524,3197,69,,2026-01-26 09:24:00,2026-01-26 10:09:00,COMPLETED,330.35,UPI
525,4772,27,,2026-01-26 09:20:00,2026-01-26 10:01:00,COMPLETED,498.65,UPI
526,4126,107,,2026-01-26 18:00:00,2026-01-26 18:45:00,COMPLETED,351.61,UPI
527,1237,32,,2026-01-26 20:27:00,2026-01-26 20:59:00,COMPLETED,751.01,COD
528,3493,8,,2026-01-26 15:44:00,2026-01-26 16:28:00,CANCELLED,582.95,CARD
529,1489,2,,2026-01-26 20:38:00,2026-01-26 21:08:00,COMPLETED,605.97,COD
530,3142,67,,2026-01-26 16:28:00,2026-01-26 17:04:00,CANCELLED,258.53,COD
531,4002,114,,2026-01-26 20:47:00,2026-01-26 21:20:00,COMPLETED,651.43,COD
532,2114,68,,2026-01-26 13:43:00,2026-01-26 14:21:00,COMPLETED,320.92,CARD
533,3032,59,,2026-01-26 18:42:00,2026-01-26 19:09:00,CANCELLED,186.04,CARD
534,1644,33,,2026-01-26 10:50:00,2026-01-26 11:26:00,COMPLETED,731.27,CARD
535,1935,95,,2026-01-26 20:20:00,2026-01-26 20:48:00,COMPLETED,178.62,COD
536,2932,47,,2026-01-26 12:10:00,2026-01-26 12:36:00,CANCELLED,748.15,COD
537,3264,103,,2026-01-26 22:38:00,2026-01-26 23:04:00,CANCELLED,295.93,COD
538,2111,106,,2026-01-26 15:06:00,2026-01-26 15:41:00,COMPLETED,521.5,COD
539,1734,29,,2026-01-26 16:34:00,2026-01-26 17:00:00,COMPLETED,770.15,COD
540,4547,37,,2026-01-26 22:58:00,2026-01-26 23:37:00,CANCELLED,362.75,CARD
541,2511,26,,2026-01-26 15:47:00,2026-01-26 16:12:00,CANCELLED,516.47,UPI
542,1993,60,,2026-01-26 20:37:00,2026-01-26 21:21:00,CANCELLED,534.6,UPI
543,4000,116,,2026-01-26 21:11:00,2026-01-26 21:42:00,COMPLETED,247.87,UPI
544,3218,45,,2026-01-26 08:24:00,2026-01-26 08:56:00,COMPLETED,768.14,COD
545,4477,95,,2026-01-26 20:57:00,2026-01-26 21:34:00,CANCELLED,217.57,CARD
546,3015,8,,2026-01-26 12:03:00,2026-01-26 12:41:00,COMPLETED,612.57,COD
547,4675,109,,2026-01-26 08:44:00,2026-01-26 09:16:00,CANCELLED,605.55,UPI
548,3378,13,,2026-01-26 15:49:00,2026-01-26 16:16:00,COMPLETED,564.19,UPI
549,3325,8,,2026-01-26 09:16:00,2026-01-26 09:59:00,CANCELLED,580.59,COD
550,2069,109,,2026-01-26 12:02:00,2026-01-26 12:36:00,CANCELLED,751.93,UPI
551,2302,58,,2026-01-26 19:57:00,2026-01-26 20:32:00,CANCELLED,301.85,COD
552,1446,20,,2026-01-26 10:19:00,2026-01-26 11:02:00,COMPLETED,256.84,UPI
553,1494,69,,2026-01-26 13:21:00,2026-01-26 13:59:00,CANCELLED,777.01,COD
554,2897,34,,2026-01-26 15:42:00,2026-01-26 16:16:00,COMPLETED,208.77,CARD
555,1165,28,,2026-01-26 13:11:00,2026-01-26 13:55:00,CANCELLED,246.41,CARD
556,2623,66,,2026-01-26 12:14:00,2026-01-26 12:50:00,COMPLETED,590.17,UPI
557,1127,52,,2026-01-26 21:59:00,2026-01-26 22:29:00,CANCELLED,511.37,CARD
558,2892,14,,2026-01-26 12:15:00,2026-01-26 12:43:00,COMPLETED,228.94,COD
559,1535,26,,2026-01-26 22:10:00,2026-01-26 22:42:00,CANCELLED,391.96,CARD
560,3385,76,,2026-01-26 19:00:00,2026-01-26 19:27:00,CANCELLED,746.33,COD
561,1809,116,,2026-01-26 08:22:00,2026-01-26 08:49:00,CANCELLED,676.04,COD
562,1501,6,,2026-01-26 22:27:00,2026-01-26 23:02:00,CANCELLED,182.91,CARD
563,3032,4,,2026-01-26 15:23:00,2026-01-26 16:00:00,CANCELLED,594.09,COD
564,4720,24,,2026-01-26 14:02:00,2026-01-26 14:33:00,CANCELLED,331.91,COD
565,3536,79,,2026-01-26 08:35:00,2026-01-26 09:19:00,COMPLETED,570.73,UPI
566,2962,8,,2026-01-26 15:01:00,2026-01-26 15:43:00,COMPLETED,331.85,COD
567,3632,114,,2026-01-26 15:09:00,2026-01-26 15:40:00,COMPLETED,559.99,CARD
568,2566,101,,2026-01-26 21:33:00,2026-01-26 21:58:00,CANCELLED,461.79,UPI
569,3057,42,,2026-01-26 13:52:00,2026-01-26 14:35:00,CANCELLED,325.78,COD
570,1897,4,,2026-01-26 13:26:00,2026-01-26 14:10:00,CANCELLED,188.08,UPI
571,4140,75,,2026-01-26 17:02:00,2026-01-26 17:38:00,COMPLETED,783.09,COD
572,2091,69,,2026-01-26 12:13:00,2026-01-26 12:45:00,COMPLETED,646.63,COD
573,2453,120,,2026-01-26 17:49:00,2026-01-26 18:26:00,COMPLETED,264.47,CARD
574,4743,76,,2026-01-26 13:25:00,2026-01-26 14:01:00,COMPLETED,607.24,UPI
575,1582,73,,2026-01-26 17:41:00,2026-01-26 18:24:00,COMPLETED,693.85,UPI
576,1719,63,,2026-01-26 17:15:00,2026-01-26 17:49:00,COMPLETED,208.67,COD
577,1081,68,,2026-01-26 18:16:00,2026-01-26 18:48:00,CANCELLED,150.44,CARD
578,2395,92,,2026-01-26 11:26:00,2026-01-26 11:55:00,COMPLETED,747.21,UPI
579,1605,76,,2026-01-26 09:00:00,2026-01-26 09:25:00,COMPLETED,653.34,CARD
580,4934,10,,2026-01-26 22:41:00,2026-01-26 23:17:00,CANCELLED,607.95,CARD
581,1413,44,,2026-01-26 14:45:00,2026-01-26 15:28:00,CANCELLED,359.69,COD
582,4243,82,,2026-01-26 20:29:00,2026-01-26 21:07:00,CANCELLED,571.97,COD
583,3840,114,,2026-01-26 20:04:00,2026-01-26 20:46:00,CANCELLED,295.1,CARD
584,2549,40,,2026-01-26 21:54:00,2026-01-26 22:24:00,CANCELLED,232.78,CARD
585,2603,109,,2026-01-26 08:01:00,2026-01-26 08:44:00,COMPLETED,268.35,UPI
586,1904,82,,2026-01-26 21:48:00,2026-01-26 22:32:00,COMPLETED,758.85,COD
587,1974,45,,2026-01-26 13:39:00,2026-01-26 14:06:00,CANCELLED,259.13,COD
588,3987,114,,2026-01-26 22:01:00,2026-01-26 22:46:00,CANCELLED,440.31,UPI
589,3839,9,,2026-01-26 11:34:00,2026-01-26 12:06:00,CANCELLED,316.83,COD
590,1197,50,,2026-01-26 20:17:00,2026-01-26 20:42:00,CANCELLED,626.18,COD
591,4611,49,,2026-01-26 15:03:00,2026-01-26 15:43:00,CANCELLED,504.92,COD
592,4230,111,,2026-01-26 22:08:00,2026-01-26 22:48:00,COMPLETED,255.73,COD
593,2207,3,,2026-01-26 21:38:00,2026-01-26 22:04:00,CANCELLED,319.73,COD
594,1696,114,,2026-01-26 09:15:00,2026-01-26 09:50:00,CANCELLED,254.59,COD
595,2384,77,,2026-01-26 17:20:00,2026-01-26 17:47:00,CANCELLED,607.93,UPI
596,3487,114,,2026-01-26 19:09:00,2026-01-26 19:39:00,CANCELLED,252.12,COD
597,4991,25,,2026-01-26 13:39:00,2026-01-26 14:10:00,CANCELLED,603.18,CARD
598,2086,85,,2026-01-26 20:27:00,2026-01-26 21:09:00,CANCELLED,343.31,COD
599,3341,71,,2026-01-26 08:50:00,2026-01-26 09:27:00,CANCELLED,249.83,UPI
600,1358,38,,2026-01-26 08:03:00,2026-01-26 08:41:00,CANCELLED,279.79,COD
601,3614,38,,2026-01-26 11:31:00,2026-01-26 12:01:00,COMPLETED,457.82,COD
602,2928,63,,2026-01-26 13:15:00,2026-01-26 13:52:00,CANCELLED,209.24,CARD
603,2519,114,,2026-01-26 14:36:00,2026-01-26 15:06:00,CANCELLED,390.11,UPI
604,2801,60,,2026-01-26 08:45:00,2026-01-26 09:18:00,CANCELLED,297.06,UPI
605,1619,97,,2026-01-26 17:37:00,2026-01-26 18:03:00,COMPLETED,205.71,UPI
606,2695,97,,2026-01-26 21:47:00,2026-01-26 22:29:00,COMPLETED,509.84,UPI
607,2714,69,,2026-01-26 21:58:00,2026-01-26 22:39:00,CANCELLED,522.26,COD
608,1323,51,,2026-01-26 16:07:00,2026-01-26 16:41:00,COMPLETED,476.37,CARD
609,3775,80,,2026-01-26 21:39:00,2026-01-26 22:22:00,COMPLETED,228.18,UPI
610,4981,28,,2026-01-26 10:57:00,2026-01-26 11:27:00,COMPLETED,232.02,UPI
611,1827,106,,2026-01-26 09:20:00,2026-01-26 09:58:00,COMPLETED,692.17,UPI
612,1356,50,,2026-01-26 13:27:00,2026-01-26 13:54:00,CANCELLED,508.84,UPI
613,4756,112,,2026-01-26 16:52:00,2026-01-26 17:31:00,COMPLETED,661.26,CARD
614,4201,54,,2026-01-26 18:01:00,2026-01-26 18:42:00,COMPLETED,419.39,COD
615,3386,98,,2026-01-26 17:40:00,2026-01-26 18:23:00,COMPLETED,751.2,CARD
616,4218,37,,2026-01-26 21:18:00,2026-01-26 21:46:00,CANCELLED,720.63,UPI
617,2988,74,,2026-01-26 14:32:00,2026-01-26 15:17:00,CANCELLED,174.35,UPI
618,3532,78,,2026-01-26 14:52:00,2026-01-26 15:21:00,CANCELLED,175.21,UPI
619,1201,96,,2026-01-26 19:47:00,2026-01-26 20:19:00,CANCELLED,748.54,UPI
620,4348,102,,2026-01-26 08:20:00,2026-01-26 08:55:00,CANCELLED,352.12,UPI
621,4983,112,,2026-01-26 22:38:00,2026-01-26 23:06:00,COMPLETED,237.35,CARD
622,2103,94,,2026-01-26 15:33:00,2026-01-26 16:08:00,CANCELLED,543.24,COD
623,1865,117,,2026-01-26 11:12:00,2026-01-26 11:51:00,CANCELLED,631.61,CARD
624,4362,8,,2026-01-26 22:48:00,2026-01-26 23:24:00,COMPLETED,192.65,CARD
625,1555,100,,2026-01-26 16:38:00,2026-01-26 17:15:00,COMPLETED,262.93,COD
626,2021,5,,2026-01-26 22:17:00,2026-01-26 22:43:00,CANCELLED,182.86,UPI
627,2122,48,,2026-01-26 20:01:00,2026-01-26 20:32:00,CANCELLED,478.33,CARD
628,1990,48,,2026-01-26 10:06:00,2026-01-26 10:31:00,CANCELLED,536.13,COD
629,2432,45,,2026-01-27 18:00:00,2026-01-27 18:42:00,COMPLETED,694.47,UPI
630,2167,4,,2026-01-27 20:46:00,2026-01-27 21:13:00,CANCELLED,182.27,CARD
631,4510,29,,2026-01-27 21:18:00,2026-01-27 21:49:00,COMPLETED,590.5,UPI
632,3102,3,,2026-01-27 19:07:00,2026-01-27 19:45:00,COMPLETED,458.16,COD
633,3462,103,,2026-01-27 19:02:00,2026-01-27 19:32:00,COMPLETED,295.45,CARD
634,3919,91,,2026-01-27 21:44:00,2026-01-27 22:18:00,CANCELLED,425.47,UPI
635,2880,33,,2026-01-27 22:32:00,2026-01-27 23:08:00,COMPLETED,453.35,CARD
636,2626,75,,2026-01-27 16:53:00,2026-01-27 17:37:00,COMPLETED,154.78,CARD
637,3299,83,,2026-01-27 22:23:00,2026-01-27 22:59:00,CANCELLED,344.01,COD
638,2377,36,,2026-01-27 16:13:00,2026-01-27 16:40:00,CANCELLED,709.97,UPI
639,2223,25,,2026-01-27 19:11:00,2026-01-27 19:56:00,COMPLETED,486.24,COD
640,2655,85,,2026-01-27 08:58:00,2026-01-27 09:42:00,CANCELLED,592.49,CARD
641,3037,38,,2026-01-27 08:26:00,2026-01-27 09:11:00,CANCELLED,739.49,UPI
642,3388,91,,2026-01-27 14:37:00,2026-01-27 15:03:00,COMPLETED,373.06,CARD
643,3614,101,,2026-01-27 11:47:00,2026-01-27 12:29:00,CANCELLED,739.24,CARD
644,2229,109,,2026-01-27 14:07:00,2026-01-27 14:48:00,COMPLETED,696.42,CARD
645,1399,61,,2026-01-27 11:05:00,2026-01-27 11:39:00,COMPLETED,631.6,CARD
646,4124,117,,2026-01-27 21:47:00,2026-01-27 22:29:00,COMPLETED,765.5,UPI
647,1910,46,,2026-01-27 19:10:00,2026-01-27 19:37:00,COMPLETED,633.74,UPI
648,2522,34,,2026-01-27 15:10:00,2026-01-27 15:45:00,CANCELLED,451.44,COD
649,4548,82,,2026-01-27 16:01:00,2026-01-27 16:27:00,COMPLETED,456.94,COD
650,4553,88,,2026-01-27 16:32:00,2026-01-27 17:00:00,CANCELLED,494.4,UPI
651,1562,26,,2026-01-27 08:55:00,2026-01-27 09:24:00,CANCELLED,415.97,CARD
652,2295,111,,2026-01-27 15:48:00,2026-01-27 16:17:00,COMPLETED,656.31,UPI
653,1724,41,,2026-01-27 13:40:00,2026-01-27 14:25:00,COMPLETED,153.06,UPI
654,3360,98,,2026-01-27 11:34:00,2026-01-27 12:04:00,COMPLETED,468.23,COD
655,2776,82,,2026-01-27 10:12:00,2026-01-27 10:56:00,CANCELLED,412.21,UPI
656,1154,69,,2026-01-27 14:32:00,2026-01-27 14:57:00,COMPLETED,624.93,COD
657,1780,3,,2026-01-27 13:29:00,2026-01-27 14:10:00,COMPLETED,557.35,COD
658,2278,17,,2026-01-27 11:51:00,2026-01-27 12:27:00,COMPLETED,399.31,CARD
659,1267,106,,2026-01-27 13:13:00,2026-01-27 13:43:00,COMPLETED,343.83,UPI
660,3442,68,,2026-01-27 15:46:00,2026-01-27 16:27:00,CANCELLED,431.88,CARD
661,4692,63,,2026-01-27 10:17:00,2026-01-27 10:52:00,CANCELLED,637.58,COD
662,1078,30,,2026-01-27 21:51:00,2026-01-27 22:28:00,COMPLETED,622.66,COD
663,3415,65,,2026-01-27 11:36:00,2026-01-27 12:01:00,COMPLETED,230.06,CARD
664,2536,113,,2026-01-27 19:06:00,2026-01-27 19:32:00,CANCELLED,651.31,CARD
665,1196,85,,2026-01-27 08:49:00,2026-01-27 09:33:00,COMPLETED,574.82,COD
666,2707,57,,2026-01-27 08:49:00,2026-01-27 09:17:00,CANCELLED,230.34,UPI
667,1841,89,,2026-01-27 16:05:00,2026-01-27 16:34:00,COMPLETED,345.73,CARD
668,2105,80,,2026-01-27 09:43:00,2026-01-27 10:24:00,COMPLETED,422.24,COD
669,1482,37,,2026-01-27 16:43:00,2026-01-27 17:27:00,COMPLETED,660.09,UPI
670,1818,100,,2026-01-27 11:23:00,2026-01-27 12:07:00,CANCELLED,690.47,COD
671,2209,21,,2026-01-27 14:06:00,2026-01-27 14:44:00,COMPLETED,506.29,COD
672,2354,31,,2026-01-27 19:44:00,2026-01-27 20:24:00,COMPLETED,158.29,COD
673,3740,64,,2026-01-27 09:53:00,2026-01-27 10:36:00,COMPLETED,767.14,CARD
674,4705,33,,2026-01-27 09:16:00,2026-01-27 09:44:00,COMPLETED,446.89,UPI
675,1205,13,,2026-01-27 12:30:00,2026-01-27 13:09:00,COMPLETED,718.19,UPI
676,2744,95,,2026-01-27 14:08:00,2026-01-27 14:43:00,COMPLETED,211.75,COD
677,3717,83,,2026-01-27 08:09:00,2026-01-27 08:38:00,COMPLETED,363.63,UPI
678,4598,94,,2026-01-27 18:36:00,2026-01-27 19:09:00,COMPLETED,392.2,UPI
679,2641,52,,2026-01-27 11:07:00,2026-01-27 11:35:00,CANCELLED,326.69,UPI
680,4276,54,,2026-01-27 19:46:00,2026-01-27 20:26:00,COMPLETED,223.49,CARD
681,4860,109,,2026-01-27 20:23:00,2026-01-27 20:49:00,COMPLETED,217.41,CARD
682,3778,57,,2026-01-27 16:14:00,2026-01-27 16:57:00,COMPLETED,547.36,UPI
683,4533,88,,2026-01-27 18:26:00,2026-01-27 18:51:00,COMPLETED,464.0,UPI
684,2805,6,,2026-01-27 09:55:00,2026-01-27 10:33:00,COMPLETED,320.05,UPI
685,4143,96,,2026-01-27 08:12:00,2026-01-27 08:53:00,COMPLETED,785.63,CARD
686,3126,67,,2026-01-27 22:54:00,2026-01-27 23:29:00,COMPLETED,431.35,CARD
687,2416,85,,2026-01-27 12:14:00,2026-01-27 12:54:00,CANCELLED,246.63,CARD
688,1047,83,,2026-01-27 18:27:00,2026-01-27 18:53:00,COMPLETED,478.62,UPI
689,4561,22,,2026-01-27 22:32:00,2026-01-27 23:12:00,COMPLETED,638.43,UPI
690,4973,36,,2026-01-27 12:06:00,2026-01-27 12:41:00,COMPLETED,479.5,CARD
691,2651,105,,2026-01-27 18:58:00,2026-01-27 19:35:00,COMPLETED,201.24,UPI
692,2835,12,,2026-01-27 21:40:00,2026-01-27 22:23:00,CANCELLED,440.59,COD
693,1072,14,,2026-01-27 16:29:00,2026-01-27 17:14:00,CANCELLED,418.02,CARD
694,4382,12,,2026-01-27 17:22:00,2026-01-27 17:47:00,CANCELLED,728.57,CARD
695,3750,59,,2026-01-27 11:31:00,2026-01-27 12:16:00,CANCELLED,386.17,COD
696,4458,59,,2026-01-27 21:56:00,2026-01-27 22:28:00,CANCELLED,514.1,CARD
697,3935,85,,2026-01-27 18:14:00,2026-01-27 18:54:00,CANCELLED,615.34,COD
698,1008,44,,2026-01-27 09:39:00,2026-01-27 10:11:00,CANCELLED,689.42,UPI
699,2531,90,,2026-01-27 17:20:00,2026-01-27 18:01:00,COMPLETED,179.76,COD
700,4366,92,,2026-01-27 16:24:00,2026-01-27 16:53:00,CANCELLED,219.52,CARD
701,1494,120,,2026-01-27 11:20:00,2026-01-27 11:51:00,CANCELLED,290.13,COD
702,1441,97,,2026-01-27 20:13:00,2026-01-27 20:48:00,CANCELLED,180.23,CARD
703,1504,99,,2026-01-27 22:17:00,2026-01-27 23:00:00,CANCELLED,447.3,CARD
704,4947,64,,2026-01-27 16:36:00,2026-01-27 17:05:00,COMPLETED,494.74,COD
705,4435,75,,2026-01-27 17:26:00,2026-01-27 18:04:00,CANCELLED,750.84,COD
706,1711,94,,2026-01-27 19:48:00,2026-01-27 20:31:00,COMPLETED,217.31,CARD
707,4615,42,,2026-01-27 18:14:00,2026-01-27 18:58:00,CANCELLED,422.13,CARD
708,2120,51,,2026-01-27 19:49:00,2026-01-27 20:21:00,CANCELLED,780.82,UPI
709,1565,53,,2026-01-27 21:44:00,2026-01-27 22:13:00,CANCELLED,698.0,CARD
710,3915,95,,2026-01-27 22:41:00,2026-01-27 23:16:00,COMPLETED,280.58,CARD
711,3812,45,,2026-01-27 20:11:00,2026-01-27 20:45:00,COMPLETED,787.87,CARD
712,3222,89,,2026-01-27 11:02:00,2026-01-27 11:43:00,CANCELLED,611.73,UPI
713,3387,74,,2026-01-27 17:35:00,2026-01-27 18:15:00,CANCELLED,588.26,CARD
714,4310,2,,2026-01-27 12:52:00,2026-01-27 13:30:00,COMPLETED,166.43,COD
715,1818,35,,2026-01-27 08:54:00,2026-01-27 09:20:00,COMPLETED,789.3,CARD
716,4438,8,,2026-01-27 12:16:00,2026-01-27 12:45:00,CANCELLED,282.6,CARD
717,4334,58,,2026-01-27 08:33:00,2026-01-27 09:09:00,COMPLETED,550.47,CARD
718,4542,29,,2026-01-27 20:37:00,2026-01-27 21:19:00,CANCELLED,304.44,CARD
719,4794,49,,2026-01-27 12:54:00,2026-01-27 13:20:00,CANCELLED,420.77,CARD
720,1220,2,,2026-01-27 13:20:00,2026-01-27 14:02:00,CANCELLED,282.01,UPI
721,4733,82,,2026-01-27 22:09:00,2026-01-27 22:41:00,CANCELLED,640.82,CARD
722,1804,100,,2026-01-27 20:36:00,2026-01-27 21:20:00,COMPLETED,341.22,COD
723,1765,23,,2026-01-27 19:39:00,2026-01-27 20:06:00,COMPLETED,395.18,UPI
724,2082,17,,2026-01-27 12:45:00,2026-01-27 13:27:00,COMPLETED,529.59,UPI
725,2910,91,,2026-01-27 08:05:00,2026-01-27 08:40:00,COMPLETED,175.96,UPI
726,4168,120,,2026-01-27 18:11:00,2026-01-27 18:37:00,CANCELLED,468.86,CARD
727,1298,101,,2026-01-27 17:23:00,2026-01-27 17:59:00,CANCELLED,491.51,COD
728,4220,65,,2026-01-27 16:53:00,2026-01-27 17:20:00,COMPLETED,420.36,CARD
729,2431,29,,2026-01-27 14:53:00,2026-01-27 15:20:00,COMPLETED,581.17,UPI
730,1894,97,,2026-01-27 14:09:00,2026-01-27 14:43:00,CANCELLED,797.81,CARD
731,3739,45,,2026-01-27 08:09:00,2026-01-27 08:37:00,CANCELLED,306.23,CARD
732,1998,6,,2026-01-27 18:28:00,2026-01-27 19:12:00,CANCELLED,397.89,COD
733,3212,93,,2026-01-27 14:35:00,2026-01-27 15:08:00,CANCELLED,166.06,CARD
734,3106,103,,2026-01-27 22:01:00,2026-01-27 22:37:00,CANCELLED,466.42,UPI
735,2312,66,,2026-01-27 19:07:00,2026-01-27 19:38:00,COMPLETED,766.34,COD
736,3184,1,,2026-01-27 21:11:00,2026-01-27 21:53:00,COMPLETED,287.01,CARD
737,4542,88,,2026-01-27 21:12:00,2026-01-27 21:43:00,CANCELLED,693.18,COD
738,3648,105,,2026-01-27 17:10:00,2026-01-27 17:48:00,COMPLETED,635.48,COD
739,3936,43,,2026-01-27 08:24:00,2026-01-27 09:03:00,COMPLETED,206.89,COD
740,3285,10,,2026-01-27 11:02:00,2026-01-27 11:35:00,COMPLETED,742.14,UPI
741,3581,52,,2026-01-27 14:37:00,2026-01-27 15:16:00,CANCELLED,355.66,UPI
742,3190,1,,2026-01-27 19:29:00,2026-01-27 19:57:00,COMPLETED,641.37,CARD
743,2465,119,,2026-01-27 08:46:00,2026-01-27 09:13:00,COMPLETED,338.39,CARD
744,1354,37,,2026-01-27 13:08:00,2026-01-27 13:52:00,CANCELLED,397.92,CARD
745,1640,69,,2026-01-27 08:31:00,2026-01-27 09:11:00,COMPLETED,238.65,UPI
746,2208,82,,2026-01-27 21:35:00,2026-01-27 22:17:00,COMPLETED,343.74,CARD
747,4921,2,,2026-01-27 19:03:00,2026-01-27 19:39:00,COMPLETED,230.1,COD
748,2614,69,,2026-01-27 17:46:00,2026-01-27 18:30:00,COMPLETED,348.05,CARD
749,1867,53,,2026-01-27 20:39:00,2026-01-27 21:15:00,COMPLETED,254.62,COD
750,1795,15,,2026-01-27 18:31:00,2026-01-27 19:04:00,COMPLETED,586.14,CARD
751,4487,97,,2026-01-27 22:32:00,2026-01-27 22:58:00,CANCELLED,569.04,COD
752,2026,13,,2026-01-27 12:57:00,2026-01-27 13:24:00,COMPLETED,621.63,UPI
753,1525,86,,2026-01-27 13:38:00,2026-01-27 14:14:00,COMPLETED,215.03,CARD
754,2301,63,,2026-01-27 09:11:00,2026-01-27 09:42:00,CANCELLED,363.42,CARD
755,1624,73,,2026-01-27 13:13:00,2026-01-27 13:56:00,CANCELLED,675.0,UPI
756,2282,32,,2026-01-27 10:52:00,2026-01-27 11:17:00,COMPLETED,612.93,CARD
757,4441,47,,2026-01-27 15:26:00,2026-01-27 15:59:00,COMPLETED,591.73,UPI
758,2895,58,,2026-01-27 22:58:00,2026-01-27 23:38:00,CANCELLED,653.6,UPI
759,1719,83,,2026-01-27 17:24:00,2026-01-27 17:52:00,COMPLETED,697.17,COD
760,2078,94,,2026-01-27 17:11:00,2026-01-27 17:42:00,COMPLETED,622.83,COD
761,3587,4,,2026-01-27 22:29:00,2026-01-27 23:10:00,CANCELLED,649.98,COD
762,2067,70,,2026-01-27 08:37:00,2026-01-27 09:19:00,CANCELLED,575.04,COD
763,1914,115,,2026-01-27 14:14:00,2026-01-27 14:51:00,CANCELLED,237.02,CARD
764,2625,47,,2026-01-27 16:42:00,2026-01-27 17:09:00,COMPLETED,580.74,CARD
765,4101,66,,2026-01-27 19:40:00,2026-01-27 20:10:00,COMPLETED,440.04,COD
766,3700,112,,2026-01-27 17:39:00,2026-01-27 18:22:00,COMPLETED,628.35,UPI
767,1896,98,,2026-01-27 14:07:00,2026-01-27 14:33:00,CANCELLED,300.64,UPI
768,1175,86,,2026-01-27 14:18:00,2026-01-27 14:50:00,COMPLETED,486.63,UPI
769,4759,59,,2026-01-27 14:37:00,2026-01-27 15:17:00,COMPLETED,175.94,CARD
770,3882,67,,2026-01-27 13:31:00,2026-01-27 13:59:00,CANCELLED,692.67,UPI
771,3335,23,,2026-01-27 17:52:00,2026-01-27 18:34:00,CANCELLED,574.89,UPI
772,4679,107,,2026-01-27 18:01:00,2026-01-27 18:46:00,COMPLETED,485.83,UPI
773,2662,46,,2026-01-27 11:48:00,2026-01-27 12:29:00,CANCELLED,466.46,UPI
774,3055,113,,2026-01-27 18:18:00,2026-01-27 18:43:00,COMPLETED,435.93,COD
775,3635,36,,2026-01-27 09:18:00,2026-01-27 09:59:00,COMPLETED,247.66,COD
776,3938,105,,2026-01-27 14:10:00,2026-01-27 14:54:00,COMPLETED,579.72,UPI
777,3950,15,,2026-01-27 21:50:00,2026-01-27 22:25:00,CANCELLED,588.9,UPI
778,1660,83,,2026-01-27 11:35:00,2026-01-27 12:18:00,CANCELLED,164.59,COD
779,3426,21,,2026-01-27 10:10:00,2026-01-27 10:53:00,COMPLETED,559.2,COD
780,1229,22,,2026-01-27 17:46:00,2026-01-27 18:15:00,CANCELLED,749.59,CARD
781,4970,73,,2026-01-27 14:55:00,2026-01-27 15:39:00,COMPLETED,721.03,CARD
782,4879,11,,2026-01-27 19:17:00,2026-01-27 19:51:00,COMPLETED,441.98,UPI
783,1698,29,,2026-01-27 22:48:00,2026-01-27 23:28:00,CANCELLED,540.55,CARD
784,3552,85,,2026-01-27 22:00:00,2026-01-27 22:30:00,CANCELLED,259.02,CARD
785,3443,76,,2026-01-27 13:50:00,2026-01-27 14:29:00,COMPLETED,299.38,UPI
786,1067,26,,2026-01-27 10:15:00,2026-01-27 10:43:00,CANCELLED,687.23,CARD
787,2949,116,,2026-01-27 09:38:00,2026-01-27 10:08:00,COMPLETED,720.54,CARD
788,1381,62,,2026-01-27 16:35:00,2026-01-27 17:03:00,COMPLETED,736.29,CARD
789,4673,100,,2026-01-27 22:07:00,2026-01-27 22:32:00,CANCELLED,489.33,UPI
790,3857,68,,2026-01-27 22:55:00,2026-01-27 23:21:00,CANCELLED,299.17,UPI
791,2435,76,,2026-01-27 21:28:00,2026-01-27 22:05:00,COMPLETED,426.57,UPI
792,4727,110,,2026-01-27 16:08:00,2026-01-27 16:40:00,COMPLETED,334.12,CARD
793,1774,1,,2026-01-27 14:58:00,2026-01-27 15:31:00,COMPLETED,525.69,COD
794,2536,84,,2026-01-27 16:52:00,2026-01-27 17:17:00,COMPLETED,597.05,UPI
795,1436,20,,2026-01-27 14:58:00,2026-01-27 15:34:00,CANCELLED,573.52,UPI
796,2734,73,,2026-01-27 12:27:00,2026-01-27 13:09:00,CANCELLED,547.72,CARD
797,2692,71,,2026-01-27 14:46:00,2026-01-27 15:17:00,CANCELLED,266.17,CARD
798,2039,40,,2026-01-27 17:28:00,2026-01-27 18:08:00,CANCELLED,653.23,UPI
799,4502,111,,2026-01-27 20:33:00,2026-01-27 21:02:00,COMPLETED,636.08,UPI
800,1410,28,,2026-01-27 21:21:00,2026-01-27 21:51:00,CANCELLED,660.95,CARD
801,1658,50,,2026-01-27 18:28:00,2026-01-27 18:54:00,COMPLETED,672.84,COD
802,2783,12,,2026-01-27 16:02:00,2026-01-27 16:46:00,COMPLETED,321.01,UPI
803,1154,93,,2026-01-27 09:21:00,2026-01-27 10:05:00,CANCELLED,754.95,UPI
804,3134,37,,2026-01-27 18:28:00,2026-01-27 19:13:00,COMPLETED,764.72,COD
805,2798,2,,2026-01-27 18:55:00,2026-01-27 19:35:00,COMPLETED,702.87,CARD
806,1137,101,,2026-01-27 12:52:00,2026-01-27 13:23:00,COMPLETED,549.87,CARD
807,1979,84,,2026-01-27 08:36:00,2026-01-27 09:12:00,COMPLETED,784.17,COD
808,2446,86,,2026-01-27 12:42:00,2026-01-27 13:19:00,CANCELLED,413.54,COD
809,4764,12,,2026-01-28 08:15:00,2026-01-28 08:42:00,CANCELLED,621.99,CARD
810,2423,105,,2026-01-28 17:56:00,2026-01-28 18:32:00,CANCELLED,297.09,COD
811,3354,1,,2026-01-28 15:45:00,2026-01-28 16:22:00,CANCELLED,263.77,CARD
812,1296,65,,2026-01-28 09:49:00,2026-01-28 10:31:00,CANCELLED,370.98,COD
813,4918,33,,2026-01-28 21:42:00,2026-01-28 22:23:00,CANCELLED,601.22,UPI
814,4153,32,,2026-01-28 17:36:00,2026-01-28 18:16:00,CANCELLED,774.81,UPI
815,4672,76,,2026-01-28 19:37:00,2026-01-28 20:16:00,COMPLETED,463.28,UPI
816,3595,101,,2026-01-28 09:09:00,2026-01-28 09:46:00,COMPLETED,589.99,COD
817,2689,46,,2026-01-28 21:39:00,2026-01-28 22:14:00,COMPLETED,605.53,UPI
818,1380,52,,2026-01-28 12:14:00,2026-01-28 12:48:00,CANCELLED,199.42,COD
819,2448,28,,2026-01-28 16:07:00,2026-01-28 16:42:00,CANCELLED,268.81,CARD
820,3043,95,,2026-01-28 19:39:00,2026-01-28 20:10:00,COMPLETED,302.66,COD
821,1846,30,,2026-01-28 22:53:00,2026-01-28 23:26:00,COMPLETED,692.71,CARD
822,4190,14,,2026-01-28 14:04:00,2026-01-28 14:33:00,COMPLETED,748.12,CARD
823,3514,1,,2026-01-28 19:19:00,2026-01-28 19:59:00,COMPLETED,701.21,UPI
824,3016,115,,2026-01-28 18:35:00,2026-01-28 19:10:00,CANCELLED,469.02,CARD
825,1909,97,,2026-01-28 12:46:00,2026-01-28 13:23:00,COMPLETED,185.2,UPI
826,1133,65,,2026-01-28 16:09:00,2026-01-28 16:51:00,CANCELLED,405.92,CARD
827,2872,16,,2026-01-28 21:14:00,2026-01-28 21:44:00,CANCELLED,355.17,COD
828,2554,75,,2026-01-28 08:12:00,2026-01-28 08:43:00,COMPLETED,361.53,CARD
829,1766,71,,2026-01-28 22:42:00,2026-01-28 23:15:00,CANCELLED,304.14,UPI
830,2498,24,,2026-01-28 18:27:00,2026-01-28 19:02:00,CANCELLED,425.56,UPI
831,2495,110,,2026-01-28 19:57:00,2026-01-28 20:33:00,CANCELLED,331.76,COD
832,3358,88,,2026-01-28 17:45:00,2026-01-28 18:14:00,COMPLETED,679.22,CARD
833,3274,56,,2026-01-28 12:36:00,2026-01-28 13:08:00,CANCELLED,277.44,CARD
834,4300,2,,2026-01-28 10:33:00,2026-01-28 11:13:00,COMPLETED,423.99,COD
835,3117,69,,2026-01-28 22:29:00,2026-01-28 23:14:00,CANCELLED,660.47,UPI
836,4516,73,,2026-01-28 12:16:00,2026-01-28 12:58:00,COMPLETED,408.96,CARD
837,1882,105,,2026-01-28 10:47:00,2026-01-28 11:13:00,CANCELLED,459.75,CARD
838,4049,43,,2026-01-28 09:38:00,2026-01-28 10:17:00,CANCELLED,384.63,CARD
839,2409,3,,2026-01-28 17:30:00,2026-01-28 18:03:00,CANCELLED,228.8,CARD
840,3362,74,,2026-01-28 18:20:00,2026-01-28 18:51:00,COMPLETED,786.59,UPI
841,3757,66,,2026-01-28 14:03:00,2026-01-28 14:38:00,CANCELLED,653.58,UPI
842,3513,37,,2026-01-28 09:20:00,2026-01-28 09:57:00,CANCELLED,560.61,COD
843,3623,104,,2026-01-28 22:49:00,2026-01-28 23:19:00,CANCELLED,424.18,CARD
844,4477,117,,2026-01-28 17:45:00,2026-01-28 18:22:00,COMPLETED,201.42,UPI
845,2297,84,,2026-01-28 11:53:00,2026-01-28 12:28:00,CANCELLED,611.78,CARD
846,2111,114,,2026-01-28 19:00:00,2026-01-28 19:37:00,CANCELLED,657.63,UPI
847,3133,58,,2026-01-28 20:45:00,2026-01-28 21:28:00,CANCELLED,258.76,COD
848,3711,33,,2026-01-28 10:08:00,2026-01-28 10:40:00,COMPLETED,286.87,UPI
849,1261,120,,2026-01-28 09:45:00,2026-01-28 10:13:00,CANCELLED,506.48,COD
850,3146,98,,2026-01-28 21:09:00,2026-01-28 21:46:00,COMPLETED,217.55,CARD
851,3682,120,,2026-01-28 10:39:00,2026-01-28 11:06:00,CANCELLED,351.09,COD
852,2815,81,,2026-01-28 20:35:00,2026-01-28 21:09:00,COMPLETED,235.33,COD
853,3717,46,,2026-01-28 08:29:00,2026-01-28 08:55:00,CANCELLED,711.76,UPI
854,4829,35,,2026-01-28 22:51:00,2026-01-28 23:33:00,CANCELLED,237.82,CARD
855,3420,77,,2026-01-28 17:12:00,2026-01-28 17:42:00,CANCELLED,560.18,CARD
856,2781,68,,2026-01-28 22:58:00,2026-01-28 23:41:00,CANCELLED,740.8,UPI
857,4296,12,,2026-01-28 17:12:00,2026-01-28 17:44:00,CANCELLED,350.11,UPI
858,2243,2,,2026-01-28 12:26:00,2026-01-28 12:55:00,COMPLETED,490.16,COD
859,2921,69,,2026-01-28 13:52:00,2026-01-28 14:26:00,COMPLETED,597.05,UPI
860,2227,2,,2026-01-28 20:53:00,2026-01-28 21:33:00,CANCELLED,668.68,CARD
861,3245,48,,2026-01-28 11:56:00,2026-01-28 12:21:00,COMPLETED,417.63,CARD
862,2023,21,,2026-01-28 15:27:00,2026-01-28 16:04:00,CANCELLED,688.48,COD
863,2729,81,,2026-01-28 12:29:00,2026-01-28 12:56:00,COMPLETED,485.8,CARD
864,2166,84,,2026-01-28 21:46:00,2026-01-28 22:19:00,CANCELLED,418.39,COD
865,2186,15,,2026-01-28 11:06:00,2026-01-28 11:35:00,CANCELLED,551.52,UPI
866,3015,25,,2026-01-28 19:57:00,2026-01-28 20:41:00,CANCELLED,162.61,COD
867,1761,14,,2026-01-28 17:07:00,2026-01-28 17:32:00,CANCELLED,324.98,CARD
868,1953,12,,2026-01-28 15:28:00,2026-01-28 15:53:00,COMPLETED,159.57,COD
869,2276,101,,2026-01-28 13:50:00,2026-01-28 14:28:00,CANCELLED,798.68,UPI
870,2352,11,,2026-01-28 19:53:00,2026-01-28 20:19:00,COMPLETED,186.42,UPI
871,2925,24,,2026-01-28 09:13:00,2026-01-28 09:55:00,COMPLETED,732.2,UPI
872,4392,2,,2026-01-28 21:56:00,2026-01-28 22:33:00,COMPLETED,783.49,CARD
873,4158,57,,2026-01-28 12:14:00,2026-01-28 12:51:00,COMPLETED,629.45,COD
874,4011,99,,2026-01-28 11:23:00,2026-01-28 12:02:00,COMPLETED,488.74,COD
875,3791,40,,2026-01-28 16:04:00,2026-01-28 16:41:00,CANCELLED,253.1,CARD
876,3133,16,,2026-01-28 08:43:00,2026-01-28 09:25:00,CANCELLED,462.8,UPI
877,4635,7,,2026-01-28 11:23:00,2026-01-28 11:59:00,COMPLETED,782.63,COD
878,2329,2,,2026-01-28 18:48:00,2026-01-28 19:26:00,COMPLETED,666.35,CARD
879,4232,32,,2026-01-28 10:02:00,2026-01-28 10:39:00,COMPLETED,779.74,CARD
880,3819,77,,2026-01-28 21:22:00,2026-01-28 22:02:00,COMPLETED,391.41,COD
881,3047,12,,2026-01-28 12:14:00,2026-01-28 12:44:00,CANCELLED,755.05,CARD
882,2456,83,,2026-01-28 09:01:00,2026-01-28 09:27:00,COMPLETED,605.86,COD
883,1953,41,,2026-01-28 10:08:00,2026-01-28 10:48:00,CANCELLED,673.59,UPI
884,1087,89,,2026-01-28 20:30:00,2026-01-28 21:01:00,CANCELLED,382.81,COD
885,2987,91,,2026-01-28 12:16:00,2026-01-28 12:42:00,CANCELLED,513.37,CARD
886,1777,73,,2026-01-28 19:53:00,2026-01-28 20:33:00,COMPLETED,503.35,UPI
887,2127,112,,2026-01-28 20:29:00,2026-01-28 21:08:00,COMPLETED,194.77,COD
888,4356,34,,2026-01-28 15:40:00,2026-01-28 16:14:00,CANCELLED,445.15,CARD
889,4005,24,,2026-01-28 16:38:00,2026-01-28 17:15:00,COMPLETED,552.83,UPI
890,1978,42,,2026-01-28 21:14:00,2026-01-28 21:58:00,COMPLETED,577.89,CARD
891,1777,68,,2026-01-28 21:58:00,2026-01-28 22:35:00,CANCELLED,647.73,COD
892,2321,53,,2026-01-28 18:27:00,2026-01-28 19:01:00,CANCELLED,221.8,CARD
893,1179,107,,2026-01-28 19:14:00,2026-01-28 19:41:00,COMPLETED,266.12,COD
894,2988,25,,2026-01-28 11:26:00,2026-01-28 11:54:00,COMPLETED,170.68,CARD
895,3694,63,,2026-01-28 22:16:00,2026-01-28 22:53:00,CANCELLED,181.91,COD
896,1053,120,,2026-01-28 18:20:00,2026-01-28 18:47:00,COMPLETED,576.24,COD
897,1248,47,,2026-01-28 15:59:00,2026-01-28 16:44:00,CANCELLED,684.32,CARD
898,2088,68,,2026-01-28 08:59:00,2026-01-28 09:43:00,COMPLETED,627.3,UPI
899,4934,67,,2026-01-28 09:19:00,2026-01-28 09:50:00,COMPLETED,215.8,COD
900,1776,25,,2026-01-28 17:04:00,2026-01-28 17:41:00,COMPLETED,520.52,COD
901,2700,96,,2026-01-28 17:31:00,2026-01-28 18:13:00,COMPLETED,648.08,CARD
902,3877,86,,2026-01-28 14:06:00,2026-01-28 14:45:00,CANCELLED,723.84,COD
903,3252,52,,2026-01-28 21:31:00,2026-01-28 22:01:00,CANCELLED,577.4,CARD
904,4823,46,,2026-01-28 18:14:00,2026-01-28 18:53:00,CANCELLED,507.55,UPI
905,2688,98,,2026-01-28 22:25:00,2026-01-28 23:01:00,CANCELLED,687.0,UPI
906,3306,70,,2026-01-28 18:23:00,2026-01-28 18:55:00,COMPLETED,393.79,CARD
907,2474,58,,2026-01-28 20:42:00,2026-01-28 21:15:00,CANCELLED,773.89,COD
908,2165,77,,2026-01-28 20:23:00,2026-01-28 20:49:00,COMPLETED,486.45,UPI
909,1908,28,,2026-01-28 08:06:00,2026-01-28 08:40:00,CANCELLED,164.11,CARD
910,4764,71,,2026-01-28 22:02:00,2026-01-28 22:35:00,COMPLETED,211.29,UPI
911,1566,34,,2026-01-28 14:04:00,2026-01-28 14:33:00,CANCELLED,728.26,COD
912,4322,39,,2026-01-28 11:58:00,2026-01-28 12:31:00,COMPLETED,520.82,CARD
913,3963,42,,2026-01-28 11:42:00,2026-01-28 12:09:00,CANCELLED,262.39,CARD
914,4356,117,,2026-01-28 19:59:00,2026-01-28 20:42:00,COMPLETED,536.9,UPI
915,2562,11,,2026-01-28 08:38:00,2026-01-28 09:21:00,COMPLETED,749.22,UPI
916,2706,120,,2026-01-28 13:56:00,2026-01-28 14:34:00,COMPLETED,715.36,COD
917,4479,78,,2026-01-28 20:45:00,2026-01-28 21:30:00,COMPLETED,562.03,CARD
918,2248,68,,2026-01-28 14:31:00,2026-01-28 14:57:00,COMPLETED,357.56,CARD
919,3057,90,,2026-01-28 10:33:00,2026-01-28 11:08:00,COMPLETED,249.58,CARD
920,4977,58,,2026-01-28 20:29:00,2026-01-28 21:06:00,COMPLETED,294.36,UPI
921,1606,17,,2026-01-28 21:25:00,2026-01-28 22:02:00,CANCELLED,203.65,CARD
922,3245,52,,2026-01-28 20:43:00,2026-01-28 21:09:00,CANCELLED,205.3,CARD
923,4121,18,,2026-01-28 15:24:00,2026-01-28 15:53:00,CANCELLED,513.54,UPI
924,3340,26,,2026-01-28 14:44:00,2026-01-28 15:29:00,COMPLETED,307.5,UPI
925,2324,88,,2026-01-28 21:15:00,2026-01-28 21:53:00,COMPLETED,223.14,UPI
926,2426,25,,2026-01-28 15:13:00,2026-01-28 15:49:00,CANCELLED,373.94,CARD
927,1693,45,,2026-01-28 08:24:00,2026-01-28 08:58:00,CANCELLED,555.07,UPI
928,1817,88,,2026-01-28 08:45:00,2026-01-28 09:17:00,CANCELLED,251.39,CARD
929,1460,95,,2026-01-28 22:33:00,2026-01-28 23:00:00,COMPLETED,307.98,CARD
930,1056,44,,2026-01-28 10:31:00,2026-01-28 11:05:00,COMPLETED,348.33,UPI
931,1856,95,,2026-01-28 08:23:00,2026-01-28 08:58:00,COMPLETED,282.47,CARD
932,3247,62,,2026-01-28 20:48:00,2026-01-28 21:21:00,COMPLETED,601.8,CARD
933,3387,116,,2026-01-28 08:18:00,2026-01-28 08:55:00,COMPLETED,316.05,COD
934,4232,90,,2026-01-28 12:50:00,2026-01-28 13:21:00,CANCELLED,184.51,CARD
935,2591,85,,2026-01-28 08:08:00,2026-01-28 08:35:00,CANCELLED,580.94,CARD
936,1078,38,,2026-01-28 14:08:00,2026-01-28 14:36:00,CANCELLED,300.26,UPI
937,4702,41,,2026-01-28 16:40:00,2026-01-28 17:08:00,CANCELLED,713.4,CARD
938,1814,65,,2026-01-28 09:30:00,2026-01-28 10:00:00,CANCELLED,514.45,CARD
939,2013,119,,2026-01-28 08:22:00,2026-01-28 08:48:00,CANCELLED,366.82,UPI
940,1075,45,,2026-01-28 20:42:00,2026-01-28 21:12:00,CANCELLED,381.0,UPI
941,2129,104,,2026-01-28 12:01:00,2026-01-28 12:42:00,COMPLETED,556.77,UPI
942,4867,72,,2026-01-28 21:54:00,2026-01-28 22:19:00,CANCELLED,296.63,UPI
943,1359,94,,2026-01-28 14:42:00,2026-01-28 15:11:00,CANCELLED,488.47,CARD
944,3811,30,,2026-01-28 18:27:00,2026-01-28 19:12:00,CANCELLED,306.23,COD
945,4726,78,,2026-01-28 15:16:00,2026-01-28 15:50:00,CANCELLED,441.96,COD
946,1567,75,,2026-01-28 11:31:00,2026-01-28 12:16:00,COMPLETED,710.68,UPI
947,4725,18,,2026-01-28 19:45:00,2026-01-28 20:26:00,CANCELLED,797.2,COD
948,4756,21,,2026-01-28 19:11:00,2026-01-28 19:54:00,CANCELLED,194.08,CARD
949,1754,41,,2026-01-28 20:16:00,2026-01-28 20:44:00,COMPLETED,622.6,UPI
950,2242,57,,2026-01-28 15:03:00,2026-01-28 15:41:00,CANCELLED,248.77,COD
951,1756,4,,2026-01-28 09:49:00,2026-01-28 10:18:00,CANCELLED,543.64,CARD
952,1951,30,,2026-01-28 11:56:00,2026-01-28 12:40:00,COMPLETED,383.52,CARD
953,1549,65,,2026-01-28 21:18:00,2026-01-28 21:58:00,CANCELLED,612.81,UPI
954,3012,61,,2026-01-28 11:08:00,2026-01-28 11:45:00,COMPLETED,256.46,COD
955,4131,2,,2026-01-28 08:33:00,2026-01-28 09:11:00,CANCELLED,767.63,COD
956,4103,27,,2026-01-28 20:40:00,2026-01-28 21:11:00,COMPLETED,265.1,UPI
957,3006,89,,2026-01-28 22:47:00,2026-01-28 23:31:00,CANCELLED,713.4,COD
958,4179,6,,2026-01-28 15:17:00,2026-01-28 15:54:00,CANCELLED,618.13,UPI
959,3432,69,,2026-01-28 18:26:00,2026-01-28 19:09:00,COMPLETED,488.42,UPI
960,4595,32,,2026-01-28 15:47:00,2026-01-28 16:13:00,CANCELLED,789.49,COD
961,3114,98,,2026-01-28 17:31:00,2026-01-28 18:08:00,COMPLETED,273.4,UPI
962,4168,106,,2026-01-28 14:47:00,2026-01-28 15:21:00,CANCELLED,449.88,UPI
963,4764,7,,2026-01-28 13:01:00,2026-01-28 13:45:00,COMPLETED,451.33,CARD
964,3959,65,,2026-01-28 15:42:00,2026-01-28 16:09:00,COMPLETED,266.85,CARD
965,1554,51,,2026-01-28 19:52:00,2026-01-28 20:34:00,CANCELLED,360.25,COD
966,3417,115,,2026-01-28 11:03:00,2026-01-28 11:42:00,COMPLETED,723.66,COD
967,3833,84,,2026-01-28 12:16:00,2026-01-28 12:51:00,COMPLETED,616.94,COD
968,3892,58,,2026-01-28 09:33:00,2026-01-28 10:01:00,CANCELLED,205.45,CARD
969,3507,21,,2026-01-28 14:33:00,2026-01-28 15:14:00,CANCELLED,507.72,COD
970,4736,43,,2026-01-28 21:06:00,2026-01-28 21:36:00,COMPLETED,255.38,COD
971,2718,40,,2026-01-28 11:03:00,2026-01-28 11:29:00,CANCELLED,624.61,UPI
972,1740,16,,2026-01-28 12:55:00,2026-01-28 13:40:00,COMPLETED,774.28,COD
973,1050,59,,2026-01-28 18:37:00,2026-01-28 19:10:00,CANCELLED,706.02,CARD
974,3490,113,,2026-01-28 21:46:00,2026-01-28 22:11:00,CANCELLED,304.62,CARD
975,2858,53,,2026-01-28 19:15:00,2026-01-28 19:55:00,CANCELLED,201.61,CARD
976,4613,71,,2026-01-28 08:06:00,2026-01-28 08:38:00,CANCELLED,552.85,CARD
977,1200,24,,2026-01-28 21:59:00,2026-01-28 22:30:00,COMPLETED,185.79,UPI
978,4497,5,,2026-01-28 08:37:00,2026-01-28 09:06:00,CANCELLED,365.22,COD
979,2707,23,,2026-01-28 08:50:00,2026-01-28 09:18:00,COMPLETED,586.86,CARD
980,3344,101,,2026-01-28 19:16:00,2026-01-28 20:00:00,COMPLETED,778.09,CARD
981,4815,5,,2026-01-28 17:52:00,2026-01-28 18:28:00,COMPLETED,649.53,UPI
982,4359,9,,2026-01-28 14:17:00,2026-01-28 14:54:00,CANCELLED,698.15,COD
983,1551,16,,2026-01-28 12:59:00,2026-01-28 13:39:00,CANCELLED,363.99,UPI
984,3850,27,,2026-01-28 16:57:00,2026-01-28 17:28:00,COMPLETED,221.05,CARD
985,1359,62,,2026-01-28 18:44:00,2026-01-28 19:25:00,CANCELLED,427.58,UPI
986,3355,80,,2026-01-28 12:25:00,2026-01-28 13:06:00,CANCELLED,752.62,CARD
987,3128,94,,2026-01-28 17:36:00,2026-01-28 18:16:00,CANCELLED,470.13,COD
988,3902,38,,2026-01-28 18:24:00,2026-01-28 18:56:00,COMPLETED,151.03,COD
989,4263,16,,2026-01-28 15:56:00,2026-01-28 16:41:00,COMPLETED,669.72,UPI
990,2367,45,,2026-01-28 15:03:00,2026-01-28 15:29:00,COMPLETED,157.34,COD
991,2042,102,,2026-01-28 19:46:00,2026-01-28 20:20:00,COMPLETED,350.05,CARD
992,4141,1,,2026-01-28 17:23:00,2026-01-28 17:58:00,COMPLETED,595.79,UPI
993,3523,4,,2026-01-28 14:45:00,2026-01-28 15:28:00,COMPLETED,276.11,UPI
994,4752,61,,2026-01-28 19:28:00,2026-01-28 20:08:00,COMPLETED,569.67,UPI
995,4653,111,,2026-01-29 18:42:00,2026-01-29 19:21:00,CANCELLED,450.61,UPI
996,4420,67,,2026-01-29 20:40:00,2026-01-29 21:06:00,CANCELLED,517.21,CARD
997,3194,3,,2026-01-29 13:23:00,2026-01-29 14:05:00,COMPLETED,525.31,UPI
998,1271,20,,2026-01-29 21:38:00,2026-01-29 22:14:00,CANCELLED,696.48,UPI
999,3188,108,,2026-01-29 14:24:00,2026-01-29 15:09:00,COMPLETED,521.14,UPI
1000,1478,111,,2026-01-29 11:11:00,2026-01-29 11:55:00,CANCELLED,608.42,UPI
1001,2112,53,,2026-01-29 20:06:00,2026-01-29 20:32:00,COMPLETED,473.09,COD
1002,4397,39,,2026-01-29 14:20:00,2026-01-29 14:59:00,COMPLETED,491.32,COD
1003,4215,5,,2026-01-29 09:54:00,2026-01-29 10:30:00,COMPLETED,743.68,UPI
1004,4272,62,,2026-01-29 16:38:00,2026-01-29 17:03:00,COMPLETED,273.64,UPI
1005,2271,100,,2026-01-29 20:30:00,2026-01-29 21:11:00,CANCELLED,243.14,COD
1006,3771,17,,2026-01-29 22:01:00,2026-01-29 22:42:00,COMPLETED,620.97,UPI
1007,1474,1,,2026-01-29 14:36:00,2026-01-29 15:17:00,CANCELLED,756.02,CARD
1008,4571,12,,2026-01-29 22:28:00,2026-01-29 23:12:00,CANCELLED,453.47,COD
1009,4138,85,,2026-01-29 09:45:00,2026-01-29 10:26:00,CANCELLED,164.61,UPI
1010,2314,26,,2026-01-29 18:54:00,2026-01-29 19:25:00,COMPLETED,336.27,CARD
1011,3748,16,,2026-01-29 13:26:00,2026-01-29 14:05:00,CANCELLED,247.06,UPI
1012,4925,80,,2026-01-29 09:57:00,2026-01-29 10:22:00,COMPLETED,284.28,UPI
1013,2110,19,,2026-01-29 17:22:00,2026-01-29 17:57:00,CANCELLED,523.15,COD
1014,3511,115,,2026-01-29 09:12:00,2026-01-29 09:46:00,CANCELLED,501.38,COD
1015,2928,116,,2026-01-29 10:13:00,2026-01-29 10:38:00,COMPLETED,218.85,COD
1016,2605,23,,2026-01-29 09:28:00,2026-01-29 10:06:00,CANCELLED,550.6,UPI
1017,3920,98,,2026-01-29 13:40:00,2026-01-29 14:11:00,COMPLETED,782.89,UPI
1018,1380,105,,2026-01-29 17:41:00,2026-01-29 18:10:00,CANCELLED,213.22,UPI
1019,3909,99,,2026-01-29 19:40:00,2026-01-29 20:25:00,CANCELLED,455.85,COD
1020,2056,117,,2026-01-29 10:27:00,2026-01-29 11:11:00,CANCELLED,404.85,CARD
1021,4230,111,,2026-01-29 19:21:00,2026-01-29 19:56:00,CANCELLED,444.63,COD
1022,1462,45,,2026-01-29 09:06:00,2026-01-29 09:46:00,CANCELLED,449.81,COD
1023,3475,74,,2026-01-29 12:49:00,2026-01-29 13:25:00,COMPLETED,480.17,UPI
1024,2334,72,,2026-01-29 21:57:00,2026-01-29 22:25:00,COMPLETED,665.08,CARD
1025,3418,53,,2026-01-29 15:52:00,2026-01-29 16:29:00,COMPLETED,553.57,CARD
1026,2572,9,,2026-01-29 10:42:00,2026-01-29 11:22:00,CANCELLED,285.35,CARD
1027,4212,56,,2026-01-29 18:05:00,2026-01-29 18:43:00,CANCELLED,503.94,COD
1028,4028,120,,2026-01-29 10:57:00,2026-01-29 11:24:00,CANCELLED,224.31,CARD
1029,3273,13,,2026-01-29 15:54:00,2026-01-29 16:29:00,CANCELLED,264.51,UPI
1030,1445,88,,2026-01-29 09:11:00,2026-01-29 09:55:00,CANCELLED,362.82,CARD
1031,1370,28,,2026-01-29 19:16:00,2026-01-29 19:42:00,COMPLETED,726.72,CARD
1032,4100,19,,2026-01-29 21:49:00,2026-01-29 22:14:00,COMPLETED,444.43,UPI
1033,3367,58,,2026-01-29 14:39:00,2026-01-29 15:23:00,COMPLETED,283.68,UPI
1034,4253,117,,2026-01-29 13:06:00,2026-01-29 13:49:00,CANCELLED,747.03,UPI
1035,1365,75,,2026-01-29 20:15:00,2026-01-29 20:51:00,COMPLETED,547.47,CARD
1036,4491,38,,2026-01-29 14:53:00,2026-01-29 15:22:00,COMPLETED,389.99,CARD
1037,3880,72,,2026-01-29 08:54:00,2026-01-29 09:19:00,CANCELLED,221.3,UPI
1038,1963,56,,2026-01-29 22:46:00,2026-01-29 23:11:00,CANCELLED,556.39,CARD
1039,2562,56,,2026-01-29 14:31:00,2026-01-29 15:08:00,COMPLETED,580.62,UPI
1040,3275,50,,2026-01-29 10:22:00,2026-01-29 10:53:00,CANCELLED,695.98,COD
1041,1550,2,,2026-01-29 12:55:00,2026-01-29 13:24:00,COMPLETED,571.45,COD
1042,3694,56,,2026-01-29 20:18:00,2026-01-29 20:58:00,COMPLETED,205.03,CARD
1043,4523,59,,2026-01-29 21:45:00,2026-01-29 22:23:00,CANCELLED,555.11,UPI
1044,3261,105,,2026-01-29 16:41:00,2026-01-29 17:19:00,CANCELLED,400.06,COD
1045,3476,1,,2026-01-29 11:10:00,2026-01-29 11:48:00,CANCELLED,700.42,COD
1046,2102,53,,2026-01-29 20:09:00,2026-01-29 20:50:00,CANCELLED,171.75,COD
1047,3887,48,,2026-01-29 17:41:00,2026-01-29 18:21:00,COMPLETED,527.17,CARD
1048,3990,94,,2026-01-29 09:21:00,2026-01-29 09:50:00,CANCELLED,452.21,COD
1049,1362,32,,2026-01-29 16:55:00,2026-01-29 17:39:00,CANCELLED,559.93,CARD
1050,3801,82,,2026-01-29 19:24:00,2026-01-29 19:51:00,CANCELLED,548.48,UPI
1051,2920,59,,2026-01-29 17:07:00,2026-01-29 17:32:00,CANCELLED,523.08,UPI
1052,4934,103,,2026-01-29 15:11:00,2026-01-29 15:47:00,CANCELLED,337.99,COD
1053,4069,39,,2026-01-29 19:51:00,2026-01-29 20:35:00,CANCELLED,189.92,UPI
1054,3346,7,,2026-01-29 17:52:00,2026-01-29 18:22:00,CANCELLED,675.78,CARD
1055,2985,11,,2026-01-29 08:27:00,2026-01-29 09:01:00,COMPLETED,478.64,UPI
1056,3522,36,,2026-01-29 12:18:00,2026-01-29 12:47:00,CANCELLED,707.61,COD
1057,3473,23,,2026-01-29 20:39:00,2026-01-29 21:07:00,COMPLETED,578.45,UPI
1058,2070,101,,2026-01-29 21:47:00,2026-01-29 22:17:00,COMPLETED,465.2,CARD
1059,2404,11,,2026-01-29 22:42:00,2026-01-29 23:08:00,COMPLETED,537.1,COD
1060,4083,53,,2026-01-29 22:17:00,2026-01-29 22:57:00,CANCELLED,304.67,UPI
1061,1685,27,,2026-01-29 20:23:00,2026-01-29 21:08:00,CANCELLED,185.31,UPI
1062,1215,22,,2026-01-29 20:53:00,2026-01-29 21:21:00,CANCELLED,409.18,UPI
1063,1957,49,,2026-01-29 16:07:00,2026-01-29 16:49:00,CANCELLED,458.48,COD
1064,1048,37,,2026-01-29 17:03:00,2026-01-29 17:41:00,CANCELLED,398.3,UPI
1065,1398,118,,2026-01-29 17:02:00,2026-01-29 17:28:00,CANCELLED,771.52,UPI
1066,4515,35,,2026-01-29 18:25:00,2026-01-29 19:10:00,CANCELLED,325.71,COD
1067,3392,51,,2026-01-29 12:21:00,2026-01-29 13:06:00,CANCELLED,652.55,CARD
1068,4155,25,,2026-01-29 12:07:00,2026-01-29 12:50:00,CANCELLED,590.52,COD
1069,1043,87,,2026-01-29 13:20:00,2026-01-29 14:02:00,COMPLETED,690.6,COD
1070,3151,14,,2026-01-29 15:01:00,2026-01-29 15:29:00,CANCELLED,378.49,CARD
1071,1790,5,,2026-01-29 12:50:00,2026-01-29 13:23:00,COMPLETED,552.61,COD
1072,4893,77,,2026-01-29 18:08:00,2026-01-29 18:39:00,COMPLETED,610.25,COD
1073,1532,49,,2026-01-29 09:28:00,2026-01-29 10:12:00,COMPLETED,732.4,CARD
1074,2206,60,,2026-01-29 11:08:00,2026-01-29 11:41:00,COMPLETED,565.21,UPI
1075,3835,116,,2026-01-29 21:07:00,2026-01-29 21:45:00,CANCELLED,317.27,COD
1076,2567,50,,2026-01-29 12:43:00,2026-01-29 13:09:00,CANCELLED,797.37,UPI
1077,1728,57,,2026-01-29 21:52:00,2026-01-29 22:25:00,COMPLETED,469.62,COD
1078,1730,83,,2026-01-29 18:24:00,2026-01-29 19:01:00,CANCELLED,220.48,CARD
1079,1894,79,,2026-01-29 21:07:00,2026-01-29 21:45:00,COMPLETED,743.2,CARD
1080,1142,10,,2026-01-29 12:25:00,2026-01-29 12:53:00,COMPLETED,521.37,UPI
1081,1076,115,,2026-01-29 21:15:00,2026-01-29 21:54:00,CANCELLED,246.76,CARD
1082,3722,50,,2026-01-29 08:00:00,2026-01-29 08:26:00,CANCELLED,248.54,UPI
1083,1015,66,,2026-01-29 14:40:00,2026-01-29 15:23:00,CANCELLED,460.79,UPI
1084,3212,29,,2026-01-29 22:24:00,2026-01-29 22:51:00,COMPLETED,399.88,CARD
1085,1496,73,,2026-01-29 21:57:00,2026-01-29 22:37:00,CANCELLED,366.74,UPI
1086,3589,83,,2026-01-29 14:50:00,2026-01-29 15:16:00,COMPLETED,387.48,UPI
1087,4114,99,,2026-01-29 09:22:00,2026-01-29 10:01:00,CANCELLED,571.07,COD
1088,4962,50,,2026-01-29 17:27:00,2026-01-29 17:53:00,COMPLETED,344.27,UPI
1089,3821,46,,2026-01-29 09:49:00,2026-01-29 10:34:00,CANCELLED,205.16,CARD
1090,1573,5,,2026-01-29 15:28:00,2026-01-29 15:59:00,COMPLETED,166.49,CARD
1091,2592,9,,2026-01-29 12:04:00,2026-01-29 12:44:00,CANCELLED,474.79,UPI
1092,2389,8,,2026-01-29 08:16:00,2026-01-29 08:42:00,CANCELLED,662.06,COD
1093,1867,104,,2026-01-29 14:55:00,2026-01-29 15:23:00,CANCELLED,761.06,CARD
1094,1954,119,,2026-01-29 10:32:00,2026-01-29 11:15:00,COMPLETED,173.97,COD
1095,1078,61,,2026-01-29 16:20:00,2026-01-29 17:05:00,COMPLETED,307.74,CARD
1096,1705,81,,2026-01-29 10:13:00,2026-01-29 10:38:00,COMPLETED,738.03,COD
1097,1699,107,,2026-01-29 15:47:00,2026-01-29 16:31:00,COMPLETED,681.57,COD
1098,3437,103,,2026-01-29 09:56:00,2026-01-29 10:36:00,COMPLETED,191.02,COD
1099,4323,107,,2026-01-29 15:16:00,2026-01-29 15:51:00,CANCELLED,360.75,CARD
1100,1562,42,,2026-01-29 17:49:00,2026-01-29 18:31:00,COMPLETED,646.75,CARD
1101,1258,16,,2026-01-29 10:57:00,2026-01-29 11:32:00,CANCELLED,241.8,UPI
1102,3266,22,,2026-01-29 10:52:00,2026-01-29 11:28:00,CANCELLED,308.37,CARD
1103,1409,102,,2026-01-29 08:41:00,2026-01-29 09:10:00,CANCELLED,655.48,COD
1104,1330,1,,2026-01-29 23:00:00,2026-01-29 23:40:00,COMPLETED,266.62,COD
1105,3431,114,,2026-01-29 20:03:00,2026-01-29 20:48:00,CANCELLED,420.54,UPI
1106,1844,19,,2026-01-29 19:48:00,2026-01-29 20:17:00,CANCELLED,490.01,UPI
1107,3500,89,,2026-01-29 12:04:00,2026-01-29 12:34:00,COMPLETED,537.58,CARD
1108,4892,12,,2026-01-29 16:31:00,2026-01-29 17:15:00,CANCELLED,376.1,COD
1109,1786,16,,2026-01-29 17:31:00,2026-01-29 18:03:00,COMPLETED,552.3,CARD
1110,2901,99,,2026-01-29 16:39:00,2026-01-29 17:11:00,COMPLETED,329.68,COD
1111,3806,109,,2026-01-29 09:55:00,2026-01-29 10:24:00,CANCELLED,473.38,COD
1112,1221,83,,2026-01-29 19:26:00,2026-01-29 19:52:00,CANCELLED,335.29,UPI
1113,3526,104,,2026-01-29 12:17:00,2026-01-29 12:52:00,CANCELLED,178.16,CARD
1114,1720,21,,2026-01-29 08:53:00,2026-01-29 09:35:00,COMPLETED,465.29,COD
1115,3954,57,,2026-01-29 09:12:00,2026-01-29 09:44:00,CANCELLED,422.39,CARD
1116,1942,100,,2026-01-29 19:33:00,2026-01-29 20:08:00,COMPLETED,361.99,COD
1117,4563,26,,2026-01-29 12:02:00,2026-01-29 12:40:00,CANCELLED,729.39,COD
1118,2984,7,,2026-01-29 16:02:00,2026-01-29 16:45:00,CANCELLED,244.21,CARD
1119,2586,48,,2026-01-29 15:45:00,2026-01-29 16:15:00,COMPLETED,447.53,COD
1120,4995,35,,2026-01-29 18:47:00,2026-01-29 19:23:00,COMPLETED,368.33,COD
1121,1244,36,,2026-01-29 19:48:00,2026-01-29 20:31:00,COMPLETED,222.22,UPI
1122,1701,98,,2026-01-29 15:49:00,2026-01-29 16:27:00,CANCELLED,292.9,UPI
1123,4233,102,,2026-01-29 18:18:00,2026-01-29 18:48:00,COMPLETED,525.78,CARD
1124,1354,53,,2026-01-29 22:35:00,2026-01-29 23:07:00,CANCELLED,710.43,COD
1125,4428,60,,2026-01-29 18:05:00,2026-01-29 18:45:00,CANCELLED,159.43,UPI
1126,2015,42,,2026-01-29 20:33:00,2026-01-29 21:05:00,CANCELLED,526.65,CARD
1127,4679,1,,2026-01-29 10:32:00,2026-01-29 11:15:00,CANCELLED,787.12,COD
1128,1137,55,,2026-01-29 16:01:00,2026-01-29 16:42:00,CANCELLED,461.53,CARD
1129,2853,64,,2026-01-29 22:01:00,2026-01-29 22:29:00,COMPLETED,204.01,COD
1130,4890,28,,2026-01-29 19:49:00,2026-01-29 20:27:00,COMPLETED,382.96,COD
1131,1065,62,,2026-01-29 19:03:00,2026-01-29 19:30:00,CANCELLED,255.17,UPI
1132,4060,75,,2026-01-29 22:38:00,2026-01-29 23:21:00,COMPLETED,784.67,UPI
1133,4580,91,,2026-01-29 21:10:00,2026-01-29 21:39:00,CANCELLED,270.21,UPI
1134,1005,111,,2026-01-30 15:55:00,2026-01-30 16:40:00,COMPLETED,400.17,CARD
1135,1133,38,,2026-01-30 13:40:00,2026-01-30 14:21:00,CANCELLED,639.38,CARD
1136,3356,102,,2026-01-30 18:27:00,2026-01-30 19:09:00,COMPLETED,662.0,COD
1137,4013,120,,2026-01-30 18:35:00,2026-01-30 19:10:00,COMPLETED,484.58,CARD
1138,1454,50,,2026-01-30 14:12:00,2026-01-30 14:38:00,CANCELLED,452.48,COD
1139,1717,83,,2026-01-30 14:14:00,2026-01-30 14:50:00,COMPLETED,514.49,COD
1140,1977,70,,2026-01-30 10:21:00,2026-01-30 10:56:00,COMPLETED,571.87,CARD
1141,4568,90,,2026-01-30 20:50:00,2026-01-30 21:33:00,COMPLETED,639.56,COD
1142,4677,35,,2026-01-30 13:28:00,2026-01-30 14:04:00,CANCELLED,330.14,COD
1143,2853,63,,2026-01-30 14:21:00,2026-01-30 14:57:00,COMPLETED,455.61,CARD
1144,4684,38,,2026-01-30 19:34:00,2026-01-30 20:16:00,CANCELLED,553.62,CARD
1145,1771,115,,2026-01-30 19:49:00,2026-01-30 20:16:00,CANCELLED,206.75,UPI
1146,4925,10,,2026-01-30 11:03:00,2026-01-30 11:37:00,COMPLETED,257.1,COD
1147,3032,20,,2026-01-30 19:53:00,2026-01-30 20:22:00,COMPLETED,488.45,CARD
1148,2706,88,,2026-01-30 08:23:00,2026-01-30 08:57:00,COMPLETED,458.04,UPI
1149,1087,38,,2026-01-30 15:34:00,2026-01-30 16:19:00,COMPLETED,190.92,COD
1150,3640,43,,2026-01-30 22:14:00,2026-01-30 22:55:00,CANCELLED,526.16,CARD
1151,2991,76,,2026-01-30 19:01:00,2026-01-30 19:36:00,CANCELLED,447.7,CARD
1152,1703,102,,2026-01-30 10:15:00,2026-01-30 10:49:00,CANCELLED,297.41,UPI
1153,1607,46,,2026-01-30 12:55:00,2026-01-30 13:21:00,CANCELLED,446.35,COD
1154,3915,69,,2026-01-30 18:33:00,2026-01-30 19:03:00,CANCELLED,268.48,COD
1155,1660,31,,2026-01-30 22:19:00,2026-01-30 22:48:00,COMPLETED,176.75,UPI
1156,2805,34,,2026-01-30 17:48:00,2026-01-30 18:17:00,CANCELLED,269.92,CARD
1157,3726,41,,2026-01-30 20:04:00,2026-01-30 20:30:00,CANCELLED,246.16,UPI
1158,3185,39,,2026-01-30 17:12:00,2026-01-30 17:42:00,COMPLETED,748.28,UPI
1159,4882,59,,2026-01-30 16:31:00,2026-01-30 17:00:00,CANCELLED,251.43,CARD
1160,2356,83,,2026-01-30 17:19:00,2026-01-30 18:00:00,CANCELLED,458.04,UPI
1161,3731,19,,2026-01-30 20:52:00,2026-01-30 21:35:00,CANCELLED,370.14,COD
1162,4687,6,,2026-01-30 20:29:00,2026-01-30 21:09:00,COMPLETED,590.71,COD
1163,2645,80,,2026-01-30 13:15:00,2026-01-30 13:40:00,COMPLETED,439.88,COD
1164,3490,83,,2026-01-30 13:34:00,2026-01-30 14:00:00,COMPLETED,529.23,COD
1165,1801,3,,2026-01-30 21:20:00,2026-01-30 21:53:00,COMPLETED,499.97,UPI
1166,4997,66,,2026-01-30 19:33:00,2026-01-30 20:00:00,CANCELLED,276.39,UPI
1167,3095,8,,2026-01-30 18:17:00,2026-01-30 19:01:00,CANCELLED,408.41,CARD
1168,2514,50,,2026-01-30 22:34:00,2026-01-30 23:12:00,CANCELLED,157.92,UPI
1169,2825,112,,2026-01-30 13:59:00,2026-01-30 14:33:00,COMPLETED,290.2,UPI
1170,4291,57,,2026-01-30 20:39:00,2026-01-30 21:17:00,CANCELLED,256.46,CARD
1171,1571,107,,2026-01-30 15:14:00,2026-01-30 15:52:00,COMPLETED,243.37,UPI
1172,2373,9,,2026-01-30 16:06:00,2026-01-30 16:47:00,CANCELLED,207.49,UPI
1173,2697,23,,2026-01-30 18:54:00,2026-01-30 19:27:00,CANCELLED,611.66,COD
1174,4409,49,,2026-01-30 11:24:00,2026-01-30 11:54:00,CANCELLED,510.01,COD
1175,4418,75,,2026-01-30 22:02:00,2026-01-30 22:36:00,CANCELLED,471.17,CARD
1176,1109,102,,2026-01-30 15:54:00,2026-01-30 16:26:00,COMPLETED,250.12,UPI
1177,2935,16,,2026-01-30 18:55:00,2026-01-30 19:40:00,CANCELLED,421.15,UPI
1178,2002,4,,2026-01-30 19:44:00,2026-01-30 20:29:00,COMPLETED,647.07,UPI
1179,4053,47,,2026-01-30 09:08:00,2026-01-30 09:52:00,CANCELLED,517.62,UPI
1180,4990,89,,2026-01-30 18:43:00,2026-01-30 19:23:00,COMPLETED,392.58,CARD
1181,4462,34,,2026-01-30 17:49:00,2026-01-30 18:14:00,COMPLETED,528.08,COD
1182,4597,89,,2026-01-30 13:27:00,2026-01-30 14:06:00,COMPLETED,382.3,COD
1183,2718,82,,2026-01-30 12:39:00,2026-01-30 13:15:00,CANCELLED,181.66,UPI
1184,4835,10,,2026-01-30 17:02:00,2026-01-30 17:47:00,COMPLETED,648.19,COD
1185,3452,97,,2026-01-30 21:03:00,2026-01-30 21:31:00,COMPLETED,503.41,UPI
1186,2111,88,,2026-01-30 22:06:00,2026-01-30 22:40:00,CANCELLED,212.29,CARD
1187,1052,18,,2026-01-30 14:00:00,2026-01-30 14:29:00,CANCELLED,392.46,UPI
1188,4772,117,,2026-01-30 15:01:00,2026-01-30 15:36:00,COMPLETED,216.57,COD
1189,4406,25,,2026-01-30 16:35:00,2026-01-30 17:07:00,COMPLETED,421.28,COD
1190,4782,3,,2026-01-30 09:59:00,2026-01-30 10:28:00,CANCELLED,376.34,CARD
1191,4346,57,,2026-01-30 14:11:00,2026-01-30 14:40:00,CANCELLED,261.93,UPI
1192,1910,17,,2026-01-30 08:29:00,2026-01-30 08:57:00,COMPLETED,597.23,UPI
1193,1533,11,,2026-01-30 10:08:00,2026-01-30 10:39:00,CANCELLED,599.03,COD
1194,4173,62,,2026-01-30 09:19:00,2026-01-30 09:44:00,CANCELLED,177.64,COD
1195,3429,8,,2026-01-30 08:33:00,2026-01-30 09:14:00,CANCELLED,227.3,UPI
1196,2235,86,,2026-01-30 08:44:00,2026-01-30 09:11:00,COMPLETED,640.46,COD
1197,3406,116,,2026-01-30 18:16:00,2026-01-30 18:47:00,COMPLETED,270.11,UPI
1198,1596,109,,2026-01-30 08:29:00,2026-01-30 08:56:00,CANCELLED,766.71,UPI
1199,4502,65,,2026-01-30 14:00:00,2026-01-30 14:30:00,COMPLETED,478.19,COD
1200,4126,2,,2026-01-30 09:41:00,2026-01-30 10:24:00,COMPLETED,615.28,UPI
1201,1017,93,,2026-01-30 10:55:00,2026-01-30 11:37:00,COMPLETED,750.75,CARD
1202,2501,90,,2026-01-30 22:31:00,2026-01-30 23:11:00,COMPLETED,435.78,COD
1203,2554,55,,2026-01-30 11:05:00,2026-01-30 11:41:00,COMPLETED,484.26,UPI
1204,1506,60,,2026-01-30 09:55:00,2026-01-30 10:30:00,COMPLETED,487.82,UPI
1205,3886,37,,2026-01-30 21:00:00,2026-01-30 21:36:00,COMPLETED,203.46,UPI
1206,2161,59,,2026-01-30 09:58:00,2026-01-30 10:35:00,CANCELLED,596.58,UPI
1207,2668,38,,2026-01-30 11:51:00,2026-01-30 12:33:00,CANCELLED,272.71,COD
1208,4846,87,,2026-01-30 22:21:00,2026-01-30 23:01:00,CANCELLED,266.54,CARD
1209,2623,57,,2026-01-30 16:23:00,2026-01-30 16:51:00,COMPLETED,227.49,UPI
1210,1416,95,,2026-01-30 14:50:00,2026-01-30 15:33:00,COMPLETED,192.06,COD
1211,3436,109,,2026-01-30 13:46:00,2026-01-30 14:17:00,CANCELLED,229.8,UPI
1212,2140,98,,2026-01-30 20:22:00,2026-01-30 21:02:00,CANCELLED,641.6,CARD
1213,2948,86,,2026-01-30 14:49:00,2026-01-30 15:25:00,CANCELLED,791.89,CARD
1214,4145,59,,2026-01-30 12:45:00,2026-01-30 13:14:00,COMPLETED,229.42,UPI
1215,3573,18,,2026-01-30 16:29:00,2026-01-30 17:01:00,COMPLETED,214.74,COD
1216,3040,87,,2026-01-30 22:10:00,2026-01-30 22:37:00,COMPLETED,781.85,UPI
1217,1625,39,,2026-01-30 18:19:00,2026-01-30 18:54:00,COMPLETED,644.11,CARD
1218,4143,64,,2026-01-30 20:49:00,2026-01-30 21:30:00,CANCELLED,281.26,CARD
1219,3067,34,,2026-01-30 16:29:00,2026-01-30 17:09:00,CANCELLED,676.16,CARD
1220,4901,98,,2026-01-30 17:19:00,2026-01-30 17:44:00,COMPLETED,793.96,COD
1221,2288,110,,2026-01-30 14:32:00,2026-01-30 15:11:00,CANCELLED,437.66,COD
1222,3280,85,,2026-01-30 08:33:00,2026-01-30 09:03:00,CANCELLED,725.06,COD
1223,1550,40,,2026-01-30 16:23:00,2026-01-30 17:01:00,CANCELLED,466.85,COD
1224,3703,71,,2026-01-30 17:42:00,2026-01-30 18:22:00,CANCELLED,459.34,COD
1225,2603,34,,2026-01-30 16:38:00,2026-01-30 17:04:00,CANCELLED,534.18,UPI
1226,4139,37,,2026-01-30 18:31:00,2026-01-30 19:07:00,CANCELLED,189.93,CARD
1227,4428,47,,2026-01-30 08:46:00,2026-01-30 09:15:00,CANCELLED,676.21,CARD
1228,2397,49,,2026-01-30 08:27:00,2026-01-30 09:12:00,COMPLETED,428.3,UPI
1229,1231,85,,2026-01-30 15:01:00,2026-01-30 15:37:00,COMPLETED,310.95,CARD
1230,1347,117,,2026-01-30 13:19:00,2026-01-30 14:02:00,COMPLETED,714.81,COD
1231,1080,69,,2026-01-30 13:45:00,2026-01-30 14:15:00,CANCELLED,174.3,CARD
1232,3326,66,,2026-01-30 22:44:00,2026-01-30 23:22:00,CANCELLED,323.3,CARD
1233,1091,41,,2026-01-30 16:00:00,2026-01-30 16:43:00,CANCELLED,520.73,UPI
1234,4310,63,,2026-01-30 17:46:00,2026-01-30 18:14:00,COMPLETED,599.06,COD
1235,3059,104,,2026-01-30 13:44:00,2026-01-30 14:24:00,CANCELLED,258.31,UPI
1236,1826,64,,2026-01-30 14:12:00,2026-01-30 14:50:00,COMPLETED,696.25,CARD
1237,2086,7,,2026-01-30 11:39:00,2026-01-30 12:13:00,CANCELLED,797.55,UPI
1238,3558,96,,2026-01-30 21:43:00,2026-01-30 22:15:00,COMPLETED,616.51,CARD
1239,2379,35,,2026-01-30 09:37:00,2026-01-30 10:20:00,COMPLETED,518.18,CARD
1240,1859,45,,2026-01-30 16:06:00,2026-01-30 16:44:00,COMPLETED,573.5,UPI
1241,2773,85,,2026-01-30 16:36:00,2026-01-30 17:10:00,CANCELLED,280.05,UPI
1242,3110,59,,2026-01-30 12:17:00,2026-01-30 13:01:00,COMPLETED,722.58,CARD
1243,4533,24,,2026-01-30 20:00:00,2026-01-30 20:41:00,CANCELLED,288.42,CARD
1244,4838,82,,2026-01-30 15:58:00,2026-01-30 16:31:00,CANCELLED,757.51,CARD
1245,3139,26,,2026-01-30 18:41:00,2026-01-30 19:07:00,CANCELLED,450.62,COD
1246,4457,56,,2026-01-30 10:34:00,2026-01-30 11:08:00,CANCELLED,357.12,COD
1247,4465,53,,2026-01-30 18:49:00,2026-01-30 19:20:00,CANCELLED,685.41,CARD
1248,3813,77,,2026-01-30 10:44:00,2026-01-30 11:17:00,COMPLETED,413.81,COD
1249,1113,32,,2026-01-30 10:33:00,2026-01-30 11:04:00,CANCELLED,451.7,CARD
1250,3649,116,,2026-01-30 15:26:00,2026-01-30 16:04:00,COMPLETED,281.29,UPI
1251,2058,102,,2026-01-30 10:19:00,2026-01-30 10:44:00,CANCELLED,578.14,COD
1252,4947,93,,2026-01-30 18:59:00,2026-01-30 19:25:00,CANCELLED,658.45,COD
1253,2285,78,,2026-01-30 22:40:00,2026-01-30 23:07:00,CANCELLED,713.66,UPI
1254,2625,108,,2026-01-30 14:12:00,2026-01-30 14:39:00,COMPLETED,303.43,CARD
1255,4821,16,,2026-01-30 20:32:00,2026-01-30 21:13:00,CANCELLED,472.69,COD
1256,1500,99,,2026-01-30 12:03:00,2026-01-30 12:47:00,CANCELLED,364.04,CARD
1257,4300,96,,2026-01-30 20:34:00,2026-01-30 21:11:00,COMPLETED,758.08,COD
1258,1717,28,,2026-01-30 10:27:00,2026-01-30 10:55:00,CANCELLED,435.66,UPI
1259,1229,63,,2026-01-30 22:43:00,2026-01-30 23:26:00,CANCELLED,604.75,COD
1260,2735,61,,2026-01-30 13:24:00,2026-01-30 14:06:00,COMPLETED,776.15,COD
1261,3931,48,,2026-01-30 14:11:00,2026-01-30 14:51:00,CANCELLED,163.7,CARD
1262,3829,118,,2026-01-30 08:35:00,2026-01-30 09:01:00,COMPLETED,314.44,UPI
1263,4925,90,,2026-01-30 13:16:00,2026-01-30 14:01:00,CANCELLED,737.05,CARD
1264,4551,31,,2026-01-30 10:04:00,2026-01-30 10:46:00,CANCELLED,402.51,UPI
1265,1369,120,,2026-01-30 12:21:00,2026-01-30 12:55:00,COMPLETED,343.32,COD
1266,2299,113,,2026-01-30 15:29:00,2026-01-30 16:14:00,CANCELLED,663.06,UPI
1267,4371,100,,2026-01-30 22:47:00,2026-01-30 23:14:00,CANCELLED,456.21,UPI
1268,3938,55,,2026-01-30 22:21:00,2026-01-30 22:56:00,COMPLETED,685.86,CARD
1269,1271,46,,2026-01-30 12:27:00,2026-01-30 13:08:00,CANCELLED,541.38,CARD
1270,2856,89,,2026-01-30 20:35:00,2026-01-30 21:10:00,COMPLETED,645.28,CARD
1271,3581,57,,2026-01-30 18:56:00,2026-01-30 19:26:00,COMPLETED,152.0,COD
1272,2285,74,,2026-01-30 18:43:00,2026-01-30 19:17:00,COMPLETED,222.04,COD
1273,4125,17,,2026-01-30 16:48:00,2026-01-30 17:33:00,CANCELLED,665.22,UPI
1274,4577,95,,2026-01-30 15:42:00,2026-01-30 16:22:00,COMPLETED,319.44,CARD
1275,4274,37,,2026-01-30 18:07:00,2026-01-30 18:42:00,COMPLETED,204.86,UPI
1276,4589,49,,2026-01-30 11:06:00,2026-01-30 11:43:00,COMPLETED,163.48,COD
1277,3506,81,,2026-01-30 17:31:00,2026-01-30 18:16:00,COMPLETED,739.45,UPI
1278,3872,110,,2026-01-30 11:23:00,2026-01-30 11:56:00,COMPLETED,182.36,CARD
1279,2065,20,,2026-01-30 15:19:00,2026-01-30 16:03:00,COMPLETED,772.72,COD
1280,1057,92,,2026-01-30 17:40:00,2026-01-30 18:08:00,CANCELLED,652.68,UPI
1281,1485,29,,2026-01-30 22:07:00,2026-01-30 22:47:00,COMPLETED,273.85,UPI
1282,2564,17,,2026-01-30 12:54:00,2026-01-30 13:34:00,CANCELLED,706.62,CARD
1283,3976,87,,2026-01-30 11:40:00,2026-01-30 12:14:00,COMPLETED,421.92,UPI
1284,1117,38,,2026-01-30 21:31:00,2026-01-30 22:00:00,CANCELLED,303.07,UPI
1285,3387,88,,2026-01-30 12:14:00,2026-01-30 12:50:00,CANCELLED,205.73,UPI
1286,4991,89,,2026-01-30 10:16:00,2026-01-30 10:51:00,CANCELLED,596.45,CARD
1287,4015,77,,2026-01-30 14:32:00,2026-01-30 15:10:00,CANCELLED,197.49,CARD
1288,2363,120,,2026-01-30 09:00:00,2026-01-30 09:26:00,COMPLETED,456.11,UPI
1289,3906,96,,2026-01-30 18:20:00,2026-01-30 19:04:00,COMPLETED,153.48,CARD
1290,2239,51,,2026-01-30 18:34:00,2026-01-30 19:11:00,CANCELLED,235.95,CARD
1291,1734,34,,2026-01-30 08:42:00,2026-01-30 09:25:00,COMPLETED,477.44,UPI
1292,1540,12,,2026-01-30 22:58:00,2026-01-30 23:37:00,CANCELLED,611.67,UPI
1293,1478,41,,2026-01-30 10:25:00,2026-01-30 10:58:00,COMPLETED,786.04,UPI
1294,4063,47,,2026-01-30 22:52:00,2026-01-30 23:25:00,CANCELLED,333.9,UPI
1295,3117,41,,2026-01-30 18:27:00,2026-01-30 19:00:00,CANCELLED,730.24,UPI
1296,4128,20,,2026-01-30 20:34:00,2026-01-30 21:14:00,CANCELLED,184.59,COD
1297,1750,5,,2026-01-30 08:55:00,2026-01-30 09:27:00,CANCELLED,319.15,CARD
1298,1475,115,,2026-01-30 15:58:00,2026-01-30 16:36:00,CANCELLED,176.51,UPI
1299,2987,59,,2026-01-30 20:06:00,2026-01-30 20:48:00,CANCELLED,223.12,CARD
1300,1506,45,,2026-01-30 22:47:00,2026-01-30 23:16:00,COMPLETED,282.43,UPI
1301,4071,66,,2026-01-30 11:04:00,2026-01-30 11:34:00,CANCELLED,516.11,CARD
1302,3390,1,,2026-01-30 17:59:00,2026-01-30 18:30:00,COMPLETED,420.67,COD
1303,3772,13,,2026-01-30 12:12:00,2026-01-30 12:52:00,CANCELLED,166.88,CARD
1304,2614,48,,2026-01-30 19:36:00,2026-01-30 20:04:00,COMPLETED,694.04,COD
1305,2885,107,,2026-01-30 08:29:00,2026-01-30 08:56:00,CANCELLED,445.14,UPI
1306,2349,6,,2026-01-30 18:08:00,2026-01-30 18:33:00,CANCELLED,361.2,CARD
1307,1529,28,,2026-01-30 20:31:00,2026-01-30 21:14:00,COMPLETED,671.01,UPI
1308,4046,10,,2026-01-30 13:30:00,2026-01-30 13:56:00,CANCELLED,210.16,UPI
1309,4952,99,,2026-01-30 11:02:00,2026-01-30 11:34:00,CANCELLED,207.97,COD
1310,4192,52,,2026-01-30 10:46:00,2026-01-30 11:23:00,CANCELLED,570.66,CARD
1311,2222,63,,2026-01-30 10:37:00,2026-01-30 11:05:00,CANCELLED,628.33,UPI
1312,1537,46,,2026-01-30 19:41:00,2026-01-30 20:25:00,COMPLETED,690.83,CARD
1313,2824,114,,2026-01-30 11:24:00,2026-01-30 12:04:00,CANCELLED,459.69,CARD
1314,1369,97,,2026-01-30 18:14:00,2026-01-30 18:52:00,CANCELLED,677.15,CARD
1315,3583,55,,2026-01-30 11:10:00,2026-01-30 11:48:00,COMPLETED,176.28,UPI
1316,3652,88,,2026-01-30 15:54:00,2026-01-30 16:26:00,COMPLETED,754.93,CARD
1317,3149,11,,2026-01-30 18:44:00,2026-01-30 19:29:00,CANCELLED,454.34,COD
1318,2230,20,,2026-01-30 21:40:00,2026-01-30 22:20:00,COMPLETED,594.8,UPI
1319,3142,55,,2026-01-30 22:21:00,2026-01-30 22:53:00,CANCELLED,519.55,CARD
1320,3102,14,,2026-01-30 09:18:00,2026-01-30 09:44:00,CANCELLED,418.46,UPI
1321,4329,33,,2026-01-30 19:16:00,2026-01-30 19:59:00,CANCELLED,315.66,COD
1322,1066,15,,2026-01-30 21:07:00,2026-01-30 21:48:00,CANCELLED,266.71,COD
1323,1185,11,,2026-01-30 22:23:00,2026-01-30 23:00:00,CANCELLED,719.89,UPI
1324,3965,59,,2026-01-30 13:21:00,2026-01-30 14:04:00,CANCELLED,555.48,UPI
1325,1864,24,,2026-01-30 13:49:00,2026-01-30 14:19:00,COMPLETED,635.57,CARD
1326,2776,69,,2026-01-30 12:25:00,2026-01-30 12:53:00,COMPLETED,153.8,COD
1327,3686,62,,2026-01-30 08:13:00,2026-01-30 08:43:00,CANCELLED,599.67,CARD
1328,3973,63,,2026-01-30 20:42:00,2026-01-30 21:26:00,CANCELLED,552.02,CARD
1329,4295,39,,2026-01-30 14:09:00,2026-01-30 14:46:00,COMPLETED,231.31,COD
1330,4342,3,,2026-01-30 11:15:00,2026-01-30 11:43:00,COMPLETED,708.36,COD
1331,1594,84,,2026-01-30 16:12:00,2026-01-30 16:57:00,COMPLETED,433.26,CARD
1332,1781,12,,2026-01-30 22:38:00,2026-01-30 23:20:00,CANCELLED,650.32,COD
1333,1089,15,,2026-01-30 16:05:00,2026-01-30 16:43:00,COMPLETED,736.57,CARD
1334,2931,3,,2026-01-31 15:35:00,2026-01-31 16:15:00,CANCELLED,530.4,COD
1335,4397,107,,2026-01-31 13:01:00,2026-01-31 13:44:00,CANCELLED,183.1,COD
1336,4471,92,,2026-01-31 09:45:00,2026-01-31 10:30:00,CANCELLED,786.67,UPI
1337,3440,94,,2026-01-31 20:34:00,2026-01-31 21:17:00,CANCELLED,174.06,UPI
1338,3420,93,,2026-01-31 16:17:00,2026-01-31 16:58:00,CANCELLED,300.74,COD
1339,2728,74,,2026-01-31 17:00:00,2026-01-31 17:25:00,CANCELLED,509.62,UPI
1340,4641,61,,2026-01-31 19:03:00,2026-01-31 19:41:00,COMPLETED,471.61,CARD
1341,3857,56,,2026-01-31 13:55:00,2026-01-31 14:34:00,COMPLETED,254.87,CARD
1342,2408,57,,2026-01-31 11:16:00,2026-01-31 11:56:00,COMPLETED,479.96,CARD
1343,4775,78,,2026-01-31 19:41:00,2026-01-31 20:16:00,CANCELLED,235.25,UPI
1344,4931,54,,2026-01-31 20:20:00,2026-01-31 20:57:00,CANCELLED,667.38,COD
1345,2156,89,,2026-01-31 18:36:00,2026-01-31 19:07:00,COMPLETED,583.59,COD
1346,1640,78,,2026-01-31 10:57:00,2026-01-31 11:28:00,CANCELLED,215.59,UPI
1347,1961,27,,2026-01-31 16:25:00,2026-01-31 16:59:00,COMPLETED,799.52,UPI
1348,3772,21,,2026-01-31 12:27:00,2026-01-31 13:03:00,COMPLETED,688.17,CARD
1349,2383,56,,2026-01-31 08:32:00,2026-01-31 08:59:00,COMPLETED,551.42,COD
1350,2992,34,,2026-01-31 17:35:00,2026-01-31 18:07:00,CANCELLED,660.18,COD
1351,2095,115,,2026-01-31 21:08:00,2026-01-31 21:50:00,COMPLETED,704.72,CARD
1352,3893,7,,2026-01-31 18:18:00,2026-01-31 18:46:00,CANCELLED,669.34,COD
1353,3497,101,,2026-01-31 09:48:00,2026-01-31 10:32:00,COMPLETED,685.35,COD
1354,1684,81,,2026-01-31 16:39:00,2026-01-31 17:07:00,COMPLETED,716.07,UPI
1355,3900,57,,2026-01-31 10:40:00,2026-01-31 11:14:00,CANCELLED,626.16,COD
1356,2489,43,,2026-01-31 10:37:00,2026-01-31 11:22:00,COMPLETED,229.94,COD
1357,4150,99,,2026-01-31 15:29:00,2026-01-31 16:07:00,COMPLETED,309.46,UPI
1358,3068,22,,2026-01-31 13:49:00,2026-01-31 14:23:00,COMPLETED,322.91,CARD
1359,2477,81,,2026-01-31 20:52:00,2026-01-31 21:30:00,COMPLETED,248.55,CARD
1360,1565,103,,2026-01-31 15:11:00,2026-01-31 15:43:00,CANCELLED,418.72,UPI
1361,4254,88,,2026-01-31 15:49:00,2026-01-31 16:30:00,CANCELLED,763.43,UPI
1362,3939,104,,2026-01-31 10:29:00,2026-01-31 10:54:00,COMPLETED,205.11,UPI
1363,2777,8,,2026-01-31 14:51:00,2026-01-31 15:21:00,CANCELLED,643.48,CARD
1364,4696,74,,2026-01-31 18:56:00,2026-01-31 19:25:00,COMPLETED,785.53,CARD
1365,4984,38,,2026-01-31 21:38:00,2026-01-31 22:19:00,CANCELLED,411.3,CARD
1366,4578,39,,2026-01-31 19:57:00,2026-01-31 20:39:00,CANCELLED,741.0,COD
1367,4687,68,,2026-01-31 22:06:00,2026-01-31 22:39:00,COMPLETED,605.19,UPI
1368,4635,70,,2026-01-31 18:59:00,2026-01-31 19:30:00,CANCELLED,603.36,CARD
1369,4608,39,,2026-01-31 14:54:00,2026-01-31 15:25:00,COMPLETED,174.03,UPI
1370,3131,70,,2026-01-31 14:39:00,2026-01-31 15:08:00,CANCELLED,288.93,CARD
1371,3135,44,,2026-01-31 17:25:00,2026-01-31 17:59:00,COMPLETED,165.22,CARD
1372,1988,107,,2026-01-31 18:06:00,2026-01-31 18:39:00,CANCELLED,622.23,CARD
1373,4447,48,,2026-01-31 09:53:00,2026-01-31 10:19:00,CANCELLED,557.54,UPI
1374,4098,84,,2026-01-31 10:06:00,2026-01-31 10:32:00,COMPLETED,441.68,CARD
1375,2856,44,,2026-01-31 20:34:00,2026-01-31 20:59:00,COMPLETED,673.5,CARD
1376,3725,69,,2026-01-31 17:39:00,2026-01-31 18:24:00,COMPLETED,377.72,UPI
1377,3754,18,,2026-01-31 19:22:00,2026-01-31 20:05:00,CANCELLED,487.78,COD
1378,3115,75,,2026-01-31 09:47:00,2026-01-31 10:22:00,COMPLETED,684.85,UPI
1379,1600,92,,2026-01-31 15:45:00,2026-01-31 16:13:00,CANCELLED,688.48,COD
1380,2740,114,,2026-01-31 09:34:00,2026-01-31 10:00:00,COMPLETED,459.56,UPI
1381,3772,68,,2026-01-31 09:19:00,2026-01-31 09:55:00,CANCELLED,532.36,CARD
1382,4571,34,,2026-01-31 21:17:00,2026-01-31 21:54:00,CANCELLED,563.7,UPI
1383,3997,54,,2026-01-31 19:45:00,2026-01-31 20:25:00,COMPLETED,243.83,COD
1384,1529,91,,2026-01-31 16:16:00,2026-01-31 16:55:00,COMPLETED,601.41,UPI
1385,4057,21,,2026-01-31 16:04:00,2026-01-31 16:30:00,CANCELLED,749.1,COD
1386,1451,16,,2026-01-31 18:16:00,2026-01-31 18:54:00,CANCELLED,521.65,COD
1387,1482,48,,2026-01-31 16:55:00,2026-01-31 17:24:00,CANCELLED,794.16,UPI
1388,1114,102,,2026-01-31 13:01:00,2026-01-31 13:41:00,COMPLETED,242.39,CARD
1389,4837,115,,2026-01-31 15:11:00,2026-01-31 15:37:00,CANCELLED,727.89,COD
1390,1008,16,,2026-01-31 11:07:00,2026-01-31 11:47:00,CANCELLED,193.92,COD
1391,3347,40,,2026-01-31 15:07:00,2026-01-31 15:47:00,CANCELLED,735.19,UPI
1392,1543,98,,2026-01-31 16:06:00,2026-01-31 16:50:00,COMPLETED,478.1,UPI
1393,3732,58,,2026-01-31 20:59:00,2026-01-31 21:38:00,COMPLETED,713.12,UPI
1394,3721,80,,2026-01-31 09:31:00,2026-01-31 10:15:00,CANCELLED,401.7,UPI
1395,1187,86,,2026-01-31 13:47:00,2026-01-31 14:29:00,CANCELLED,628.34,CARD
1396,3896,4,,2026-01-31 09:30:00,2026-01-31 10:00:00,CANCELLED,514.68,COD
1397,1348,25,,2026-01-31 18:59:00,2026-01-31 19:41:00,COMPLETED,772.24,CARD
1398,3058,115,,2026-01-31 11:13:00,2026-01-31 11:53:00,COMPLETED,228.18,CARD
1399,2126,101,,2026-01-31 11:04:00,2026-01-31 11:29:00,COMPLETED,309.44,CARD
1400,2819,11,,2026-01-31 22:19:00,2026-01-31 23:02:00,CANCELLED,411.17,COD
1401,2392,56,,2026-01-31 16:23:00,2026-01-31 16:48:00,COMPLETED,419.71,CARD
1402,2053,12,,2026-01-31 13:24:00,2026-01-31 14:01:00,COMPLETED,786.86,CARD
1403,1589,24,,2026-01-31 10:52:00,2026-01-31 11:26:00,CANCELLED,649.4,COD
1404,3779,22,,2026-01-31 13:14:00,2026-01-31 13:52:00,COMPLETED,549.41,UPI
1405,3921,8,,2026-01-31 11:05:00,2026-01-31 11:30:00,CANCELLED,403.46,UPI
1406,4657,42,,2026-01-31 10:25:00,2026-01-31 11:03:00,CANCELLED,394.08,COD
1407,1981,97,,2026-01-31 08:53:00,2026-01-31 09:24:00,COMPLETED,470.44,CARD
1408,2103,8,,2026-01-31 14:34:00,2026-01-31 15:02:00,CANCELLED,452.14,UPI
1409,1118,53,,2026-01-31 09:07:00,2026-01-31 09:47:00,COMPLETED,743.93,COD
1410,4946,76,,2026-01-31 12:35:00,2026-01-31 13:17:00,COMPLETED,310.11,CARD
1411,2247,73,,2026-01-31 19:07:00,2026-01-31 19:36:00,CANCELLED,439.89,CARD
1412,4206,19,,2026-01-31 16:32:00,2026-01-31 17:03:00,CANCELLED,501.29,COD
1413,3201,55,,2026-01-31 21:20:00,2026-01-31 21:52:00,CANCELLED,177.16,UPI
1414,2184,84,,2026-01-31 22:09:00,2026-01-31 22:53:00,COMPLETED,150.35,UPI
1415,2027,108,,2026-01-31 12:39:00,2026-01-31 13:23:00,CANCELLED,799.51,CARD
1416,4443,66,,2026-01-31 11:37:00,2026-01-31 12:20:00,CANCELLED,179.57,CARD
1417,1286,39,,2026-01-31 17:06:00,2026-01-31 17:49:00,COMPLETED,406.95,COD
1418,3969,72,,2026-01-31 22:10:00,2026-01-31 22:39:00,CANCELLED,720.88,COD
1419,4921,103,,2026-01-31 18:25:00,2026-01-31 19:06:00,CANCELLED,724.56,UPI
1420,4083,91,,2026-01-31 18:50:00,2026-01-31 19:23:00,CANCELLED,327.46,CARD
1421,1862,59,,2026-01-31 13:29:00,2026-01-31 14:04:00,CANCELLED,160.32,CARD
1422,4777,1,,2026-01-31 10:16:00,2026-01-31 11:01:00,CANCELLED,152.78,COD
1423,2692,72,,2026-01-31 19:28:00,2026-01-31 19:58:00,CANCELLED,645.6,CARD
1424,3667,10,,2026-01-31 09:23:00,2026-01-31 10:08:00,COMPLETED,730.17,CARD
1425,2445,105,,2026-01-31 15:35:00,2026-01-31 16:03:00,CANCELLED,687.85,UPI
1426,4437,99,,2026-01-31 14:36:00,2026-01-31 15:06:00,COMPLETED,231.1,UPI
1427,1038,29,,2026-01-31 11:17:00,2026-01-31 11:56:00,COMPLETED,642.97,CARD
1428,1784,12,,2026-01-31 20:06:00,2026-01-31 20:42:00,CANCELLED,675.47,COD
1429,4962,47,,2026-01-31 11:59:00,2026-01-31 12:39:00,COMPLETED,332.49,CARD
1430,1856,1,,2026-01-31 20:03:00,2026-01-31 20:47:00,COMPLETED,789.77,CARD
1431,4563,36,,2026-01-31 14:45:00,2026-01-31 15:13:00,CANCELLED,260.81,COD
1432,3753,88,,2026-01-31 19:15:00,2026-01-31 19:58:00,COMPLETED,192.48,COD
1433,1521,34,,2026-01-31 20:43:00,2026-01-31 21:10:00,COMPLETED,722.65,CARD
1434,1785,109,,2026-01-31 21:21:00,2026-01-31 21:54:00,COMPLETED,794.77,CARD
1435,3516,33,,2026-01-31 19:34:00,2026-01-31 20:16:00,CANCELLED,151.27,UPI
1436,1212,110,,2026-01-31 18:56:00,2026-01-31 19:41:00,CANCELLED,431.16,UPI
1437,3785,67,,2026-01-31 12:40:00,2026-01-31 13:08:00,CANCELLED,472.12,CARD
1438,4620,93,,2026-01-31 20:57:00,2026-01-31 21:23:00,COMPLETED,180.53,UPI
1439,2295,1,,2026-01-31 17:05:00,2026-01-31 17:44:00,CANCELLED,276.5,COD
1440,4020,29,,2026-01-31 17:45:00,2026-01-31 18:10:00,CANCELLED,772.55,COD
1441,2348,40,,2026-01-31 11:21:00,2026-01-31 11:51:00,COMPLETED,556.9,COD
1442,2769,104,,2026-01-31 08:28:00,2026-01-31 09:08:00,COMPLETED,535.15,CARD
1443,2012,14,,2026-01-31 13:42:00,2026-01-31 14:15:00,CANCELLED,304.93,UPI
1444,4365,43,,2026-01-31 22:12:00,2026-01-31 22:38:00,COMPLETED,763.31,CARD
1445,4129,13,,2026-01-31 18:34:00,2026-01-31 19:13:00,CANCELLED,526.31,COD
1446,2545,41,,2026-01-31 09:02:00,2026-01-31 09:28:00,COMPLETED,658.72,COD
1447,1224,39,,2026-01-31 21:41:00,2026-01-31 22:20:00,CANCELLED,192.76,CARD
1448,1213,38,,2026-01-31 08:57:00,2026-01-31 09:39:00,CANCELLED,411.09,CARD
1449,1954,111,,2026-01-31 20:50:00,2026-01-31 21:28:00,COMPLETED,444.72,UPI
1450,4604,80,,2026-01-31 21:34:00,2026-01-31 22:12:00,COMPLETED,370.75,CARD
1451,2859,67,,2026-01-31 21:21:00,2026-01-31 21:46:00,CANCELLED,532.08,COD
1452,3437,92,,2026-01-31 09:45:00,2026-01-31 10:10:00,COMPLETED,535.38,COD
1453,3610,66,,2026-01-31 17:46:00,2026-01-31 18:15:00,CANCELLED,381.0,UPI
1454,2821,24,,2026-01-31 20:22:00,2026-01-31 21:06:00,COMPLETED,239.49,COD
1455,2276,75,,2026-01-31 09:01:00,2026-01-31 09:30:00,CANCELLED,483.53,CARD
1456,2274,75,,2026-01-31 20:52:00,2026-01-31 21:28:00,COMPLETED,245.82,UPI
1457,2192,48,,2026-01-31 18:17:00,2026-01-31 18:52:00,COMPLETED,486.49,CARD
1458,1234,31,,2026-01-31 19:34:00,2026-01-31 20:03:00,COMPLETED,424.34,COD
1459,4721,26,,2026-01-31 11:25:00,2026-01-31 12:10:00,COMPLETED,372.01,CARD
1460,3456,89,,2026-01-31 16:07:00,2026-01-31 16:46:00,CANCELLED,703.81,CARD
1461,2227,54,,2026-01-31 13:43:00,2026-01-31 14:27:00,CANCELLED,255.48,UPI
1462,3031,29,,2026-01-31 22:57:00,2026-01-31 23:23:00,COMPLETED,565.2,CARD
1463,3555,28,,2026-01-31 11:55:00,2026-01-31 12:34:00,COMPLETED,462.49,UPI
1464,1840,52,,2026-01-31 21:46:00,2026-01-31 22:23:00,COMPLETED,686.95,COD
1465,1302,46,,2026-01-31 14:11:00,2026-01-31 14:36:00,COMPLETED,510.55,COD
1466,1796,81,,2026-01-31 12:57:00,2026-01-31 13:36:00,CANCELLED,178.54,COD
1467,2163,23,,2026-01-31 11:23:00,2026-01-31 11:54:00,COMPLETED,725.5,CARD
1468,4471,71,,2026-01-31 10:58:00,2026-01-31 11:33:00,COMPLETED,266.05,COD
1469,4730,13,,2026-01-31 11:00:00,2026-01-31 11:33:00,COMPLETED,690.44,COD
1470,4225,114,,2026-01-31 14:28:00,2026-01-31 15:13:00,COMPLETED,369.95,COD
1471,1983,48,,2026-01-31 13:12:00,2026-01-31 13:51:00,CANCELLED,579.59,CARD
1472,4611,56,,2026-01-31 21:38:00,2026-01-31 22:22:00,COMPLETED,227.02,COD
1473,1785,69,,2026-01-31 21:33:00,2026-01-31 22:04:00,CANCELLED,601.33,UPI
1474,3605,32,,2026-01-31 18:13:00,2026-01-31 18:51:00,COMPLETED,646.0,CARD
1475,2204,102,,2026-01-31 11:13:00,2026-01-31 11:55:00,COMPLETED,362.99,COD
1476,4575,17,,2026-01-31 18:44:00,2026-01-31 19:17:00,CANCELLED,286.0,COD
1477,4239,85,,2026-01-31 21:23:00,2026-01-31 22:03:00,COMPLETED,258.83,UPI
1478,4076,66,,2026-01-31 20:49:00,2026-01-31 21:34:00,CANCELLED,474.08,UPI
1479,3918,48,,2026-01-31 11:03:00,2026-01-31 11:38:00,CANCELLED,615.17,UPI
1480,3380,52,,2026-01-31 16:05:00,2026-01-31 16:38:00,COMPLETED,284.68,COD
1481,2621,28,,2026-01-31 15:42:00,2026-01-31 16:14:00,CANCELLED,426.26,UPI
1482,4831,108,,2026-01-31 17:45:00,2026-01-31 18:15:00,CANCELLED,315.44,COD
1483,2208,57,,2026-01-31 10:17:00,2026-01-31 10:44:00,CANCELLED,299.62,COD
1484,3544,44,,2026-01-31 15:56:00,2026-01-31 16:37:00,CANCELLED,443.25,UPI
1485,4295,64,,2026-01-31 14:58:00,2026-01-31 15:34:00,CANCELLED,327.46,COD
1486,1957,34,,2026-01-31 11:03:00,2026-01-31 11:42:00,COMPLETED,383.41,COD
1487,3100,70,,2026-01-31 13:01:00,2026-01-31 13:42:00,COMPLETED,660.82,COD
1488,1292,47,,2026-01-31 09:40:00,2026-01-31 10:08:00,COMPLETED,504.92,UPI
1489,2024,39,,2026-01-31 11:21:00,2026-01-31 11:56:00,CANCELLED,273.92,CARD
1490,4737,34,,2026-01-31 10:21:00,2026-01-31 11:03:00,COMPLETED,650.55,UPI
1491,4207,52,,2026-01-31 22:02:00,2026-01-31 22:38:00,CANCELLED,684.21,CARD
1492,3679,66,,2026-01-31 08:12:00,2026-01-31 08:52:00,COMPLETED,712.55,COD
1493,2943,30,,2026-01-31 11:52:00,2026-01-31 12:23:00,CANCELLED,619.63,UPI
1494,2282,109,,2026-01-31 13:48:00,2026-01-31 14:15:00,COMPLETED,428.72,CARD
1495,2796,58,,2026-01-31 15:07:00,2026-01-31 15:38:00,COMPLETED,393.56,CARD
1496,2251,95,,2026-01-31 22:54:00,2026-01-31 23:23:00,COMPLETED,474.87,CARD
1497,2391,29,,2026-01-31 22:14:00,2026-01-31 22:50:00,CANCELLED,426.72,UPI
1498,2227,42,,2026-01-31 21:01:00,2026-01-31 21:43:00,COMPLETED,518.93,COD
1499,4902,43,,2026-01-31 10:22:00,2026-01-31 10:51:00,CANCELLED,787.11,COD
1500,3189,50,,2026-01-31 14:40:00,2026-01-31 15:07:00,COMPLETED,458.61,UPI
1501,3617,115,,2026-01-31 17:43:00,2026-01-31 18:22:00,CANCELLED,210.61,COD
1502,1727,5,,2026-01-31 19:31:00,2026-01-31 20:13:00,CANCELLED,167.45,COD
1503,2162,27,,2026-01-31 09:11:00,2026-01-31 09:48:00,COMPLETED,339.22,CARD
1504,1235,48,,2026-01-31 09:11:00,2026-01-31 09:50:00,COMPLETED,261.69,UPI
1505,1453,17,,2026-01-31 14:40:00,2026-01-31 15:10:00,CANCELLED,460.86,COD
1506,1532,112,,2026-01-31 14:38:00,2026-01-31 15:09:00,COMPLETED,351.34,CARD
1507,1650,78,,2026-01-31 19:20:00,2026-01-31 20:00:00,CANCELLED,531.87,CARD
1508,2128,26,,2026-01-31 20:13:00,2026-01-31 20:52:00,COMPLETED,794.21,UPI
1509,3477,104,,2026-01-31 09:05:00,2026-01-31 09:42:00,COMPLETED,491.81,CARD
1510,2884,60,,2026-01-31 23:00:00,2026-01-31 23:40:00,COMPLETED,629.24,UPI
1511,2420,90,,2026-01-31 19:01:00,2026-01-31 19:40:00,CANCELLED,404.21,COD
1512,1735,116,,2026-01-31 15:05:00,2026-01-31 15:37:00,CANCELLED,447.59,CARD
1513,1391,51,,2026-01-31 11:07:00,2026-01-31 11:50:00,COMPLETED,305.8,COD
1514,3202,38,,2026-01-31 12:40:00,2026-01-31 13:25:00,COMPLETED,603.73,CARD
1515,2684,98,,2026-01-31 11:42:00,2026-01-31 12:22:00,COMPLETED,796.96,COD
1516,3066,99,,2026-01-31 20:53:00,2026-01-31 21:21:00,CANCELLED,416.56,COD
1517,3072,6,,2026-01-31 12:18:00,2026-01-31 12:49:00,CANCELLED,167.37,CARD
1518,2561,44,,2026-01-31 19:51:00,2026-01-31 20:30:00,CANCELLED,706.25,UPI
1519,2026,15,,2026-01-31 08:38:00,2026-01-31 09:03:00,COMPLETED,362.62,CARD
1520,2889,9,,2026-01-31 15:55:00,2026-01-31 16:35:00,COMPLETED,506.48,COD
1521,1574,61,,2026-01-31 20:10:00,2026-01-31 20:49:00,CANCELLED,697.02,COD
1522,3486,13,,2026-01-31 22:18:00,2026-01-31 22:43:00,COMPLETED,341.19,CARD
1523,1689,10,,2026-01-31 20:39:00,2026-01-31 21:16:00,COMPLETED,590.3,COD
1524,1728,28,,2026-01-31 15:31:00,2026-01-31 16:07:00,COMPLETED,730.25,CARD
1525,3853,7,,2026-01-31 11:41:00,2026-01-31 12:20:00,COMPLETED,403.9,UPI
1526,3450,1,,2026-01-31 15:34:00,2026-01-31 16:00:00,COMPLETED,652.07,COD
1527,4722,31,,2026-01-31 12:15:00,2026-01-31 12:51:00,COMPLETED,209.4,UPI
1528,2380,106,,2026-01-31 08:28:00,2026-01-31 08:53:00,COMPLETED,591.97,COD
1529,4264,107,,2026-01-31 11:45:00,2026-01-31 12:13:00,COMPLETED,620.61,COD
1530,1441,105,,2026-01-31 15:05:00,2026-01-31 15:46:00,CANCELLED,359.74,CARD
1531,1848,120,,2026-01-31 11:14:00,2026-01-31 11:58:00,CANCELLED,760.3,COD
1532,1433,46,,2026-01-31 11:57:00,2026-01-31 12:28:00,CANCELLED,262.85,UPI
1533,1049,50,,2026-01-31 19:09:00,2026-01-31 19:44:00,COMPLETED,448.2,COD
1534,3662,80,,2026-01-31 19:13:00,2026-01-31 19:46:00,CANCELLED,178.56,COD
1535,4143,77,,2026-01-31 15:00:00,2026-01-31 15:34:00,CANCELLED,789.02,COD
1536,4241,119,,2026-01-31 20:09:00,2026-01-31 20:51:00,COMPLETED,313.76,COD
1537,3584,90,,2026-01-31 18:14:00,2026-01-31 18:49:00,CANCELLED,590.64,CARD
1538,1718,82,,2026-01-31 10:16:00,2026-01-31 10:51:00,CANCELLED,785.71,CARD
1539,2372,3,,2026-01-31 16:13:00,2026-01-31 16:40:00,CANCELLED,398.54,CARD
1540,3062,76,,2026-01-31 20:39:00,2026-01-31 21:11:00,COMPLETED,301.19,CARD
1541,2265,31,,2026-01-31 20:57:00,2026-01-31 21:25:00,CANCELLED,642.21,CARD
1542,1563,48,,2026-01-31 09:21:00,2026-01-31 09:47:00,CANCELLED,342.8,COD
1543,1155,31,,2026-02-01 11:29:00,2026-02-01 12:14:00,CANCELLED,630.52,UPI
1544,2300,83,,2026-02-01 10:17:00,2026-02-01 10:50:00,COMPLETED,488.57,UPI
1545,4074,4,,2026-02-01 19:03:00,2026-02-01 19:37:00,COMPLETED,700.51,UPI
1546,1843,70,,2026-02-01 13:50:00,2026-02-01 14:22:00,COMPLETED,739.31,CARD
1547,3490,112,,2026-02-01 12:14:00,2026-02-01 12:46:00,CANCELLED,488.96,COD
1548,1024,9,,2026-02-01 15:32:00,2026-02-01 16:17:00,CANCELLED,195.49,COD
1549,1579,27,,2026-02-01 08:53:00,2026-02-01 09:38:00,COMPLETED,209.64,CARD
1550,1967,65,,2026-02-01 17:22:00,2026-02-01 17:53:00,COMPLETED,427.06,UPI
1551,3955,26,,2026-02-01 13:18:00,2026-02-01 13:48:00,COMPLETED,425.61,CARD
1552,2168,74,,2026-02-01 12:14:00,2026-02-01 12:48:00,CANCELLED,779.02,COD
1553,1327,47,,2026-02-01 12:38:00,2026-02-01 13:18:00,CANCELLED,395.52,UPI
1554,3069,79,,2026-02-01 15:31:00,2026-02-01 16:09:00,CANCELLED,644.21,UPI
1555,2750,110,,2026-02-01 08:20:00,2026-02-01 08:57:00,COMPLETED,643.26,UPI
1556,1625,71,,2026-02-01 18:09:00,2026-02-01 18:51:00,COMPLETED,317.24,UPI
1557,2160,49,,2026-02-01 13:13:00,2026-02-01 13:52:00,CANCELLED,196.76,COD
1558,1801,20,,2026-02-01 20:12:00,2026-02-01 20:52:00,COMPLETED,152.72,CARD
1559,3012,52,,2026-02-01 20:27:00,2026-02-01 21:03:00,CANCELLED,761.19,CARD
1560,3005,40,,2026-02-01 14:22:00,2026-02-01 14:59:00,COMPLETED,415.71,COD
1561,4818,73,,2026-02-01 10:07:00,2026-02-01 10:44:00,COMPLETED,276.25,UPI
1562,3087,91,,2026-02-01 12:21:00,2026-02-01 12:57:00,CANCELLED,562.74,UPI
1563,3666,50,,2026-02-01 19:53:00,2026-02-01 20:19:00,CANCELLED,628.18,COD
1564,4774,105,,2026-02-01 16:09:00,2026-02-01 16:35:00,CANCELLED,560.12,CARD
1565,1605,34,,2026-02-01 08:28:00,2026-02-01 09:13:00,CANCELLED,763.77,COD
1566,3466,75,,2026-02-01 12:20:00,2026-02-01 12:52:00,COMPLETED,158.02,COD
1567,2628,91,,2026-02-01 18:59:00,2026-02-01 19:36:00,COMPLETED,487.05,COD
1568,1679,107,,2026-02-01 22:57:00,2026-02-01 23:35:00,CANCELLED,314.37,UPI
1569,3697,114,,2026-02-01 16:32:00,2026-02-01 17:14:00,CANCELLED,530.95,CARD
1570,1447,82,,2026-02-01 15:01:00,2026-02-01 15:28:00,CANCELLED,679.25,UPI
1571,4809,96,,2026-02-01 20:46:00,2026-02-01 21:17:00,CANCELLED,604.36,COD
1572,1006,13,,2026-02-01 10:52:00,2026-02-01 11:32:00,COMPLETED,652.93,UPI
1573,3680,37,,2026-02-01 16:57:00,2026-02-01 17:35:00,CANCELLED,260.91,UPI
1574,1811,63,,2026-02-01 11:10:00,2026-02-01 11:39:00,COMPLETED,476.7,COD
1575,4335,28,,2026-02-01 15:41:00,2026-02-01 16:24:00,COMPLETED,280.61,CARD
1576,2062,116,,2026-02-01 11:07:00,2026-02-01 11:38:00,CANCELLED,436.47,CARD
1577,1680,11,,2026-02-01 09:51:00,2026-02-01 10:36:00,CANCELLED,205.71,COD
1578,2401,4,,2026-02-01 12:43:00,2026-02-01 13:10:00,COMPLETED,460.63,CARD
1579,1038,8,,2026-02-01 20:58:00,2026-02-01 21:26:00,CANCELLED,638.67,COD
1580,4232,6,,2026-02-01 19:21:00,2026-02-01 20:04:00,COMPLETED,287.19,COD
1581,3130,98,,2026-02-01 14:24:00,2026-02-01 15:08:00,CANCELLED,755.88,UPI
1582,3475,55,,2026-02-01 20:55:00,2026-02-01 21:30:00,CANCELLED,391.01,UPI
1583,4854,47,,2026-02-01 13:22:00,2026-02-01 13:54:00,CANCELLED,395.98,COD
1584,4302,13,,2026-02-01 14:04:00,2026-02-01 14:39:00,COMPLETED,447.0,CARD
1585,1105,78,,2026-02-01 14:51:00,2026-02-01 15:20:00,COMPLETED,714.85,UPI
1586,2509,58,,2026-02-01 19:56:00,2026-02-01 20:28:00,CANCELLED,484.69,CARD
1587,3613,105,,2026-02-01 11:12:00,2026-02-01 11:37:00,CANCELLED,160.81,UPI
1588,4971,104,,2026-02-01 22:54:00,2026-02-01 23:20:00,CANCELLED,590.65,COD
1589,2639,95,,2026-02-01 18:21:00,2026-02-01 19:01:00,COMPLETED,376.42,UPI
1590,4007,50,,2026-02-01 19:14:00,2026-02-01 19:42:00,CANCELLED,544.66,CARD
1591,4589,74,,2026-02-01 10:26:00,2026-02-01 11:07:00,COMPLETED,233.11,COD
1592,4583,60,,2026-02-01 13:08:00,2026-02-01 13:50:00,COMPLETED,732.67,COD
1593,1986,32,,2026-02-01 16:13:00,2026-02-01 16:55:00,COMPLETED,260.78,CARD
1594,1432,56,,2026-02-01 19:56:00,2026-02-01 20:23:00,COMPLETED,254.15,UPI
1595,1902,93,,2026-02-01 14:32:00,2026-02-01 15:05:00,CANCELLED,582.86,CARD
1596,4779,69,,2026-02-01 10:06:00,2026-02-01 10:35:00,CANCELLED,208.79,CARD
1597,4816,74,,2026-02-01 13:40:00,2026-02-01 14:12:00,COMPLETED,568.59,UPI
1598,3678,83,,2026-02-01 20:14:00,2026-02-01 20:51:00,CANCELLED,675.49,COD
1599,2191,12,,2026-02-01 12:25:00,2026-02-01 12:53:00,COMPLETED,207.94,CARD
1600,4049,15,,2026-02-01 18:06:00,2026-02-01 18:37:00,CANCELLED,232.82,UPI
1601,4018,1,,2026-02-01 14:29:00,2026-02-01 15:12:00,CANCELLED,190.23,CARD
1602,2735,41,,2026-02-01 11:14:00,2026-02-01 11:51:00,CANCELLED,668.39,COD
1603,3419,29,,2026-02-01 16:52:00,2026-02-01 17:36:00,COMPLETED,406.95,CARD
1604,2294,19,,2026-02-01 22:32:00,2026-02-01 23:11:00,CANCELLED,694.19,UPI
1605,1603,77,,2026-02-01 19:36:00,2026-02-01 20:15:00,CANCELLED,244.82,CARD
1606,3453,41,,2026-02-01 22:29:00,2026-02-01 22:55:00,CANCELLED,476.55,CARD
1607,4472,91,,2026-02-01 10:06:00,2026-02-01 10:39:00,CANCELLED,560.2,COD
1608,3884,49,,2026-02-01 16:26:00,2026-02-01 17:00:00,COMPLETED,787.74,UPI
1609,4473,94,,2026-02-01 10:36:00,2026-02-01 11:07:00,COMPLETED,605.26,COD
1610,4509,63,,2026-02-01 22:46:00,2026-02-01 23:16:00,CANCELLED,344.42,CARD
1611,1088,71,,2026-02-01 22:28:00,2026-02-01 22:58:00,CANCELLED,369.32,CARD
1612,4103,51,,2026-02-01 16:04:00,2026-02-01 16:40:00,CANCELLED,196.69,CARD
1613,3852,119,,2026-02-01 12:49:00,2026-02-01 13:23:00,COMPLETED,605.72,CARD
1614,1536,42,,2026-02-01 14:43:00,2026-02-01 15:11:00,COMPLETED,702.38,CARD
1615,3681,21,,2026-02-01 13:11:00,2026-02-01 13:50:00,COMPLETED,437.22,UPI
1616,1859,28,,2026-02-01 12:58:00,2026-02-01 13:27:00,COMPLETED,627.96,COD
1617,1417,87,,2026-02-01 14:10:00,2026-02-01 14:53:00,COMPLETED,394.76,UPI
1618,4792,8,,2026-02-01 19:35:00,2026-02-01 20:05:00,COMPLETED,381.13,UPI
1619,1480,66,,2026-02-01 11:03:00,2026-02-01 11:29:00,CANCELLED,535.71,COD
1620,2003,5,,2026-02-01 18:42:00,2026-02-01 19:19:00,COMPLETED,306.56,UPI
1621,4909,23,,2026-02-01 13:09:00,2026-02-01 13:53:00,CANCELLED,654.3,CARD
1622,4185,60,,2026-02-01 19:14:00,2026-02-01 19:41:00,CANCELLED,328.89,CARD
1623,1047,16,,2026-02-01 15:35:00,2026-02-01 16:11:00,COMPLETED,203.71,UPI
1624,1921,3,,2026-02-01 18:56:00,2026-02-01 19:37:00,CANCELLED,327.92,CARD
1625,1741,50,,2026-02-01 09:36:00,2026-02-01 10:19:00,CANCELLED,799.97,CARD
1626,3340,17,,2026-02-01 15:24:00,2026-02-01 15:58:00,COMPLETED,361.4,CARD
1627,1757,52,,2026-02-01 22:42:00,2026-02-01 23:24:00,COMPLETED,405.97,CARD
1628,3001,9,,2026-02-01 21:22:00,2026-02-01 22:03:00,COMPLETED,639.78,COD
1629,1740,111,,2026-02-01 19:14:00,2026-02-01 19:42:00,COMPLETED,153.46,UPI
1630,1503,6,,2026-02-01 21:39:00,2026-02-01 22:14:00,COMPLETED,523.8,CARD
1631,3303,33,,2026-02-01 10:45:00,2026-02-01 11:12:00,COMPLETED,205.0,COD
1632,2489,70,,2026-02-01 16:38:00,2026-02-01 17:12:00,COMPLETED,424.98,CARD
1633,2231,6,,2026-02-01 08:00:00,2026-02-01 08:32:00,CANCELLED,578.45,UPI
1634,3008,89,,2026-02-01 10:23:00,2026-02-01 11:06:00,CANCELLED,489.73,UPI
1635,3091,27,,2026-02-01 18:20:00,2026-02-01 19:02:00,COMPLETED,580.7,COD
1636,1770,19,,2026-02-01 12:02:00,2026-02-01 12:28:00,CANCELLED,706.46,COD
1637,3261,28,,2026-02-01 10:17:00,2026-02-01 11:01:00,CANCELLED,330.31,CARD
1638,1304,71,,2026-02-01 18:37:00,2026-02-01 19:15:00,CANCELLED,319.44,CARD
1639,2868,11,,2026-02-01 10:47:00,2026-02-01 11:24:00,CANCELLED,589.74,CARD
1640,1834,10,,2026-02-01 10:26:00,2026-02-01 11:08:00,CANCELLED,796.98,CARD
1641,3926,48,,2026-02-01 19:01:00,2026-02-01 19:32:00,COMPLETED,422.8,COD
1642,2552,4,,2026-02-01 13:23:00,2026-02-01 14:01:00,COMPLETED,200.39,COD
1643,3801,71,,2026-02-01 17:04:00,2026-02-01 17:32:00,CANCELLED,192.87,CARD
1644,4724,43,,2026-02-01 09:31:00,2026-02-01 10:07:00,CANCELLED,245.11,COD
1645,1401,49,,2026-02-01 12:40:00,2026-02-01 13:05:00,COMPLETED,396.11,COD
1646,1719,68,,2026-02-01 21:21:00,2026-02-01 21:49:00,CANCELLED,532.74,UPI
1647,2429,90,,2026-02-01 09:37:00,2026-02-01 10:18:00,CANCELLED,508.5,CARD
1648,1699,41,,2026-02-01 09:41:00,2026-02-01 10:07:00,CANCELLED,267.44,CARD
1649,3259,77,,2026-02-01 19:34:00,2026-02-01 20:16:00,CANCELLED,459.96,COD
1650,3812,66,,2026-02-01 12:25:00,2026-02-01 12:50:00,COMPLETED,577.42,COD
1651,4012,35,,2026-02-01 14:27:00,2026-02-01 15:10:00,COMPLETED,746.99,CARD
1652,3777,78,,2026-02-01 14:19:00,2026-02-01 14:51:00,CANCELLED,609.41,COD
1653,4270,60,,2026-02-01 15:29:00,2026-02-01 16:05:00,CANCELLED,329.28,UPI
1654,2250,82,,2026-02-01 16:53:00,2026-02-01 17:25:00,COMPLETED,765.85,UPI
1655,4462,12,,2026-02-01 21:09:00,2026-02-01 21:44:00,COMPLETED,199.85,COD
1656,3356,8,,2026-02-01 09:35:00,2026-02-01 10:05:00,COMPLETED,633.22,CARD
1657,4941,55,,2026-02-01 16:24:00,2026-02-01 16:49:00,COMPLETED,461.78,CARD
1658,3858,16,,2026-02-01 19:41:00,2026-02-01 20:23:00,CANCELLED,159.04,COD
1659,3925,55,,2026-02-01 22:11:00,2026-02-01 22:36:00,CANCELLED,308.75,CARD
1660,3801,78,,2026-02-01 19:17:00,2026-02-01 19:58:00,COMPLETED,544.79,COD
1661,4701,29,,2026-02-01 19:30:00,2026-02-01 20:11:00,COMPLETED,198.83,COD
1662,4901,7,,2026-02-01 16:46:00,2026-02-01 17:22:00,CANCELLED,472.08,COD
1663,2384,117,,2026-02-01 14:22:00,2026-02-01 14:50:00,COMPLETED,690.62,COD
1664,2978,38,,2026-02-01 12:57:00,2026-02-01 13:31:00,CANCELLED,288.49,CARD
1665,2612,28,,2026-02-01 18:46:00,2026-02-01 19:29:00,CANCELLED,753.92,CARD
1666,4831,60,,2026-02-01 16:47:00,2026-02-01 17:13:00,CANCELLED,187.37,COD
1667,2345,39,,2026-02-01 18:30:00,2026-02-01 19:09:00,CANCELLED,219.66,UPI
1668,2646,46,,2026-02-01 20:19:00,2026-02-01 20:49:00,COMPLETED,215.87,UPI
1669,3167,66,,2026-02-01 11:22:00,2026-02-01 11:49:00,COMPLETED,416.97,UPI
1670,4151,85,,2026-02-01 08:07:00,2026-02-01 08:36:00,CANCELLED,296.96,UPI
1671,2492,55,,2026-02-01 14:23:00,2026-02-01 14:57:00,COMPLETED,498.68,UPI
1672,3688,108,,2026-02-01 09:51:00,2026-02-01 10:30:00,CANCELLED,255.19,UPI
1673,1023,46,,2026-02-01 20:45:00,2026-02-01 21:23:00,COMPLETED,221.93,UPI
1674,2616,54,,2026-02-01 08:41:00,2026-02-01 09:10:00,CANCELLED,735.65,COD
1675,4884,62,,2026-02-01 19:22:00,2026-02-01 19:53:00,CANCELLED,227.21,UPI
1676,4276,88,,2026-02-01 17:23:00,2026-02-01 18:03:00,COMPLETED,361.18,UPI
1677,1538,15,,2026-02-01 16:33:00,2026-02-01 17:10:00,COMPLETED,665.26,COD
1678,3048,2,,2026-02-01 10:39:00,2026-02-01 11:15:00,COMPLETED,183.83,UPI
1679,4020,2,,2026-02-01 15:19:00,2026-02-01 16:03:00,CANCELLED,462.13,UPI
1680,4116,55,,2026-02-01 16:17:00,2026-02-01 16:44:00,COMPLETED,551.45,CARD
1681,2021,36,,2026-02-01 16:43:00,2026-02-01 17:13:00,COMPLETED,711.71,CARD
1682,1812,61,,2026-02-01 12:13:00,2026-02-01 12:51:00,COMPLETED,605.74,CARD
1683,1772,110,,2026-02-01 18:25:00,2026-02-01 18:55:00,COMPLETED,299.1,COD
1684,2121,25,,2026-02-01 14:50:00,2026-02-01 15:16:00,COMPLETED,427.1,CARD
1685,4540,7,,2026-02-01 11:24:00,2026-02-01 11:51:00,CANCELLED,414.74,UPI
1686,1947,29,,2026-02-01 19:56:00,2026-02-01 20:41:00,CANCELLED,426.95,COD
1687,3637,7,,2026-02-01 16:42:00,2026-02-01 17:20:00,CANCELLED,221.54,UPI
1688,3914,54,,2026-02-01 12:47:00,2026-02-01 13:23:00,COMPLETED,357.9,COD
1689,1002,7,,2026-02-01 11:06:00,2026-02-01 11:32:00,CANCELLED,287.79,UPI
1690,1412,56,,2026-02-01 12:46:00,2026-02-01 13:30:00,COMPLETED,313.97,UPI
1691,2246,15,,2026-02-01 14:12:00,2026-02-01 14:47:00,COMPLETED,584.82,CARD
1692,2356,47,,2026-02-01 17:25:00,2026-02-01 17:54:00,CANCELLED,632.91,CARD
1693,2522,31,,2026-02-01 17:01:00,2026-02-01 17:45:00,CANCELLED,286.52,UPI
1694,1534,81,,2026-02-01 09:29:00,2026-02-01 09:57:00,COMPLETED,176.68,CARD
1695,1790,91,,2026-02-01 21:57:00,2026-02-01 22:28:00,CANCELLED,751.58,COD
1696,2404,39,,2026-02-01 17:19:00,2026-02-01 18:03:00,CANCELLED,793.27,COD
1697,1179,17,,2026-02-01 17:06:00,2026-02-01 17:35:00,COMPLETED,421.84,CARD
1698,4994,45,,2026-02-01 12:18:00,2026-02-01 13:00:00,CANCELLED,441.51,CARD
1699,1277,62,,2026-02-01 10:00:00,2026-02-01 10:38:00,CANCELLED,490.45,CARD
1700,1683,77,,2026-02-01 21:29:00,2026-02-01 21:54:00,CANCELLED,602.86,COD
1701,4914,73,,2026-02-01 12:56:00,2026-02-01 13:22:00,COMPLETED,666.35,CARD
1702,3027,88,,2026-02-01 11:14:00,2026-02-01 11:51:00,COMPLETED,257.59,CARD
1703,4192,50,,2026-02-01 14:33:00,2026-02-01 15:15:00,CANCELLED,544.69,COD
1704,1655,74,,2026-02-01 11:08:00,2026-02-01 11:33:00,COMPLETED,534.87,COD
1705,2865,65,,2026-02-01 23:00:00,2026-02-01 23:41:00,CANCELLED,347.22,COD
1706,3261,16,,2026-02-01 13:03:00,2026-02-01 13:36:00,COMPLETED,295.55,CARD
1707,1160,82,,2026-02-01 12:03:00,2026-02-01 12:37:00,COMPLETED,762.33,UPI
1708,4577,102,,2026-02-01 10:16:00,2026-02-01 10:49:00,COMPLETED,567.57,COD
1709,3189,15,,2026-02-01 22:03:00,2026-02-01 22:34:00,COMPLETED,571.62,CARD
1710,2329,11,,2026-02-01 18:19:00,2026-02-01 18:55:00,CANCELLED,619.35,UPI
1711,1234,81,,2026-02-02 13:01:00,2026-02-02 13:36:00,COMPLETED,685.56,COD
1712,1723,33,,2026-02-02 20:28:00,2026-02-02 21:01:00,COMPLETED,499.3,CARD
1713,4873,84,,2026-02-02 09:48:00,2026-02-02 10:25:00,CANCELLED,715.52,CARD
1714,1844,105,,2026-02-02 18:18:00,2026-02-02 19:00:00,CANCELLED,293.42,UPI
1715,3579,104,,2026-02-02 11:28:00,2026-02-02 12:11:00,CANCELLED,251.17,COD
1716,2509,19,,2026-02-02 20:27:00,2026-02-02 21:05:00,CANCELLED,210.9,COD
1717,4340,111,,2026-02-02 15:50:00,2026-02-02 16:20:00,COMPLETED,272.76,UPI
1718,3652,37,,2026-02-02 20:26:00,2026-02-02 20:56:00,COMPLETED,351.6,COD
1719,3815,78,,2026-02-02 21:57:00,2026-02-02 22:34:00,COMPLETED,195.15,COD
1720,2863,117,,2026-02-02 15:16:00,2026-02-02 15:48:00,CANCELLED,215.15,CARD
1721,3471,13,,2026-02-02 10:20:00,2026-02-02 10:45:00,CANCELLED,399.59,COD
1722,4127,107,,2026-02-02 22:06:00,2026-02-02 22:31:00,COMPLETED,235.92,COD
1723,4844,81,,2026-02-02 12:34:00,2026-02-02 13:03:00,COMPLETED,665.06,COD
1724,3221,95,,2026-02-02 21:30:00,2026-02-02 21:58:00,CANCELLED,704.27,COD
1725,2967,98,,2026-02-02 11:27:00,2026-02-02 11:56:00,CANCELLED,680.05,UPI
1726,1632,32,,2026-02-02 13:39:00,2026-02-02 14:19:00,COMPLETED,503.29,UPI
1727,1504,3,,2026-02-02 18:42:00,2026-02-02 19:24:00,COMPLETED,216.83,UPI
1728,4630,108,,2026-02-02 09:45:00,2026-02-02 10:26:00,CANCELLED,242.19,COD
1729,2749,50,,2026-02-02 08:24:00,2026-02-02 08:56:00,COMPLETED,379.65,UPI
1730,3812,114,,2026-02-02 11:51:00,2026-02-02 12:28:00,COMPLETED,469.68,COD
1731,4917,37,,2026-02-02 11:49:00,2026-02-02 12:17:00,CANCELLED,199.59,UPI
1732,4781,119,,2026-02-02 10:01:00,2026-02-02 10:37:00,COMPLETED,732.13,CARD
1733,2755,68,,2026-02-02 10:34:00,2026-02-02 11:04:00,CANCELLED,539.75,CARD
1734,4658,86,,2026-02-02 15:15:00,2026-02-02 15:44:00,CANCELLED,556.09,UPI
1735,2110,118,,2026-02-02 13:56:00,2026-02-02 14:24:00,CANCELLED,580.13,UPI
1736,4231,1,,2026-02-02 21:50:00,2026-02-02 22:17:00,COMPLETED,655.56,COD
1737,2599,58,,2026-02-02 13:27:00,2026-02-02 13:56:00,CANCELLED,679.52,COD
1738,4930,94,,2026-02-02 17:51:00,2026-02-02 18:29:00,CANCELLED,244.03,UPI
1739,4143,50,,2026-02-02 10:10:00,2026-02-02 10:40:00,CANCELLED,357.56,UPI
1740,3464,102,,2026-02-02 16:12:00,2026-02-02 16:50:00,CANCELLED,239.84,CARD
1741,2714,71,,2026-02-02 12:11:00,2026-02-02 12:48:00,CANCELLED,500.19,UPI
1742,4364,30,,2026-02-02 17:05:00,2026-02-02 17:47:00,CANCELLED,204.35,CARD
1743,3366,100,,2026-02-02 15:11:00,2026-02-02 15:52:00,COMPLETED,607.01,COD
1744,1832,109,,2026-02-02 14:10:00,2026-02-02 14:35:00,COMPLETED,385.56,UPI
1745,1244,117,,2026-02-02 10:16:00,2026-02-02 10:44:00,CANCELLED,384.56,COD
1746,1590,107,,2026-02-02 13:01:00,2026-02-02 13:40:00,CANCELLED,307.62,COD
1747,1480,90,,2026-02-02 08:57:00,2026-02-02 09:26:00,COMPLETED,395.35,COD
1748,2522,7,,2026-02-02 19:52:00,2026-02-02 20:30:00,COMPLETED,580.79,COD
1749,4565,21,,2026-02-02 16:08:00,2026-02-02 16:52:00,COMPLETED,245.48,COD
1750,1315,2,,2026-02-02 09:20:00,2026-02-02 09:52:00,CANCELLED,247.32,COD
1751,4064,68,,2026-02-02 16:01:00,2026-02-02 16:30:00,CANCELLED,455.62,CARD
1752,4200,83,,2026-02-02 13:45:00,2026-02-02 14:24:00,COMPLETED,336.4,COD
1753,1131,78,,2026-02-02 09:01:00,2026-02-02 09:46:00,COMPLETED,477.14,COD
1754,3784,113,,2026-02-02 14:45:00,2026-02-02 15:23:00,CANCELLED,510.2,UPI
1755,2253,91,,2026-02-02 17:45:00,2026-02-02 18:26:00,COMPLETED,425.39,COD
1756,3136,49,,2026-02-02 12:38:00,2026-02-02 13:05:00,COMPLETED,633.04,UPI
1757,1896,51,,2026-02-02 18:33:00,2026-02-02 18:59:00,COMPLETED,684.63,CARD
1758,4344,89,,2026-02-02 18:19:00,2026-02-02 18:46:00,CANCELLED,460.32,CARD
1759,4388,49,,2026-02-02 18:57:00,2026-02-02 19:34:00,COMPLETED,185.54,UPI
1760,1797,35,,2026-02-02 19:02:00,2026-02-02 19:40:00,COMPLETED,217.86,UPI
1761,1114,31,,2026-02-02 18:17:00,2026-02-02 18:52:00,CANCELLED,255.79,COD
1762,3445,2,,2026-02-02 09:06:00,2026-02-02 09:37:00,CANCELLED,272.03,COD
1763,1984,35,,2026-02-02 18:53:00,2026-02-02 19:19:00,COMPLETED,784.83,CARD
1764,4236,62,,2026-02-02 08:45:00,2026-02-02 09:28:00,COMPLETED,181.23,COD
1765,2460,97,,2026-02-02 13:16:00,2026-02-02 13:41:00,CANCELLED,773.18,CARD
1766,4079,51,,2026-02-02 11:19:00,2026-02-02 11:54:00,CANCELLED,783.0,CARD
1767,2357,53,,2026-02-02 19:30:00,2026-02-02 19:58:00,COMPLETED,476.42,COD
1768,4260,49,,2026-02-02 08:24:00,2026-02-02 09:07:00,CANCELLED,531.13,COD
1769,1620,88,,2026-02-02 12:57:00,2026-02-02 13:27:00,CANCELLED,201.19,CARD
1770,4622,28,,2026-02-02 09:35:00,2026-02-02 10:07:00,COMPLETED,649.74,COD
1771,3984,78,,2026-02-02 16:33:00,2026-02-02 17:14:00,CANCELLED,440.86,COD
1772,2475,80,,2026-02-02 13:47:00,2026-02-02 14:21:00,CANCELLED,176.01,CARD
1773,1979,27,,2026-02-02 21:12:00,2026-02-02 21:49:00,COMPLETED,772.71,CARD
1774,1398,104,,2026-02-02 18:42:00,2026-02-02 19:22:00,COMPLETED,242.7,UPI
1775,3043,13,,2026-02-02 17:20:00,2026-02-02 17:47:00,CANCELLED,353.92,UPI
1776,2147,74,,2026-02-02 10:45:00,2026-02-02 11:12:00,CANCELLED,379.69,COD
1777,2056,61,,2026-02-02 11:03:00,2026-02-02 11:42:00,CANCELLED,646.05,UPI
1778,4849,16,,2026-02-02 19:05:00,2026-02-02 19:34:00,CANCELLED,175.74,UPI
1779,4510,80,,2026-02-02 14:50:00,2026-02-02 15:28:00,COMPLETED,436.54,CARD
1780,4899,41,,2026-02-02 22:25:00,2026-02-02 23:09:00,CANCELLED,204.27,UPI
1781,2076,113,,2026-02-02 16:38:00,2026-02-02 17:17:00,COMPLETED,553.4,CARD
1782,3866,106,,2026-02-02 08:58:00,2026-02-02 09:30:00,COMPLETED,250.47,COD
1783,1648,73,,2026-02-02 12:57:00,2026-02-02 13:34:00,CANCELLED,704.99,COD
1784,3740,12,,2026-02-02 14:37:00,2026-02-02 15:16:00,CANCELLED,452.82,CARD
1785,1446,11,,2026-02-02 17:07:00,2026-02-02 17:46:00,COMPLETED,625.66,UPI
1786,1817,52,,2026-02-02 21:06:00,2026-02-02 21:44:00,CANCELLED,191.91,UPI
1787,1870,90,,2026-02-02 18:18:00,2026-02-02 18:58:00,CANCELLED,224.31,UPI
1788,1637,61,,2026-02-02 08:39:00,2026-02-02 09:21:00,COMPLETED,566.14,UPI
1789,3462,100,,2026-02-02 17:41:00,2026-02-02 18:07:00,CANCELLED,190.56,UPI
1790,2939,28,,2026-02-02 21:28:00,2026-02-02 22:06:00,COMPLETED,287.47,COD
1791,2105,33,,2026-02-02 20:56:00,2026-02-02 21:34:00,COMPLETED,204.33,COD
1792,1334,39,,2026-02-02 12:40:00,2026-02-02 13:17:00,CANCELLED,716.34,CARD
1793,1753,107,,2026-02-02 11:39:00,2026-02-02 12:12:00,COMPLETED,210.09,UPI
1794,1673,26,,2026-02-02 13:50:00,2026-02-02 14:24:00,CANCELLED,762.26,UPI
1795,3821,101,,2026-02-02 16:06:00,2026-02-02 16:48:00,COMPLETED,777.63,UPI
1796,2593,106,,2026-02-02 14:03:00,2026-02-02 14:46:00,COMPLETED,514.59,CARD
1797,3960,86,,2026-02-02 11:23:00,2026-02-02 11:50:00,COMPLETED,360.43,CARD
1798,1058,20,,2026-02-02 20:40:00,2026-02-02 21:15:00,CANCELLED,756.98,UPI
1799,1465,102,,2026-02-02 22:45:00,2026-02-02 23:20:00,CANCELLED,320.82,CARD
1800,4863,107,,2026-02-02 08:03:00,2026-02-02 08:42:00,COMPLETED,562.29,CARD
1801,1149,28,,2026-02-02 17:52:00,2026-02-02 18:20:00,COMPLETED,423.11,CARD
1802,3461,49,,2026-02-02 21:12:00,2026-02-02 21:42:00,COMPLETED,376.26,COD
1803,4912,2,,2026-02-02 19:35:00,2026-02-02 20:18:00,CANCELLED,678.96,COD
1804,3056,105,,2026-02-02 13:09:00,2026-02-02 13:43:00,COMPLETED,604.56,CARD
1805,2680,46,,2026-02-02 15:46:00,2026-02-02 16:24:00,CANCELLED,688.32,UPI
1806,1464,119,,2026-02-02 16:55:00,2026-02-02 17:30:00,COMPLETED,448.24,UPI
1807,3436,21,,2026-02-02 11:01:00,2026-02-02 11:43:00,CANCELLED,398.02,CARD
1808,3597,37,,2026-02-02 19:45:00,2026-02-02 20:23:00,COMPLETED,796.99,COD
1809,1067,79,,2026-02-02 09:31:00,2026-02-02 10:16:00,CANCELLED,217.39,CARD
1810,4797,70,,2026-02-02 20:49:00,2026-02-02 21:33:00,COMPLETED,561.79,CARD
1811,3734,38,,2026-02-02 17:55:00,2026-02-02 18:21:00,CANCELLED,287.72,UPI
1812,1468,26,,2026-02-02 17:24:00,2026-02-02 18:01:00,CANCELLED,767.86,UPI
1813,2691,117,,2026-02-02 21:32:00,2026-02-02 22:11:00,CANCELLED,154.94,UPI
1814,3078,37,,2026-02-02 21:20:00,2026-02-02 21:52:00,CANCELLED,721.74,UPI
1815,3757,31,,2026-02-02 13:14:00,2026-02-02 13:52:00,COMPLETED,735.12,UPI
1816,1107,20,,2026-02-02 08:33:00,2026-02-02 08:58:00,CANCELLED,696.5,CARD
1817,2300,43,,2026-02-02 21:59:00,2026-02-02 22:43:00,COMPLETED,773.45,UPI
1818,4987,51,,2026-02-02 12:07:00,2026-02-02 12:49:00,COMPLETED,550.57,UPI
1819,4282,120,,2026-02-02 22:08:00,2026-02-02 22:34:00,CANCELLED,233.77,CARD
1820,2651,116,,2026-02-02 14:39:00,2026-02-02 15:09:00,CANCELLED,486.23,UPI
1821,3908,103,,2026-02-02 11:56:00,2026-02-02 12:24:00,COMPLETED,477.77,CARD
1822,4453,98,,2026-02-02 17:50:00,2026-02-02 18:27:00,CANCELLED,694.27,COD
1823,1381,12,,2026-02-02 13:30:00,2026-02-02 14:01:00,COMPLETED,434.32,CARD
1824,1626,4,,2026-02-02 21:08:00,2026-02-02 21:51:00,COMPLETED,521.67,COD
1825,2858,82,,2026-02-02 20:40:00,2026-02-02 21:09:00,CANCELLED,271.26,CARD
1826,1793,69,,2026-02-02 11:47:00,2026-02-02 12:21:00,COMPLETED,622.1,UPI
1827,3700,7,,2026-02-02 21:08:00,2026-02-02 21:41:00,CANCELLED,203.93,COD
1828,3614,75,,2026-02-02 18:42:00,2026-02-02 19:07:00,COMPLETED,222.11,CARD
1829,1580,37,,2026-02-02 10:05:00,2026-02-02 10:33:00,CANCELLED,731.49,COD
1830,4459,47,,2026-02-02 09:19:00,2026-02-02 09:59:00,COMPLETED,404.02,UPI
1831,2694,10,,2026-02-02 21:34:00,2026-02-02 21:59:00,CANCELLED,773.49,COD
1832,2537,114,,2026-02-02 11:35:00,2026-02-02 12:13:00,CANCELLED,561.81,UPI
1833,1736,39,,2026-02-02 21:47:00,2026-02-02 22:17:00,COMPLETED,737.36,CARD
1834,3484,110,,2026-02-02 17:40:00,2026-02-02 18:25:00,COMPLETED,226.18,UPI
1835,3514,77,,2026-02-02 13:55:00,2026-02-02 14:35:00,COMPLETED,252.95,CARD
1836,1789,78,,2026-02-02 12:20:00,2026-02-02 12:48:00,COMPLETED,498.37,CARD
1837,1885,111,,2026-02-02 16:44:00,2026-02-02 17:13:00,CANCELLED,224.61,COD
1838,1567,29,,2026-02-02 08:30:00,2026-02-02 09:05:00,COMPLETED,623.03,COD
1839,2972,26,,2026-02-02 12:34:00,2026-02-02 13:07:00,COMPLETED,376.56,CARD
1840,2913,96,,2026-02-02 19:07:00,2026-02-02 19:41:00,CANCELLED,433.44,UPI
1841,1708,26,,2026-02-02 11:17:00,2026-02-02 11:50:00,CANCELLED,775.22,COD
1842,2276,22,,2026-02-02 17:57:00,2026-02-02 18:40:00,COMPLETED,769.95,UPI
1843,2735,77,,2026-02-02 15:23:00,2026-02-02 16:02:00,CANCELLED,680.33,CARD
1844,2568,55,,2026-02-02 09:50:00,2026-02-02 10:34:00,COMPLETED,518.64,UPI
1845,2840,22,,2026-02-02 18:47:00,2026-02-02 19:14:00,COMPLETED,772.76,UPI
1846,2202,78,,2026-02-02 18:00:00,2026-02-02 18:38:00,CANCELLED,408.9,COD
1847,2758,102,,2026-02-02 11:04:00,2026-02-02 11:39:00,COMPLETED,382.53,COD
1848,2523,19,,2026-02-02 11:40:00,2026-02-02 12:16:00,CANCELLED,229.5,UPI
1849,3936,43,,2026-02-02 19:44:00,2026-02-02 20:09:00,COMPLETED,452.49,UPI
1850,1271,50,,2026-02-02 11:58:00,2026-02-02 12:40:00,CANCELLED,541.17,CARD
1851,3297,36,,2026-02-02 11:42:00,2026-02-02 12:10:00,COMPLETED,523.07,CARD
1852,2301,105,,2026-02-02 15:11:00,2026-02-02 15:49:00,CANCELLED,278.8,COD
1853,3042,6,,2026-02-02 21:41:00,2026-02-02 22:21:00,CANCELLED,423.8,COD
1854,3463,42,,2026-02-02 15:43:00,2026-02-02 16:13:00,CANCELLED,303.67,COD
1855,3636,101,,2026-02-02 12:51:00,2026-02-02 13:16:00,COMPLETED,742.57,UPI
1856,1151,115,,2026-02-02 10:14:00,2026-02-02 10:51:00,COMPLETED,369.3,COD
1857,1389,107,,2026-02-02 09:11:00,2026-02-02 09:51:00,CANCELLED,620.11,UPI
1858,2639,11,,2026-02-02 13:24:00,2026-02-02 14:00:00,CANCELLED,470.98,COD
1859,3852,59,,2026-02-02 14:42:00,2026-02-02 15:16:00,CANCELLED,701.64,COD
1860,4840,80,,2026-02-02 22:23:00,2026-02-02 22:59:00,COMPLETED,169.04,COD
1861,1568,14,,2026-02-02 22:05:00,2026-02-02 22:30:00,CANCELLED,709.9,CARD
1862,1697,12,,2026-02-02 15:26:00,2026-02-02 15:58:00,COMPLETED,620.67,UPI
1863,1020,120,,2026-02-02 21:55:00,2026-02-02 22:37:00,COMPLETED,318.8,COD
1864,4879,39,,2026-02-02 09:53:00,2026-02-02 10:19:00,COMPLETED,321.42,CARD
1865,2105,90,,2026-02-02 18:27:00,2026-02-02 19:04:00,COMPLETED,751.16,CARD
1866,1517,41,,2026-02-02 15:51:00,2026-02-02 16:19:00,COMPLETED,639.47,UPI
1867,3737,16,,2026-02-02 18:52:00,2026-02-02 19:31:00,COMPLETED,525.63,CARD
1868,2318,99,,2026-02-02 16:21:00,2026-02-02 16:54:00,CANCELLED,296.79,UPI
1869,3913,11,,2026-02-02 21:04:00,2026-02-02 21:38:00,CANCELLED,513.03,COD
1870,4011,110,,2026-02-02 19:15:00,2026-02-02 20:00:00,COMPLETED,601.73,COD
1871,1870,2,,2026-02-02 16:26:00,2026-02-02 16:52:00,COMPLETED,454.3,UPI
1872,1428,44,,2026-02-02 11:12:00,2026-02-02 11:52:00,COMPLETED,679.1,CARD
1873,4114,40,,2026-02-02 16:46:00,2026-02-02 17:21:00,CANCELLED,575.94,CARD
1874,1896,118,,2026-02-02 09:48:00,2026-02-02 10:17:00,CANCELLED,400.62,UPI
1875,3103,26,,2026-02-02 22:48:00,2026-02-02 23:32:00,CANCELLED,272.17,UPI
1876,3810,40,,2026-02-02 15:13:00,2026-02-02 15:43:00,COMPLETED,245.74,COD
1877,1985,3,,2026-02-02 20:42:00,2026-02-02 21:10:00,CANCELLED,271.57,COD
1878,2854,46,,2026-02-02 16:07:00,2026-02-02 16:48:00,CANCELLED,226.91,CARD
1879,2767,28,,2026-02-02 09:26:00,2026-02-02 10:02:00,COMPLETED,408.0,UPI
1880,1217,57,,2026-02-02 16:40:00,2026-02-02 17:15:00,CANCELLED,390.36,COD
1881,3998,119,,2026-02-02 19:04:00,2026-02-02 19:41:00,CANCELLED,276.06,COD
1882,3433,36,,2026-02-02 14:52:00,2026-02-02 15:22:00,CANCELLED,487.1,COD
1883,3647,32,,2026-02-02 19:37:00,2026-02-02 20:03:00,COMPLETED,292.73,COD
1884,2090,31,,2026-02-02 08:36:00,2026-02-02 09:19:00,COMPLETED,495.89,UPI
1885,3865,92,,2026-02-02 11:51:00,2026-02-02 12:35:00,CANCELLED,404.74,COD
1886,3028,27,,2026-02-02 11:45:00,2026-02-02 12:18:00,COMPLETED,660.72,UPI
1887,3891,77,,2026-02-02 18:52:00,2026-02-02 19:26:00,CANCELLED,627.02,COD
1888,4718,90,,2026-02-02 11:09:00,2026-02-02 11:50:00,CANCELLED,630.41,CARD
1889,2290,88,,2026-02-02 12:04:00,2026-02-02 12:34:00,COMPLETED,258.32,UPI
1890,4941,2,,2026-02-02 15:46:00,2026-02-02 16:15:00,CANCELLED,428.15,COD
1891,4609,10,,2026-02-02 11:01:00,2026-02-02 11:34:00,COMPLETED,591.48,COD
1892,4971,61,,2026-02-02 18:08:00,2026-02-02 18:44:00,COMPLETED,467.4,COD
1893,1185,105,,2026-02-02 16:03:00,2026-02-02 16:31:00,COMPLETED,518.72,UPI
1894,3151,65,,2026-02-02 22:15:00,2026-02-02 22:47:00,COMPLETED,640.75,COD
1895,4292,95,,2026-02-02 09:42:00,2026-02-02 10:16:00,CANCELLED,444.2,CARD
1896,2054,85,,2026-02-02 13:59:00,2026-02-02 14:41:00,CANCELLED,314.8,UPI
1897,2233,91,,2026-02-02 08:13:00,2026-02-02 08:49:00,CANCELLED,729.39,CARD
1898,2983,15,,2026-02-02 22:37:00,2026-02-02 23:21:00,CANCELLED,595.76,CARD
1899,1605,53,,2026-02-02 18:55:00,2026-02-02 19:20:00,COMPLETED,578.59,COD
1900,1126,32,,2026-02-02 14:05:00,2026-02-02 14:45:00,CANCELLED,383.62,CARD
1901,4770,49,,2026-02-02 09:31:00,2026-02-02 10:02:00,COMPLETED,777.54,CARD
1902,4683,117,,2026-02-02 19:35:00,2026-02-02 20:17:00,CANCELLED,791.77,CARD
1903,4728,87,,2026-02-02 10:59:00,2026-02-02 11:32:00,CANCELLED,727.2,UPI
1904,4871,36,,2026-02-02 18:03:00,2026-02-02 18:41:00,CANCELLED,273.87,CARD
1905,4416,79,,2026-02-02 16:52:00,2026-02-02 17:27:00,COMPLETED,431.75,UPI
1906,2181,15,,2026-02-02 17:40:00,2026-02-02 18:16:00,COMPLETED,474.3,CARD
1907,3789,20,,2026-02-02 10:30:00,2026-02-02 11:09:00,CANCELLED,555.47,CARD
1908,2994,37,,2026-02-02 10:46:00,2026-02-02 11:20:00,COMPLETED,669.86,COD
1909,2159,106,,2026-02-03 08:41:00,2026-02-03 09:12:00,COMPLETED,184.58,UPI
1910,2442,85,,2026-02-03 08:05:00,2026-02-03 08:43:00,COMPLETED,182.44,COD
1911,4216,110,,2026-02-03 13:58:00,2026-02-03 14:32:00,COMPLETED,769.9,CARD
1912,4002,26,,2026-02-03 12:37:00,2026-02-03 13:06:00,CANCELLED,530.4,COD
1913,1131,61,,2026-02-03 12:57:00,2026-02-03 13:29:00,CANCELLED,311.67,CARD
1914,2730,52,,2026-02-03 18:52:00,2026-02-03 19:29:00,COMPLETED,730.47,UPI
1915,1709,73,,2026-02-03 18:11:00,2026-02-03 18:45:00,CANCELLED,591.3,UPI
1916,1570,88,,2026-02-03 21:43:00,2026-02-03 22:26:00,COMPLETED,312.51,UPI
1917,2233,40,,2026-02-03 17:27:00,2026-02-03 17:58:00,COMPLETED,343.27,CARD
1918,1751,49,,2026-02-03 15:52:00,2026-02-03 16:34:00,CANCELLED,212.43,CARD
1919,3063,120,,2026-02-03 15:32:00,2026-02-03 16:07:00,CANCELLED,454.45,UPI
1920,4938,53,,2026-02-03 15:57:00,2026-02-03 16:35:00,CANCELLED,167.99,CARD
1921,1362,97,,2026-02-03 08:27:00,2026-02-03 09:05:00,COMPLETED,549.89,UPI
1922,3377,66,,2026-02-03 21:25:00,2026-02-03 21:57:00,CANCELLED,232.73,CARD
1923,1219,97,,2026-02-03 17:39:00,2026-02-03 18:13:00,CANCELLED,231.86,CARD
1924,4307,98,,2026-02-03 08:06:00,2026-02-03 08:45:00,CANCELLED,695.48,COD
1925,4399,84,,2026-02-03 08:56:00,2026-02-03 09:29:00,COMPLETED,366.76,COD
1926,3316,62,,2026-02-03 22:01:00,2026-02-03 22:35:00,CANCELLED,711.8,COD
1927,3762,66,,2026-02-03 20:38:00,2026-02-03 21:21:00,COMPLETED,606.02,CARD
1928,4032,64,,2026-02-03 10:27:00,2026-02-03 11:09:00,COMPLETED,295.3,CARD
1929,2232,81,,2026-02-03 18:55:00,2026-02-03 19:24:00,CANCELLED,617.44,COD
1930,3554,89,,2026-02-03 21:44:00,2026-02-03 22:24:00,COMPLETED,224.56,COD
1931,4604,16,,2026-02-03 10:36:00,2026-02-03 11:20:00,COMPLETED,310.68,COD
1932,4410,65,,2026-02-03 16:05:00,2026-02-03 16:30:00,CANCELLED,403.96,COD
1933,2981,24,,2026-02-03 13:07:00,2026-02-03 13:44:00,COMPLETED,697.12,CARD
1934,3790,57,,2026-02-03 12:26:00,2026-02-03 13:10:00,COMPLETED,431.03,CARD
1935,1580,105,,2026-02-03 08:22:00,2026-02-03 08:52:00,COMPLETED,261.0,CARD
1936,1820,61,,2026-02-03 19:56:00,2026-02-03 20:38:00,CANCELLED,338.52,CARD
1937,3019,48,,2026-02-03 09:42:00,2026-02-03 10:25:00,CANCELLED,404.27,CARD
1938,2900,54,,2026-02-03 21:39:00,2026-02-03 22:07:00,CANCELLED,246.31,UPI
1939,3311,50,,2026-02-03 15:48:00,2026-02-03 16:16:00,COMPLETED,527.35,COD
1940,4658,85,,2026-02-03 19:00:00,2026-02-03 19:45:00,CANCELLED,177.71,UPI
1941,4614,93,,2026-02-03 10:22:00,2026-02-03 11:01:00,CANCELLED,329.99,COD
1942,4505,111,,2026-02-03 14:06:00,2026-02-03 14:47:00,COMPLETED,376.74,CARD
1943,3101,9,,2026-02-03 16:57:00,2026-02-03 17:34:00,COMPLETED,576.35,UPI
1944,2389,59,,2026-02-03 19:11:00,2026-02-03 19:54:00,COMPLETED,330.92,CARD
1945,1279,118,,2026-02-03 13:10:00,2026-02-03 13:47:00,CANCELLED,394.74,UPI
1946,3359,91,,2026-02-03 18:20:00,2026-02-03 18:50:00,CANCELLED,234.12,UPI
1947,2425,75,,2026-02-03 18:02:00,2026-02-03 18:45:00,CANCELLED,193.92,COD
1948,1949,13,,2026-02-03 22:32:00,2026-02-03 23:02:00,COMPLETED,474.63,CARD
1949,4112,30,,2026-02-03 16:07:00,2026-02-03 16:42:00,COMPLETED,218.53,COD
1950,4095,54,,2026-02-03 20:25:00,2026-02-03 21:02:00,COMPLETED,190.25,UPI
1951,4468,96,,2026-02-03 09:57:00,2026-02-03 10:23:00,COMPLETED,436.99,UPI
1952,4443,4,,2026-02-03 18:21:00,2026-02-03 19:06:00,COMPLETED,358.75,CARD
1953,1545,82,,2026-02-03 15:40:00,2026-02-03 16:17:00,COMPLETED,277.22,UPI
1954,1923,26,,2026-02-03 15:28:00,2026-02-03 16:02:00,COMPLETED,432.14,CARD
1955,1352,75,,2026-02-03 21:48:00,2026-02-03 22:19:00,COMPLETED,558.93,CARD
1956,1136,104,,2026-02-03 09:38:00,2026-02-03 10:09:00,COMPLETED,730.64,UPI
1957,3327,70,,2026-02-03 21:12:00,2026-02-03 21:50:00,COMPLETED,371.46,CARD
1958,3163,64,,2026-02-03 20:27:00,2026-02-03 21:12:00,COMPLETED,691.06,CARD
1959,3051,46,,2026-02-03 22:07:00,2026-02-03 22:47:00,CANCELLED,552.01,CARD
1960,4283,9,,2026-02-03 22:33:00,2026-02-03 23:02:00,CANCELLED,427.88,UPI
1961,3331,11,,2026-02-03 22:54:00,2026-02-03 23:21:00,COMPLETED,658.55,UPI
1962,3042,30,,2026-02-03 09:43:00,2026-02-03 10:11:00,COMPLETED,540.97,UPI
1963,4364,38,,2026-02-03 08:23:00,2026-02-03 08:55:00,CANCELLED,403.78,UPI
1964,4965,37,,2026-02-03 09:09:00,2026-02-03 09:39:00,COMPLETED,497.38,COD
1965,4816,79,,2026-02-03 22:33:00,2026-02-03 23:14:00,CANCELLED,409.49,COD
1966,3387,61,,2026-02-03 17:19:00,2026-02-03 17:47:00,CANCELLED,574.6,COD
1967,2068,26,,2026-02-03 13:46:00,2026-02-03 14:24:00,CANCELLED,727.22,COD
1968,3240,105,,2026-02-03 10:22:00,2026-02-03 10:53:00,CANCELLED,750.71,CARD
1969,1965,64,,2026-02-03 22:59:00,2026-02-03 23:25:00,COMPLETED,673.68,CARD
1970,2416,10,,2026-02-03 18:24:00,2026-02-03 18:50:00,CANCELLED,538.8,CARD
1971,2961,17,,2026-02-03 09:22:00,2026-02-03 10:04:00,CANCELLED,620.16,COD
1972,3079,29,,2026-02-03 08:36:00,2026-02-03 09:16:00,CANCELLED,430.49,UPI
1973,1087,120,,2026-02-03 21:20:00,2026-02-03 21:52:00,COMPLETED,167.13,COD
1974,4523,49,,2026-02-03 17:07:00,2026-02-03 17:51:00,COMPLETED,509.12,COD
1975,3848,17,,2026-02-03 14:36:00,2026-02-03 15:13:00,CANCELLED,605.87,CARD
1976,2793,16,,2026-02-03 10:21:00,2026-02-03 10:49:00,CANCELLED,378.66,UPI
1977,1975,30,,2026-02-03 15:27:00,2026-02-03 15:53:00,COMPLETED,532.6,COD
1978,3326,6,,2026-02-03 15:02:00,2026-02-03 15:44:00,COMPLETED,717.62,COD
1979,1313,8,,2026-02-03 21:52:00,2026-02-03 22:18:00,COMPLETED,435.06,UPI
1980,2432,78,,2026-02-03 08:44:00,2026-02-03 09:19:00,COMPLETED,798.76,COD
1981,2960,85,,2026-02-03 18:20:00,2026-02-03 18:57:00,COMPLETED,576.78,COD
1982,1843,64,,2026-02-03 12:16:00,2026-02-03 12:58:00,CANCELLED,733.47,COD
1983,4856,47,,2026-02-03 15:34:00,2026-02-03 16:08:00,CANCELLED,714.83,COD
1984,2306,90,,2026-02-03 16:59:00,2026-02-03 17:32:00,COMPLETED,185.1,UPI
1985,2991,36,,2026-02-03 20:02:00,2026-02-03 20:46:00,COMPLETED,282.31,COD
1986,1944,40,,2026-02-03 22:21:00,2026-02-03 23:02:00,COMPLETED,229.79,CARD
1987,1146,31,,2026-02-03 21:55:00,2026-02-03 22:24:00,CANCELLED,572.44,UPI
1988,3043,108,,2026-02-03 09:56:00,2026-02-03 10:21:00,COMPLETED,325.69,CARD
1989,4388,11,,2026-02-03 14:33:00,2026-02-03 15:07:00,COMPLETED,331.41,CARD
1990,1077,111,,2026-02-03 14:33:00,2026-02-03 15:13:00,CANCELLED,400.03,COD
1991,2553,24,,2026-02-03 11:49:00,2026-02-03 12:20:00,CANCELLED,496.12,CARD
1992,3218,98,,2026-02-03 13:12:00,2026-02-03 13:38:00,CANCELLED,759.2,CARD
1993,4779,107,,2026-02-03 20:52:00,2026-02-03 21:27:00,CANCELLED,676.66,CARD
1994,2396,93,,2026-02-03 11:41:00,2026-02-03 12:06:00,CANCELLED,712.73,CARD
1995,4307,14,,2026-02-03 20:33:00,2026-02-03 20:59:00,CANCELLED,769.11,CARD
1996,2898,55,,2026-02-03 12:54:00,2026-02-03 13:36:00,CANCELLED,255.66,UPI
1997,1540,117,,2026-02-03 15:58:00,2026-02-03 16:30:00,COMPLETED,332.46,CARD
1998,2023,99,,2026-02-03 12:40:00,2026-02-03 13:07:00,CANCELLED,369.4,UPI
1999,2123,47,,2026-02-03 08:39:00,2026-02-03 09:23:00,CANCELLED,578.5,CARD
2000,1050,16,,2026-02-03 21:49:00,2026-02-03 22:33:00,CANCELLED,519.49,UPI
2001,4471,23,,2026-02-03 22:16:00,2026-02-03 22:49:00,CANCELLED,450.77,UPI
2002,1151,46,,2026-02-03 08:09:00,2026-02-03 08:48:00,CANCELLED,564.53,CARD
2003,1239,75,,2026-02-03 11:43:00,2026-02-03 12:21:00,COMPLETED,329.69,CARD
2004,4904,9,,2026-02-03 17:24:00,2026-02-03 17:59:00,CANCELLED,266.87,UPI
2005,1521,30,,2026-02-03 12:25:00,2026-02-03 13:05:00,COMPLETED,245.49,CARD
2006,1953,15,,2026-02-03 19:11:00,2026-02-03 19:37:00,COMPLETED,269.77,CARD
2007,3375,41,,2026-02-03 22:41:00,2026-02-03 23:20:00,COMPLETED,509.72,COD
2008,4994,33,,2026-02-03 09:02:00,2026-02-03 09:35:00,COMPLETED,590.95,UPI
2009,3459,31,,2026-02-03 17:13:00,2026-02-03 17:39:00,CANCELLED,220.96,CARD
2010,3093,10,,2026-02-03 15:34:00,2026-02-03 16:02:00,COMPLETED,282.63,CARD
2011,1292,83,,2026-02-03 14:20:00,2026-02-03 14:58:00,CANCELLED,719.3,COD
2012,3486,101,,2026-02-03 08:25:00,2026-02-03 09:00:00,CANCELLED,367.74,UPI
2013,2927,38,,2026-02-03 19:07:00,2026-02-03 19:43:00,COMPLETED,254.2,COD
2014,4735,76,,2026-02-03 12:57:00,2026-02-03 13:26:00,COMPLETED,219.05,COD
2015,3092,92,,2026-02-03 21:47:00,2026-02-03 22:22:00,CANCELLED,760.96,UPI
2016,1133,85,,2026-02-03 22:10:00,2026-02-03 22:53:00,COMPLETED,397.71,CARD
2017,4926,120,,2026-02-03 09:20:00,2026-02-03 09:47:00,COMPLETED,517.51,CARD
2018,4006,54,,2026-02-03 18:45:00,2026-02-03 19:27:00,COMPLETED,700.94,CARD
2019,3486,61,,2026-02-03 21:37:00,2026-02-03 22:03:00,CANCELLED,356.01,COD
2020,2200,117,,2026-02-03 22:16:00,2026-02-03 22:59:00,COMPLETED,363.64,UPI
2021,2289,96,,2026-02-03 11:56:00,2026-02-03 12:35:00,COMPLETED,600.5,UPI
2022,2482,11,,2026-02-03 20:30:00,2026-02-03 21:08:00,CANCELLED,514.3,COD
2023,2983,78,,2026-02-03 14:10:00,2026-02-03 14:55:00,COMPLETED,441.83,UPI
2024,4390,106,,2026-02-03 11:55:00,2026-02-03 12:38:00,COMPLETED,751.72,COD
2025,3761,75,,2026-02-03 21:15:00,2026-02-03 21:53:00,COMPLETED,543.6,UPI
2026,1483,11,,2026-02-03 13:49:00,2026-02-03 14:24:00,CANCELLED,423.66,COD
2027,3591,113,,2026-02-03 17:49:00,2026-02-03 18:29:00,COMPLETED,734.92,UPI
2028,1494,54,,2026-02-03 08:15:00,2026-02-03 08:45:00,CANCELLED,647.58,CARD
2029,1517,112,,2026-02-03 16:01:00,2026-02-03 16:29:00,COMPLETED,692.01,COD
2030,1299,17,,2026-02-03 19:46:00,2026-02-03 20:16:00,CANCELLED,737.77,UPI
2031,3854,72,,2026-02-03 10:10:00,2026-02-03 10:47:00,COMPLETED,612.79,COD
2032,3422,78,,2026-02-03 13:44:00,2026-02-03 14:19:00,COMPLETED,796.19,COD
2033,4890,58,,2026-02-03 09:15:00,2026-02-03 09:51:00,CANCELLED,560.04,CARD
2034,2184,97,,2026-02-03 22:14:00,2026-02-03 22:52:00,CANCELLED,605.07,CARD
2035,4753,105,,2026-02-03 11:07:00,2026-02-03 11:50:00,COMPLETED,248.97,COD
2036,2515,87,,2026-02-03 18:07:00,2026-02-03 18:50:00,CANCELLED,396.59,UPI
2037,3959,76,,2026-02-03 11:00:00,2026-02-03 11:41:00,CANCELLED,764.1,COD
2038,3020,44,,2026-02-03 11:57:00,2026-02-03 12:31:00,COMPLETED,516.69,CARD
2039,4457,119,,2026-02-03 17:53:00,2026-02-03 18:34:00,CANCELLED,335.42,UPI
2040,4905,19,,2026-02-03 13:26:00,2026-02-03 13:56:00,COMPLETED,679.09,CARD
2041,2763,67,,2026-02-03 20:28:00,2026-02-03 20:59:00,CANCELLED,523.84,CARD
2042,2422,37,,2026-02-03 13:21:00,2026-02-03 13:49:00,COMPLETED,227.06,UPI
2043,1916,114,,2026-02-03 16:18:00,2026-02-03 16:57:00,COMPLETED,337.51,UPI
2044,4786,30,,2026-02-03 18:20:00,2026-02-03 18:48:00,CANCELLED,241.65,COD
2045,4091,22,,2026-02-03 17:25:00,2026-02-03 18:06:00,COMPLETED,538.95,COD
2046,4272,25,,2026-02-03 17:12:00,2026-02-03 17:54:00,COMPLETED,467.44,COD
2047,2154,74,,2026-02-03 14:18:00,2026-02-03 14:49:00,CANCELLED,625.86,CARD
2048,2208,118,,2026-02-03 10:09:00,2026-02-03 10:48:00,COMPLETED,615.56,COD
2049,3020,34,,2026-02-03 15:35:00,2026-02-03 16:13:00,COMPLETED,711.93,UPI
2050,4966,46,,2026-02-03 20:29:00,2026-02-03 20:57:00,COMPLETED,633.78,COD
2051,2339,21,,2026-02-03 20:24:00,2026-02-03 20:51:00,CANCELLED,329.47,CARD
2052,3752,100,,2026-02-03 20:33:00,2026-02-03 21:14:00,COMPLETED,609.43,UPI
2053,1411,120,,2026-02-03 08:39:00,2026-02-03 09:17:00,CANCELLED,273.76,CARD
2054,1145,82,,2026-02-03 19:16:00,2026-02-03 20:01:00,COMPLETED,309.84,CARD
2055,3758,26,,2026-02-03 14:25:00,2026-02-03 14:57:00,CANCELLED,455.58,UPI
2056,4004,64,,2026-02-03 21:53:00,2026-02-03 22:23:00,CANCELLED,235.66,CARD
2057,4894,67,,2026-02-03 22:56:00,2026-02-03 23:23:00,COMPLETED,152.08,COD
2058,3503,27,,2026-02-03 16:22:00,2026-02-03 17:04:00,COMPLETED,175.23,CARD
2059,2557,81,,2026-02-03 12:29:00,2026-02-03 13:13:00,COMPLETED,564.51,UPI
2060,4595,39,,2026-02-03 17:03:00,2026-02-03 17:33:00,COMPLETED,718.78,CARD
2061,4263,81,,2026-02-03 16:16:00,2026-02-03 16:56:00,CANCELLED,538.6,CARD
2062,1395,29,,2026-02-03 16:12:00,2026-02-03 16:46:00,COMPLETED,775.9,UPI
2063,2332,32,,2026-02-03 15:09:00,2026-02-03 15:48:00,CANCELLED,225.28,UPI
2064,2423,90,,2026-02-03 13:26:00,2026-02-03 13:54:00,CANCELLED,608.13,UPI
2065,3461,53,,2026-02-03 22:20:00,2026-02-03 23:00:00,COMPLETED,168.83,UPI
2066,4644,109,,2026-02-03 16:39:00,2026-02-03 17:10:00,CANCELLED,189.52,UPI
2067,2684,51,,2026-02-03 12:27:00,2026-02-03 13:02:00,CANCELLED,426.38,UPI
2068,2988,94,,2026-02-03 08:55:00,2026-02-03 09:28:00,COMPLETED,370.9,COD
2069,2678,29,,2026-02-03 13:15:00,2026-02-03 13:54:00,COMPLETED,498.41,CARD
2070,3501,43,,2026-02-03 09:52:00,2026-02-03 10:36:00,COMPLETED,543.22,COD
2071,4286,49,,2026-02-03 20:19:00,2026-02-03 20:44:00,COMPLETED,657.28,UPI
2072,1259,84,,2026-02-03 14:01:00,2026-02-03 14:43:00,COMPLETED,487.12,UPI
2073,1643,108,,2026-02-03 17:08:00,2026-02-03 17:39:00,CANCELLED,708.82,COD
2074,4730,48,,2026-02-03 12:57:00,2026-02-03 13:27:00,CANCELLED,418.71,CARD
2075,4850,2,,2026-02-03 20:30:00,2026-02-03 21:02:00,COMPLETED,699.56,CARD
2076,2629,102,,2026-02-03 09:44:00,2026-02-03 10:25:00,CANCELLED,177.49,UPI
2077,1942,81,,2026-02-03 13:08:00,2026-02-03 13:33:00,COMPLETED,171.96,CARD
2078,3684,52,,2026-02-03 10:06:00,2026-02-03 10:43:00,COMPLETED,681.89,UPI
2079,1313,10,,2026-02-03 22:42:00,2026-02-03 23:09:00,CANCELLED,163.1,CARD
2080,3477,118,,2026-02-03 22:10:00,2026-02-03 22:52:00,COMPLETED,212.11,CARD
2081,1795,107,,2026-02-03 21:31:00,2026-02-03 22:08:00,CANCELLED,660.1,UPI
2082,2237,36,,2026-02-03 16:44:00,2026-02-03 17:09:00,CANCELLED,281.73,UPI
2083,2930,49,,2026-02-03 19:11:00,2026-02-03 19:54:00,CANCELLED,429.2,COD
2084,2140,62,,2026-02-03 14:56:00,2026-02-03 15:38:00,CANCELLED,739.98,CARD
2085,2566,3,,2026-02-03 16:38:00,2026-02-03 17:10:00,CANCELLED,622.91,UPI
2086,3926,14,,2026-02-03 21:01:00,2026-02-03 21:43:00,CANCELLED,295.64,COD
2087,2831,48,,2026-02-04 21:09:00,2026-02-04 21:41:00,CANCELLED,516.05,CARD
2088,1588,104,,2026-02-04 13:18:00,2026-02-04 13:53:00,COMPLETED,212.0,COD
2089,3430,32,,2026-02-04 11:32:00,2026-02-04 12:12:00,COMPLETED,241.86,CARD
2090,3143,93,,2026-02-04 22:18:00,2026-02-04 22:58:00,COMPLETED,188.31,UPI
2091,2275,95,,2026-02-04 12:18:00,2026-02-04 12:56:00,CANCELLED,692.31,COD
2092,3452,53,,2026-02-04 13:29:00,2026-02-04 14:12:00,COMPLETED,324.29,COD
2093,4255,63,,2026-02-04 20:53:00,2026-02-04 21:35:00,CANCELLED,353.46,CARD
2094,2889,91,,2026-02-04 12:01:00,2026-02-04 12:36:00,CANCELLED,484.38,CARD
2095,4773,14,,2026-02-04 20:30:00,2026-02-04 20:57:00,CANCELLED,604.52,UPI
2096,1663,67,,2026-02-04 10:10:00,2026-02-04 10:35:00,COMPLETED,258.03,UPI
2097,1159,114,,2026-02-04 22:50:00,2026-02-04 23:18:00,CANCELLED,471.87,CARD
2098,2995,18,,2026-02-04 21:42:00,2026-02-04 22:23:00,CANCELLED,409.61,UPI
2099,2205,93,,2026-02-04 10:00:00,2026-02-04 10:38:00,CANCELLED,489.61,CARD
2100,3663,22,,2026-02-04 14:20:00,2026-02-04 15:03:00,COMPLETED,338.63,CARD
2101,4899,92,,2026-02-04 11:29:00,2026-02-04 12:13:00,CANCELLED,487.6,UPI
2102,1862,120,,2026-02-04 16:03:00,2026-02-04 16:42:00,CANCELLED,752.6,CARD
2103,1672,68,,2026-02-04 22:32:00,2026-02-04 23:01:00,CANCELLED,156.38,UPI
2104,2927,9,,2026-02-04 11:03:00,2026-02-04 11:32:00,COMPLETED,352.7,COD
2105,3202,59,,2026-02-04 11:24:00,2026-02-04 11:52:00,CANCELLED,211.56,CARD
2106,1640,9,,2026-02-04 15:59:00,2026-02-04 16:43:00,CANCELLED,563.62,COD
2107,1057,119,,2026-02-04 13:53:00,2026-02-04 14:38:00,COMPLETED,328.48,UPI
2108,2504,80,,2026-02-04 17:58:00,2026-02-04 18:32:00,CANCELLED,757.3,CARD
2109,3700,26,,2026-02-04 17:14:00,2026-02-04 17:59:00,COMPLETED,535.22,COD
2110,2146,23,,2026-02-04 20:28:00,2026-02-04 20:59:00,CANCELLED,516.38,COD
2111,3405,83,,2026-02-04 21:36:00,2026-02-04 22:17:00,CANCELLED,364.6,CARD
2112,4959,104,,2026-02-04 18:19:00,2026-02-04 18:52:00,CANCELLED,286.05,COD
2113,1886,12,,2026-02-04 21:22:00,2026-02-04 21:54:00,COMPLETED,243.17,UPI
2114,2324,10,,2026-02-04 22:55:00,2026-02-04 23:20:00,COMPLETED,239.03,UPI
2115,2339,39,,2026-02-04 15:15:00,2026-02-04 15:55:00,COMPLETED,306.5,UPI
2116,3892,61,,2026-02-04 14:26:00,2026-02-04 15:03:00,CANCELLED,352.65,CARD
2117,1320,114,,2026-02-04 13:24:00,2026-02-04 14:05:00,COMPLETED,770.98,CARD
2118,3913,19,,2026-02-04 22:13:00,2026-02-04 22:46:00,CANCELLED,514.32,UPI
2119,3807,16,,2026-02-04 19:51:00,2026-02-04 20:24:00,CANCELLED,573.86,COD
2120,4503,60,,2026-02-04 08:25:00,2026-02-04 09:01:00,CANCELLED,623.52,COD
2121,4589,118,,2026-02-04 18:31:00,2026-02-04 19:13:00,COMPLETED,398.6,COD
2122,1802,57,,2026-02-04 20:45:00,2026-02-04 21:10:00,CANCELLED,491.9,COD
2123,2345,13,,2026-02-04 18:00:00,2026-02-04 18:34:00,CANCELLED,745.27,CARD
2124,2118,5,,2026-02-04 08:13:00,2026-02-04 08:57:00,CANCELLED,567.09,UPI
2125,2123,81,,2026-02-04 08:44:00,2026-02-04 09:17:00,COMPLETED,781.24,COD
2126,3488,81,,2026-02-04 22:43:00,2026-02-04 23:23:00,CANCELLED,468.7,UPI
2127,4074,70,,2026-02-04 20:47:00,2026-02-04 21:32:00,COMPLETED,174.83,COD
2128,3890,95,,2026-02-04 18:27:00,2026-02-04 18:56:00,COMPLETED,716.09,COD
2129,4416,109,,2026-02-04 09:24:00,2026-02-04 10:02:00,COMPLETED,186.43,CARD
2130,2287,13,,2026-02-04 20:07:00,2026-02-04 20:33:00,CANCELLED,789.21,COD
2131,4020,3,,2026-02-04 19:10:00,2026-02-04 19:54:00,CANCELLED,694.23,UPI
2132,4709,76,,2026-02-04 20:06:00,2026-02-04 20:36:00,CANCELLED,485.62,CARD
2133,4431,86,,2026-02-04 14:52:00,2026-02-04 15:30:00,COMPLETED,192.22,CARD
2134,1343,23,,2026-02-04 10:31:00,2026-02-04 11:04:00,CANCELLED,178.93,CARD
2135,2676,23,,2026-02-04 11:23:00,2026-02-04 12:04:00,COMPLETED,352.26,CARD
2136,2398,60,,2026-02-04 13:59:00,2026-02-04 14:27:00,COMPLETED,518.02,UPI
2137,4760,12,,2026-02-04 09:30:00,2026-02-04 09:58:00,COMPLETED,624.21,COD
2138,3566,3,,2026-02-04 13:25:00,2026-02-04 14:08:00,COMPLETED,662.68,COD
2139,2885,11,,2026-02-04 18:53:00,2026-02-04 19:29:00,COMPLETED,350.06,CARD
2140,4061,97,,2026-02-04 18:57:00,2026-02-04 19:28:00,COMPLETED,351.82,UPI
2141,1729,36,,2026-02-04 20:02:00,2026-02-04 20:36:00,COMPLETED,517.28,UPI
2142,2117,114,,2026-02-04 11:51:00,2026-02-04 12:22:00,COMPLETED,265.12,UPI
2143,2083,12,,2026-02-04 12:25:00,2026-02-04 13:04:00,CANCELLED,380.85,UPI
2144,3142,58,,2026-02-04 13:57:00,2026-02-04 14:42:00,COMPLETED,173.88,CARD
2145,3203,73,,2026-02-04 14:34:00,2026-02-04 15:03:00,COMPLETED,795.94,UPI
2146,4321,88,,2026-02-04 13:55:00,2026-02-04 14:40:00,CANCELLED,284.84,CARD
2147,4399,96,,2026-02-04 16:35:00,2026-02-04 17:17:00,CANCELLED,208.99,COD
2148,2915,34,,2026-02-04 12:24:00,2026-02-04 12:55:00,COMPLETED,749.25,CARD
2149,1763,61,,2026-02-04 19:14:00,2026-02-04 19:59:00,COMPLETED,453.71,UPI
2150,2547,85,,2026-02-04 14:21:00,2026-02-04 15:04:00,COMPLETED,359.54,COD
2151,4560,116,,2026-02-04 18:44:00,2026-02-04 19:20:00,COMPLETED,253.19,UPI
2152,3653,116,,2026-02-04 13:42:00,2026-02-04 14:17:00,COMPLETED,271.62,UPI
2153,2912,70,,2026-02-04 13:13:00,2026-02-04 13:43:00,COMPLETED,638.83,UPI
2154,2869,76,,2026-02-04 21:48:00,2026-02-04 22:32:00,CANCELLED,625.12,UPI
2155,2034,93,,2026-02-04 22:14:00,2026-02-04 22:46:00,CANCELLED,540.61,UPI
2156,2229,6,,2026-02-04 19:34:00,2026-02-04 20:11:00,COMPLETED,646.06,CARD
2157,2744,100,,2026-02-04 09:50:00,2026-02-04 10:28:00,CANCELLED,770.09,UPI
2158,1671,66,,2026-02-04 18:07:00,2026-02-04 18:32:00,COMPLETED,749.53,CARD
2159,1812,73,,2026-02-04 19:54:00,2026-02-04 20:35:00,COMPLETED,234.43,UPI
2160,4974,12,,2026-02-04 21:27:00,2026-02-04 21:53:00,CANCELLED,665.36,COD
2161,2878,51,,2026-02-04 21:40:00,2026-02-04 22:16:00,COMPLETED,449.38,CARD
2162,4616,23,,2026-02-04 10:31:00,2026-02-04 11:02:00,CANCELLED,349.89,COD
2163,2788,12,,2026-02-04 12:01:00,2026-02-04 12:32:00,COMPLETED,250.19,CARD
2164,1020,62,,2026-02-04 22:25:00,2026-02-04 23:01:00,COMPLETED,374.06,UPI
2165,3862,28,,2026-02-04 17:23:00,2026-02-04 18:00:00,CANCELLED,584.48,UPI
2166,4125,118,,2026-02-04 20:03:00,2026-02-04 20:35:00,COMPLETED,401.92,UPI
2167,2637,99,,2026-02-04 21:01:00,2026-02-04 21:30:00,CANCELLED,733.71,CARD
2168,3445,51,,2026-02-04 20:27:00,2026-02-04 21:05:00,COMPLETED,375.46,CARD
2169,1110,29,,2026-02-04 20:38:00,2026-02-04 21:21:00,COMPLETED,649.1,UPI
2170,3053,106,,2026-02-04 14:10:00,2026-02-04 14:45:00,COMPLETED,546.87,UPI
2171,1942,18,,2026-02-04 09:19:00,2026-02-04 10:04:00,CANCELLED,272.18,COD
2172,1380,44,,2026-02-04 13:09:00,2026-02-04 13:47:00,CANCELLED,575.13,UPI
2173,2274,50,,2026-02-04 10:34:00,2026-02-04 11:08:00,CANCELLED,172.64,UPI
2174,2631,88,,2026-02-04 11:03:00,2026-02-04 11:33:00,COMPLETED,452.2,COD
2175,3686,111,,2026-02-04 13:54:00,2026-02-04 14:22:00,CANCELLED,672.31,COD
2176,1527,74,,2026-02-04 10:44:00,2026-02-04 11:19:00,CANCELLED,596.09,COD
2177,4931,86,,2026-02-04 16:17:00,2026-02-04 17:02:00,CANCELLED,424.6,COD
2178,2059,95,,2026-02-04 13:10:00,2026-02-04 13:48:00,COMPLETED,542.36,UPI
2179,4198,61,,2026-02-04 16:34:00,2026-02-04 17:10:00,CANCELLED,698.71,UPI
2180,2736,69,,2026-02-04 09:54:00,2026-02-04 10:24:00,CANCELLED,715.7,COD
2181,2380,120,,2026-02-04 10:33:00,2026-02-04 10:58:00,CANCELLED,278.45,CARD
2182,2781,7,,2026-02-04 20:25:00,2026-02-04 21:04:00,CANCELLED,333.11,COD
2183,2885,47,,2026-02-04 22:48:00,2026-02-04 23:28:00,COMPLETED,727.96,CARD
2184,2743,44,,2026-02-04 14:18:00,2026-02-04 14:51:00,CANCELLED,648.44,COD
2185,1732,38,,2026-02-04 17:15:00,2026-02-04 17:48:00,CANCELLED,421.09,UPI
2186,3604,5,,2026-02-04 13:32:00,2026-02-04 14:06:00,COMPLETED,382.21,COD
2187,2018,23,,2026-02-04 17:04:00,2026-02-04 17:41:00,COMPLETED,497.74,COD
2188,3592,64,,2026-02-04 20:24:00,2026-02-04 20:53:00,CANCELLED,730.27,UPI
2189,1999,118,,2026-02-04 15:49:00,2026-02-04 16:33:00,CANCELLED,176.42,UPI
2190,1601,78,,2026-02-04 14:21:00,2026-02-04 14:47:00,COMPLETED,398.24,CARD
2191,4798,82,,2026-02-04 09:20:00,2026-02-04 09:55:00,CANCELLED,424.64,COD
2192,3955,84,,2026-02-04 11:08:00,2026-02-04 11:41:00,COMPLETED,693.95,UPI
2193,3338,34,,2026-02-04 09:59:00,2026-02-04 10:30:00,CANCELLED,550.13,CARD
2194,3843,103,,2026-02-04 22:34:00,2026-02-04 23:06:00,COMPLETED,393.25,UPI
2195,2125,96,,2026-02-04 11:40:00,2026-02-04 12:18:00,COMPLETED,329.95,CARD
2196,2632,117,,2026-02-04 08:46:00,2026-02-04 09:30:00,COMPLETED,590.84,UPI
2197,1848,3,,2026-02-04 08:05:00,2026-02-04 08:43:00,CANCELLED,577.19,UPI
2198,3453,102,,2026-02-04 12:33:00,2026-02-04 13:12:00,CANCELLED,213.15,COD
2199,1905,9,,2026-02-04 08:18:00,2026-02-04 08:53:00,CANCELLED,623.31,CARD
2200,3408,54,,2026-02-04 22:06:00,2026-02-04 22:45:00,CANCELLED,501.95,UPI
2201,2404,44,,2026-02-04 17:31:00,2026-02-04 17:56:00,CANCELLED,375.14,UPI
2202,4499,96,,2026-02-04 10:35:00,2026-02-04 11:14:00,CANCELLED,286.91,CARD
2203,2047,52,,2026-02-04 10:54:00,2026-02-04 11:31:00,COMPLETED,579.45,CARD
2204,2992,72,,2026-02-04 09:20:00,2026-02-04 10:05:00,CANCELLED,204.01,CARD
2205,2245,38,,2026-02-04 17:02:00,2026-02-04 17:38:00,CANCELLED,443.47,UPI
2206,3559,75,,2026-02-04 08:30:00,2026-02-04 08:59:00,COMPLETED,555.77,CARD
2207,4133,3,,2026-02-04 15:21:00,2026-02-04 15:59:00,CANCELLED,511.69,UPI
2208,4773,69,,2026-02-04 12:00:00,2026-02-04 12:37:00,COMPLETED,395.98,COD
2209,1894,28,,2026-02-04 09:39:00,2026-02-04 10:16:00,COMPLETED,520.98,COD
2210,4141,100,,2026-02-04 22:45:00,2026-02-04 23:15:00,CANCELLED,507.55,UPI
2211,2712,116,,2026-02-04 20:49:00,2026-02-04 21:20:00,CANCELLED,357.61,UPI
2212,3720,114,,2026-02-04 18:45:00,2026-02-04 19:13:00,CANCELLED,476.5,CARD
2213,4518,52,,2026-02-04 14:41:00,2026-02-04 15:13:00,CANCELLED,641.94,UPI
2214,1642,119,,2026-02-04 22:05:00,2026-02-04 22:44:00,COMPLETED,410.04,COD
2215,4124,60,,2026-02-04 17:05:00,2026-02-04 17:40:00,COMPLETED,594.18,COD
2216,3675,54,,2026-02-04 14:32:00,2026-02-04 15:15:00,CANCELLED,416.69,CARD
2217,1918,18,,2026-02-04 08:29:00,2026-02-04 09:13:00,COMPLETED,539.72,CARD
2218,2331,79,,2026-02-04 14:58:00,2026-02-04 15:23:00,COMPLETED,258.2,CARD
2219,4898,48,,2026-02-04 16:03:00,2026-02-04 16:30:00,COMPLETED,632.93,CARD
2220,3094,111,,2026-02-04 14:38:00,2026-02-04 15:20:00,COMPLETED,702.7,COD
2221,3961,112,,2026-02-04 15:48:00,2026-02-04 16:24:00,COMPLETED,263.89,CARD
2222,1543,38,,2026-02-04 11:24:00,2026-02-04 11:59:00,COMPLETED,731.39,COD
2223,2880,32,,2026-02-04 17:51:00,2026-02-04 18:30:00,CANCELLED,793.31,COD
2224,3627,15,,2026-02-04 15:52:00,2026-02-04 16:33:00,CANCELLED,716.86,COD
2225,3957,9,,2026-02-04 12:10:00,2026-02-04 12:49:00,COMPLETED,636.6,CARD
2226,4551,67,,2026-02-04 19:33:00,2026-02-04 20:11:00,CANCELLED,710.41,COD
2227,4922,34,,2026-02-04 21:21:00,2026-02-04 21:59:00,COMPLETED,615.27,CARD
2228,3927,4,,2026-02-04 19:02:00,2026-02-04 19:44:00,CANCELLED,462.52,CARD
2229,4324,51,,2026-02-04 09:01:00,2026-02-04 09:35:00,COMPLETED,386.19,CARD
2230,3660,57,,2026-02-04 16:43:00,2026-02-04 17:28:00,CANCELLED,661.83,COD
2231,4104,106,,2026-02-04 10:29:00,2026-02-04 11:02:00,COMPLETED,619.3,UPI
2232,1581,117,,2026-02-04 15:02:00,2026-02-04 15:37:00,COMPLETED,667.11,COD
2233,2351,83,,2026-02-04 12:30:00,2026-02-04 12:58:00,COMPLETED,447.86,CARD
2234,4100,34,,2026-02-04 16:23:00,2026-02-04 16:55:00,CANCELLED,341.94,UPI
2235,3865,34,,2026-02-04 13:38:00,2026-02-04 14:17:00,CANCELLED,536.38,COD
2236,2181,4,,2026-02-04 10:31:00,2026-02-04 11:12:00,COMPLETED,722.11,CARD
2237,2256,92,,2026-02-04 14:11:00,2026-02-04 14:45:00,COMPLETED,518.97,UPI
2238,3757,38,,2026-02-04 16:06:00,2026-02-04 16:45:00,COMPLETED,633.43,CARD
2239,3488,38,,2026-02-04 10:11:00,2026-02-04 10:40:00,CANCELLED,317.25,COD
2240,3388,39,,2026-02-04 08:28:00,2026-02-04 08:59:00,COMPLETED,529.75,UPI
2241,4053,112,,2026-02-04 14:12:00,2026-02-04 14:53:00,CANCELLED,460.03,COD
2242,1638,76,,2026-02-04 13:52:00,2026-02-04 14:37:00,CANCELLED,490.17,UPI
2243,3655,22,,2026-02-04 22:46:00,2026-02-04 23:26:00,CANCELLED,264.0,UPI
2244,2402,29,,2026-02-04 08:14:00,2026-02-04 08:41:00,CANCELLED,284.18,COD
2245,4186,94,,2026-02-04 12:44:00,2026-02-04 13:28:00,COMPLETED,572.5,UPI
2246,3332,117,,2026-02-04 16:30:00,2026-02-04 17:09:00,COMPLETED,695.99,CARD
2247,2489,86,,2026-02-04 11:53:00,2026-02-04 12:24:00,COMPLETED,409.02,COD
2248,1275,35,,2026-02-04 13:37:00,2026-02-04 14:18:00,COMPLETED,780.78,COD
2249,3141,32,,2026-02-04 15:37:00,2026-02-04 16:20:00,COMPLETED,316.45,CARD
2250,4512,32,,2026-02-04 11:07:00,2026-02-04 11:52:00,COMPLETED,598.26,UPI
2251,3495,35,,2026-02-04 11:01:00,2026-02-04 11:27:00,CANCELLED,209.38,COD
2252,4711,116,,2026-02-04 20:30:00,2026-02-04 20:57:00,COMPLETED,489.66,COD
2253,1999,75,,2026-02-04 11:32:00,2026-02-04 12:04:00,CANCELLED,451.78,CARD
2254,2306,102,,2026-02-04 21:20:00,2026-02-04 21:46:00,COMPLETED,277.68,COD
2255,2949,26,,2026-02-04 15:32:00,2026-02-04 15:59:00,COMPLETED,502.54,COD
2256,2228,73,,2026-02-04 18:12:00,2026-02-04 18:52:00,COMPLETED,528.11,COD
2257,1797,76,,2026-02-05 15:33:00,2026-02-05 16:18:00,CANCELLED,794.95,UPI
2258,3463,35,,2026-02-05 20:52:00,2026-02-05 21:30:00,CANCELLED,560.23,UPI
2259,3106,37,,2026-02-05 16:39:00,2026-02-05 17:19:00,CANCELLED,321.73,CARD
2260,2127,87,,2026-02-05 12:14:00,2026-02-05 12:49:00,CANCELLED,556.85,COD
2261,2997,1,,2026-02-05 20:54:00,2026-02-05 21:24:00,CANCELLED,730.69,CARD
2262,1668,23,,2026-02-05 16:01:00,2026-02-05 16:41:00,COMPLETED,644.28,CARD
2263,4790,111,,2026-02-05 13:11:00,2026-02-05 13:39:00,CANCELLED,372.58,CARD
2264,1792,100,,2026-02-05 17:11:00,2026-02-05 17:41:00,COMPLETED,645.85,COD
2265,2250,41,,2026-02-05 13:14:00,2026-02-05 13:55:00,CANCELLED,216.9,UPI
2266,3338,87,,2026-02-05 18:24:00,2026-02-05 18:55:00,COMPLETED,360.45,COD
2267,4218,22,,2026-02-05 21:04:00,2026-02-05 21:41:00,COMPLETED,546.58,COD
2268,2940,84,,2026-02-05 13:33:00,2026-02-05 14:14:00,CANCELLED,656.84,UPI
2269,2933,120,,2026-02-05 11:54:00,2026-02-05 12:27:00,CANCELLED,391.01,UPI
2270,4396,96,,2026-02-05 13:41:00,2026-02-05 14:17:00,CANCELLED,442.31,UPI
2271,4123,54,,2026-02-05 17:36:00,2026-02-05 18:13:00,COMPLETED,645.44,UPI
2272,2448,83,,2026-02-05 08:56:00,2026-02-05 09:34:00,COMPLETED,783.74,UPI
2273,1854,85,,2026-02-05 08:19:00,2026-02-05 08:50:00,CANCELLED,341.62,UPI
2274,2751,102,,2026-02-05 08:24:00,2026-02-05 08:59:00,CANCELLED,361.7,CARD
2275,4266,28,,2026-02-05 20:36:00,2026-02-05 21:07:00,CANCELLED,706.66,COD
2276,1657,42,,2026-02-05 09:16:00,2026-02-05 09:48:00,CANCELLED,761.97,CARD
2277,4199,85,,2026-02-05 16:01:00,2026-02-05 16:27:00,CANCELLED,597.07,CARD
2278,2147,78,,2026-02-05 16:18:00,2026-02-05 16:50:00,CANCELLED,188.56,COD
2279,2130,69,,2026-02-05 18:54:00,2026-02-05 19:29:00,CANCELLED,434.78,UPI
2280,1550,113,,2026-02-05 09:53:00,2026-02-05 10:33:00,COMPLETED,360.95,CARD
2281,4579,20,,2026-02-05 15:03:00,2026-02-05 15:32:00,CANCELLED,523.16,CARD
2282,2004,42,,2026-02-05 09:30:00,2026-02-05 10:09:00,CANCELLED,511.84,UPI
2283,1575,99,,2026-02-05 19:46:00,2026-02-05 20:11:00,COMPLETED,715.97,CARD
2284,4920,110,,2026-02-05 20:08:00,2026-02-05 20:43:00,CANCELLED,738.32,UPI
2285,1754,42,,2026-02-05 20:45:00,2026-02-05 21:16:00,CANCELLED,297.99,UPI
2286,3775,91,,2026-02-05 13:41:00,2026-02-05 14:12:00,CANCELLED,315.98,CARD
2287,1488,83,,2026-02-05 08:23:00,2026-02-05 08:52:00,CANCELLED,427.77,UPI
2288,4406,68,,2026-02-05 21:37:00,2026-02-05 22:03:00,COMPLETED,743.44,CARD
2289,3317,56,,2026-02-05 14:22:00,2026-02-05 14:47:00,COMPLETED,773.86,UPI
2290,3015,37,,2026-02-05 21:29:00,2026-02-05 22:11:00,CANCELLED,562.34,CARD
2291,1377,72,,2026-02-05 09:17:00,2026-02-05 10:00:00,COMPLETED,495.65,CARD
2292,3350,119,,2026-02-05 22:26:00,2026-02-05 22:53:00,CANCELLED,546.52,COD
2293,4142,88,,2026-02-05 20:49:00,2026-02-05 21:16:00,CANCELLED,681.54,UPI
2294,3664,43,,2026-02-05 15:42:00,2026-02-05 16:11:00,COMPLETED,268.09,CARD
2295,3161,100,,2026-02-05 13:47:00,2026-02-05 14:26:00,CANCELLED,728.11,UPI
2296,1026,80,,2026-02-05 17:48:00,2026-02-05 18:22:00,CANCELLED,162.27,COD
2297,1616,34,,2026-02-05 13:30:00,2026-02-05 14:08:00,COMPLETED,529.84,UPI
2298,3677,86,,2026-02-05 17:05:00,2026-02-05 17:44:00,COMPLETED,650.45,CARD
2299,1625,25,,2026-02-05 14:03:00,2026-02-05 14:46:00,COMPLETED,283.99,COD
2300,3184,78,,2026-02-05 09:43:00,2026-02-05 10:08:00,COMPLETED,656.65,CARD
2301,2341,112,,2026-02-05 13:56:00,2026-02-05 14:23:00,CANCELLED,753.5,CARD
2302,2240,21,,2026-02-05 11:33:00,2026-02-05 12:04:00,CANCELLED,794.15,COD
2303,1111,18,,2026-02-05 11:42:00,2026-02-05 12:18:00,CANCELLED,230.02,UPI
2304,4553,96,,2026-02-05 08:26:00,2026-02-05 09:05:00,COMPLETED,397.27,UPI
2305,1813,27,,2026-02-05 15:29:00,2026-02-05 16:06:00,CANCELLED,533.64,COD
2306,3075,117,,2026-02-05 09:35:00,2026-02-05 10:05:00,COMPLETED,255.87,COD
2307,4033,78,,2026-02-05 10:03:00,2026-02-05 10:43:00,CANCELLED,637.29,UPI
2308,1861,12,,2026-02-05 15:05:00,2026-02-05 15:36:00,CANCELLED,460.69,CARD
2309,1066,1,,2026-02-05 09:54:00,2026-02-05 10:33:00,CANCELLED,672.22,UPI
2310,2452,47,,2026-02-05 22:38:00,2026-02-05 23:06:00,CANCELLED,693.75,UPI
2311,2231,30,,2026-02-05 22:28:00,2026-02-05 23:13:00,COMPLETED,572.78,UPI
2312,1064,36,,2026-02-05 22:56:00,2026-02-05 23:36:00,CANCELLED,179.49,COD
2313,1037,17,,2026-02-05 11:01:00,2026-02-05 11:44:00,COMPLETED,241.14,UPI
2314,1250,77,,2026-02-05 21:00:00,2026-02-05 21:26:00,COMPLETED,713.12,CARD
2315,3529,54,,2026-02-05 13:00:00,2026-02-05 13:36:00,COMPLETED,422.51,COD
2316,4039,104,,2026-02-05 16:51:00,2026-02-05 17:20:00,COMPLETED,387.29,COD
2317,1122,64,,2026-02-05 21:25:00,2026-02-05 21:55:00,COMPLETED,348.94,CARD
2318,3547,42,,2026-02-05 14:22:00,2026-02-05 14:55:00,COMPLETED,659.12,UPI
2319,1140,95,,2026-02-05 08:29:00,2026-02-05 09:09:00,COMPLETED,743.83,COD
2320,4123,77,,2026-02-05 17:12:00,2026-02-05 17:49:00,COMPLETED,252.81,COD
2321,1377,54,,2026-02-05 13:57:00,2026-02-05 14:29:00,COMPLETED,223.07,UPI
2322,4506,115,,2026-02-05 15:55:00,2026-02-05 16:33:00,CANCELLED,237.36,CARD
2323,1002,40,,2026-02-05 21:48:00,2026-02-05 22:33:00,CANCELLED,455.17,UPI
2324,3688,70,,2026-02-05 10:11:00,2026-02-05 10:46:00,CANCELLED,771.99,CARD
2325,2957,64,,2026-02-05 20:13:00,2026-02-05 20:41:00,COMPLETED,231.79,CARD
2326,1923,85,,2026-02-05 10:12:00,2026-02-05 10:41:00,COMPLETED,633.07,CARD
2327,4632,79,,2026-02-05 14:53:00,2026-02-05 15:27:00,COMPLETED,312.36,UPI
2328,2346,91,,2026-02-05 11:09:00,2026-02-05 11:43:00,CANCELLED,584.43,CARD
2329,4619,35,,2026-02-05 16:49:00,2026-02-05 17:32:00,COMPLETED,363.16,UPI
2330,3373,95,,2026-02-05 19:17:00,2026-02-05 19:46:00,COMPLETED,636.16,UPI
2331,4253,26,,2026-02-05 18:47:00,2026-02-05 19:13:00,COMPLETED,159.31,CARD
2332,1663,51,,2026-02-05 08:34:00,2026-02-05 09:06:00,CANCELLED,157.61,UPI
2333,1769,81,,2026-02-05 16:15:00,2026-02-05 16:51:00,CANCELLED,443.87,COD
2334,2076,70,,2026-02-05 15:44:00,2026-02-05 16:28:00,CANCELLED,226.58,UPI
2335,4784,44,,2026-02-05 19:11:00,2026-02-05 19:52:00,CANCELLED,797.85,COD
2336,4305,112,,2026-02-05 12:21:00,2026-02-05 12:56:00,CANCELLED,651.81,UPI
2337,3736,110,,2026-02-05 19:19:00,2026-02-05 19:47:00,CANCELLED,646.13,UPI
2338,2747,83,,2026-02-05 09:04:00,2026-02-05 09:40:00,COMPLETED,777.09,COD
2339,4993,59,,2026-02-05 09:36:00,2026-02-05 10:08:00,COMPLETED,228.18,CARD
2340,4577,45,,2026-02-05 13:02:00,2026-02-05 13:31:00,CANCELLED,444.17,CARD
2341,1747,51,,2026-02-05 09:24:00,2026-02-05 10:05:00,COMPLETED,242.11,CARD
2342,1813,94,,2026-02-05 11:47:00,2026-02-05 12:12:00,CANCELLED,491.62,COD
2343,3150,7,,2026-02-05 17:36:00,2026-02-05 18:17:00,CANCELLED,500.65,CARD
2344,2533,21,,2026-02-05 17:03:00,2026-02-05 17:33:00,COMPLETED,592.26,CARD
2345,1926,108,,2026-02-05 18:49:00,2026-02-05 19:33:00,COMPLETED,501.53,CARD
2346,2140,7,,2026-02-05 15:14:00,2026-02-05 15:45:00,CANCELLED,342.72,CARD
2347,2916,42,,2026-02-05 15:11:00,2026-02-05 15:51:00,COMPLETED,619.01,UPI
2348,2029,91,,2026-02-05 08:00:00,2026-02-05 08:27:00,CANCELLED,285.69,CARD
2349,4929,9,,2026-02-05 18:27:00,2026-02-05 19:11:00,COMPLETED,640.86,COD
2350,4368,21,,2026-02-05 10:27:00,2026-02-05 11:07:00,COMPLETED,404.3,COD
2351,2601,76,,2026-02-05 19:01:00,2026-02-05 19:39:00,COMPLETED,311.57,UPI
2352,4945,36,,2026-02-05 09:12:00,2026-02-05 09:44:00,COMPLETED,730.22,COD
2353,4868,87,,2026-02-05 20:23:00,2026-02-05 21:06:00,COMPLETED,283.79,COD
2354,4115,42,,2026-02-05 19:28:00,2026-02-05 20:01:00,COMPLETED,563.89,CARD
2355,1420,99,,2026-02-05 13:18:00,2026-02-05 13:59:00,CANCELLED,300.92,UPI
2356,3216,96,,2026-02-05 13:05:00,2026-02-05 13:33:00,CANCELLED,249.89,CARD
2357,4889,6,,2026-02-05 13:49:00,2026-02-05 14:22:00,CANCELLED,694.69,UPI
2358,2910,55,,2026-02-05 09:55:00,2026-02-05 10:40:00,COMPLETED,719.56,CARD
2359,4106,38,,2026-02-05 22:46:00,2026-02-05 23:26:00,COMPLETED,489.85,COD
2360,4931,77,,2026-02-05 20:29:00,2026-02-05 21:13:00,CANCELLED,306.84,CARD
2361,2727,8,,2026-02-05 16:26:00,2026-02-05 17:04:00,COMPLETED,712.36,UPI
2362,4705,33,,2026-02-05 22:22:00,2026-02-05 22:55:00,CANCELLED,422.77,UPI
2363,1052,13,,2026-02-05 14:05:00,2026-02-05 14:32:00,CANCELLED,307.78,UPI
2364,2776,86,,2026-02-05 11:46:00,2026-02-05 12:29:00,CANCELLED,217.58,CARD
2365,3484,108,,2026-02-05 16:19:00,2026-02-05 17:01:00,CANCELLED,544.31,CARD
2366,3464,14,,2026-02-05 14:31:00,2026-02-05 14:57:00,COMPLETED,524.16,COD
2367,2477,75,,2026-02-05 21:02:00,2026-02-05 21:34:00,CANCELLED,679.93,CARD
2368,2422,83,,2026-02-05 20:42:00,2026-02-05 21:08:00,CANCELLED,703.95,CARD
2369,1152,52,,2026-02-05 22:44:00,2026-02-05 23:25:00,CANCELLED,584.89,COD
2370,1740,4,,2026-02-05 11:41:00,2026-02-05 12:24:00,CANCELLED,214.22,UPI
2371,3986,59,,2026-02-05 21:41:00,2026-02-05 22:06:00,CANCELLED,383.08,CARD
2372,4987,32,,2026-02-05 13:52:00,2026-02-05 14:28:00,CANCELLED,439.9,COD
2373,3863,82,,2026-02-05 13:32:00,2026-02-05 14:11:00,CANCELLED,649.6,COD
2374,4157,111,,2026-02-05 11:34:00,2026-02-05 12:16:00,CANCELLED,631.46,UPI
2375,4459,64,,2026-02-05 21:19:00,2026-02-05 21:49:00,COMPLETED,366.95,CARD
2376,2296,107,,2026-02-05 17:11:00,2026-02-05 17:43:00,CANCELLED,215.84,CARD
2377,2663,41,,2026-02-05 09:32:00,2026-02-05 10:17:00,CANCELLED,565.66,UPI
2378,4506,91,,2026-02-05 11:27:00,2026-02-05 12:00:00,CANCELLED,377.89,UPI
2379,4929,22,,2026-02-05 14:10:00,2026-02-05 14:40:00,CANCELLED,160.35,COD
2380,4722,65,,2026-02-05 17:55:00,2026-02-05 18:29:00,CANCELLED,641.9,CARD
2381,3533,90,,2026-02-05 11:02:00,2026-02-05 11:39:00,COMPLETED,279.1,COD
2382,4746,113,,2026-02-05 20:08:00,2026-02-05 20:52:00,CANCELLED,703.94,COD
2383,3182,46,,2026-02-05 20:13:00,2026-02-05 20:48:00,CANCELLED,236.47,UPI
2384,3512,73,,2026-02-05 09:46:00,2026-02-05 10:20:00,COMPLETED,360.49,COD
2385,2007,71,,2026-02-05 15:33:00,2026-02-05 15:59:00,COMPLETED,583.89,UPI
2386,1919,107,,2026-02-05 08:26:00,2026-02-05 09:06:00,COMPLETED,309.48,COD
2387,4324,28,,2026-02-05 15:30:00,2026-02-05 16:15:00,COMPLETED,158.07,COD
2388,2979,108,,2026-02-05 08:21:00,2026-02-05 09:05:00,CANCELLED,419.44,CARD
2389,2688,24,,2026-02-05 17:41:00,2026-02-05 18:12:00,CANCELLED,557.72,UPI
2390,3894,102,,2026-02-05 20:44:00,2026-02-05 21:17:00,CANCELLED,672.23,UPI
2391,2493,116,,2026-02-05 15:21:00,2026-02-05 15:57:00,COMPLETED,358.1,UPI
2392,2317,111,,2026-02-05 09:18:00,2026-02-05 09:47:00,COMPLETED,667.11,CARD
2393,4757,101,,2026-02-05 10:11:00,2026-02-05 10:39:00,CANCELLED,497.98,COD
2394,1933,93,,2026-02-05 21:46:00,2026-02-05 22:30:00,CANCELLED,616.42,CARD
2395,2905,35,,2026-02-05 17:27:00,2026-02-05 17:59:00,COMPLETED,449.16,UPI
2396,2786,9,,2026-02-05 16:29:00,2026-02-05 17:12:00,COMPLETED,164.37,UPI
2397,1235,115,,2026-02-05 17:32:00,2026-02-05 18:17:00,CANCELLED,459.81,CARD
2398,3793,46,,2026-02-05 10:31:00,2026-02-05 10:58:00,COMPLETED,770.58,UPI
2399,4880,115,,2026-02-05 17:43:00,2026-02-05 18:16:00,COMPLETED,613.85,UPI
2400,2623,28,,2026-02-05 15:21:00,2026-02-05 15:50:00,CANCELLED,351.39,CARD
2401,2353,30,,2026-02-05 19:30:00,2026-02-05 20:04:00,CANCELLED,243.75,CARD
2402,2288,111,,2026-02-05 19:37:00,2026-02-05 20:20:00,COMPLETED,781.08,COD
2403,3406,16,,2026-02-05 20:09:00,2026-02-05 20:45:00,COMPLETED,549.0,CARD
2404,4000,25,,2026-02-05 15:03:00,2026-02-05 15:33:00,COMPLETED,786.86,COD
2405,1120,84,,2026-02-05 22:15:00,2026-02-05 22:45:00,CANCELLED,623.63,UPI
2406,4875,52,,2026-02-05 09:31:00,2026-02-05 09:59:00,CANCELLED,673.19,UPI
2407,1567,109,,2026-02-05 19:53:00,2026-02-05 20:33:00,CANCELLED,268.94,UPI
2408,3896,56,,2026-02-05 14:03:00,2026-02-05 14:33:00,CANCELLED,474.79,COD
2409,1821,30,,2026-02-05 12:26:00,2026-02-05 13:03:00,CANCELLED,790.66,CARD
2410,2850,97,,2026-02-05 09:23:00,2026-02-05 09:58:00,COMPLETED,490.51,COD
2411,1249,72,,2026-02-05 23:00:00,2026-02-05 23:44:00,COMPLETED,593.76,COD
2412,4946,68,,2026-02-05 10:52:00,2026-02-05 11:17:00,COMPLETED,153.03,UPI
2413,4276,116,,2026-02-05 13:13:00,2026-02-05 13:38:00,CANCELLED,708.58,COD
2414,3543,64,,2026-02-05 11:13:00,2026-02-05 11:58:00,COMPLETED,497.89,UPI
2415,3456,48,,2026-02-05 09:39:00,2026-02-05 10:08:00,COMPLETED,729.43,CARD
2416,3078,20,,2026-02-05 22:26:00,2026-02-05 22:56:00,CANCELLED,169.72,COD
2417,4306,120,,2026-02-05 17:10:00,2026-02-05 17:38:00,CANCELLED,757.77,COD
2418,3417,67,,2026-02-05 13:57:00,2026-02-05 14:27:00,COMPLETED,735.15,UPI
2419,1635,79,,2026-02-05 11:17:00,2026-02-05 12:01:00,CANCELLED,759.58,CARD
2420,4211,58,,2026-02-05 17:21:00,2026-02-05 17:58:00,COMPLETED,584.66,COD
2421,2497,19,,2026-02-05 13:46:00,2026-02-05 14:18:00,COMPLETED,774.25,UPI
2422,1170,46,,2026-02-05 11:12:00,2026-02-05 11:49:00,COMPLETED,745.8,UPI
2423,1404,109,,2026-02-05 21:50:00,2026-02-05 22:33:00,COMPLETED,581.28,UPI
2424,3355,90,,2026-02-05 16:59:00,2026-02-05 17:42:00,CANCELLED,642.0,CARD
2425,2312,18,,2026-02-05 11:25:00,2026-02-05 11:59:00,CANCELLED,646.29,UPI
2426,2655,56,,2026-02-05 18:41:00,2026-02-05 19:19:00,CANCELLED,203.55,COD
2427,2316,72,,2026-02-05 16:23:00,2026-02-05 16:51:00,CANCELLED,546.28,UPI
2428,4157,88,,2026-02-05 16:29:00,2026-02-05 17:03:00,COMPLETED,492.91,COD
2429,2257,115,,2026-02-05 11:12:00,2026-02-05 11:39:00,COMPLETED,566.61,CARD
2430,1114,7,,2026-02-05 08:49:00,2026-02-05 09:31:00,CANCELLED,400.19,UPI
2431,4374,106,,2026-02-05 17:10:00,2026-02-05 17:36:00,CANCELLED,630.05,CARD
2432,3083,48,,2026-02-05 22:29:00,2026-02-05 22:59:00,COMPLETED,741.93,COD
2433,4655,29,,2026-02-05 15:48:00,2026-02-05 16:18:00,CANCELLED,197.43,COD
2434,3339,82,,2026-02-05 16:27:00,2026-02-05 16:58:00,COMPLETED,179.4,UPI
2435,4785,38,,2026-02-05 11:30:00,2026-02-05 11:58:00,COMPLETED,737.86,CARD
2436,1725,50,,2026-02-05 21:53:00,2026-02-05 22:28:00,COMPLETED,391.66,UPI
2437,1580,77,,2026-02-05 08:45:00,2026-02-05 09:14:00,COMPLETED,554.15,UPI
2438,3908,111,,2026-02-05 15:12:00,2026-02-05 15:55:00,CANCELLED,283.17,CARD
2439,2676,89,,2026-02-05 20:34:00,2026-02-05 21:07:00,COMPLETED,420.33,UPI
2440,4451,116,,2026-02-05 14:26:00,2026-02-05 14:59:00,COMPLETED,680.87,UPI
2441,1042,81,,2026-02-05 12:19:00,2026-02-05 13:03:00,CANCELLED,177.17,UPI
2442,1288,82,,2026-02-05 10:11:00,2026-02-05 10:43:00,COMPLETED,224.93,UPI
2443,3199,42,,2026-02-05 09:08:00,2026-02-05 09:38:00,COMPLETED,763.28,UPI
2444,2166,69,,2026-02-05 19:37:00,2026-02-05 20:14:00,CANCELLED,335.06,CARD
2445,4117,16,,2026-02-05 12:27:00,2026-02-05 12:55:00,CANCELLED,684.87,COD
2446,4467,64,,2026-02-05 09:28:00,2026-02-05 10:10:00,COMPLETED,232.62,COD
2447,1447,15,,2026-02-05 16:00:00,2026-02-05 16:40:00,COMPLETED,174.72,UPI
2448,4123,89,,2026-02-05 11:08:00,2026-02-05 11:35:00,COMPLETED,307.14,CARD
2449,4024,19,,2026-02-05 14:19:00,2026-02-05 14:58:00,CANCELLED,538.05,COD
2450,4140,25,,2026-02-05 19:18:00,2026-02-05 19:59:00,COMPLETED,621.19,COD
2451,4885,20,,2026-02-05 17:42:00,2026-02-05 18:07:00,CANCELLED,708.67,UPI
2452,2892,26,,2026-02-05 10:59:00,2026-02-05 11:35:00,COMPLETED,404.35,COD
2453,1260,29,,2026-02-05 12:58:00,2026-02-05 13:39:00,COMPLETED,557.69,UPI
2454,1103,112,,2026-02-05 19:13:00,2026-02-05 19:52:00,CANCELLED,195.1,COD
2455,2178,72,,2026-02-05 18:16:00,2026-02-05 18:57:00,COMPLETED,243.19,UPI
2456,3804,9,,2026-02-05 08:58:00,2026-02-05 09:26:00,CANCELLED,486.73,COD
2457,3965,120,,2026-02-05 18:33:00,2026-02-05 19:03:00,CANCELLED,390.74,COD
2458,1024,49,,2026-02-05 09:46:00,2026-02-05 10:18:00,COMPLETED,515.76,UPI
2459,1490,110,,2026-02-05 21:07:00,2026-02-05 21:50:00,COMPLETED,645.41,COD
2460,1302,3,,2026-02-05 17:37:00,2026-02-05 18:19:00,CANCELLED,759.19,CARD
2461,3808,79,,2026-02-05 14:35:00,2026-02-05 15:09:00,CANCELLED,442.29,CARD
2462,3509,33,,2026-02-05 12:03:00,2026-02-05 12:43:00,CANCELLED,787.09,CARD
2463,4765,116,,2026-02-05 15:45:00,2026-02-05 16:25:00,COMPLETED,445.25,UPI
2464,2174,82,,2026-02-05 11:49:00,2026-02-05 12:18:00,COMPLETED,775.98,UPI
2465,2507,95,,2026-02-05 12:23:00,2026-02-05 12:53:00,COMPLETED,430.63,UPI
2466,2883,53,,2026-02-05 10:27:00,2026-02-05 10:53:00,COMPLETED,791.87,COD
2467,2445,27,,2026-02-05 22:20:00,2026-02-05 23:05:00,CANCELLED,423.74,UPI
2468,2818,50,,2026-02-05 15:51:00,2026-02-05 16:30:00,CANCELLED,386.31,UPI
2469,3962,68,,2026-02-06 14:48:00,2026-02-06 15:17:00,COMPLETED,309.9,CARD
2470,1797,112,,2026-02-06 11:15:00,2026-02-06 11:58:00,CANCELLED,735.23,CARD
2471,2535,83,,2026-02-06 22:43:00,2026-02-06 23:21:00,CANCELLED,288.78,COD
2472,3223,84,,2026-02-06 16:01:00,2026-02-06 16:29:00,CANCELLED,345.21,CARD
2473,1816,28,,2026-02-06 15:02:00,2026-02-06 15:28:00,CANCELLED,508.6,COD
2474,4838,67,,2026-02-06 19:15:00,2026-02-06 19:52:00,CANCELLED,267.2,UPI
2475,2580,73,,2026-02-06 08:24:00,2026-02-06 08:55:00,COMPLETED,327.66,CARD
2476,4150,20,,2026-02-06 19:36:00,2026-02-06 20:19:00,CANCELLED,523.79,COD
2477,2296,60,,2026-02-06 10:34:00,2026-02-06 11:12:00,COMPLETED,714.22,COD
2478,2295,79,,2026-02-06 21:00:00,2026-02-06 21:40:00,COMPLETED,589.52,COD
2479,1035,118,,2026-02-06 09:27:00,2026-02-06 09:52:00,COMPLETED,365.48,COD
2480,1831,96,,2026-02-06 13:20:00,2026-02-06 13:56:00,COMPLETED,772.67,UPI
2481,2486,80,,2026-02-06 22:20:00,2026-02-06 22:47:00,CANCELLED,529.24,UPI
2482,3881,23,,2026-02-06 16:06:00,2026-02-06 16:41:00,CANCELLED,347.11,CARD
2483,1668,54,,2026-02-06 10:43:00,2026-02-06 11:12:00,COMPLETED,496.0,CARD
2484,3300,71,,2026-02-06 14:59:00,2026-02-06 15:29:00,CANCELLED,604.91,UPI
2485,4998,15,,2026-02-06 19:46:00,2026-02-06 20:18:00,COMPLETED,740.97,COD
2486,1555,113,,2026-02-06 20:53:00,2026-02-06 21:19:00,CANCELLED,457.33,UPI
2487,3400,89,,2026-02-06 10:54:00,2026-02-06 11:19:00,CANCELLED,755.11,CARD
2488,2832,115,,2026-02-06 17:45:00,2026-02-06 18:15:00,COMPLETED,780.69,CARD
2489,4627,44,,2026-02-06 17:40:00,2026-02-06 18:16:00,COMPLETED,726.22,COD
2490,3556,39,,2026-02-06 11:01:00,2026-02-06 11:30:00,CANCELLED,745.9,COD
2491,4938,82,,2026-02-06 21:29:00,2026-02-06 22:00:00,CANCELLED,340.03,COD
2492,4274,64,,2026-02-06 14:03:00,2026-02-06 14:47:00,COMPLETED,554.21,CARD
2493,2495,109,,2026-02-06 15:07:00,2026-02-06 15:37:00,CANCELLED,274.82,UPI
2494,3005,41,,2026-02-06 16:52:00,2026-02-06 17:17:00,COMPLETED,183.81,COD
2495,2077,58,,2026-02-06 19:57:00,2026-02-06 20:31:00,CANCELLED,369.39,UPI
2496,3700,11,,2026-02-06 20:47:00,2026-02-06 21:26:00,CANCELLED,508.33,COD
2497,1043,95,,2026-02-06 22:52:00,2026-02-06 23:36:00,COMPLETED,346.76,COD
2498,2590,5,,2026-02-06 16:01:00,2026-02-06 16:38:00,CANCELLED,602.96,UPI
2499,4496,101,,2026-02-06 14:15:00,2026-02-06 14:56:00,CANCELLED,414.68,UPI
2500,3945,34,,2026-02-06 10:15:00,2026-02-06 10:51:00,COMPLETED,467.74,UPI
2501,4763,86,,2026-02-06 09:25:00,2026-02-06 10:04:00,COMPLETED,673.56,UPI
2502,4669,15,,2026-02-06 22:42:00,2026-02-06 23:23:00,COMPLETED,676.99,COD
2503,1725,48,,2026-02-06 12:08:00,2026-02-06 12:35:00,COMPLETED,250.1,COD
2504,4537,10,,2026-02-06 21:17:00,2026-02-06 21:44:00,COMPLETED,620.02,CARD
2505,4564,117,,2026-02-06 21:46:00,2026-02-06 22:21:00,COMPLETED,251.56,CARD
2506,3584,112,,2026-02-06 22:52:00,2026-02-06 23:31:00,CANCELLED,660.99,COD
2507,1230,91,,2026-02-06 18:27:00,2026-02-06 18:55:00,COMPLETED,279.69,CARD
2508,1375,92,,2026-02-06 09:23:00,2026-02-06 09:53:00,COMPLETED,152.5,CARD
2509,1204,92,,2026-02-06 11:58:00,2026-02-06 12:29:00,COMPLETED,401.49,CARD
2510,2949,105,,2026-02-06 17:02:00,2026-02-06 17:33:00,COMPLETED,610.35,UPI
2511,2921,37,,2026-02-06 18:19:00,2026-02-06 18:49:00,COMPLETED,437.64,CARD
2512,1720,26,,2026-02-06 08:06:00,2026-02-06 08:33:00,CANCELLED,243.53,CARD
2513,3867,16,,2026-02-06 17:49:00,2026-02-06 18:20:00,COMPLETED,272.33,UPI
2514,1665,51,,2026-02-06 20:54:00,2026-02-06 21:26:00,CANCELLED,541.01,CARD
2515,1893,55,,2026-02-06 18:55:00,2026-02-06 19:29:00,CANCELLED,685.9,CARD
2516,1028,84,,2026-02-06 12:06:00,2026-02-06 12:47:00,CANCELLED,332.94,COD
2517,1257,64,,2026-02-06 09:06:00,2026-02-06 09:32:00,CANCELLED,736.75,COD
2518,1327,87,,2026-02-06 18:34:00,2026-02-06 19:12:00,CANCELLED,157.8,CARD
2519,2304,76,,2026-02-06 19:30:00,2026-02-06 19:57:00,CANCELLED,603.75,CARD
2520,3331,34,,2026-02-06 19:34:00,2026-02-06 20:01:00,CANCELLED,443.01,CARD
2521,2517,64,,2026-02-06 21:50:00,2026-02-06 22:30:00,CANCELLED,646.22,UPI
2522,1934,76,,2026-02-06 17:19:00,2026-02-06 17:50:00,COMPLETED,177.75,UPI
2523,4604,60,,2026-02-06 14:59:00,2026-02-06 15:38:00,CANCELLED,750.24,UPI
2524,2852,20,,2026-02-06 15:54:00,2026-02-06 16:33:00,COMPLETED,629.61,UPI
2525,4577,18,,2026-02-06 15:09:00,2026-02-06 15:34:00,CANCELLED,397.95,CARD
2526,2497,2,,2026-02-06 10:32:00,2026-02-06 11:09:00,CANCELLED,664.39,CARD
2527,3428,24,,2026-02-06 10:56:00,2026-02-06 11:25:00,COMPLETED,211.65,UPI
2528,2109,44,,2026-02-06 16:03:00,2026-02-06 16:32:00,COMPLETED,164.09,UPI
2529,4398,110,,2026-02-06 10:42:00,2026-02-06 11:16:00,CANCELLED,298.03,UPI
2530,2772,56,,2026-02-06 18:21:00,2026-02-06 19:01:00,COMPLETED,466.77,CARD
2531,4938,14,,2026-02-06 09:01:00,2026-02-06 09:37:00,COMPLETED,769.42,CARD
2532,2185,19,,2026-02-06 16:08:00,2026-02-06 16:52:00,COMPLETED,487.2,UPI
2533,2705,63,,2026-02-06 21:42:00,2026-02-06 22:13:00,COMPLETED,771.96,CARD
2534,3582,40,,2026-02-06 10:42:00,2026-02-06 11:17:00,CANCELLED,547.56,CARD
2535,2154,44,,2026-02-06 10:12:00,2026-02-06 10:53:00,CANCELLED,674.63,COD
2536,4974,61,,2026-02-06 14:18:00,2026-02-06 15:01:00,COMPLETED,161.51,UPI
2537,1857,42,,2026-02-06 15:07:00,2026-02-06 15:39:00,COMPLETED,741.59,UPI
2538,4222,36,,2026-02-06 18:49:00,2026-02-06 19:29:00,CANCELLED,525.19,UPI
2539,4694,17,,2026-02-06 19:55:00,2026-02-06 20:26:00,CANCELLED,658.04,CARD
2540,3496,31,,2026-02-06 11:54:00,2026-02-06 12:37:00,COMPLETED,467.58,UPI
2541,3092,113,,2026-02-06 08:19:00,2026-02-06 08:54:00,COMPLETED,399.69,COD
2542,1333,68,,2026-02-06 18:38:00,2026-02-06 19:13:00,CANCELLED,450.75,CARD
2543,2841,50,,2026-02-06 12:32:00,2026-02-06 12:59:00,COMPLETED,664.33,UPI
2544,2490,109,,2026-02-06 20:08:00,2026-02-06 20:37:00,COMPLETED,457.94,COD
2545,2340,46,,2026-02-06 18:48:00,2026-02-06 19:13:00,CANCELLED,515.22,UPI
2546,2286,78,,2026-02-06 13:27:00,2026-02-06 14:07:00,COMPLETED,685.69,CARD
2547,3478,16,,2026-02-06 11:12:00,2026-02-06 11:56:00,CANCELLED,626.72,CARD
2548,4272,65,,2026-02-06 11:19:00,2026-02-06 12:00:00,CANCELLED,311.35,UPI
2549,2221,34,,2026-02-06 15:13:00,2026-02-06 15:38:00,COMPLETED,243.64,COD
2550,3637,98,,2026-02-06 08:29:00,2026-02-06 09:14:00,CANCELLED,201.16,UPI
2551,2829,81,,2026-02-06 21:14:00,2026-02-06 21:43:00,CANCELLED,510.92,CARD
2552,1441,120,,2026-02-06 15:34:00,2026-02-06 16:09:00,CANCELLED,446.36,COD
2553,2856,37,,2026-02-06 20:03:00,2026-02-06 20:47:00,COMPLETED,531.21,UPI
2554,1214,112,,2026-02-06 08:17:00,2026-02-06 08:45:00,CANCELLED,509.17,UPI
2555,4407,93,,2026-02-06 10:25:00,2026-02-06 11:00:00,CANCELLED,507.58,CARD
2556,2326,51,,2026-02-06 15:24:00,2026-02-06 16:09:00,COMPLETED,362.3,COD
2557,2327,73,,2026-02-06 18:59:00,2026-02-06 19:33:00,COMPLETED,724.12,COD
2558,3034,9,,2026-02-06 20:20:00,2026-02-06 20:49:00,COMPLETED,240.94,COD
2559,4850,92,,2026-02-06 16:55:00,2026-02-06 17:25:00,COMPLETED,209.71,UPI
2560,1332,53,,2026-02-06 14:05:00,2026-02-06 14:40:00,CANCELLED,638.05,UPI
2561,1254,68,,2026-02-06 14:50:00,2026-02-06 15:32:00,CANCELLED,567.18,UPI
2562,3245,106,,2026-02-06 19:51:00,2026-02-06 20:20:00,COMPLETED,679.34,UPI
2563,4124,117,,2026-02-06 10:42:00,2026-02-06 11:10:00,CANCELLED,297.81,COD
2564,1099,7,,2026-02-06 19:00:00,2026-02-06 19:42:00,COMPLETED,461.15,COD
2565,4891,20,,2026-02-06 11:44:00,2026-02-06 12:16:00,COMPLETED,475.38,UPI
2566,3745,51,,2026-02-06 14:36:00,2026-02-06 15:21:00,COMPLETED,481.66,UPI
2567,3742,92,,2026-02-06 16:24:00,2026-02-06 16:49:00,CANCELLED,507.52,COD
2568,1147,27,,2026-02-06 11:24:00,2026-02-06 12:07:00,COMPLETED,528.78,COD
2569,3382,113,,2026-02-06 13:57:00,2026-02-06 14:24:00,CANCELLED,480.95,COD
2570,1623,69,,2026-02-06 14:46:00,2026-02-06 15:17:00,COMPLETED,744.88,CARD
2571,2088,72,,2026-02-06 18:37:00,2026-02-06 19:11:00,CANCELLED,482.07,COD
2572,4089,78,,2026-02-06 22:14:00,2026-02-06 22:45:00,CANCELLED,367.42,UPI
2573,1488,84,,2026-02-06 12:26:00,2026-02-06 13:03:00,CANCELLED,443.57,UPI
2574,3751,66,,2026-02-06 18:17:00,2026-02-06 19:02:00,CANCELLED,282.98,COD
2575,4295,14,,2026-02-06 08:42:00,2026-02-06 09:19:00,COMPLETED,280.09,CARD
2576,4411,89,,2026-02-06 20:33:00,2026-02-06 21:07:00,COMPLETED,726.32,UPI
2577,1222,83,,2026-02-06 14:09:00,2026-02-06 14:48:00,COMPLETED,518.45,UPI
2578,1097,40,,2026-02-06 11:42:00,2026-02-06 12:23:00,COMPLETED,290.68,COD
2579,1845,64,,2026-02-06 22:41:00,2026-02-06 23:16:00,CANCELLED,617.98,UPI
2580,4087,22,,2026-02-06 14:40:00,2026-02-06 15:24:00,CANCELLED,462.11,CARD
2581,1318,79,,2026-02-06 12:52:00,2026-02-06 13:24:00,COMPLETED,724.87,COD
2582,4510,2,,2026-02-06 18:34:00,2026-02-06 19:00:00,CANCELLED,754.6,UPI
2583,3984,73,,2026-02-06 15:35:00,2026-02-06 16:12:00,COMPLETED,213.2,UPI
2584,1781,55,,2026-02-06 11:40:00,2026-02-06 12:25:00,CANCELLED,199.46,UPI
2585,2218,99,,2026-02-06 19:09:00,2026-02-06 19:34:00,COMPLETED,734.04,UPI
2586,2871,120,,2026-02-06 10:25:00,2026-02-06 10:58:00,COMPLETED,228.21,CARD
2587,4605,120,,2026-02-06 20:42:00,2026-02-06 21:07:00,CANCELLED,263.48,COD
2588,2864,112,,2026-02-06 09:28:00,2026-02-06 10:00:00,CANCELLED,325.54,CARD
2589,1259,94,,2026-02-06 17:36:00,2026-02-06 18:16:00,COMPLETED,290.06,UPI
2590,1122,5,,2026-02-06 19:34:00,2026-02-06 20:11:00,CANCELLED,431.12,UPI
2591,4985,2,,2026-02-06 15:02:00,2026-02-06 15:32:00,COMPLETED,576.8,UPI
2592,3944,62,,2026-02-06 20:06:00,2026-02-06 20:40:00,COMPLETED,671.26,COD
2593,4945,112,,2026-02-06 19:27:00,2026-02-06 20:00:00,COMPLETED,302.63,UPI
2594,3663,6,,2026-02-06 21:49:00,2026-02-06 22:14:00,CANCELLED,513.31,CARD
2595,3930,109,,2026-02-06 16:20:00,2026-02-06 16:52:00,COMPLETED,336.24,COD
2596,2868,106,,2026-02-06 18:12:00,2026-02-06 18:48:00,CANCELLED,503.98,UPI
2597,3974,71,,2026-02-06 19:14:00,2026-02-06 19:50:00,COMPLETED,358.46,CARD
2598,1712,75,,2026-02-06 13:55:00,2026-02-06 14:33:00,CANCELLED,391.87,UPI
2599,1604,105,,2026-02-06 21:05:00,2026-02-06 21:39:00,CANCELLED,589.21,UPI
2600,1354,78,,2026-02-06 14:08:00,2026-02-06 14:46:00,CANCELLED,725.1,UPI
2601,2911,58,,2026-02-06 14:07:00,2026-02-06 14:52:00,COMPLETED,728.33,UPI
2602,1594,77,,2026-02-06 16:38:00,2026-02-06 17:23:00,CANCELLED,501.14,CARD
2603,1571,105,,2026-02-06 10:43:00,2026-02-06 11:26:00,COMPLETED,686.05,UPI
2604,4607,15,,2026-02-06 09:23:00,2026-02-06 10:01:00,COMPLETED,487.72,CARD
2605,4827,71,,2026-02-06 08:04:00,2026-02-06 08:37:00,COMPLETED,630.81,CARD
2606,3003,15,,2026-02-06 20:06:00,2026-02-06 20:41:00,CANCELLED,625.71,UPI
2607,3142,85,,2026-02-06 17:21:00,2026-02-06 17:58:00,CANCELLED,292.4,UPI
2608,3817,97,,2026-02-06 20:47:00,2026-02-06 21:25:00,COMPLETED,296.78,CARD
2609,4417,89,,2026-02-06 15:44:00,2026-02-06 16:13:00,COMPLETED,615.53,CARD
2610,3028,19,,2026-02-06 21:39:00,2026-02-06 22:07:00,COMPLETED,601.71,UPI
2611,2240,106,,2026-02-06 12:07:00,2026-02-06 12:44:00,COMPLETED,502.28,COD
2612,1096,3,,2026-02-06 21:54:00,2026-02-06 22:25:00,COMPLETED,342.26,COD
2613,1274,33,,2026-02-06 11:10:00,2026-02-06 11:37:00,CANCELLED,768.16,UPI
2614,1043,90,,2026-02-06 14:06:00,2026-02-06 14:43:00,CANCELLED,373.06,UPI
2615,2755,80,,2026-02-06 11:33:00,2026-02-06 12:07:00,CANCELLED,562.89,CARD
2616,1129,64,,2026-02-06 08:42:00,2026-02-06 09:22:00,CANCELLED,378.47,UPI
2617,4527,103,,2026-02-06 19:57:00,2026-02-06 20:37:00,CANCELLED,639.4,COD
2618,3540,113,,2026-02-06 15:12:00,2026-02-06 15:55:00,CANCELLED,766.93,CARD
2619,2556,5,,2026-02-06 16:22:00,2026-02-06 16:47:00,CANCELLED,643.38,COD
2620,3227,12,,2026-02-06 16:06:00,2026-02-06 16:39:00,COMPLETED,309.5,CARD
2621,2862,49,,2026-02-06 18:46:00,2026-02-06 19:14:00,CANCELLED,306.9,UPI
2622,2268,71,,2026-02-06 08:35:00,2026-02-06 09:10:00,CANCELLED,290.76,UPI
2623,3800,17,,2026-02-06 09:37:00,2026-02-06 10:02:00,COMPLETED,758.1,UPI
2624,1742,60,,2026-02-06 09:10:00,2026-02-06 09:51:00,CANCELLED,603.14,UPI
2625,3677,93,,2026-02-06 21:40:00,2026-02-06 22:22:00,COMPLETED,314.58,COD
2626,3011,23,,2026-02-06 19:54:00,2026-02-06 20:35:00,CANCELLED,340.7,COD
2627,3462,43,,2026-02-06 08:40:00,2026-02-06 09:14:00,CANCELLED,221.29,COD
2628,1815,62,,2026-02-06 22:17:00,2026-02-06 22:44:00,CANCELLED,311.88,UPI
2629,4708,23,,2026-02-06 21:14:00,2026-02-06 21:59:00,CANCELLED,178.52,COD
2630,4545,88,,2026-02-06 11:48:00,2026-02-06 12:23:00,CANCELLED,298.68,UPI
2631,1415,22,,2026-02-06 21:47:00,2026-02-06 22:15:00,COMPLETED,235.8,CARD
2632,2794,64,,2026-02-06 17:36:00,2026-02-06 18:01:00,CANCELLED,666.32,UPI
2633,4676,89,,2026-02-06 08:21:00,2026-02-06 09:02:00,CANCELLED,562.64,COD
2634,1137,36,,2026-02-06 15:08:00,2026-02-06 15:48:00,CANCELLED,512.23,UPI
2635,1357,34,,2026-02-06 09:08:00,2026-02-06 09:35:00,CANCELLED,458.51,CARD
2636,1495,4,,2026-02-06 12:09:00,2026-02-06 12:38:00,COMPLETED,206.15,COD
2637,2827,85,,2026-02-06 19:20:00,2026-02-06 19:51:00,CANCELLED,512.29,UPI
2638,3384,53,,2026-02-06 09:08:00,2026-02-06 09:38:00,COMPLETED,513.78,COD
2639,2230,18,,2026-02-06 11:27:00,2026-02-06 11:56:00,CANCELLED,157.28,COD
2640,1461,68,,2026-02-06 16:42:00,2026-02-06 17:07:00,CANCELLED,530.62,COD
2641,2308,118,,2026-02-06 13:10:00,2026-02-06 13:39:00,COMPLETED,709.38,COD
2642,2959,62,,2026-02-06 11:13:00,2026-02-06 11:53:00,COMPLETED,214.38,UPI
2643,3568,70,,2026-02-06 17:26:00,2026-02-06 18:11:00,COMPLETED,244.97,COD
2644,1595,111,,2026-02-06 22:38:00,2026-02-06 23:19:00,COMPLETED,460.5,COD
2645,2011,81,,2026-02-06 17:39:00,2026-02-06 18:09:00,CANCELLED,695.85,UPI
2646,2664,8,,2026-02-06 11:50:00,2026-02-06 12:23:00,CANCELLED,177.89,UPI
2647,1113,25,,2026-02-06 21:19:00,2026-02-06 21:56:00,CANCELLED,404.0,CARD
2648,4066,117,,2026-02-06 22:16:00,2026-02-06 22:48:00,COMPLETED,461.59,CARD
2649,4571,97,,2026-02-06 14:56:00,2026-02-06 15:41:00,COMPLETED,306.87,CARD
2650,4166,10,,2026-02-06 12:54:00,2026-02-06 13:34:00,CANCELLED,539.88,UPI
2651,1347,91,,2026-02-06 09:07:00,2026-02-06 09:49:00,COMPLETED,652.4,COD
2652,2610,36,,2026-02-06 14:18:00,2026-02-06 14:51:00,CANCELLED,572.61,UPI
2653,3479,42,,2026-02-06 13:10:00,2026-02-06 13:52:00,CANCELLED,706.0,UPI
2654,2581,97,,2026-02-06 16:43:00,2026-02-06 17:23:00,COMPLETED,455.06,COD
2655,4994,44,,2026-02-06 19:48:00,2026-02-06 20:28:00,COMPLETED,313.54,UPI
2656,3434,66,,2026-02-06 12:37:00,2026-02-06 13:11:00,COMPLETED,353.48,UPI
2657,1783,45,,2026-02-06 12:05:00,2026-02-06 12:48:00,CANCELLED,274.7,UPI
2658,2140,34,,2026-02-06 16:50:00,2026-02-06 17:28:00,CANCELLED,585.3,COD
2659,4647,101,,2026-02-06 21:06:00,2026-02-06 21:50:00,COMPLETED,671.46,CARD
2660,3814,88,,2026-02-06 13:02:00,2026-02-06 13:33:00,CANCELLED,613.2,CARD
2661,4268,60,,2026-02-06 13:28:00,2026-02-06 13:59:00,COMPLETED,226.19,CARD
2662,3615,32,,2026-02-06 22:57:00,2026-02-06 23:31:00,COMPLETED,538.79,CARD
2663,1749,114,,2026-02-06 22:10:00,2026-02-06 22:45:00,CANCELLED,393.75,UPI
2664,4819,73,,2026-02-06 16:15:00,2026-02-06 16:48:00,CANCELLED,499.32,COD
2665,1295,33,,2026-02-06 12:20:00,2026-02-06 13:04:00,COMPLETED,778.23,CARD
2666,1272,25,,2026-02-06 14:42:00,2026-02-06 15:07:00,CANCELLED,753.07,UPI
2667,4363,36,,2026-02-06 17:23:00,2026-02-06 18:06:00,CANCELLED,279.47,COD
2668,3005,77,,2026-02-06 15:17:00,2026-02-06 16:02:00,COMPLETED,459.64,UPI
2669,1572,24,,2026-02-06 13:20:00,2026-02-06 13:48:00,COMPLETED,384.87,COD
2670,2136,14,,2026-02-06 08:42:00,2026-02-06 09:09:00,CANCELLED,232.82,COD
2671,1839,6,,2026-02-06 20:40:00,2026-02-06 21:18:00,COMPLETED,156.41,UPI
2672,2164,56,,2026-02-06 18:39:00,2026-02-06 19:12:00,COMPLETED,299.82,CARD
2673,4079,35,,2026-02-06 18:18:00,2026-02-06 19:01:00,CANCELLED,696.5,COD
2674,2297,98,,2026-02-07 17:26:00,2026-02-07 18:09:00,COMPLETED,261.7,UPI
2675,3524,3,,2026-02-07 11:28:00,2026-02-07 12:10:00,COMPLETED,209.27,CARD
2676,4315,63,,2026-02-07 18:28:00,2026-02-07 19:01:00,COMPLETED,212.19,UPI
2677,2882,79,,2026-02-07 11:46:00,2026-02-07 12:18:00,COMPLETED,729.73,COD
2678,1012,31,,2026-02-07 12:46:00,2026-02-07 13:14:00,CANCELLED,432.88,CARD
2679,2827,28,,2026-02-07 22:29:00,2026-02-07 23:06:00,COMPLETED,215.24,COD
2680,2812,20,,2026-02-07 14:58:00,2026-02-07 15:37:00,CANCELLED,702.88,UPI
2681,4133,35,,2026-02-07 08:23:00,2026-02-07 09:05:00,COMPLETED,723.17,UPI
2682,2402,42,,2026-02-07 15:27:00,2026-02-07 16:08:00,COMPLETED,474.37,CARD
2683,3484,27,,2026-02-07 14:37:00,2026-02-07 15:16:00,CANCELLED,243.94,COD
2684,1689,101,,2026-02-07 18:15:00,2026-02-07 18:52:00,CANCELLED,284.64,UPI
2685,2122,32,,2026-02-07 14:01:00,2026-02-07 14:38:00,CANCELLED,733.99,UPI
2686,4934,4,,2026-02-07 18:14:00,2026-02-07 18:54:00,COMPLETED,569.56,COD
2687,2592,74,,2026-02-07 15:43:00,2026-02-07 16:08:00,CANCELLED,383.69,COD
2688,3966,58,,2026-02-07 16:22:00,2026-02-07 17:00:00,CANCELLED,208.15,UPI
2689,2102,47,,2026-02-07 13:56:00,2026-02-07 14:28:00,CANCELLED,461.04,COD
2690,3641,67,,2026-02-07 11:44:00,2026-02-07 12:27:00,COMPLETED,699.84,UPI
2691,4115,30,,2026-02-07 14:13:00,2026-02-07 14:39:00,COMPLETED,609.62,COD
2692,3848,71,,2026-02-07 09:34:00,2026-02-07 10:18:00,COMPLETED,312.75,CARD
2693,1610,38,,2026-02-07 12:21:00,2026-02-07 13:00:00,COMPLETED,708.03,UPI
2694,1938,53,,2026-02-07 22:51:00,2026-02-07 23:21:00,CANCELLED,258.31,COD
2695,3543,7,,2026-02-07 11:57:00,2026-02-07 12:24:00,COMPLETED,337.36,UPI
2696,1967,3,,2026-02-07 15:13:00,2026-02-07 15:43:00,COMPLETED,541.71,COD
2697,2102,105,,2026-02-07 09:08:00,2026-02-07 09:36:00,COMPLETED,497.07,UPI
2698,3962,23,,2026-02-07 17:26:00,2026-02-07 18:02:00,COMPLETED,496.88,COD
2699,2333,110,,2026-02-07 12:11:00,2026-02-07 12:36:00,COMPLETED,648.13,CARD
2700,3051,65,,2026-02-07 21:52:00,2026-02-07 22:17:00,COMPLETED,405.97,COD
2701,1638,109,,2026-02-07 08:49:00,2026-02-07 09:29:00,COMPLETED,307.25,CARD
2702,3350,101,,2026-02-07 22:14:00,2026-02-07 22:50:00,CANCELLED,450.56,UPI
2703,3922,32,,2026-02-07 10:59:00,2026-02-07 11:27:00,COMPLETED,566.09,COD
2704,1556,1,,2026-02-07 09:08:00,2026-02-07 09:45:00,CANCELLED,449.5,UPI
2705,3254,70,,2026-02-07 19:33:00,2026-02-07 20:10:00,CANCELLED,727.72,UPI
2706,2449,101,,2026-02-07 19:02:00,2026-02-07 19:43:00,CANCELLED,638.56,CARD
2707,3060,110,,2026-02-07 14:57:00,2026-02-07 15:27:00,CANCELLED,232.06,COD
2708,3456,48,,2026-02-07 11:31:00,2026-02-07 11:58:00,CANCELLED,225.1,UPI
2709,2226,48,,2026-02-07 14:31:00,2026-02-07 15:08:00,COMPLETED,354.45,COD
2710,1882,56,,2026-02-07 20:48:00,2026-02-07 21:13:00,COMPLETED,442.46,CARD
2711,3658,102,,2026-02-07 21:29:00,2026-02-07 21:58:00,CANCELLED,407.63,COD
2712,4701,57,,2026-02-07 08:16:00,2026-02-07 08:48:00,CANCELLED,466.4,UPI
2713,2521,113,,2026-02-07 20:09:00,2026-02-07 20:48:00,COMPLETED,451.14,UPI
2714,4881,19,,2026-02-07 08:52:00,2026-02-07 09:24:00,COMPLETED,342.02,COD
2715,4724,50,,2026-02-07 13:58:00,2026-02-07 14:37:00,CANCELLED,200.78,UPI
2716,3259,62,,2026-02-07 14:03:00,2026-02-07 14:44:00,COMPLETED,757.09,UPI
2717,2357,25,,2026-02-07 09:09:00,2026-02-07 09:45:00,CANCELLED,749.29,COD
2718,1597,96,,2026-02-07 08:11:00,2026-02-07 08:39:00,CANCELLED,188.93,CARD
2719,3134,48,,2026-02-07 11:43:00,2026-02-07 12:28:00,COMPLETED,441.43,UPI
2720,2885,45,,2026-02-07 21:37:00,2026-02-07 22:21:00,CANCELLED,335.2,COD
2721,3398,16,,2026-02-07 21:40:00,2026-02-07 22:21:00,CANCELLED,643.02,UPI
2722,1148,86,,2026-02-07 21:01:00,2026-02-07 21:42:00,COMPLETED,799.12,COD
2723,2352,85,,2026-02-07 22:04:00,2026-02-07 22:41:00,CANCELLED,625.44,CARD
2724,1582,98,,2026-02-07 12:33:00,2026-02-07 13:02:00,COMPLETED,210.57,UPI
2725,1902,6,,2026-02-07 12:42:00,2026-02-07 13:19:00,COMPLETED,346.89,COD
2726,3331,25,,2026-02-07 11:19:00,2026-02-07 11:57:00,CANCELLED,669.66,COD
2727,3327,33,,2026-02-07 15:17:00,2026-02-07 15:59:00,COMPLETED,150.37,COD
2728,2087,94,,2026-02-07 10:47:00,2026-02-07 11:13:00,CANCELLED,661.56,COD
2729,4788,87,,2026-02-07 15:59:00,2026-02-07 16:29:00,CANCELLED,224.25,CARD
2730,3526,94,,2026-02-07 15:50:00,2026-02-07 16:25:00,CANCELLED,702.89,UPI
2731,3244,114,,2026-02-07 17:50:00,2026-02-07 18:32:00,CANCELLED,560.49,UPI
2732,3735,88,,2026-02-07 16:59:00,2026-02-07 17:28:00,CANCELLED,674.02,COD
2733,2777,62,,2026-02-07 11:51:00,2026-02-07 12:16:00,CANCELLED,363.3,CARD
2734,4984,93,,2026-02-07 13:07:00,2026-02-07 13:47:00,CANCELLED,183.34,CARD
2735,1436,106,,2026-02-07 13:07:00,2026-02-07 13:40:00,COMPLETED,510.76,COD
2736,4707,20,,2026-02-07 12:14:00,2026-02-07 12:53:00,COMPLETED,603.3,CARD
2737,4041,52,,2026-02-07 14:11:00,2026-02-07 14:49:00,CANCELLED,518.27,UPI
2738,1665,80,,2026-02-07 09:23:00,2026-02-07 09:55:00,CANCELLED,766.52,CARD
2739,4793,114,,2026-02-07 09:07:00,2026-02-07 09:42:00,COMPLETED,433.16,UPI
2740,2938,4,,2026-02-07 10:37:00,2026-02-07 11:15:00,CANCELLED,759.44,COD
2741,2992,113,,2026-02-07 13:15:00,2026-02-07 13:47:00,CANCELLED,753.09,UPI
2742,2660,56,,2026-02-07 18:02:00,2026-02-07 18:33:00,COMPLETED,336.2,CARD
2743,2376,21,,2026-02-07 21:43:00,2026-02-07 22:13:00,CANCELLED,535.74,COD
2744,1337,102,,2026-02-07 09:43:00,2026-02-07 10:10:00,COMPLETED,247.53,UPI
2745,4827,102,,2026-02-07 16:24:00,2026-02-07 16:51:00,COMPLETED,794.69,COD
2746,1133,18,,2026-02-07 16:02:00,2026-02-07 16:32:00,CANCELLED,789.41,UPI
2747,3728,74,,2026-02-07 19:35:00,2026-02-07 20:11:00,COMPLETED,176.28,UPI
2748,1159,75,,2026-02-07 13:38:00,2026-02-07 14:06:00,COMPLETED,792.32,CARD
2749,4233,22,,2026-02-07 08:00:00,2026-02-07 08:31:00,CANCELLED,685.72,UPI
2750,3430,38,,2026-02-07 09:50:00,2026-02-07 10:23:00,COMPLETED,690.67,UPI
2751,2893,78,,2026-02-07 10:21:00,2026-02-07 10:48:00,CANCELLED,252.31,CARD
2752,3033,78,,2026-02-07 16:47:00,2026-02-07 17:15:00,COMPLETED,597.87,COD
2753,3723,21,,2026-02-07 14:42:00,2026-02-07 15:17:00,CANCELLED,676.68,UPI
2754,2202,84,,2026-02-07 16:41:00,2026-02-07 17:15:00,CANCELLED,421.68,COD
2755,3728,42,,2026-02-07 21:33:00,2026-02-07 22:07:00,COMPLETED,306.44,COD
2756,1150,11,,2026-02-07 20:00:00,2026-02-07 20:29:00,COMPLETED,531.99,COD
2757,2838,17,,2026-02-07 10:31:00,2026-02-07 10:59:00,COMPLETED,619.8,UPI
2758,3816,41,,2026-02-07 21:08:00,2026-02-07 21:43:00,COMPLETED,617.12,UPI
2759,4808,83,,2026-02-07 14:59:00,2026-02-07 15:27:00,CANCELLED,759.33,COD
2760,1138,47,,2026-02-07 16:04:00,2026-02-07 16:49:00,COMPLETED,404.02,UPI
2761,1128,108,,2026-02-07 09:07:00,2026-02-07 09:33:00,CANCELLED,403.21,UPI
2762,4210,91,,2026-02-07 15:54:00,2026-02-07 16:31:00,CANCELLED,442.25,UPI
2763,3696,41,,2026-02-07 20:43:00,2026-02-07 21:21:00,COMPLETED,154.84,COD
2764,1381,63,,2026-02-07 12:16:00,2026-02-07 12:54:00,CANCELLED,246.31,COD
2765,3473,64,,2026-02-07 12:05:00,2026-02-07 12:46:00,CANCELLED,739.75,CARD
2766,1157,99,,2026-02-07 11:04:00,2026-02-07 11:42:00,COMPLETED,560.5,CARD
2767,2527,44,,2026-02-07 13:51:00,2026-02-07 14:35:00,COMPLETED,217.99,CARD
2768,1605,43,,2026-02-07 11:26:00,2026-02-07 11:57:00,CANCELLED,495.06,CARD
2769,4795,79,,2026-02-07 18:04:00,2026-02-07 18:48:00,COMPLETED,432.71,CARD
2770,2863,93,,2026-02-07 21:39:00,2026-02-07 22:05:00,CANCELLED,500.21,UPI
2771,2362,3,,2026-02-07 08:45:00,2026-02-07 09:19:00,CANCELLED,533.06,COD
2772,4805,60,,2026-02-07 16:05:00,2026-02-07 16:43:00,COMPLETED,750.01,CARD
2773,2084,39,,2026-02-07 11:48:00,2026-02-07 12:27:00,COMPLETED,680.88,CARD
2774,2617,34,,2026-02-07 17:53:00,2026-02-07 18:26:00,COMPLETED,494.98,COD
2775,1978,51,,2026-02-07 11:47:00,2026-02-07 12:26:00,COMPLETED,429.51,COD
2776,3192,105,,2026-02-07 21:41:00,2026-02-07 22:14:00,CANCELLED,160.62,CARD
2777,4227,40,,2026-02-07 21:33:00,2026-02-07 22:18:00,COMPLETED,472.81,CARD
2778,3708,71,,2026-02-07 11:38:00,2026-02-07 12:20:00,CANCELLED,656.79,COD
2779,3972,43,,2026-02-07 14:38:00,2026-02-07 15:20:00,COMPLETED,504.29,COD
2780,1326,43,,2026-02-07 08:14:00,2026-02-07 08:52:00,COMPLETED,765.28,COD
2781,4813,96,,2026-02-07 09:41:00,2026-02-07 10:10:00,CANCELLED,259.86,UPI
2782,2702,21,,2026-02-07 19:27:00,2026-02-07 20:00:00,CANCELLED,282.66,COD
2783,4133,120,,2026-02-07 14:10:00,2026-02-07 14:38:00,CANCELLED,351.17,CARD
2784,3617,9,,2026-02-07 19:48:00,2026-02-07 20:30:00,COMPLETED,788.83,COD
2785,4905,31,,2026-02-07 22:33:00,2026-02-07 22:58:00,COMPLETED,656.13,UPI
2786,4133,58,,2026-02-07 11:03:00,2026-02-07 11:31:00,CANCELLED,228.94,CARD
2787,1500,62,,2026-02-07 15:56:00,2026-02-07 16:37:00,CANCELLED,660.57,UPI
2788,2446,23,,2026-02-07 21:27:00,2026-02-07 21:54:00,CANCELLED,674.29,CARD
2789,4731,117,,2026-02-07 12:16:00,2026-02-07 12:41:00,COMPLETED,794.88,COD
2790,1656,67,,2026-02-07 10:29:00,2026-02-07 11:04:00,COMPLETED,461.15,CARD
2791,2393,110,,2026-02-07 13:59:00,2026-02-07 14:24:00,CANCELLED,665.23,UPI
2792,4177,104,,2026-02-07 09:46:00,2026-02-07 10:27:00,CANCELLED,288.03,COD
2793,2980,100,,2026-02-07 18:35:00,2026-02-07 19:20:00,COMPLETED,784.49,CARD
2794,3283,99,,2026-02-07 11:52:00,2026-02-07 12:32:00,CANCELLED,401.73,CARD
2795,4686,6,,2026-02-07 14:17:00,2026-02-07 14:48:00,COMPLETED,444.39,COD
2796,3722,120,,2026-02-08 14:03:00,2026-02-08 14:28:00,CANCELLED,571.67,UPI
2797,4971,41,,2026-02-08 20:47:00,2026-02-08 21:12:00,CANCELLED,205.4,COD
2798,3299,99,,2026-02-08 18:08:00,2026-02-08 18:49:00,COMPLETED,535.38,UPI
2799,3259,93,,2026-02-08 16:26:00,2026-02-08 17:08:00,CANCELLED,227.84,COD
2800,2298,32,,2026-02-08 21:25:00,2026-02-08 22:10:00,CANCELLED,499.1,UPI
2801,4517,14,,2026-02-08 13:00:00,2026-02-08 13:26:00,COMPLETED,760.38,CARD
2802,4341,49,,2026-02-08 10:20:00,2026-02-08 10:53:00,COMPLETED,332.43,UPI
2803,2490,10,,2026-02-08 09:16:00,2026-02-08 09:57:00,CANCELLED,350.45,UPI
2804,1107,37,,2026-02-08 14:56:00,2026-02-08 15:21:00,CANCELLED,270.1,COD
2805,4815,68,,2026-02-08 22:50:00,2026-02-08 23:19:00,COMPLETED,385.65,COD
2806,2303,114,,2026-02-08 12:30:00,2026-02-08 13:05:00,COMPLETED,268.7,COD
2807,1948,7,,2026-02-08 17:56:00,2026-02-08 18:23:00,CANCELLED,352.47,CARD
2808,4739,110,,2026-02-08 20:52:00,2026-02-08 21:34:00,COMPLETED,677.53,CARD
2809,2217,117,,2026-02-08 17:51:00,2026-02-08 18:33:00,CANCELLED,215.28,UPI
2810,2277,118,,2026-02-08 20:50:00,2026-02-08 21:16:00,CANCELLED,210.43,UPI
2811,1560,9,,2026-02-08 12:35:00,2026-02-08 13:01:00,COMPLETED,766.84,CARD
2812,4651,62,,2026-02-08 08:04:00,2026-02-08 08:32:00,COMPLETED,455.0,UPI
2813,1437,34,,2026-02-08 14:55:00,2026-02-08 15:37:00,COMPLETED,534.06,CARD
2814,1335,43,,2026-02-08 21:33:00,2026-02-08 22:05:00,COMPLETED,270.33,CARD
2815,3583,104,,2026-02-08 19:57:00,2026-02-08 20:25:00,COMPLETED,455.71,CARD
2816,1693,95,,2026-02-08 20:05:00,2026-02-08 20:34:00,COMPLETED,793.27,COD
2817,4584,35,,2026-02-08 19:37:00,2026-02-08 20:18:00,COMPLETED,470.22,COD
2818,1864,79,,2026-02-08 09:00:00,2026-02-08 09:38:00,CANCELLED,275.11,CARD
2819,1557,52,,2026-02-08 12:59:00,2026-02-08 13:35:00,CANCELLED,741.99,UPI
2820,3524,110,,2026-02-08 12:35:00,2026-02-08 13:07:00,COMPLETED,609.49,UPI
2821,3038,1,,2026-02-08 19:03:00,2026-02-08 19:47:00,COMPLETED,413.6,COD
2822,3831,17,,2026-02-08 20:44:00,2026-02-08 21:17:00,COMPLETED,679.39,CARD
2823,1542,92,,2026-02-08 10:02:00,2026-02-08 10:34:00,COMPLETED,300.06,COD
2824,3995,10,,2026-02-08 20:42:00,2026-02-08 21:08:00,CANCELLED,236.43,COD
2825,3353,1,,2026-02-08 12:43:00,2026-02-08 13:11:00,COMPLETED,616.2,CARD
2826,1438,44,,2026-02-08 08:14:00,2026-02-08 08:52:00,COMPLETED,440.6,COD
2827,4217,16,,2026-02-08 20:21:00,2026-02-08 21:06:00,CANCELLED,361.32,UPI
2828,3786,36,,2026-02-08 14:27:00,2026-02-08 15:08:00,CANCELLED,581.03,CARD
2829,2594,46,,2026-02-08 10:29:00,2026-02-08 11:00:00,COMPLETED,715.47,CARD
2830,3002,36,,2026-02-08 12:08:00,2026-02-08 12:48:00,CANCELLED,181.81,COD
2831,1649,8,,2026-02-08 15:23:00,2026-02-08 16:02:00,COMPLETED,636.41,CARD
2832,2693,15,,2026-02-08 12:56:00,2026-02-08 13:27:00,CANCELLED,241.45,UPI
2833,4150,2,,2026-02-08 11:01:00,2026-02-08 11:39:00,CANCELLED,660.7,CARD
2834,2861,45,,2026-02-08 09:06:00,2026-02-08 09:49:00,CANCELLED,568.76,UPI
2835,4438,62,,2026-02-08 11:25:00,2026-02-08 11:58:00,CANCELLED,325.27,UPI
2836,4706,18,,2026-02-08 11:45:00,2026-02-08 12:24:00,COMPLETED,657.66,CARD
2837,1896,71,,2026-02-08 16:17:00,2026-02-08 16:54:00,COMPLETED,221.39,CARD
2838,2043,89,,2026-02-08 14:19:00,2026-02-08 15:00:00,COMPLETED,326.68,CARD
2839,4057,52,,2026-02-08 16:48:00,2026-02-08 17:22:00,COMPLETED,190.93,COD
2840,2032,104,,2026-02-08 12:07:00,2026-02-08 12:41:00,COMPLETED,642.53,CARD
2841,3352,103,,2026-02-08 17:29:00,2026-02-08 18:13:00,COMPLETED,557.89,CARD
2842,4926,3,,2026-02-08 08:03:00,2026-02-08 08:32:00,CANCELLED,649.52,CARD
2843,2397,1,,2026-02-08 15:09:00,2026-02-08 15:52:00,CANCELLED,275.72,COD
2844,3952,98,,2026-02-08 20:30:00,2026-02-08 21:04:00,CANCELLED,313.26,UPI
2845,3575,52,,2026-02-08 18:00:00,2026-02-08 18:31:00,CANCELLED,212.46,UPI
2846,4646,32,,2026-02-08 18:39:00,2026-02-08 19:10:00,CANCELLED,179.77,UPI
2847,4108,31,,2026-02-08 14:05:00,2026-02-08 14:45:00,CANCELLED,470.55,UPI
2848,3825,10,,2026-02-08 17:35:00,2026-02-08 18:00:00,COMPLETED,517.35,COD
2849,4549,6,,2026-02-08 11:56:00,2026-02-08 12:34:00,COMPLETED,453.6,CARD
2850,1420,88,,2026-02-08 20:36:00,2026-02-08 21:03:00,CANCELLED,616.98,COD
2851,1894,48,,2026-02-08 20:35:00,2026-02-08 21:06:00,COMPLETED,173.8,COD
2852,1492,36,,2026-02-08 18:01:00,2026-02-08 18:39:00,CANCELLED,730.52,COD
2853,3505,16,,2026-02-08 13:48:00,2026-02-08 14:20:00,COMPLETED,673.52,CARD
2854,4843,98,,2026-02-08 17:09:00,2026-02-08 17:54:00,COMPLETED,178.71,CARD
2855,1684,85,,2026-02-08 12:43:00,2026-02-08 13:25:00,COMPLETED,752.05,UPI
2856,4259,53,,2026-02-08 21:56:00,2026-02-08 22:27:00,CANCELLED,215.06,CARD
2857,4788,74,,2026-02-08 17:56:00,2026-02-08 18:28:00,CANCELLED,150.06,CARD
2858,4085,58,,2026-02-08 13:57:00,2026-02-08 14:33:00,COMPLETED,167.48,COD
2859,1087,86,,2026-02-08 18:42:00,2026-02-08 19:25:00,CANCELLED,275.15,COD
2860,4000,23,,2026-02-08 11:59:00,2026-02-08 12:25:00,COMPLETED,687.73,COD
2861,2887,8,,2026-02-08 10:15:00,2026-02-08 10:49:00,CANCELLED,296.66,COD
2862,3972,117,,2026-02-08 08:32:00,2026-02-08 09:00:00,COMPLETED,388.32,UPI
2863,1630,89,,2026-02-08 22:14:00,2026-02-08 22:52:00,COMPLETED,691.85,COD
2864,1031,22,,2026-02-08 16:05:00,2026-02-08 16:42:00,CANCELLED,172.83,COD
2865,1444,11,,2026-02-08 19:40:00,2026-02-08 20:18:00,COMPLETED,287.66,COD
2866,2780,30,,2026-02-08 15:05:00,2026-02-08 15:33:00,COMPLETED,322.99,CARD
2867,4620,87,,2026-02-08 20:10:00,2026-02-08 20:52:00,CANCELLED,726.15,COD
2868,3182,85,,2026-02-08 22:08:00,2026-02-08 22:52:00,COMPLETED,769.85,UPI
2869,4427,102,,2026-02-08 10:56:00,2026-02-08 11:40:00,CANCELLED,331.46,UPI
2870,4793,94,,2026-02-08 18:20:00,2026-02-08 18:51:00,COMPLETED,277.58,UPI
2871,2904,119,,2026-02-08 14:24:00,2026-02-08 15:06:00,COMPLETED,718.57,COD
2872,4689,7,,2026-02-08 21:35:00,2026-02-08 22:04:00,COMPLETED,629.05,CARD
2873,3294,62,,2026-02-08 22:37:00,2026-02-08 23:05:00,CANCELLED,741.07,CARD
2874,1216,67,,2026-02-08 20:09:00,2026-02-08 20:38:00,COMPLETED,500.37,COD
2875,1985,117,,2026-02-08 21:38:00,2026-02-08 22:07:00,COMPLETED,480.47,CARD
2876,1989,69,,2026-02-08 17:16:00,2026-02-08 17:43:00,COMPLETED,370.42,CARD
2877,2069,43,,2026-02-08 09:35:00,2026-02-08 10:08:00,COMPLETED,688.27,COD
2878,4482,108,,2026-02-08 15:17:00,2026-02-08 15:57:00,COMPLETED,240.81,COD
2879,1366,67,,2026-02-08 19:55:00,2026-02-08 20:40:00,COMPLETED,556.15,COD
2880,3239,11,,2026-02-08 15:12:00,2026-02-08 15:57:00,CANCELLED,449.58,CARD
2881,1122,5,,2026-02-08 12:42:00,2026-02-08 13:17:00,COMPLETED,657.03,CARD
2882,4534,104,,2026-02-08 19:47:00,2026-02-08 20:12:00,COMPLETED,204.36,COD
2883,3399,11,,2026-02-08 20:55:00,2026-02-08 21:40:00,COMPLETED,597.17,UPI
2884,2798,101,,2026-02-08 21:44:00,2026-02-08 22:12:00,CANCELLED,187.21,CARD
2885,1105,93,,2026-02-08 20:46:00,2026-02-08 21:30:00,COMPLETED,792.46,UPI
2886,4255,118,,2026-02-08 14:28:00,2026-02-08 14:56:00,CANCELLED,639.14,UPI
2887,3235,105,,2026-02-08 10:43:00,2026-02-08 11:10:00,COMPLETED,540.23,CARD
2888,2176,63,,2026-02-08 17:12:00,2026-02-08 17:52:00,COMPLETED,247.88,UPI
2889,4228,6,,2026-02-08 16:33:00,2026-02-08 17:17:00,CANCELLED,396.64,COD
2890,2914,4,,2026-02-08 16:39:00,2026-02-08 17:17:00,COMPLETED,539.49,COD
2891,4628,32,,2026-02-08 19:17:00,2026-02-08 19:50:00,CANCELLED,374.48,UPI
2892,3965,67,,2026-02-08 09:30:00,2026-02-08 10:06:00,CANCELLED,494.52,UPI
2893,1503,31,,2026-02-08 14:26:00,2026-02-08 15:09:00,CANCELLED,247.03,UPI
2894,2317,48,,2026-02-08 16:43:00,2026-02-08 17:15:00,COMPLETED,388.04,COD
2895,2537,94,,2026-02-08 21:23:00,2026-02-08 22:06:00,COMPLETED,509.15,COD
2896,1217,53,,2026-02-08 18:40:00,2026-02-08 19:20:00,COMPLETED,306.25,CARD
2897,3286,59,,2026-02-08 22:36:00,2026-02-08 23:20:00,CANCELLED,661.24,COD
2898,4189,82,,2026-02-08 21:10:00,2026-02-08 21:54:00,COMPLETED,231.75,COD
2899,4801,16,,2026-02-08 12:34:00,2026-02-08 13:00:00,CANCELLED,314.33,CARD
2900,4748,68,,2026-02-08 10:07:00,2026-02-08 10:49:00,COMPLETED,320.05,CARD
2901,1726,71,,2026-02-08 12:24:00,2026-02-08 13:09:00,CANCELLED,473.99,COD
2902,2548,92,,2026-02-08 16:48:00,2026-02-08 17:19:00,COMPLETED,493.41,COD
2903,1992,20,,2026-02-08 14:49:00,2026-02-08 15:22:00,COMPLETED,241.98,UPI
2904,3973,22,,2026-02-08 18:33:00,2026-02-08 19:07:00,CANCELLED,414.97,COD
2905,4602,54,,2026-02-08 08:21:00,2026-02-08 08:53:00,COMPLETED,389.37,CARD
2906,2764,28,,2026-02-08 22:25:00,2026-02-08 23:06:00,COMPLETED,351.23,UPI
2907,4577,6,,2026-02-08 09:24:00,2026-02-08 10:03:00,CANCELLED,339.56,CARD
2908,2452,97,,2026-02-08 14:39:00,2026-02-08 15:09:00,CANCELLED,642.48,COD
2909,4230,30,,2026-02-08 11:11:00,2026-02-08 11:48:00,CANCELLED,370.95,CARD
2910,1785,111,,2026-02-08 11:11:00,2026-02-08 11:45:00,COMPLETED,584.63,UPI
2911,2684,102,,2026-02-08 14:26:00,2026-02-08 15:00:00,CANCELLED,711.0,CARD
2912,3069,118,,2026-02-08 17:49:00,2026-02-08 18:30:00,COMPLETED,651.82,CARD
2913,1988,72,,2026-02-08 09:51:00,2026-02-08 10:27:00,COMPLETED,689.77,UPI
2914,2907,79,,2026-02-08 13:39:00,2026-02-08 14:08:00,COMPLETED,587.89,UPI
2915,3813,82,,2026-02-08 08:38:00,2026-02-08 09:12:00,COMPLETED,795.53,UPI
2916,4753,28,,2026-02-08 12:04:00,2026-02-08 12:35:00,COMPLETED,780.33,UPI
2917,2055,76,,2026-02-08 11:18:00,2026-02-08 11:59:00,CANCELLED,724.26,COD
2918,4304,19,,2026-02-08 14:44:00,2026-02-08 15:16:00,COMPLETED,208.54,CARD
2919,3155,60,,2026-02-08 18:14:00,2026-02-08 18:53:00,COMPLETED,503.85,CARD
2920,3430,12,,2026-02-08 11:23:00,2026-02-08 11:55:00,COMPLETED,470.18,COD
2921,2323,29,,2026-02-08 14:54:00,2026-02-08 15:39:00,COMPLETED,723.55,COD
2922,4916,11,,2026-02-08 20:20:00,2026-02-08 20:47:00,CANCELLED,642.96,UPI
2923,2891,65,,2026-02-08 14:38:00,2026-02-08 15:06:00,CANCELLED,656.29,CARD
2924,4652,2,,2026-02-08 22:44:00,2026-02-08 23:25:00,COMPLETED,742.48,COD
2925,4320,4,,2026-02-08 22:00:00,2026-02-08 22:25:00,COMPLETED,367.48,UPI
2926,1523,108,,2026-02-08 09:54:00,2026-02-08 10:36:00,COMPLETED,308.85,UPI
2927,3608,90,,2026-02-08 13:41:00,2026-02-08 14:21:00,CANCELLED,321.53,UPI
2928,1490,93,,2026-02-08 22:02:00,2026-02-08 22:46:00,CANCELLED,745.84,CARD
2929,2604,48,,2026-02-08 19:36:00,2026-02-08 20:07:00,CANCELLED,237.05,COD
2930,3472,10,,2026-02-08 09:18:00,2026-02-08 09:52:00,COMPLETED,716.05,CARD
2931,2174,14,,2026-02-08 21:10:00,2026-02-08 21:53:00,CANCELLED,296.8,UPI
2932,2404,108,,2026-02-08 17:02:00,2026-02-08 17:42:00,COMPLETED,531.26,UPI
2933,4338,93,,2026-02-08 11:19:00,2026-02-08 11:49:00,COMPLETED,762.04,CARD
2934,1605,10,,2026-02-08 18:16:00,2026-02-08 18:57:00,COMPLETED,443.34,UPI
2935,1314,12,,2026-02-08 13:45:00,2026-02-08 14:23:00,CANCELLED,756.96,CARD
2936,1532,67,,2026-02-08 20:43:00,2026-02-08 21:17:00,CANCELLED,761.43,COD
2937,3582,3,,2026-02-08 22:09:00,2026-02-08 22:45:00,CANCELLED,304.47,UPI
2938,4957,102,,2026-02-08 15:18:00,2026-02-08 15:56:00,COMPLETED,487.57,COD
2939,2747,100,,2026-02-08 09:59:00,2026-02-08 10:28:00,COMPLETED,760.25,COD
2940,3130,114,,2026-02-08 22:55:00,2026-02-08 23:21:00,COMPLETED,384.86,UPI
2941,4351,112,,2026-02-08 18:22:00,2026-02-08 18:49:00,COMPLETED,401.08,CARD
2942,2312,96,,2026-02-08 15:46:00,2026-02-08 16:13:00,COMPLETED,214.96,COD
2943,2040,115,,2026-02-08 21:06:00,2026-02-08 21:37:00,CANCELLED,381.27,UPI
2944,1751,56,,2026-02-08 16:41:00,2026-02-08 17:23:00,COMPLETED,465.5,UPI
2945,3638,116,,2026-02-08 15:14:00,2026-02-08 15:56:00,COMPLETED,553.77,CARD
2946,2189,96,,2026-02-08 22:11:00,2026-02-08 22:44:00,COMPLETED,225.29,UPI
2947,4251,68,,2026-02-08 17:27:00,2026-02-08 17:52:00,CANCELLED,657.16,UPI
2948,2953,111,,2026-02-08 13:05:00,2026-02-08 13:37:00,COMPLETED,414.85,COD
2949,2533,79,,2026-02-08 11:59:00,2026-02-08 12:44:00,COMPLETED,184.71,CARD
2950,3830,89,,2026-02-08 14:19:00,2026-02-08 14:58:00,COMPLETED,543.69,COD
2951,3312,75,,2026-02-08 16:39:00,2026-02-08 17:15:00,COMPLETED,672.14,UPI
2952,4829,3,,2026-02-08 17:47:00,2026-02-08 18:17:00,CANCELLED,794.73,CARD
2953,2650,97,,2026-02-08 21:46:00,2026-02-08 22:16:00,CANCELLED,648.31,CARD
2954,4561,100,,2026-02-08 21:47:00,2026-02-08 22:24:00,CANCELLED,689.68,CARD
2955,4055,94,,2026-02-08 18:19:00,2026-02-08 19:03:00,CANCELLED,208.28,CARD
2956,3192,101,,2026-02-08 13:02:00,2026-02-08 13:31:00,CANCELLED,526.53,CARD
2957,1601,43,,2026-02-08 17:42:00,2026-02-08 18:14:00,COMPLETED,341.36,CARD
2958,3534,102,,2026-02-08 13:17:00,2026-02-08 14:00:00,COMPLETED,769.64,COD
2959,4437,100,,2026-02-08 09:50:00,2026-02-08 10:20:00,COMPLETED,341.38,COD
2960,2655,73,,2026-02-08 21:14:00,2026-02-08 21:52:00,COMPLETED,415.08,CARD
2961,2937,20,,2026-02-08 08:23:00,2026-02-08 09:05:00,CANCELLED,566.16,UPI
2962,4982,115,,2026-02-08 21:02:00,2026-02-08 21:40:00,COMPLETED,567.26,COD
2963,2267,72,,2026-02-08 20:47:00,2026-02-08 21:18:00,COMPLETED,488.0,COD
2964,4718,47,,2026-02-08 13:33:00,2026-02-08 14:17:00,COMPLETED,734.04,CARD
2965,4100,3,,2026-02-08 10:21:00,2026-02-08 11:03:00,CANCELLED,688.21,UPI
2966,1583,116,,2026-02-08 14:57:00,2026-02-08 15:25:00,CANCELLED,371.87,CARD
2967,2663,76,,2026-02-08 21:43:00,2026-02-08 22:12:00,CANCELLED,503.93,COD
2968,1382,101,,2026-02-08 15:24:00,2026-02-08 15:57:00,CANCELLED,522.39,UPI
2969,1298,119,,2026-02-08 14:56:00,2026-02-08 15:41:00,COMPLETED,159.71,UPI
2970,1402,87,,2026-02-08 21:48:00,2026-02-08 22:26:00,COMPLETED,648.22,CARD
2971,2379,119,,2026-02-08 13:21:00,2026-02-08 14:04:00,COMPLETED,313.75,COD
2972,2632,70,,2026-02-08 21:15:00,2026-02-08 21:48:00,COMPLETED,306.39,UPI
2973,2113,81,,2026-02-08 22:30:00,2026-02-08 23:11:00,COMPLETED,705.51,COD
2974,1004,1,,2026-02-08 16:09:00,2026-02-08 16:41:00,CANCELLED,540.26,UPI
2975,1478,107,,2026-02-08 09:04:00,2026-02-08 09:30:00,CANCELLED,477.53,COD
2976,4335,79,,2026-02-08 09:23:00,2026-02-08 09:54:00,CANCELLED,685.31,COD
2977,2536,68,,2026-02-08 08:49:00,2026-02-08 09:16:00,COMPLETED,547.84,UPI
2978,3579,78,,2026-02-08 09:22:00,2026-02-08 09:56:00,COMPLETED,707.59,UPI
2979,2670,100,,2026-02-08 08:55:00,2026-02-08 09:34:00,COMPLETED,710.88,CARD
2980,4888,57,,2026-02-08 11:20:00,2026-02-08 12:03:00,CANCELLED,557.54,COD
2981,1903,82,,2026-02-08 20:27:00,2026-02-08 21:03:00,CANCELLED,325.58,UPI
2982,3452,37,,2026-02-08 15:31:00,2026-02-08 16:10:00,CANCELLED,255.5,CARD
2983,3973,52,,2026-02-08 15:39:00,2026-02-08 16:08:00,CANCELLED,586.41,CARD
2984,1079,72,,2026-02-08 10:20:00,2026-02-08 10:56:00,COMPLETED,634.81,UPI
2985,4383,61,,2026-02-08 20:22:00,2026-02-08 21:07:00,CANCELLED,750.01,COD
2986,1273,99,,2026-02-08 17:38:00,2026-02-08 18:22:00,CANCELLED,164.78,CARD
2987,2076,9,,2026-02-08 19:30:00,2026-02-08 20:12:00,COMPLETED,278.99,UPI
2988,4838,17,,2026-02-08 11:57:00,2026-02-08 12:24:00,CANCELLED,382.62,COD
2989,1445,60,,2026-02-09 13:53:00,2026-02-09 14:30:00,COMPLETED,451.77,COD
2990,3777,14,,2026-02-09 22:29:00,2026-02-09 22:59:00,COMPLETED,541.9,COD
2991,1896,97,,2026-02-09 14:28:00,2026-02-09 14:56:00,CANCELLED,304.68,CARD
2992,1542,60,,2026-02-09 19:25:00,2026-02-09 20:00:00,CANCELLED,504.97,UPI
2993,1779,28,,2026-02-09 14:25:00,2026-02-09 14:53:00,CANCELLED,198.32,CARD
2994,2257,34,,2026-02-09 17:18:00,2026-02-09 17:52:00,COMPLETED,621.89,COD
2995,2323,7,,2026-02-09 22:45:00,2026-02-09 23:28:00,COMPLETED,711.68,UPI
2996,4985,105,,2026-02-09 16:42:00,2026-02-09 17:08:00,COMPLETED,430.25,UPI
2997,2850,27,,2026-02-09 08:54:00,2026-02-09 09:26:00,CANCELLED,690.8,UPI
2998,1443,119,,2026-02-09 16:01:00,2026-02-09 16:43:00,COMPLETED,738.28,CARD
2999,3733,66,,2026-02-09 21:29:00,2026-02-09 22:09:00,COMPLETED,744.86,COD
3000,3617,12,,2026-02-09 08:14:00,2026-02-09 08:44:00,CANCELLED,731.27,CARD
3001,1419,81,,2026-02-09 17:09:00,2026-02-09 17:39:00,COMPLETED,319.71,UPI
3002,3236,44,,2026-02-09 10:55:00,2026-02-09 11:38:00,CANCELLED,659.86,CARD
3003,1957,98,,2026-02-09 18:21:00,2026-02-09 19:00:00,CANCELLED,713.28,COD
3004,1995,113,,2026-02-09 22:55:00,2026-02-09 23:37:00,COMPLETED,701.25,COD
3005,2672,4,,2026-02-09 17:16:00,2026-02-09 17:51:00,CANCELLED,298.79,UPI
3006,3018,101,,2026-02-09 20:36:00,2026-02-09 21:01:00,CANCELLED,411.81,COD
3007,3867,8,,2026-02-09 15:44:00,2026-02-09 16:24:00,CANCELLED,709.59,UPI
3008,3122,100,,2026-02-09 12:01:00,2026-02-09 12:38:00,COMPLETED,709.07,COD
3009,2540,70,,2026-02-09 14:13:00,2026-02-09 14:38:00,COMPLETED,204.83,COD
3010,3577,45,,2026-02-09 11:04:00,2026-02-09 11:36:00,CANCELLED,588.02,COD
3011,1060,100,,2026-02-09 14:42:00,2026-02-09 15:18:00,CANCELLED,500.4,UPI
3012,2658,73,,2026-02-09 09:47:00,2026-02-09 10:20:00,COMPLETED,626.12,CARD
3013,1297,74,,2026-02-09 19:06:00,2026-02-09 19:36:00,COMPLETED,362.81,UPI
3014,4911,6,,2026-02-09 15:47:00,2026-02-09 16:31:00,CANCELLED,302.89,CARD
3015,2182,101,,2026-02-09 18:23:00,2026-02-09 19:05:00,COMPLETED,769.51,COD
3016,4270,5,,2026-02-09 08:38:00,2026-02-09 09:13:00,COMPLETED,580.5,CARD
3017,3935,89,,2026-02-09 15:23:00,2026-02-09 16:07:00,CANCELLED,479.78,UPI
3018,2221,113,,2026-02-09 19:03:00,2026-02-09 19:32:00,CANCELLED,699.99,CARD
3019,3578,9,,2026-02-09 16:44:00,2026-02-09 17:26:00,COMPLETED,334.32,UPI
3020,3078,59,,2026-02-09 18:41:00,2026-02-09 19:23:00,COMPLETED,601.93,UPI
3021,4783,23,,2026-02-09 09:33:00,2026-02-09 10:09:00,COMPLETED,731.88,UPI
3022,2956,26,,2026-02-09 15:38:00,2026-02-09 16:15:00,COMPLETED,167.04,CARD
3023,2558,100,,2026-02-09 15:42:00,2026-02-09 16:15:00,COMPLETED,776.29,COD
3024,3718,60,,2026-02-09 20:16:00,2026-02-09 21:01:00,CANCELLED,546.78,UPI
3025,1614,110,,2026-02-09 14:33:00,2026-02-09 15:15:00,CANCELLED,478.77,CARD
3026,4428,107,,2026-02-09 22:25:00,2026-02-09 22:54:00,COMPLETED,358.08,CARD
3027,4071,5,,2026-02-09 11:20:00,2026-02-09 12:00:00,CANCELLED,593.02,COD
3028,1762,88,,2026-02-09 14:48:00,2026-02-09 15:33:00,COMPLETED,389.64,CARD
3029,3717,115,,2026-02-09 12:35:00,2026-02-09 13:00:00,CANCELLED,641.12,UPI
3030,2359,88,,2026-02-09 14:30:00,2026-02-09 15:14:00,CANCELLED,519.98,COD
3031,1687,36,,2026-02-09 19:29:00,2026-02-09 19:57:00,COMPLETED,655.95,UPI
3032,2099,33,,2026-02-09 22:32:00,2026-02-09 23:08:00,COMPLETED,757.25,UPI
3033,2614,26,,2026-02-09 15:51:00,2026-02-09 16:34:00,COMPLETED,379.46,CARD
3034,3614,32,,2026-02-09 13:01:00,2026-02-09 13:31:00,COMPLETED,594.29,CARD
3035,4233,51,,2026-02-09 17:49:00,2026-02-09 18:22:00,COMPLETED,713.09,COD
3036,4827,14,,2026-02-09 17:19:00,2026-02-09 18:02:00,CANCELLED,413.19,UPI
3037,1764,69,,2026-02-09 09:21:00,2026-02-09 09:56:00,CANCELLED,619.57,UPI
3038,2593,22,,2026-02-09 11:02:00,2026-02-09 11:37:00,COMPLETED,412.37,CARD
3039,2406,68,,2026-02-09 11:46:00,2026-02-09 12:18:00,CANCELLED,216.44,CARD
3040,3910,51,,2026-02-09 09:48:00,2026-02-09 10:30:00,CANCELLED,387.77,CARD
3041,2076,50,,2026-02-09 16:21:00,2026-02-09 17:02:00,CANCELLED,160.16,UPI
3042,4166,88,,2026-02-09 20:54:00,2026-02-09 21:34:00,CANCELLED,686.16,COD
3043,2255,81,,2026-02-09 08:07:00,2026-02-09 08:38:00,COMPLETED,720.54,CARD
3044,1305,119,,2026-02-09 22:04:00,2026-02-09 22:47:00,COMPLETED,744.02,CARD
3045,1192,26,,2026-02-09 16:15:00,2026-02-09 16:45:00,CANCELLED,528.29,UPI
3046,1352,108,,2026-02-09 21:32:00,2026-02-09 21:58:00,CANCELLED,286.62,UPI
3047,2202,59,,2026-02-09 09:30:00,2026-02-09 10:05:00,COMPLETED,362.4,UPI
3048,1887,94,,2026-02-09 11:27:00,2026-02-09 11:55:00,COMPLETED,387.97,COD
3049,2949,94,,2026-02-09 21:57:00,2026-02-09 22:35:00,COMPLETED,304.8,UPI
3050,1187,3,,2026-02-09 15:38:00,2026-02-09 16:13:00,CANCELLED,769.27,COD
3051,4286,14,,2026-02-09 19:53:00,2026-02-09 20:38:00,CANCELLED,767.75,COD
3052,1726,59,,2026-02-09 08:36:00,2026-02-09 09:12:00,CANCELLED,550.22,COD
3053,3145,61,,2026-02-09 19:52:00,2026-02-09 20:35:00,COMPLETED,543.3,COD
3054,1027,35,,2026-02-09 20:55:00,2026-02-09 21:35:00,CANCELLED,234.35,CARD
3055,4508,99,,2026-02-09 16:59:00,2026-02-09 17:41:00,CANCELLED,411.43,COD
3056,4314,117,,2026-02-09 13:38:00,2026-02-09 14:20:00,CANCELLED,420.45,UPI
3057,3074,54,,2026-02-09 22:44:00,2026-02-09 23:27:00,CANCELLED,500.29,UPI
3058,1566,64,,2026-02-09 13:05:00,2026-02-09 13:35:00,CANCELLED,481.64,CARD
3059,3217,81,,2026-02-09 19:25:00,2026-02-09 19:58:00,CANCELLED,626.38,UPI
3060,4226,92,,2026-02-09 14:12:00,2026-02-09 14:47:00,CANCELLED,265.55,COD
3061,4729,16,,2026-02-09 13:11:00,2026-02-09 13:55:00,COMPLETED,678.07,UPI
3062,1557,120,,2026-02-09 13:40:00,2026-02-09 14:05:00,COMPLETED,723.62,COD
3063,2525,82,,2026-02-09 10:39:00,2026-02-09 11:13:00,COMPLETED,531.12,COD
3064,1537,83,,2026-02-09 09:14:00,2026-02-09 09:46:00,COMPLETED,669.55,UPI
3065,1022,42,,2026-02-09 09:10:00,2026-02-09 09:41:00,CANCELLED,462.34,CARD
3066,3592,55,,2026-02-09 11:28:00,2026-02-09 12:13:00,COMPLETED,593.3,UPI
3067,4486,67,,2026-02-09 13:10:00,2026-02-09 13:44:00,CANCELLED,400.79,CARD
3068,1590,64,,2026-02-09 20:13:00,2026-02-09 20:53:00,COMPLETED,425.0,CARD
3069,3946,38,,2026-02-09 21:27:00,2026-02-09 22:06:00,CANCELLED,247.31,COD
3070,4465,66,,2026-02-09 10:12:00,2026-02-09 10:48:00,COMPLETED,747.51,UPI
3071,3153,28,,2026-02-09 11:34:00,2026-02-09 12:01:00,COMPLETED,609.92,COD
3072,1779,108,,2026-02-09 20:34:00,2026-02-09 21:03:00,COMPLETED,232.09,CARD
3073,1029,81,,2026-02-09 10:26:00,2026-02-09 11:11:00,CANCELLED,555.64,COD
3074,4626,12,,2026-02-09 14:26:00,2026-02-09 14:51:00,COMPLETED,419.99,UPI
3075,3939,71,,2026-02-09 10:43:00,2026-02-09 11:14:00,CANCELLED,374.25,CARD
3076,2654,67,,2026-02-09 10:49:00,2026-02-09 11:29:00,COMPLETED,582.35,COD
3077,4685,45,,2026-02-09 21:25:00,2026-02-09 21:55:00,CANCELLED,451.77,UPI
3078,3302,81,,2026-02-09 20:44:00,2026-02-09 21:20:00,CANCELLED,464.49,UPI
3079,4858,5,,2026-02-09 10:38:00,2026-02-09 11:21:00,CANCELLED,242.59,COD
3080,2566,116,,2026-02-09 16:43:00,2026-02-09 17:22:00,COMPLETED,624.21,UPI
3081,4559,24,,2026-02-09 08:54:00,2026-02-09 09:36:00,CANCELLED,774.23,CARD
3082,1259,59,,2026-02-09 16:00:00,2026-02-09 16:30:00,COMPLETED,278.91,CARD
3083,4792,73,,2026-02-09 20:25:00,2026-02-09 20:56:00,COMPLETED,771.85,COD
3084,1706,20,,2026-02-09 13:33:00,2026-02-09 14:03:00,COMPLETED,631.65,COD
3085,4274,42,,2026-02-09 09:43:00,2026-02-09 10:21:00,COMPLETED,566.23,COD
3086,1589,31,,2026-02-09 17:26:00,2026-02-09 18:08:00,COMPLETED,361.32,UPI
3087,4233,74,,2026-02-09 19:59:00,2026-02-09 20:31:00,COMPLETED,358.13,UPI
3088,1500,63,,2026-02-09 12:33:00,2026-02-09 13:11:00,CANCELLED,629.12,UPI
3089,4310,51,,2026-02-09 11:44:00,2026-02-09 12:14:00,CANCELLED,310.64,COD
3090,2069,111,,2026-02-09 17:44:00,2026-02-09 18:19:00,CANCELLED,525.45,UPI
3091,1739,115,,2026-02-09 18:25:00,2026-02-09 18:53:00,CANCELLED,542.34,CARD
3092,1765,74,,2026-02-09 15:29:00,2026-02-09 15:54:00,COMPLETED,436.09,COD
3093,2009,86,,2026-02-09 08:56:00,2026-02-09 09:31:00,CANCELLED,643.83,UPI
3094,1877,63,,2026-02-09 20:16:00,2026-02-09 20:44:00,CANCELLED,239.88,CARD
3095,1535,20,,2026-02-09 16:51:00,2026-02-09 17:23:00,COMPLETED,678.01,COD
3096,2626,94,,2026-02-09 10:17:00,2026-02-09 10:53:00,COMPLETED,506.19,COD
3097,2086,98,,2026-02-09 08:38:00,2026-02-09 09:04:00,CANCELLED,544.28,CARD
3098,3062,65,,2026-02-09 15:56:00,2026-02-09 16:37:00,CANCELLED,377.05,COD
3099,3733,66,,2026-02-09 19:49:00,2026-02-09 20:25:00,CANCELLED,270.03,CARD
3100,4785,8,,2026-02-09 17:07:00,2026-02-09 17:44:00,COMPLETED,281.3,UPI
3101,4778,50,,2026-02-09 13:09:00,2026-02-09 13:41:00,COMPLETED,679.54,CARD
3102,2885,9,,2026-02-09 13:28:00,2026-02-09 13:56:00,CANCELLED,692.87,COD
3103,4680,119,,2026-02-09 11:35:00,2026-02-09 12:18:00,COMPLETED,164.85,COD
3104,1685,100,,2026-02-09 18:58:00,2026-02-09 19:41:00,CANCELLED,581.61,COD
3105,2957,36,,2026-02-09 13:10:00,2026-02-09 13:41:00,COMPLETED,186.85,COD
3106,2702,61,,2026-02-09 08:05:00,2026-02-09 08:48:00,COMPLETED,286.77,CARD
3107,3493,15,,2026-02-09 16:31:00,2026-02-09 16:58:00,COMPLETED,408.58,CARD
3108,1473,27,,2026-02-09 10:34:00,2026-02-09 11:03:00,COMPLETED,226.75,CARD
3109,2679,60,,2026-02-09 19:57:00,2026-02-09 20:36:00,COMPLETED,184.78,CARD
3110,1474,15,,2026-02-09 21:09:00,2026-02-09 21:36:00,CANCELLED,411.75,COD
3111,1495,80,,2026-02-09 11:05:00,2026-02-09 11:31:00,COMPLETED,440.22,CARD
3112,4112,57,,2026-02-09 13:51:00,2026-02-09 14:32:00,COMPLETED,278.67,CARD
3113,1151,38,,2026-02-09 20:44:00,2026-02-09 21:15:00,COMPLETED,430.44,UPI
3114,1054,85,,2026-02-09 11:33:00,2026-02-09 12:15:00,COMPLETED,445.97,CARD
3115,4181,67,,2026-02-09 21:50:00,2026-02-09 22:24:00,COMPLETED,247.26,UPI
3116,1369,37,,2026-02-09 11:00:00,2026-02-09 11:28:00,COMPLETED,663.39,CARD
3117,3149,18,,2026-02-09 14:44:00,2026-02-09 15:29:00,CANCELLED,708.9,CARD
3118,1551,20,,2026-02-09 19:20:00,2026-02-09 19:55:00,CANCELLED,394.13,COD
3119,1793,90,,2026-02-09 22:20:00,2026-02-09 23:03:00,CANCELLED,796.47,UPI
3120,4439,102,,2026-02-09 20:18:00,2026-02-09 20:55:00,COMPLETED,676.8,CARD
3121,4298,120,,2026-02-09 19:10:00,2026-02-09 19:35:00,COMPLETED,615.19,CARD
3122,1525,100,,2026-02-09 18:10:00,2026-02-09 18:46:00,CANCELLED,685.27,COD
3123,1485,19,,2026-02-09 11:54:00,2026-02-09 12:33:00,CANCELLED,273.99,UPI
3124,3210,47,,2026-02-09 17:22:00,2026-02-09 17:57:00,CANCELLED,349.51,COD
3125,2062,10,,2026-02-09 11:37:00,2026-02-09 12:02:00,COMPLETED,166.67,UPI
3126,1504,47,,2026-02-09 08:55:00,2026-02-09 09:33:00,COMPLETED,461.55,CARD
3127,1247,22,,2026-02-09 16:26:00,2026-02-09 16:59:00,COMPLETED,438.02,CARD
3128,2745,111,,2026-02-09 09:27:00,2026-02-09 10:05:00,COMPLETED,418.02,COD
3129,3175,84,,2026-02-09 10:09:00,2026-02-09 10:43:00,COMPLETED,372.55,UPI
3130,4390,113,,2026-02-09 22:44:00,2026-02-09 23:14:00,COMPLETED,294.19,CARD
3131,1132,32,,2026-02-09 22:47:00,2026-02-09 23:21:00,COMPLETED,231.05,CARD
3132,4918,64,,2026-02-09 14:11:00,2026-02-09 14:48:00,CANCELLED,389.57,UPI
3133,2519,57,,2026-02-09 18:37:00,2026-02-09 19:04:00,CANCELLED,391.78,UPI
3134,2964,108,,2026-02-10 12:12:00,2026-02-10 12:45:00,COMPLETED,238.96,UPI
3135,1011,15,,2026-02-10 15:52:00,2026-02-10 16:30:00,COMPLETED,510.71,COD
3136,1502,5,,2026-02-10 21:36:00,2026-02-10 22:17:00,COMPLETED,167.32,CARD
3137,3268,30,,2026-02-10 21:31:00,2026-02-10 22:09:00,COMPLETED,442.06,UPI
3138,3002,21,,2026-02-10 21:01:00,2026-02-10 21:28:00,CANCELLED,485.58,CARD
3139,1399,104,,2026-02-10 08:13:00,2026-02-10 08:54:00,CANCELLED,441.04,COD
3140,4557,93,,2026-02-10 18:06:00,2026-02-10 18:31:00,COMPLETED,783.23,CARD
3141,1345,26,,2026-02-10 09:02:00,2026-02-10 09:41:00,COMPLETED,415.58,COD
3142,2892,92,,2026-02-10 12:12:00,2026-02-10 12:38:00,COMPLETED,365.89,COD
3143,2479,68,,2026-02-10 21:52:00,2026-02-10 22:26:00,CANCELLED,469.82,COD
3144,1716,15,,2026-02-10 21:40:00,2026-02-10 22:17:00,COMPLETED,166.11,CARD
3145,2429,69,,2026-02-10 15:25:00,2026-02-10 15:55:00,CANCELLED,440.43,CARD
3146,2039,64,,2026-02-10 15:19:00,2026-02-10 16:03:00,COMPLETED,282.97,CARD
3147,1814,86,,2026-02-10 08:05:00,2026-02-10 08:40:00,COMPLETED,544.53,COD
3148,4776,33,,2026-02-10 22:02:00,2026-02-10 22:41:00,CANCELLED,728.26,UPI
3149,1323,46,,2026-02-10 22:02:00,2026-02-10 22:31:00,COMPLETED,491.0,COD
3150,1077,5,,2026-02-10 19:56:00,2026-02-10 20:36:00,COMPLETED,786.88,UPI
3151,1410,40,,2026-02-10 15:04:00,2026-02-10 15:42:00,CANCELLED,557.44,COD
3152,4256,15,,2026-02-10 20:53:00,2026-02-10 21:20:00,COMPLETED,440.51,UPI
3153,1509,117,,2026-02-10 19:22:00,2026-02-10 20:01:00,CANCELLED,174.28,CARD
3154,3398,31,,2026-02-10 19:10:00,2026-02-10 19:43:00,COMPLETED,683.36,CARD
3155,3852,35,,2026-02-10 20:55:00,2026-02-10 21:40:00,COMPLETED,354.78,CARD
3156,2297,101,,2026-02-10 20:04:00,2026-02-10 20:31:00,COMPLETED,177.49,CARD
3157,1155,104,,2026-02-10 18:23:00,2026-02-10 19:04:00,CANCELLED,570.28,CARD
3158,4806,117,,2026-02-10 22:01:00,2026-02-10 22:41:00,CANCELLED,659.16,CARD
3159,1916,83,,2026-02-10 16:24:00,2026-02-10 17:09:00,COMPLETED,279.13,CARD
3160,4332,54,,2026-02-10 15:29:00,2026-02-10 15:57:00,CANCELLED,541.94,CARD
3161,2682,117,,2026-02-10 12:59:00,2026-02-10 13:27:00,CANCELLED,771.04,COD
3162,2174,7,,2026-02-10 11:41:00,2026-02-10 12:21:00,CANCELLED,461.93,UPI
3163,4403,23,,2026-02-10 12:14:00,2026-02-10 12:46:00,CANCELLED,433.98,COD
3164,3743,76,,2026-02-10 20:34:00,2026-02-10 21:15:00,CANCELLED,528.86,COD
3165,4305,2,,2026-02-10 18:25:00,2026-02-10 19:04:00,COMPLETED,612.47,UPI
3166,4473,85,,2026-02-10 10:49:00,2026-02-10 11:27:00,COMPLETED,167.1,UPI
3167,2887,105,,2026-02-10 08:52:00,2026-02-10 09:33:00,COMPLETED,218.7,UPI
3168,3706,86,,2026-02-10 08:56:00,2026-02-10 09:26:00,COMPLETED,560.04,CARD
3169,1389,109,,2026-02-10 18:42:00,2026-02-10 19:15:00,COMPLETED,302.89,CARD
3170,3341,66,,2026-02-10 19:58:00,2026-02-10 20:42:00,CANCELLED,735.54,COD
3171,4942,3,,2026-02-10 09:25:00,2026-02-10 10:04:00,CANCELLED,753.07,CARD
3172,4975,70,,2026-02-10 08:31:00,2026-02-10 08:58:00,CANCELLED,731.21,UPI
3173,1658,98,,2026-02-10 17:07:00,2026-02-10 17:36:00,COMPLETED,443.34,UPI
3174,4020,119,,2026-02-10 16:54:00,2026-02-10 17:35:00,COMPLETED,521.21,UPI
3175,2792,120,,2026-02-10 16:39:00,2026-02-10 17:15:00,COMPLETED,500.41,COD
3176,2062,70,,2026-02-10 21:51:00,2026-02-10 22:16:00,COMPLETED,422.21,UPI
3177,4394,108,,2026-02-10 16:04:00,2026-02-10 16:31:00,COMPLETED,697.38,UPI
3178,2226,77,,2026-02-10 17:36:00,2026-02-10 18:03:00,CANCELLED,209.48,CARD
3179,4826,21,,2026-02-10 19:24:00,2026-02-10 19:51:00,CANCELLED,588.32,CARD
3180,3457,86,,2026-02-10 12:36:00,2026-02-10 13:06:00,CANCELLED,513.8,CARD
3181,3974,97,,2026-02-10 10:34:00,2026-02-10 11:13:00,CANCELLED,526.09,CARD
3182,3722,82,,2026-02-10 22:28:00,2026-02-10 23:08:00,COMPLETED,323.64,CARD
3183,3922,16,,2026-02-10 14:03:00,2026-02-10 14:35:00,CANCELLED,738.07,COD
3184,2734,15,,2026-02-10 21:29:00,2026-02-10 22:12:00,CANCELLED,427.65,UPI
3185,2016,23,,2026-02-10 17:25:00,2026-02-10 18:10:00,CANCELLED,334.68,CARD
3186,1918,43,,2026-02-10 17:26:00,2026-02-10 18:08:00,CANCELLED,380.13,UPI
3187,2630,24,,2026-02-10 17:54:00,2026-02-10 18:39:00,CANCELLED,566.0,CARD
3188,2159,107,,2026-02-10 15:11:00,2026-02-10 15:56:00,CANCELLED,399.42,COD
3189,4832,79,,2026-02-10 20:17:00,2026-02-10 20:50:00,CANCELLED,166.65,UPI
3190,1621,9,,2026-02-10 16:43:00,2026-02-10 17:17:00,CANCELLED,157.55,CARD
3191,2580,19,,2026-02-10 13:46:00,2026-02-10 14:14:00,COMPLETED,787.8,UPI
3192,4381,81,,2026-02-10 17:53:00,2026-02-10 18:25:00,CANCELLED,328.89,CARD
3193,3058,74,,2026-02-10 10:08:00,2026-02-10 10:33:00,COMPLETED,322.85,UPI
3194,1933,79,,2026-02-10 17:05:00,2026-02-10 17:46:00,COMPLETED,722.22,COD
3195,2964,20,,2026-02-10 12:24:00,2026-02-10 13:01:00,CANCELLED,541.26,COD
3196,3552,107,,2026-02-10 15:15:00,2026-02-10 15:40:00,COMPLETED,207.97,COD
3197,3402,115,,2026-02-10 11:39:00,2026-02-10 12:07:00,COMPLETED,382.54,CARD
3198,4361,112,,2026-02-10 18:55:00,2026-02-10 19:25:00,COMPLETED,614.58,COD
3199,2946,93,,2026-02-10 11:58:00,2026-02-10 12:29:00,CANCELLED,731.39,UPI
3200,1179,118,,2026-02-10 11:11:00,2026-02-10 11:43:00,CANCELLED,358.79,CARD
3201,2361,100,,2026-02-10 09:36:00,2026-02-10 10:13:00,COMPLETED,741.51,UPI
3202,3029,19,,2026-02-10 12:45:00,2026-02-10 13:19:00,CANCELLED,230.97,COD
3203,3663,5,,2026-02-10 15:19:00,2026-02-10 15:54:00,COMPLETED,603.06,UPI
3204,2705,52,,2026-02-10 08:28:00,2026-02-10 09:11:00,COMPLETED,455.53,CARD
3205,4163,67,,2026-02-10 16:15:00,2026-02-10 16:42:00,COMPLETED,605.13,CARD
3206,4084,70,,2026-02-10 17:11:00,2026-02-10 17:54:00,COMPLETED,505.36,CARD
3207,2891,107,,2026-02-10 08:02:00,2026-02-10 08:39:00,COMPLETED,212.98,COD
3208,2694,67,,2026-02-10 15:33:00,2026-02-10 16:06:00,COMPLETED,661.73,UPI
3209,4764,51,,2026-02-10 18:37:00,2026-02-10 19:07:00,CANCELLED,765.67,CARD
3210,3716,69,,2026-02-10 15:12:00,2026-02-10 15:56:00,COMPLETED,604.27,CARD
3211,3250,57,,2026-02-10 14:45:00,2026-02-10 15:29:00,CANCELLED,754.7,UPI
3212,3820,115,,2026-02-10 17:40:00,2026-02-10 18:14:00,COMPLETED,362.76,CARD
3213,4291,85,,2026-02-10 12:27:00,2026-02-10 13:02:00,COMPLETED,221.92,CARD
3214,3783,24,,2026-02-10 10:18:00,2026-02-10 11:02:00,COMPLETED,699.13,UPI
3215,3854,119,,2026-02-10 14:09:00,2026-02-10 14:41:00,CANCELLED,727.95,COD
3216,1288,61,,2026-02-10 13:59:00,2026-02-10 14:27:00,COMPLETED,424.61,CARD
3217,4410,77,,2026-02-10 09:03:00,2026-02-10 09:35:00,CANCELLED,284.64,UPI
3218,4997,91,,2026-02-10 12:14:00,2026-02-10 12:52:00,COMPLETED,215.01,CARD
3219,2525,77,,2026-02-10 12:26:00,2026-02-10 13:01:00,COMPLETED,396.34,COD
3220,3433,84,,2026-02-10 08:50:00,2026-02-10 09:15:00,CANCELLED,674.55,UPI
3221,2024,23,,2026-02-10 17:03:00,2026-02-10 17:46:00,COMPLETED,340.66,UPI
3222,4217,116,,2026-02-10 14:24:00,2026-02-10 14:57:00,CANCELLED,430.37,UPI
3223,4232,56,,2026-02-10 08:51:00,2026-02-10 09:26:00,CANCELLED,255.19,UPI
3224,4543,47,,2026-02-10 13:22:00,2026-02-10 14:00:00,CANCELLED,641.57,UPI
3225,3339,58,,2026-02-10 17:10:00,2026-02-10 17:35:00,CANCELLED,649.2,COD
3226,4298,78,,2026-02-10 11:16:00,2026-02-10 11:57:00,COMPLETED,426.35,COD
3227,2057,103,,2026-02-10 22:37:00,2026-02-10 23:13:00,CANCELLED,719.33,COD
3228,1754,99,,2026-02-10 22:34:00,2026-02-10 23:19:00,CANCELLED,368.73,UPI
3229,2624,81,,2026-02-10 08:55:00,2026-02-10 09:23:00,CANCELLED,542.37,UPI
3230,1037,89,,2026-02-10 11:54:00,2026-02-10 12:20:00,CANCELLED,254.17,COD
3231,1623,38,,2026-02-10 10:01:00,2026-02-10 10:31:00,COMPLETED,776.13,UPI
3232,3842,85,,2026-02-10 15:18:00,2026-02-10 15:58:00,CANCELLED,351.9,COD
3233,3511,9,,2026-02-10 21:02:00,2026-02-10 21:37:00,CANCELLED,168.04,COD
3234,3904,13,,2026-02-10 11:01:00,2026-02-10 11:34:00,COMPLETED,392.13,CARD
3235,3184,103,,2026-02-10 21:54:00,2026-02-10 22:27:00,CANCELLED,795.69,COD
3236,1061,14,,2026-02-10 20:58:00,2026-02-10 21:40:00,CANCELLED,532.73,UPI
3237,3288,17,,2026-02-10 16:12:00,2026-02-10 16:52:00,COMPLETED,718.5,COD
3238,4614,46,,2026-02-10 17:51:00,2026-02-10 18:35:00,CANCELLED,754.97,COD
3239,2827,18,,2026-02-10 21:41:00,2026-02-10 22:14:00,CANCELLED,665.14,COD
3240,1311,19,,2026-02-10 18:53:00,2026-02-10 19:31:00,COMPLETED,747.69,COD
3241,2029,30,,2026-02-10 11:28:00,2026-02-10 12:09:00,CANCELLED,372.4,UPI
3242,3988,50,,2026-02-10 13:54:00,2026-02-10 14:37:00,COMPLETED,449.78,UPI
3243,1691,48,,2026-02-10 21:58:00,2026-02-10 22:43:00,CANCELLED,766.19,COD
3244,1505,86,,2026-02-10 13:17:00,2026-02-10 13:46:00,COMPLETED,477.25,UPI
3245,1193,5,,2026-02-10 14:10:00,2026-02-10 14:43:00,CANCELLED,315.4,CARD
3246,3671,60,,2026-02-10 14:16:00,2026-02-10 14:50:00,CANCELLED,630.85,COD
3247,1456,18,,2026-02-10 22:25:00,2026-02-10 22:52:00,COMPLETED,250.21,CARD
3248,4152,69,,2026-02-10 15:38:00,2026-02-10 16:12:00,CANCELLED,593.41,CARD
3249,2846,57,,2026-02-10 20:31:00,2026-02-10 20:58:00,CANCELLED,646.7,COD
3250,3642,83,,2026-02-10 19:20:00,2026-02-10 19:54:00,COMPLETED,468.04,COD
3251,3207,49,,2026-02-10 11:16:00,2026-02-10 11:58:00,COMPLETED,682.77,UPI
3252,3683,70,,2026-02-10 14:02:00,2026-02-10 14:27:00,COMPLETED,670.78,COD
3253,4941,32,,2026-02-10 18:21:00,2026-02-10 18:58:00,COMPLETED,315.7,CARD
3254,1135,50,,2026-02-10 18:50:00,2026-02-10 19:21:00,COMPLETED,361.25,CARD
3255,2092,80,,2026-02-10 16:35:00,2026-02-10 17:04:00,COMPLETED,365.17,COD
3256,1146,110,,2026-02-10 13:12:00,2026-02-10 13:37:00,COMPLETED,484.56,CARD
3257,2804,61,,2026-02-10 22:53:00,2026-02-10 23:30:00,CANCELLED,484.22,COD
3258,2414,23,,2026-02-10 22:22:00,2026-02-10 23:00:00,CANCELLED,315.17,CARD
3259,2072,55,,2026-02-10 14:08:00,2026-02-10 14:41:00,COMPLETED,686.8,COD
3260,4600,47,,2026-02-10 21:59:00,2026-02-10 22:41:00,COMPLETED,458.82,CARD
3261,3885,101,,2026-02-10 11:42:00,2026-02-10 12:21:00,COMPLETED,160.12,CARD
3262,1986,83,,2026-02-10 19:06:00,2026-02-10 19:41:00,COMPLETED,245.6,UPI
3263,3707,33,,2026-02-10 16:34:00,2026-02-10 17:15:00,CANCELLED,672.54,CARD
3264,3401,68,,2026-02-10 17:53:00,2026-02-10 18:31:00,COMPLETED,725.12,CARD
3265,2253,41,,2026-02-10 18:13:00,2026-02-10 18:39:00,CANCELLED,526.2,COD
3266,1428,36,,2026-02-10 22:17:00,2026-02-10 22:57:00,CANCELLED,592.67,UPI
3267,1149,104,,2026-02-10 14:25:00,2026-02-10 14:57:00,COMPLETED,710.2,CARD
3268,3910,33,,2026-02-10 17:13:00,2026-02-10 17:50:00,COMPLETED,324.07,COD
3269,3657,29,,2026-02-10 22:11:00,2026-02-10 22:53:00,CANCELLED,255.78,COD
3270,4245,14,,2026-02-10 12:03:00,2026-02-10 12:46:00,COMPLETED,784.26,CARD
3271,3047,4,,2026-02-10 19:15:00,2026-02-10 19:57:00,CANCELLED,747.97,COD
3272,1706,67,,2026-02-10 17:40:00,2026-02-10 18:11:00,COMPLETED,612.6,CARD
3273,1596,16,,2026-02-10 11:37:00,2026-02-10 12:07:00,COMPLETED,680.54,COD
3274,1719,114,,2026-02-10 11:09:00,2026-02-10 11:41:00,COMPLETED,160.58,CARD
3275,2889,56,,2026-02-10 16:54:00,2026-02-10 17:31:00,CANCELLED,224.5,COD
3276,3444,86,,2026-02-11 22:21:00,2026-02-11 23:06:00,CANCELLED,614.66,COD
3277,1342,105,,2026-02-11 08:11:00,2026-02-11 08:53:00,CANCELLED,273.08,UPI
3278,2182,8,,2026-02-11 21:35:00,2026-02-11 22:02:00,COMPLETED,733.53,UPI
3279,1999,83,,2026-02-11 13:26:00,2026-02-11 14:11:00,COMPLETED,533.26,COD
3280,2131,54,,2026-02-11 21:25:00,2026-02-11 22:05:00,COMPLETED,276.74,UPI
3281,2295,107,,2026-02-11 14:58:00,2026-02-11 15:41:00,COMPLETED,172.66,COD
3282,2872,107,,2026-02-11 20:30:00,2026-02-11 20:55:00,CANCELLED,745.4,COD
3283,4864,43,,2026-02-11 14:18:00,2026-02-11 14:51:00,CANCELLED,434.4,COD
3284,4698,89,,2026-02-11 13:39:00,2026-02-11 14:04:00,COMPLETED,433.34,CARD
3285,2100,12,,2026-02-11 14:39:00,2026-02-11 15:17:00,COMPLETED,158.48,CARD
3286,2225,112,,2026-02-11 14:42:00,2026-02-11 15:18:00,COMPLETED,610.82,CARD
3287,2155,1,,2026-02-11 22:20:00,2026-02-11 22:52:00,CANCELLED,502.07,COD
3288,4350,119,,2026-02-11 14:48:00,2026-02-11 15:32:00,CANCELLED,652.08,UPI
3289,3519,2,,2026-02-11 08:42:00,2026-02-11 09:23:00,CANCELLED,652.45,COD
3290,3245,26,,2026-02-11 15:20:00,2026-02-11 15:58:00,CANCELLED,510.07,UPI
3291,3312,80,,2026-02-11 17:07:00,2026-02-11 17:50:00,CANCELLED,253.55,CARD
3292,3162,30,,2026-02-11 15:50:00,2026-02-11 16:15:00,CANCELLED,512.72,CARD
3293,1484,61,,2026-02-11 18:50:00,2026-02-11 19:33:00,CANCELLED,658.03,COD
3294,2519,103,,2026-02-11 14:12:00,2026-02-11 14:37:00,CANCELLED,267.4,UPI
3295,3332,59,,2026-02-11 22:24:00,2026-02-11 22:51:00,CANCELLED,165.19,CARD
3296,1091,12,,2026-02-11 12:02:00,2026-02-11 12:31:00,COMPLETED,430.55,CARD
3297,2861,109,,2026-02-11 21:02:00,2026-02-11 21:38:00,COMPLETED,397.09,UPI
3298,4501,1,,2026-02-11 09:20:00,2026-02-11 10:02:00,CANCELLED,757.44,COD
3299,2479,43,,2026-02-11 21:22:00,2026-02-11 22:01:00,CANCELLED,781.49,COD
3300,2871,38,,2026-02-11 15:51:00,2026-02-11 16:31:00,COMPLETED,586.13,COD
3301,2577,78,,2026-02-11 16:19:00,2026-02-11 16:53:00,COMPLETED,659.64,COD
3302,3258,19,,2026-02-11 17:14:00,2026-02-11 17:59:00,CANCELLED,209.74,CARD
3303,4850,18,,2026-02-11 18:06:00,2026-02-11 18:43:00,CANCELLED,323.08,COD
3304,4862,62,,2026-02-11 10:24:00,2026-02-11 11:08:00,CANCELLED,482.95,COD
3305,4322,91,,2026-02-11 15:40:00,2026-02-11 16:06:00,CANCELLED,618.65,UPI
3306,1431,106,,2026-02-11 12:32:00,2026-02-11 13:01:00,CANCELLED,592.66,UPI
3307,2306,56,,2026-02-11 16:17:00,2026-02-11 16:43:00,COMPLETED,151.88,CARD
3308,4459,112,,2026-02-11 10:24:00,2026-02-11 10:53:00,CANCELLED,473.01,COD
3309,1073,94,,2026-02-11 20:07:00,2026-02-11 20:50:00,COMPLETED,191.19,UPI
3310,2679,36,,2026-02-11 11:44:00,2026-02-11 12:19:00,COMPLETED,448.58,COD
3311,2140,109,,2026-02-11 22:07:00,2026-02-11 22:36:00,CANCELLED,794.72,CARD
3312,3502,42,,2026-02-11 10:46:00,2026-02-11 11:28:00,CANCELLED,153.29,COD
3313,3670,117,,2026-02-11 16:17:00,2026-02-11 16:58:00,COMPLETED,254.6,UPI
3314,1984,12,,2026-02-11 20:14:00,2026-02-11 20:53:00,COMPLETED,795.9,COD
3315,4785,120,,2026-02-11 14:38:00,2026-02-11 15:20:00,CANCELLED,154.06,COD
3316,4862,72,,2026-02-11 09:00:00,2026-02-11 09:36:00,COMPLETED,209.45,CARD
3317,3500,23,,2026-02-11 14:20:00,2026-02-11 14:45:00,CANCELLED,725.84,COD
3318,2290,24,,2026-02-11 21:55:00,2026-02-11 22:22:00,CANCELLED,202.57,COD
3319,1931,105,,2026-02-11 20:41:00,2026-02-11 21:17:00,CANCELLED,184.61,CARD
3320,1179,5,,2026-02-11 10:19:00,2026-02-11 10:50:00,CANCELLED,196.07,UPI
3321,3787,2,,2026-02-11 18:07:00,2026-02-11 18:42:00,COMPLETED,772.04,UPI
3322,1354,113,,2026-02-11 19:57:00,2026-02-11 20:42:00,CANCELLED,515.15,UPI
3323,1929,104,,2026-02-11 19:55:00,2026-02-11 20:29:00,COMPLETED,668.34,CARD
3324,3429,72,,2026-02-11 15:59:00,2026-02-11 16:37:00,COMPLETED,712.38,UPI
3325,3437,33,,2026-02-11 13:52:00,2026-02-11 14:21:00,CANCELLED,771.76,COD
3326,4929,80,,2026-02-11 15:03:00,2026-02-11 15:30:00,COMPLETED,785.31,COD
3327,4321,69,,2026-02-11 21:44:00,2026-02-11 22:18:00,COMPLETED,288.59,CARD
3328,1145,34,,2026-02-11 21:12:00,2026-02-11 21:39:00,CANCELLED,179.51,UPI
3329,3719,79,,2026-02-11 21:13:00,2026-02-11 21:55:00,CANCELLED,294.16,COD
3330,4655,38,,2026-02-11 09:10:00,2026-02-11 09:49:00,COMPLETED,781.03,CARD
3331,2048,68,,2026-02-11 14:08:00,2026-02-11 14:47:00,COMPLETED,369.31,COD
3332,1247,52,,2026-02-11 15:10:00,2026-02-11 15:51:00,CANCELLED,786.36,UPI
3333,2834,25,,2026-02-11 08:39:00,2026-02-11 09:17:00,COMPLETED,793.32,UPI
3334,3061,25,,2026-02-11 13:06:00,2026-02-11 13:48:00,CANCELLED,778.99,UPI
3335,2567,118,,2026-02-11 21:39:00,2026-02-11 22:11:00,CANCELLED,413.83,COD
3336,2355,43,,2026-02-11 17:13:00,2026-02-11 17:39:00,COMPLETED,439.59,UPI
3337,2611,47,,2026-02-11 12:43:00,2026-02-11 13:09:00,CANCELLED,552.92,UPI
3338,4935,51,,2026-02-11 09:21:00,2026-02-11 09:57:00,COMPLETED,283.89,COD
3339,3433,5,,2026-02-11 20:26:00,2026-02-11 20:51:00,CANCELLED,736.5,UPI
3340,3020,81,,2026-02-11 09:49:00,2026-02-11 10:15:00,CANCELLED,624.9,CARD
3341,4643,30,,2026-02-11 18:14:00,2026-02-11 18:42:00,COMPLETED,768.18,COD
3342,4855,50,,2026-02-11 15:53:00,2026-02-11 16:34:00,COMPLETED,540.67,CARD
3343,2345,104,,2026-02-11 08:19:00,2026-02-11 08:48:00,CANCELLED,607.7,UPI
3344,1221,88,,2026-02-11 19:38:00,2026-02-11 20:15:00,COMPLETED,259.32,COD
3345,2519,118,,2026-02-11 14:55:00,2026-02-11 15:39:00,COMPLETED,354.83,UPI
3346,3795,23,,2026-02-11 19:55:00,2026-02-11 20:22:00,COMPLETED,730.43,CARD
3347,2792,116,,2026-02-11 10:18:00,2026-02-11 10:48:00,CANCELLED,660.21,CARD
3348,1043,21,,2026-02-11 14:05:00,2026-02-11 14:31:00,CANCELLED,643.71,CARD
3349,2308,15,,2026-02-11 08:51:00,2026-02-11 09:18:00,CANCELLED,289.49,CARD
3350,4959,103,,2026-02-11 11:07:00,2026-02-11 11:43:00,CANCELLED,436.1,CARD
3351,2794,37,,2026-02-11 13:47:00,2026-02-11 14:13:00,COMPLETED,771.31,UPI
3352,3884,25,,2026-02-11 09:42:00,2026-02-11 10:21:00,COMPLETED,451.4,CARD
3353,3901,96,,2026-02-11 08:50:00,2026-02-11 09:26:00,CANCELLED,568.54,COD
3354,1197,2,,2026-02-11 19:22:00,2026-02-11 19:49:00,CANCELLED,337.1,CARD
3355,4972,39,,2026-02-11 18:36:00,2026-02-11 19:07:00,COMPLETED,282.12,CARD
3356,2136,45,,2026-02-11 10:01:00,2026-02-11 10:26:00,COMPLETED,759.5,COD
3357,3074,79,,2026-02-11 15:18:00,2026-02-11 15:44:00,CANCELLED,191.87,CARD
3358,3512,117,,2026-02-11 13:07:00,2026-02-11 13:52:00,COMPLETED,771.02,CARD
3359,3525,115,,2026-02-11 13:44:00,2026-02-11 14:28:00,COMPLETED,773.9,UPI
3360,4724,48,,2026-02-11 13:54:00,2026-02-11 14:26:00,CANCELLED,245.23,UPI
3361,1136,8,,2026-02-11 14:37:00,2026-02-11 15:04:00,CANCELLED,776.44,CARD
3362,3638,3,,2026-02-11 17:51:00,2026-02-11 18:16:00,CANCELLED,521.28,CARD
3363,3239,50,,2026-02-11 09:00:00,2026-02-11 09:27:00,CANCELLED,460.38,COD
3364,2961,65,,2026-02-11 21:16:00,2026-02-11 21:48:00,CANCELLED,601.35,COD
3365,3712,25,,2026-02-11 20:13:00,2026-02-11 20:44:00,CANCELLED,349.39,CARD
3366,1084,1,,2026-02-11 14:23:00,2026-02-11 14:55:00,CANCELLED,469.0,UPI
3367,2368,42,,2026-02-11 20:56:00,2026-02-11 21:26:00,COMPLETED,291.68,CARD
3368,1298,64,,2026-02-11 13:56:00,2026-02-11 14:21:00,COMPLETED,790.49,UPI
3369,4681,51,,2026-02-11 12:21:00,2026-02-11 12:50:00,COMPLETED,335.81,UPI
3370,1752,75,,2026-02-11 17:10:00,2026-02-11 17:43:00,COMPLETED,558.03,CARD
3371,1896,102,,2026-02-11 17:46:00,2026-02-11 18:15:00,COMPLETED,350.01,COD
3372,4019,101,,2026-02-11 09:11:00,2026-02-11 09:36:00,COMPLETED,521.36,CARD
3373,2458,32,,2026-02-11 15:11:00,2026-02-11 15:37:00,COMPLETED,564.18,CARD
3374,3090,33,,2026-02-11 17:29:00,2026-02-11 18:07:00,COMPLETED,159.06,COD
3375,2608,57,,2026-02-11 09:30:00,2026-02-11 10:07:00,COMPLETED,666.48,CARD
3376,4671,87,,2026-02-11 08:06:00,2026-02-11 08:40:00,CANCELLED,772.5,UPI
3377,3279,102,,2026-02-11 13:42:00,2026-02-11 14:25:00,CANCELLED,360.13,CARD
3378,1359,22,,2026-02-11 22:41:00,2026-02-11 23:11:00,CANCELLED,352.6,UPI
3379,4904,108,,2026-02-11 08:47:00,2026-02-11 09:19:00,COMPLETED,422.4,COD
3380,4623,89,,2026-02-11 21:36:00,2026-02-11 22:01:00,COMPLETED,447.42,UPI
3381,1318,33,,2026-02-11 16:53:00,2026-02-11 17:23:00,CANCELLED,789.15,COD
3382,1516,1,,2026-02-11 19:51:00,2026-02-11 20:35:00,CANCELLED,224.45,UPI
3383,1924,92,,2026-02-11 22:22:00,2026-02-11 22:52:00,COMPLETED,267.61,UPI
3384,1405,83,,2026-02-11 19:57:00,2026-02-11 20:27:00,COMPLETED,193.89,CARD
3385,3139,74,,2026-02-11 21:24:00,2026-02-11 21:52:00,CANCELLED,619.81,CARD
3386,1386,56,,2026-02-11 14:14:00,2026-02-11 14:57:00,COMPLETED,652.32,CARD
3387,3193,48,,2026-02-11 15:27:00,2026-02-11 15:58:00,CANCELLED,507.65,COD
3388,4607,41,,2026-02-11 20:27:00,2026-02-11 21:10:00,CANCELLED,598.67,UPI
3389,2563,72,,2026-02-11 10:51:00,2026-02-11 11:19:00,COMPLETED,610.74,UPI
3390,3191,98,,2026-02-11 12:02:00,2026-02-11 12:42:00,COMPLETED,193.66,UPI
3391,3082,117,,2026-02-11 18:23:00,2026-02-11 18:52:00,CANCELLED,734.49,CARD
3392,4938,113,,2026-02-11 12:42:00,2026-02-11 13:17:00,CANCELLED,713.05,CARD
3393,1565,22,,2026-02-11 09:38:00,2026-02-11 10:19:00,CANCELLED,255.63,COD
3394,1875,79,,2026-02-11 11:01:00,2026-02-11 11:43:00,CANCELLED,498.83,CARD
3395,1554,85,,2026-02-11 22:18:00,2026-02-11 22:50:00,COMPLETED,188.45,COD
3396,2995,36,,2026-02-11 12:44:00,2026-02-11 13:17:00,COMPLETED,625.24,CARD
3397,4062,15,,2026-02-11 22:40:00,2026-02-11 23:21:00,COMPLETED,423.95,UPI
3398,3910,26,,2026-02-11 17:51:00,2026-02-11 18:35:00,COMPLETED,587.53,CARD
3399,1522,5,,2026-02-11 18:42:00,2026-02-11 19:07:00,COMPLETED,786.14,UPI
3400,1897,110,,2026-02-11 20:11:00,2026-02-11 20:40:00,COMPLETED,234.88,UPI
3401,4483,120,,2026-02-11 16:29:00,2026-02-11 17:05:00,COMPLETED,602.04,COD
3402,3940,25,,2026-02-11 12:09:00,2026-02-11 12:45:00,COMPLETED,734.03,COD
3403,2711,43,,2026-02-11 16:35:00,2026-02-11 17:02:00,COMPLETED,414.65,UPI
3404,3794,106,,2026-02-11 11:21:00,2026-02-11 11:46:00,COMPLETED,373.88,CARD
3405,2871,59,,2026-02-11 11:56:00,2026-02-11 12:35:00,CANCELLED,408.62,CARD
3406,3200,29,,2026-02-11 09:38:00,2026-02-11 10:22:00,COMPLETED,649.14,CARD
3407,1663,77,,2026-02-11 08:23:00,2026-02-11 09:08:00,COMPLETED,420.21,CARD
3408,2923,39,,2026-02-11 20:40:00,2026-02-11 21:07:00,CANCELLED,712.37,COD
3409,3384,96,,2026-02-11 22:41:00,2026-02-11 23:11:00,COMPLETED,227.57,COD
3410,4449,95,,2026-02-11 12:29:00,2026-02-11 13:01:00,CANCELLED,193.47,UPI
3411,1617,73,,2026-02-11 14:41:00,2026-02-11 15:11:00,COMPLETED,670.95,COD
3412,2994,2,,2026-02-11 10:01:00,2026-02-11 10:39:00,COMPLETED,388.48,CARD
3413,4446,117,,2026-02-11 14:17:00,2026-02-11 14:55:00,CANCELLED,449.33,COD
3414,3868,51,,2026-02-11 14:32:00,2026-02-11 15:04:00,COMPLETED,204.67,CARD
3415,2482,47,,2026-02-11 21:43:00,2026-02-11 22:20:00,COMPLETED,347.08,UPI
3416,2230,84,,2026-02-11 21:17:00,2026-02-11 21:50:00,COMPLETED,436.63,UPI
3417,3805,40,,2026-02-11 14:40:00,2026-02-11 15:11:00,COMPLETED,616.23,CARD
3418,1034,39,,2026-02-11 15:06:00,2026-02-11 15:42:00,CANCELLED,258.73,COD
3419,2578,18,,2026-02-11 10:12:00,2026-02-11 10:42:00,CANCELLED,723.34,COD
3420,4967,19,,2026-02-11 09:30:00,2026-02-11 10:04:00,CANCELLED,290.69,UPI
3421,4766,107,,2026-02-11 19:21:00,2026-02-11 19:50:00,CANCELLED,761.54,CARD
3422,2091,87,,2026-02-11 19:52:00,2026-02-11 20:27:00,COMPLETED,215.92,CARD
3423,3606,114,,2026-02-11 22:30:00,2026-02-11 23:11:00,COMPLETED,496.97,UPI
3424,1401,95,,2026-02-11 18:08:00,2026-02-11 18:52:00,CANCELLED,245.89,COD
3425,4716,106,,2026-02-11 20:21:00,2026-02-11 20:55:00,COMPLETED,577.71,CARD
3426,2079,29,,2026-02-11 19:39:00,2026-02-11 20:16:00,COMPLETED,513.81,COD
3427,4879,59,,2026-02-11 10:17:00,2026-02-11 10:51:00,COMPLETED,727.83,CARD
3428,3177,31,,2026-02-11 08:58:00,2026-02-11 09:34:00,COMPLETED,309.59,COD
3429,4313,89,,2026-02-11 21:54:00,2026-02-11 22:20:00,COMPLETED,200.41,CARD
3430,4474,86,,2026-02-11 22:14:00,2026-02-11 22:50:00,CANCELLED,413.68,UPI
3431,2514,111,,2026-02-11 20:16:00,2026-02-11 20:49:00,CANCELLED,655.94,UPI
3432,3765,35,,2026-02-11 19:46:00,2026-02-11 20:29:00,CANCELLED,365.04,UPI
3433,3916,115,,2026-02-11 14:51:00,2026-02-11 15:34:00,CANCELLED,619.13,CARD
3434,2476,31,,2026-02-11 13:43:00,2026-02-11 14:14:00,CANCELLED,390.97,UPI
3435,2609,50,,2026-02-11 22:37:00,2026-02-11 23:10:00,CANCELLED,775.48,COD
3436,4710,36,,2026-02-11 15:21:00,2026-02-11 15:52:00,COMPLETED,201.4,UPI
3437,1090,69,,2026-02-11 12:52:00,2026-02-11 13:28:00,COMPLETED,522.25,CARD
3438,1358,105,,2026-02-11 13:13:00,2026-02-11 13:54:00,CANCELLED,270.49,UPI
3439,2323,101,,2026-02-11 18:10:00,2026-02-11 18:39:00,CANCELLED,524.22,UPI
3440,1744,15,,2026-02-11 13:09:00,2026-02-11 13:48:00,COMPLETED,158.81,UPI
3441,2507,100,,2026-02-11 10:19:00,2026-02-11 10:51:00,COMPLETED,322.7,UPI
3442,1215,86,,2026-02-11 10:05:00,2026-02-11 10:39:00,CANCELLED,572.93,CARD
3443,4246,115,,2026-02-11 11:20:00,2026-02-11 11:52:00,COMPLETED,761.62,COD
3444,4629,40,,2026-02-11 13:08:00,2026-02-11 13:43:00,COMPLETED,616.96,COD
3445,2690,29,,2026-02-11 15:43:00,2026-02-11 16:26:00,CANCELLED,296.9,CARD
3446,3187,83,,2026-02-11 08:18:00,2026-02-11 08:43:00,COMPLETED,472.19,CARD
3447,4767,22,,2026-02-11 22:01:00,2026-02-11 22:37:00,COMPLETED,755.75,COD
3448,2829,12,,2026-02-11 14:17:00,2026-02-11 14:59:00,CANCELLED,356.92,COD
3449,4027,115,,2026-02-11 14:11:00,2026-02-11 14:44:00,COMPLETED,431.41,CARD
3450,2063,35,,2026-02-11 21:36:00,2026-02-11 22:15:00,CANCELLED,181.6,UPI
3451,4952,21,,2026-02-11 11:18:00,2026-02-11 12:03:00,COMPLETED,599.48,UPI
3452,4585,95,,2026-02-11 21:35:00,2026-02-11 22:10:00,COMPLETED,294.67,UPI
3453,1540,74,,2026-02-11 15:53:00,2026-02-11 16:32:00,CANCELLED,410.2,UPI
3454,1798,60,,2026-02-11 14:56:00,2026-02-11 15:27:00,COMPLETED,222.46,COD
3455,4788,98,,2026-02-11 19:01:00,2026-02-11 19:27:00,CANCELLED,679.94,UPI
3456,1100,119,,2026-02-11 17:09:00,2026-02-11 17:36:00,CANCELLED,361.56,CARD
3457,1148,4,,2026-02-11 19:14:00,2026-02-11 19:40:00,COMPLETED,464.5,CARD
3458,1269,40,,2026-02-11 11:02:00,2026-02-11 11:31:00,COMPLETED,357.86,CARD
3459,1491,55,,2026-02-11 22:27:00,2026-02-11 22:58:00,COMPLETED,542.74,COD
3460,4150,118,,2026-02-11 17:47:00,2026-02-11 18:15:00,COMPLETED,645.99,CARD
3461,3024,22,,2026-02-12 19:50:00,2026-02-12 20:17:00,COMPLETED,279.0,COD
3462,2416,45,,2026-02-12 14:27:00,2026-02-12 15:11:00,COMPLETED,486.76,UPI
3463,3461,83,,2026-02-12 11:00:00,2026-02-12 11:25:00,COMPLETED,524.15,CARD
3464,4211,32,,2026-02-12 22:36:00,2026-02-12 23:16:00,CANCELLED,233.08,UPI
3465,4388,115,,2026-02-12 18:30:00,2026-02-12 19:06:00,COMPLETED,741.2,COD
3466,3621,89,,2026-02-12 10:53:00,2026-02-12 11:22:00,CANCELLED,297.45,CARD
3467,3471,78,,2026-02-12 11:14:00,2026-02-12 11:55:00,COMPLETED,150.93,UPI
3468,3831,89,,2026-02-12 22:33:00,2026-02-12 23:13:00,COMPLETED,658.21,COD
3469,2733,55,,2026-02-12 10:12:00,2026-02-12 10:44:00,COMPLETED,479.73,COD
3470,1375,117,,2026-02-12 16:00:00,2026-02-12 16:37:00,COMPLETED,508.3,UPI
3471,1767,50,,2026-02-12 08:46:00,2026-02-12 09:27:00,CANCELLED,662.14,COD
3472,4305,21,,2026-02-12 21:02:00,2026-02-12 21:43:00,COMPLETED,397.74,COD
3473,1510,20,,2026-02-12 08:14:00,2026-02-12 08:54:00,CANCELLED,214.85,CARD
3474,1910,115,,2026-02-12 22:25:00,2026-02-12 23:07:00,COMPLETED,608.96,UPI
3475,2780,119,,2026-02-12 19:22:00,2026-02-12 20:07:00,CANCELLED,497.19,UPI
3476,2959,26,,2026-02-12 21:18:00,2026-02-12 21:55:00,CANCELLED,437.7,UPI
3477,1859,28,,2026-02-12 10:14:00,2026-02-12 10:43:00,COMPLETED,242.06,COD
3478,1069,82,,2026-02-12 20:09:00,2026-02-12 20:50:00,COMPLETED,640.35,UPI
3479,2417,72,,2026-02-12 12:19:00,2026-02-12 12:48:00,COMPLETED,616.28,CARD
3480,4523,24,,2026-02-12 19:41:00,2026-02-12 20:26:00,COMPLETED,627.26,UPI
3481,2544,24,,2026-02-12 14:54:00,2026-02-12 15:20:00,CANCELLED,287.19,CARD
3482,1992,107,,2026-02-12 08:50:00,2026-02-12 09:27:00,CANCELLED,711.92,COD
3483,1469,69,,2026-02-12 09:08:00,2026-02-12 09:53:00,COMPLETED,326.51,CARD
3484,2129,14,,2026-02-12 21:32:00,2026-02-12 22:12:00,COMPLETED,154.1,CARD
3485,4509,72,,2026-02-12 13:22:00,2026-02-12 13:54:00,CANCELLED,651.91,CARD
3486,1608,2,,2026-02-12 17:35:00,2026-02-12 18:10:00,COMPLETED,292.84,UPI
3487,3707,8,,2026-02-12 10:58:00,2026-02-12 11:35:00,CANCELLED,581.58,COD
3488,3690,47,,2026-02-12 17:44:00,2026-02-12 18:24:00,CANCELLED,191.12,CARD
3489,1184,47,,2026-02-12 12:43:00,2026-02-12 13:23:00,CANCELLED,313.43,COD
3490,4837,81,,2026-02-12 21:38:00,2026-02-12 22:08:00,COMPLETED,389.39,UPI
3491,1294,10,,2026-02-12 20:17:00,2026-02-12 20:50:00,CANCELLED,364.47,UPI
3492,4822,86,,2026-02-12 08:17:00,2026-02-12 09:00:00,COMPLETED,524.55,UPI
3493,3420,42,,2026-02-12 18:06:00,2026-02-12 18:37:00,CANCELLED,505.63,UPI
3494,1246,62,,2026-02-12 21:44:00,2026-02-12 22:14:00,COMPLETED,677.28,COD
3495,2780,21,,2026-02-12 12:19:00,2026-02-12 12:49:00,COMPLETED,196.23,CARD
3496,1556,94,,2026-02-12 16:28:00,2026-02-12 16:56:00,COMPLETED,247.29,COD
3497,1997,97,,2026-02-12 11:26:00,2026-02-12 12:09:00,CANCELLED,738.86,CARD
3498,3178,73,,2026-02-12 14:53:00,2026-02-12 15:32:00,CANCELLED,413.89,CARD
3499,1883,10,,2026-02-12 16:55:00,2026-02-12 17:35:00,COMPLETED,427.14,UPI
3500,4268,78,,2026-02-12 11:56:00,2026-02-12 12:23:00,COMPLETED,235.7,CARD
3501,2885,44,,2026-02-12 14:38:00,2026-02-12 15:03:00,CANCELLED,571.69,UPI
3502,4443,82,,2026-02-12 14:00:00,2026-02-12 14:32:00,COMPLETED,761.46,CARD
3503,1831,15,,2026-02-12 17:45:00,2026-02-12 18:19:00,COMPLETED,559.48,UPI
3504,1771,4,,2026-02-12 13:36:00,2026-02-12 14:10:00,CANCELLED,268.1,COD
3505,1649,16,,2026-02-12 10:28:00,2026-02-12 10:54:00,COMPLETED,378.78,COD
3506,2991,104,,2026-02-12 21:13:00,2026-02-12 21:49:00,CANCELLED,326.99,UPI
3507,2868,103,,2026-02-12 17:36:00,2026-02-12 18:21:00,CANCELLED,461.96,CARD
3508,1574,54,,2026-02-12 08:51:00,2026-02-12 09:16:00,CANCELLED,407.17,UPI
3509,3033,52,,2026-02-12 17:17:00,2026-02-12 17:55:00,CANCELLED,522.06,CARD
3510,4624,12,,2026-02-12 15:40:00,2026-02-12 16:14:00,CANCELLED,680.54,UPI
3511,3828,5,,2026-02-12 13:55:00,2026-02-12 14:33:00,CANCELLED,707.64,COD
3512,2000,46,,2026-02-12 08:23:00,2026-02-12 09:01:00,CANCELLED,604.37,UPI
3513,3411,95,,2026-02-12 11:23:00,2026-02-12 11:49:00,CANCELLED,783.78,CARD
3514,1763,60,,2026-02-12 15:16:00,2026-02-12 16:00:00,CANCELLED,201.4,CARD
3515,2466,18,,2026-02-12 17:39:00,2026-02-12 18:24:00,CANCELLED,294.78,COD
3516,3431,60,,2026-02-12 08:50:00,2026-02-12 09:26:00,COMPLETED,266.51,UPI
3517,3166,21,,2026-02-12 09:52:00,2026-02-12 10:22:00,CANCELLED,418.79,COD
3518,1961,11,,2026-02-12 15:16:00,2026-02-12 15:50:00,CANCELLED,549.15,CARD
3519,4442,73,,2026-02-12 18:35:00,2026-02-12 19:17:00,CANCELLED,547.62,UPI
3520,3692,56,,2026-02-12 12:48:00,2026-02-12 13:26:00,COMPLETED,344.05,UPI
3521,4582,116,,2026-02-12 20:51:00,2026-02-12 21:24:00,CANCELLED,634.46,UPI
3522,4217,10,,2026-02-12 20:06:00,2026-02-12 20:39:00,CANCELLED,547.79,UPI
3523,3412,32,,2026-02-12 17:43:00,2026-02-12 18:27:00,COMPLETED,691.96,UPI
3524,2846,37,,2026-02-12 12:42:00,2026-02-12 13:25:00,COMPLETED,523.7,UPI
3525,2080,3,,2026-02-12 22:58:00,2026-02-12 23:36:00,COMPLETED,244.97,COD
3526,3050,54,,2026-02-12 18:07:00,2026-02-12 18:42:00,COMPLETED,543.54,UPI
3527,3357,86,,2026-02-12 20:20:00,2026-02-12 20:51:00,CANCELLED,214.84,COD
3528,4662,98,,2026-02-12 09:46:00,2026-02-12 10:11:00,CANCELLED,233.91,CARD
3529,4524,62,,2026-02-12 10:57:00,2026-02-12 11:25:00,COMPLETED,461.3,UPI
3530,2424,25,,2026-02-12 22:32:00,2026-02-12 23:13:00,CANCELLED,559.69,UPI
3531,2935,103,,2026-02-12 14:19:00,2026-02-12 14:54:00,COMPLETED,708.44,COD
3532,1041,6,,2026-02-12 08:38:00,2026-02-12 09:10:00,CANCELLED,330.79,UPI
3533,2562,119,,2026-02-12 22:28:00,2026-02-12 23:02:00,COMPLETED,246.45,CARD
3534,1223,106,,2026-02-12 11:48:00,2026-02-12 12:31:00,COMPLETED,241.93,CARD
3535,1436,18,,2026-02-12 22:55:00,2026-02-12 23:31:00,COMPLETED,282.63,UPI
3536,4540,46,,2026-02-12 13:41:00,2026-02-12 14:18:00,CANCELLED,273.7,CARD
3537,3775,108,,2026-02-12 13:45:00,2026-02-12 14:30:00,CANCELLED,776.5,CARD
3538,4779,74,,2026-02-12 15:20:00,2026-02-12 15:47:00,COMPLETED,763.85,UPI
3539,3263,39,,2026-02-12 20:02:00,2026-02-12 20:38:00,COMPLETED,318.59,UPI
3540,1906,11,,2026-02-12 14:46:00,2026-02-12 15:23:00,COMPLETED,294.83,CARD
3541,1196,114,,2026-02-12 17:23:00,2026-02-12 17:59:00,COMPLETED,342.81,COD
3542,1645,120,,2026-02-12 11:15:00,2026-02-12 11:53:00,COMPLETED,171.77,COD
3543,2873,38,,2026-02-12 11:19:00,2026-02-12 11:53:00,COMPLETED,322.33,COD
3544,1076,39,,2026-02-12 19:11:00,2026-02-12 19:39:00,COMPLETED,581.14,CARD
3545,3066,95,,2026-02-12 17:53:00,2026-02-12 18:31:00,CANCELLED,657.93,CARD
3546,1133,71,,2026-02-12 22:11:00,2026-02-12 22:36:00,CANCELLED,611.99,COD
3547,2562,97,,2026-02-12 17:42:00,2026-02-12 18:15:00,COMPLETED,249.44,CARD
3548,3714,63,,2026-02-12 09:31:00,2026-02-12 10:16:00,CANCELLED,728.02,COD
3549,1771,5,,2026-02-12 15:56:00,2026-02-12 16:29:00,CANCELLED,285.1,UPI
3550,1935,69,,2026-02-12 08:59:00,2026-02-12 09:28:00,CANCELLED,765.71,COD
3551,3496,36,,2026-02-12 10:45:00,2026-02-12 11:27:00,CANCELLED,404.05,COD
3552,3989,112,,2026-02-12 15:39:00,2026-02-12 16:14:00,COMPLETED,279.33,COD
3553,3554,102,,2026-02-12 16:52:00,2026-02-12 17:21:00,COMPLETED,156.06,COD
3554,2643,74,,2026-02-12 10:17:00,2026-02-12 10:52:00,COMPLETED,290.09,COD
3555,1898,26,,2026-02-12 11:55:00,2026-02-12 12:20:00,CANCELLED,415.39,UPI
3556,3745,116,,2026-02-12 09:09:00,2026-02-12 09:37:00,CANCELLED,659.15,UPI
3557,2792,110,,2026-02-12 21:55:00,2026-02-12 22:20:00,CANCELLED,242.3,UPI
3558,2422,97,,2026-02-12 18:24:00,2026-02-12 19:08:00,CANCELLED,311.93,CARD
3559,2138,83,,2026-02-12 08:58:00,2026-02-12 09:28:00,CANCELLED,286.9,COD
3560,4009,75,,2026-02-12 10:57:00,2026-02-12 11:29:00,CANCELLED,680.44,COD
3561,1887,35,,2026-02-12 12:00:00,2026-02-12 12:25:00,COMPLETED,180.33,CARD
3562,1278,103,,2026-02-12 13:03:00,2026-02-12 13:42:00,COMPLETED,209.06,CARD
3563,3711,103,,2026-02-12 10:46:00,2026-02-12 11:16:00,COMPLETED,340.24,UPI
3564,4335,113,,2026-02-12 08:59:00,2026-02-12 09:38:00,CANCELLED,745.59,UPI
3565,2894,94,,2026-02-12 19:16:00,2026-02-12 19:58:00,COMPLETED,690.6,UPI
3566,3830,64,,2026-02-12 18:57:00,2026-02-12 19:42:00,CANCELLED,686.15,UPI
3567,4222,107,,2026-02-12 09:48:00,2026-02-12 10:32:00,COMPLETED,751.68,COD
3568,3620,70,,2026-02-12 14:35:00,2026-02-12 15:11:00,COMPLETED,498.93,UPI
3569,3576,19,,2026-02-12 10:37:00,2026-02-12 11:17:00,CANCELLED,478.76,COD
3570,2297,77,,2026-02-12 11:04:00,2026-02-12 11:33:00,COMPLETED,671.73,CARD
3571,2578,51,,2026-02-12 21:20:00,2026-02-12 21:55:00,CANCELLED,613.2,CARD
3572,4879,32,,2026-02-12 20:22:00,2026-02-12 20:51:00,CANCELLED,311.92,COD
3573,4151,10,,2026-02-12 15:42:00,2026-02-12 16:25:00,COMPLETED,214.82,COD
3574,1488,68,,2026-02-12 09:28:00,2026-02-12 09:54:00,CANCELLED,777.91,COD
3575,3819,71,,2026-02-12 12:01:00,2026-02-12 12:37:00,CANCELLED,674.77,CARD
3576,3742,118,,2026-02-12 18:28:00,2026-02-12 18:54:00,COMPLETED,445.37,COD
3577,2193,89,,2026-02-12 22:43:00,2026-02-12 23:23:00,COMPLETED,668.66,COD
3578,2443,14,,2026-02-12 18:12:00,2026-02-12 18:41:00,CANCELLED,601.39,COD
3579,4011,114,,2026-02-12 18:12:00,2026-02-12 18:47:00,COMPLETED,471.09,COD
3580,4708,64,,2026-02-12 10:59:00,2026-02-12 11:28:00,CANCELLED,636.48,COD
3581,2861,24,,2026-02-12 11:45:00,2026-02-12 12:27:00,COMPLETED,163.95,UPI
3582,1462,49,,2026-02-12 10:33:00,2026-02-12 11:02:00,COMPLETED,394.97,UPI
3583,3421,113,,2026-02-12 19:41:00,2026-02-12 20:14:00,CANCELLED,702.5,COD
3584,3835,70,,2026-02-12 11:19:00,2026-02-12 11:44:00,COMPLETED,281.53,UPI
3585,2813,113,,2026-02-12 13:01:00,2026-02-12 13:35:00,COMPLETED,348.08,CARD
3586,3454,75,,2026-02-12 16:31:00,2026-02-12 17:12:00,CANCELLED,157.63,UPI
3587,1042,111,,2026-02-12 08:21:00,2026-02-12 08:51:00,CANCELLED,549.0,UPI
3588,3803,45,,2026-02-12 21:04:00,2026-02-12 21:45:00,COMPLETED,547.85,UPI
3589,3035,33,,2026-02-12 11:14:00,2026-02-12 11:53:00,COMPLETED,408.22,CARD
3590,1655,113,,2026-02-12 19:13:00,2026-02-12 19:44:00,CANCELLED,419.17,UPI
3591,4773,64,,2026-02-12 11:09:00,2026-02-12 11:48:00,CANCELLED,357.29,COD
3592,3323,20,,2026-02-12 10:43:00,2026-02-12 11:19:00,COMPLETED,421.93,UPI
3593,1342,19,,2026-02-12 13:57:00,2026-02-12 14:39:00,COMPLETED,168.06,UPI
3594,1618,76,,2026-02-12 17:46:00,2026-02-12 18:16:00,CANCELLED,226.07,UPI
3595,1894,6,,2026-02-12 22:45:00,2026-02-12 23:23:00,COMPLETED,534.42,UPI
3596,2647,30,,2026-02-12 20:55:00,2026-02-12 21:38:00,CANCELLED,308.84,CARD
3597,3645,53,,2026-02-12 20:17:00,2026-02-12 20:46:00,COMPLETED,687.33,CARD
3598,1175,56,,2026-02-12 13:03:00,2026-02-12 13:33:00,CANCELLED,199.4,CARD
3599,3106,4,,2026-02-12 12:25:00,2026-02-12 13:09:00,CANCELLED,213.11,COD
3600,1913,84,,2026-02-12 20:21:00,2026-02-12 20:49:00,COMPLETED,178.35,CARD
3601,3885,110,,2026-02-12 17:07:00,2026-02-12 17:39:00,COMPLETED,191.75,CARD
3602,4483,20,,2026-02-12 09:25:00,2026-02-12 09:55:00,COMPLETED,767.34,COD
3603,2524,96,,2026-02-12 21:20:00,2026-02-12 21:47:00,CANCELLED,482.39,COD
3604,3204,20,,2026-02-12 20:08:00,2026-02-12 20:44:00,CANCELLED,503.24,CARD
3605,2220,115,,2026-02-12 16:31:00,2026-02-12 17:08:00,COMPLETED,217.59,CARD
3606,2338,34,,2026-02-12 09:52:00,2026-02-12 10:33:00,COMPLETED,403.15,UPI
3607,4429,108,,2026-02-12 20:48:00,2026-02-12 21:17:00,COMPLETED,177.68,UPI
3608,4801,65,,2026-02-12 11:01:00,2026-02-12 11:44:00,CANCELLED,437.46,CARD
3609,4407,41,,2026-02-12 16:11:00,2026-02-12 16:43:00,CANCELLED,654.36,UPI
3610,2154,112,,2026-02-12 18:53:00,2026-02-12 19:30:00,CANCELLED,636.81,CARD
3611,2783,93,,2026-02-12 10:01:00,2026-02-12 10:45:00,COMPLETED,291.51,CARD
3612,3500,19,,2026-02-12 11:04:00,2026-02-12 11:32:00,CANCELLED,675.63,COD
3613,1749,3,,2026-02-12 09:16:00,2026-02-12 09:47:00,CANCELLED,598.62,COD
3614,3505,33,,2026-02-12 12:51:00,2026-02-12 13:21:00,COMPLETED,667.29,COD
3615,4840,66,,2026-02-12 12:48:00,2026-02-12 13:28:00,COMPLETED,208.53,CARD
3616,4380,98,,2026-02-12 15:37:00,2026-02-12 16:06:00,CANCELLED,532.28,CARD
3617,3356,89,,2026-02-12 18:27:00,2026-02-12 19:00:00,COMPLETED,573.6,CARD
3618,1454,95,,2026-02-12 19:55:00,2026-02-12 20:26:00,COMPLETED,187.06,UPI
3619,1085,95,,2026-02-12 15:12:00,2026-02-12 15:50:00,COMPLETED,609.05,COD
3620,4834,26,,2026-02-12 08:05:00,2026-02-12 08:41:00,COMPLETED,500.51,COD
3621,1772,112,,2026-02-12 17:17:00,2026-02-12 17:54:00,COMPLETED,152.5,CARD
3622,4316,23,,2026-02-12 08:47:00,2026-02-12 09:22:00,CANCELLED,308.78,CARD
3623,3907,1,,2026-02-12 12:00:00,2026-02-12 12:42:00,CANCELLED,509.55,COD
3624,1700,85,,2026-02-12 15:07:00,2026-02-12 15:51:00,COMPLETED,188.77,UPI
3625,1671,106,,2026-02-12 17:06:00,2026-02-12 17:44:00,CANCELLED,641.59,COD
3626,1726,109,,2026-02-12 22:38:00,2026-02-12 23:10:00,COMPLETED,723.31,CARD
3627,3757,102,,2026-02-12 18:24:00,2026-02-12 19:01:00,COMPLETED,289.42,UPI
3628,3071,44,,2026-02-12 14:57:00,2026-02-12 15:24:00,COMPLETED,724.13,CARD
3629,1725,51,,2026-02-12 21:50:00,2026-02-12 22:27:00,CANCELLED,218.09,UPI
3630,4953,100,,2026-02-12 17:25:00,2026-02-12 17:59:00,COMPLETED,150.53,COD
3631,3719,65,,2026-02-12 11:14:00,2026-02-12 11:43:00,COMPLETED,280.73,COD
3632,1624,13,,2026-02-12 20:14:00,2026-02-12 20:58:00,COMPLETED,377.06,COD
3633,3983,110,,2026-02-12 15:52:00,2026-02-12 16:36:00,COMPLETED,493.43,UPI
3634,2663,115,,2026-02-12 20:05:00,2026-02-12 20:30:00,CANCELLED,470.46,COD
3635,2730,97,,2026-02-12 19:06:00,2026-02-12 19:32:00,CANCELLED,686.59,COD
3636,4681,120,,2026-02-12 08:06:00,2026-02-12 08:51:00,COMPLETED,706.6,UPI
3637,3544,17,,2026-02-12 12:13:00,2026-02-12 12:40:00,CANCELLED,544.35,UPI
3638,4761,65,,2026-02-12 09:59:00,2026-02-12 10:38:00,COMPLETED,379.02,CARD
3639,4494,69,,2026-02-12 15:09:00,2026-02-12 15:52:00,COMPLETED,501.66,UPI
3640,1729,95,,2026-02-12 13:58:00,2026-02-12 14:38:00,COMPLETED,793.94,CARD
3641,2543,48,,2026-02-12 10:34:00,2026-02-12 11:11:00,CANCELLED,497.01,COD
3642,3354,107,,2026-02-12 18:26:00,2026-02-12 19:02:00,COMPLETED,239.94,UPI
3643,3526,65,,2026-02-12 11:29:00,2026-02-12 12:03:00,COMPLETED,373.23,COD
3644,3749,56,,2026-02-12 18:16:00,2026-02-12 18:49:00,COMPLETED,646.6,CARD
3645,3372,111,,2026-02-12 13:05:00,2026-02-12 13:34:00,COMPLETED,439.28,CARD
3646,4132,80,,2026-02-12 16:06:00,2026-02-12 16:35:00,CANCELLED,424.98,UPI
3647,3351,80,,2026-02-12 09:04:00,2026-02-12 09:43:00,CANCELLED,464.88,CARD
3648,4202,77,,2026-02-12 08:03:00,2026-02-12 08:45:00,CANCELLED,349.55,CARD
3649,3290,46,,2026-02-12 16:29:00,2026-02-12 17:02:00,CANCELLED,413.66,COD
3650,4287,78,,2026-02-12 16:41:00,2026-02-12 17:12:00,CANCELLED,223.15,UPI
3651,4436,59,,2026-02-12 12:08:00,2026-02-12 12:42:00,CANCELLED,284.07,CARD
3652,4311,69,,2026-02-12 17:55:00,2026-02-12 18:37:00,COMPLETED,798.21,UPI
3653,3186,4,,2026-02-12 21:15:00,2026-02-12 21:58:00,CANCELLED,338.51,COD
3654,1682,85,,2026-02-12 21:31:00,2026-02-12 22:15:00,CANCELLED,719.29,UPI
3655,4423,114,,2026-02-12 10:55:00,2026-02-12 11:23:00,COMPLETED,256.62,COD
3656,2624,52,,2026-02-12 15:49:00,2026-02-12 16:15:00,CANCELLED,509.37,COD
3657,1733,35,,2026-02-12 08:18:00,2026-02-12 09:00:00,CANCELLED,383.07,COD
3658,1002,72,,2026-02-12 21:08:00,2026-02-12 21:40:00,COMPLETED,718.71,COD
3659,2249,86,,2026-02-12 13:37:00,2026-02-12 14:17:00,COMPLETED,552.26,CARD
3660,4413,110,,2026-02-12 16:05:00,2026-02-12 16:38:00,COMPLETED,509.67,UPI
3661,4790,58,,2026-02-13 08:14:00,2026-02-13 08:43:00,CANCELLED,744.88,COD
3662,1188,87,,2026-02-13 08:00:00,2026-02-13 08:31:00,CANCELLED,618.13,CARD
3663,3425,114,,2026-02-13 14:52:00,2026-02-13 15:20:00,CANCELLED,569.28,COD
3664,2199,13,,2026-02-13 14:06:00,2026-02-13 14:43:00,CANCELLED,648.72,COD
3665,3217,86,,2026-02-13 22:05:00,2026-02-13 22:44:00,CANCELLED,430.8,CARD
3666,4117,62,,2026-02-13 08:53:00,2026-02-13 09:34:00,COMPLETED,574.86,CARD
3667,2697,113,,2026-02-13 16:03:00,2026-02-13 16:33:00,COMPLETED,170.3,CARD
3668,2751,48,,2026-02-13 20:48:00,2026-02-13 21:19:00,COMPLETED,180.94,UPI
3669,4889,33,,2026-02-13 13:02:00,2026-02-13 13:36:00,COMPLETED,540.94,COD
3670,2123,86,,2026-02-13 14:42:00,2026-02-13 15:22:00,CANCELLED,770.55,CARD
3671,1675,39,,2026-02-13 14:50:00,2026-02-13 15:26:00,COMPLETED,395.59,COD
3672,4728,45,,2026-02-13 09:59:00,2026-02-13 10:34:00,CANCELLED,716.96,COD
3673,4146,23,,2026-02-13 13:22:00,2026-02-13 14:00:00,COMPLETED,760.31,COD
3674,1032,43,,2026-02-13 10:07:00,2026-02-13 10:51:00,COMPLETED,290.05,CARD
3675,2800,102,,2026-02-13 19:03:00,2026-02-13 19:37:00,COMPLETED,318.1,UPI
3676,2243,70,,2026-02-13 16:11:00,2026-02-13 16:48:00,CANCELLED,595.08,UPI
3677,1912,77,,2026-02-13 14:21:00,2026-02-13 15:05:00,CANCELLED,362.07,COD
3678,3188,29,,2026-02-13 22:28:00,2026-02-13 23:00:00,CANCELLED,153.97,COD
3679,2364,94,,2026-02-13 10:20:00,2026-02-13 10:54:00,CANCELLED,291.8,COD
3680,1230,1,,2026-02-13 19:58:00,2026-02-13 20:42:00,COMPLETED,406.35,CARD
3681,4811,112,,2026-02-13 11:09:00,2026-02-13 11:36:00,COMPLETED,754.04,UPI
3682,1586,82,,2026-02-13 12:02:00,2026-02-13 12:47:00,CANCELLED,471.52,UPI
3683,3195,83,,2026-02-13 21:10:00,2026-02-13 21:43:00,COMPLETED,551.37,CARD
3684,3269,42,,2026-02-13 13:28:00,2026-02-13 14:03:00,COMPLETED,267.61,CARD
3685,3790,108,,2026-02-13 13:12:00,2026-02-13 13:42:00,CANCELLED,240.96,UPI
3686,1473,65,,2026-02-13 09:43:00,2026-02-13 10:20:00,CANCELLED,468.01,CARD
3687,1272,8,,2026-02-13 09:26:00,2026-02-13 10:05:00,CANCELLED,745.55,CARD
3688,1193,47,,2026-02-13 22:32:00,2026-02-13 23:17:00,CANCELLED,539.54,UPI
3689,2258,35,,2026-02-13 15:38:00,2026-02-13 16:17:00,CANCELLED,299.71,UPI
3690,2460,99,,2026-02-13 18:53:00,2026-02-13 19:24:00,COMPLETED,343.42,CARD
3691,1459,107,,2026-02-13 20:29:00,2026-02-13 21:03:00,CANCELLED,227.4,CARD
3692,2881,26,,2026-02-13 13:07:00,2026-02-13 13:50:00,CANCELLED,338.1,CARD
3693,2365,30,,2026-02-13 11:28:00,2026-02-13 11:54:00,CANCELLED,481.85,COD
3694,1511,68,,2026-02-13 11:47:00,2026-02-13 12:18:00,COMPLETED,423.84,COD
3695,1981,106,,2026-02-13 19:44:00,2026-02-13 20:15:00,COMPLETED,427.63,COD
3696,3072,69,,2026-02-13 16:45:00,2026-02-13 17:25:00,COMPLETED,677.86,CARD
3697,4253,23,,2026-02-13 09:09:00,2026-02-13 09:45:00,CANCELLED,503.15,COD
3698,4388,72,,2026-02-13 08:09:00,2026-02-13 08:43:00,CANCELLED,269.57,CARD
3699,1743,16,,2026-02-13 09:04:00,2026-02-13 09:39:00,CANCELLED,599.48,UPI
3700,4795,42,,2026-02-13 13:34:00,2026-02-13 14:05:00,COMPLETED,463.71,CARD
3701,3096,73,,2026-02-13 08:51:00,2026-02-13 09:19:00,COMPLETED,381.56,CARD
3702,2198,36,,2026-02-13 16:09:00,2026-02-13 16:40:00,CANCELLED,472.77,CARD
3703,4040,49,,2026-02-13 16:10:00,2026-02-13 16:49:00,COMPLETED,535.12,UPI
3704,2271,29,,2026-02-13 18:02:00,2026-02-13 18:29:00,COMPLETED,678.86,COD
3705,3357,33,,2026-02-13 18:01:00,2026-02-13 18:45:00,CANCELLED,558.92,UPI
3706,1215,79,,2026-02-13 12:28:00,2026-02-13 13:03:00,COMPLETED,598.17,COD
3707,3439,71,,2026-02-13 08:49:00,2026-02-13 09:31:00,CANCELLED,461.8,CARD
3708,4710,30,,2026-02-13 08:17:00,2026-02-13 08:59:00,CANCELLED,256.42,CARD
3709,3434,53,,2026-02-13 09:27:00,2026-02-13 10:09:00,CANCELLED,737.99,COD
3710,2596,36,,2026-02-13 19:06:00,2026-02-13 19:40:00,CANCELLED,552.51,CARD
3711,3387,48,,2026-02-13 18:29:00,2026-02-13 19:08:00,CANCELLED,260.95,UPI
3712,2345,82,,2026-02-13 22:03:00,2026-02-13 22:43:00,CANCELLED,640.25,COD
3713,4451,76,,2026-02-13 16:50:00,2026-02-13 17:18:00,COMPLETED,266.45,COD
3714,2895,94,,2026-02-13 15:31:00,2026-02-13 16:14:00,COMPLETED,683.0,UPI
3715,1768,82,,2026-02-13 17:01:00,2026-02-13 17:43:00,CANCELLED,734.16,UPI
3716,4074,75,,2026-02-13 08:14:00,2026-02-13 08:49:00,CANCELLED,745.34,UPI
3717,4235,35,,2026-02-13 13:36:00,2026-02-13 14:04:00,COMPLETED,426.55,COD
3718,3143,14,,2026-02-13 16:55:00,2026-02-13 17:32:00,COMPLETED,268.45,COD
3719,1859,68,,2026-02-13 18:53:00,2026-02-13 19:18:00,CANCELLED,638.79,CARD
3720,3367,32,,2026-02-13 09:56:00,2026-02-13 10:23:00,CANCELLED,692.29,COD
3721,3361,2,,2026-02-13 12:41:00,2026-02-13 13:16:00,COMPLETED,629.63,CARD
3722,3581,109,,2026-02-13 19:12:00,2026-02-13 19:55:00,COMPLETED,691.71,UPI
3723,1192,48,,2026-02-13 15:59:00,2026-02-13 16:42:00,CANCELLED,246.07,UPI
3724,1850,29,,2026-02-13 15:13:00,2026-02-13 15:56:00,CANCELLED,208.13,CARD
3725,3205,97,,2026-02-13 13:20:00,2026-02-13 14:01:00,COMPLETED,640.45,UPI
3726,4149,108,,2026-02-13 20:46:00,2026-02-13 21:11:00,CANCELLED,276.85,CARD
3727,4056,96,,2026-02-13 14:44:00,2026-02-13 15:09:00,COMPLETED,229.21,COD
3728,1326,2,,2026-02-13 21:26:00,2026-02-13 22:09:00,COMPLETED,773.04,CARD
3729,2942,40,,2026-02-13 10:08:00,2026-02-13 10:51:00,COMPLETED,570.11,UPI
3730,1996,93,,2026-02-13 13:57:00,2026-02-13 14:25:00,CANCELLED,177.47,COD
3731,2343,106,,2026-02-13 19:46:00,2026-02-13 20:27:00,COMPLETED,706.13,CARD
3732,2160,42,,2026-02-13 10:05:00,2026-02-13 10:31:00,COMPLETED,721.56,UPI
3733,1846,52,,2026-02-13 11:37:00,2026-02-13 12:16:00,COMPLETED,738.75,CARD
3734,3032,27,,2026-02-13 21:34:00,2026-02-13 22:15:00,CANCELLED,642.39,COD
3735,1888,89,,2026-02-13 15:30:00,2026-02-13 15:57:00,CANCELLED,481.28,CARD
3736,2004,27,,2026-02-13 14:50:00,2026-02-13 15:33:00,CANCELLED,307.3,CARD
3737,3566,43,,2026-02-13 09:01:00,2026-02-13 09:26:00,CANCELLED,784.03,UPI
3738,3592,38,,2026-02-13 09:32:00,2026-02-13 10:08:00,CANCELLED,582.68,COD
3739,4525,50,,2026-02-13 19:06:00,2026-02-13 19:41:00,CANCELLED,305.62,UPI
3740,2462,45,,2026-02-13 17:41:00,2026-02-13 18:11:00,COMPLETED,215.82,UPI
3741,4917,87,,2026-02-13 12:12:00,2026-02-13 12:49:00,COMPLETED,579.02,CARD
3742,2991,24,,2026-02-13 12:05:00,2026-02-13 12:45:00,CANCELLED,168.31,COD
3743,2727,99,,2026-02-13 17:17:00,2026-02-13 18:01:00,CANCELLED,416.41,UPI
3744,1725,67,,2026-02-13 12:15:00,2026-02-13 12:49:00,COMPLETED,395.51,UPI
3745,4346,91,,2026-02-13 12:22:00,2026-02-13 12:49:00,CANCELLED,199.75,COD
3746,4927,42,,2026-02-13 18:38:00,2026-02-13 19:17:00,COMPLETED,367.6,CARD
3747,4392,34,,2026-02-13 13:06:00,2026-02-13 13:44:00,COMPLETED,783.95,COD
3748,3741,72,,2026-02-13 08:38:00,2026-02-13 09:09:00,COMPLETED,237.99,COD
3749,1584,63,,2026-02-13 08:08:00,2026-02-13 08:41:00,CANCELLED,285.54,COD
3750,4573,14,,2026-02-13 22:37:00,2026-02-13 23:18:00,CANCELLED,561.94,CARD
3751,1475,68,,2026-02-13 12:37:00,2026-02-13 13:16:00,COMPLETED,534.79,COD
3752,2686,74,,2026-02-13 08:22:00,2026-02-13 09:05:00,COMPLETED,421.95,UPI
3753,3566,89,,2026-02-13 12:26:00,2026-02-13 13:10:00,COMPLETED,520.28,COD
3754,4127,110,,2026-02-13 16:37:00,2026-02-13 17:19:00,CANCELLED,760.01,CARD
3755,4568,41,,2026-02-13 15:45:00,2026-02-13 16:18:00,CANCELLED,222.73,CARD
3756,3202,96,,2026-02-13 12:02:00,2026-02-13 12:37:00,CANCELLED,238.26,UPI
3757,2089,114,,2026-02-13 10:06:00,2026-02-13 10:45:00,COMPLETED,163.83,UPI
3758,4931,72,,2026-02-13 21:45:00,2026-02-13 22:27:00,COMPLETED,662.74,UPI
3759,4177,93,,2026-02-13 22:19:00,2026-02-13 22:52:00,COMPLETED,282.01,COD
3760,4112,67,,2026-02-13 18:04:00,2026-02-13 18:45:00,COMPLETED,479.72,COD
3761,2815,84,,2026-02-13 17:21:00,2026-02-13 18:01:00,CANCELLED,775.17,COD
3762,1878,52,,2026-02-13 20:29:00,2026-02-13 21:01:00,CANCELLED,644.64,UPI
3763,1386,30,,2026-02-13 08:14:00,2026-02-13 08:47:00,COMPLETED,543.28,CARD
3764,1790,66,,2026-02-13 09:55:00,2026-02-13 10:31:00,CANCELLED,780.06,COD
3765,2621,18,,2026-02-13 17:18:00,2026-02-13 17:47:00,CANCELLED,321.93,COD
3766,1277,84,,2026-02-13 08:40:00,2026-02-13 09:13:00,COMPLETED,710.53,COD
3767,1142,93,,2026-02-13 09:27:00,2026-02-13 10:11:00,CANCELLED,442.64,COD
3768,4104,36,,2026-02-13 08:07:00,2026-02-13 08:40:00,COMPLETED,162.79,CARD
3769,3824,76,,2026-02-13 19:46:00,2026-02-13 20:26:00,CANCELLED,214.81,COD
3770,2520,100,,2026-02-13 10:43:00,2026-02-13 11:16:00,COMPLETED,696.12,CARD
3771,3545,62,,2026-02-13 09:17:00,2026-02-13 09:43:00,CANCELLED,214.21,CARD
3772,4074,36,,2026-02-13 10:27:00,2026-02-13 10:56:00,CANCELLED,168.3,CARD
3773,2944,20,,2026-02-13 20:33:00,2026-02-13 21:15:00,CANCELLED,788.93,CARD
3774,1750,23,,2026-02-13 14:56:00,2026-02-13 15:27:00,CANCELLED,200.78,UPI
3775,4249,19,,2026-02-13 22:22:00,2026-02-13 22:56:00,COMPLETED,338.25,UPI
3776,3758,28,,2026-02-13 22:12:00,2026-02-13 22:57:00,COMPLETED,422.49,COD
3777,1211,5,,2026-02-13 17:06:00,2026-02-13 17:50:00,COMPLETED,348.56,CARD
3778,3816,49,,2026-02-13 15:21:00,2026-02-13 15:49:00,COMPLETED,182.67,COD
3779,2635,58,,2026-02-13 10:32:00,2026-02-13 11:14:00,COMPLETED,186.46,COD
3780,1130,77,,2026-02-13 21:17:00,2026-02-13 21:43:00,CANCELLED,656.63,COD
3781,3955,18,,2026-02-13 14:40:00,2026-02-13 15:18:00,COMPLETED,521.31,COD
3782,3389,4,,2026-02-13 14:59:00,2026-02-13 15:41:00,COMPLETED,370.33,UPI
3783,1122,8,,2026-02-13 18:19:00,2026-02-13 18:54:00,COMPLETED,471.71,COD
3784,4955,2,,2026-02-13 13:41:00,2026-02-13 14:24:00,COMPLETED,669.04,COD
3785,1366,25,,2026-02-13 18:30:00,2026-02-13 19:09:00,COMPLETED,575.33,COD
3786,1447,27,,2026-02-13 10:44:00,2026-02-13 11:11:00,CANCELLED,518.14,CARD
3787,4623,10,,2026-02-13 16:41:00,2026-02-13 17:21:00,CANCELLED,472.15,COD
3788,4294,106,,2026-02-13 10:02:00,2026-02-13 10:27:00,CANCELLED,355.54,CARD
3789,4045,53,,2026-02-13 21:12:00,2026-02-13 21:45:00,COMPLETED,799.22,COD
3790,3241,104,,2026-02-13 17:43:00,2026-02-13 18:13:00,COMPLETED,458.07,COD
3791,2254,32,,2026-02-13 15:45:00,2026-02-13 16:18:00,CANCELLED,184.97,COD
3792,4111,39,,2026-02-13 22:04:00,2026-02-13 22:36:00,CANCELLED,706.94,COD
3793,1590,12,,2026-02-13 11:08:00,2026-02-13 11:44:00,CANCELLED,160.01,UPI
3794,4732,76,,2026-02-13 11:05:00,2026-02-13 11:36:00,CANCELLED,640.96,COD
3795,3389,35,,2026-02-13 20:30:00,2026-02-13 20:55:00,CANCELLED,632.24,UPI
3796,4618,24,,2026-02-13 21:36:00,2026-02-13 22:16:00,CANCELLED,551.07,COD
3797,2723,83,,2026-02-13 19:30:00,2026-02-13 20:00:00,CANCELLED,355.27,COD
3798,2675,11,,2026-02-13 10:13:00,2026-02-13 10:53:00,CANCELLED,541.74,UPI
3799,1098,87,,2026-02-13 20:17:00,2026-02-13 20:59:00,COMPLETED,325.73,UPI
3800,3393,70,,2026-02-13 22:07:00,2026-02-13 22:43:00,CANCELLED,222.77,COD
3801,1435,74,,2026-02-13 10:14:00,2026-02-13 10:42:00,COMPLETED,357.78,CARD
3802,1699,104,,2026-02-13 17:55:00,2026-02-13 18:22:00,CANCELLED,501.32,UPI
3803,4000,78,,2026-02-13 20:55:00,2026-02-13 21:29:00,CANCELLED,315.94,CARD
3804,3762,54,,2026-02-13 15:18:00,2026-02-13 15:59:00,COMPLETED,289.03,UPI
3805,3048,68,,2026-02-13 09:00:00,2026-02-13 09:25:00,CANCELLED,352.78,UPI
3806,4068,30,,2026-02-13 08:24:00,2026-02-13 09:05:00,CANCELLED,683.56,CARD
3807,1448,74,,2026-02-13 09:30:00,2026-02-13 10:13:00,COMPLETED,468.95,CARD
3808,1535,11,,2026-02-13 22:26:00,2026-02-13 23:09:00,CANCELLED,345.5,COD
3809,4018,93,,2026-02-13 14:53:00,2026-02-13 15:36:00,COMPLETED,405.47,CARD
3810,4414,26,,2026-02-13 18:40:00,2026-02-13 19:09:00,CANCELLED,786.77,UPI
3811,2790,35,,2026-02-14 12:35:00,2026-02-14 13:16:00,CANCELLED,763.96,COD
3812,1480,29,,2026-02-14 16:36:00,2026-02-14 17:06:00,CANCELLED,357.06,UPI
3813,3926,110,,2026-02-14 11:11:00,2026-02-14 11:40:00,COMPLETED,259.31,COD
3814,3811,96,,2026-02-14 11:24:00,2026-02-14 12:04:00,COMPLETED,713.04,UPI
3815,4598,27,,2026-02-14 13:36:00,2026-02-14 14:01:00,COMPLETED,151.29,COD
3816,3125,49,,2026-02-14 08:18:00,2026-02-14 09:00:00,COMPLETED,665.63,CARD
3817,2857,31,,2026-02-14 20:11:00,2026-02-14 20:48:00,COMPLETED,547.92,COD
3818,3341,99,,2026-02-14 16:48:00,2026-02-14 17:29:00,COMPLETED,228.86,COD
3819,1094,75,,2026-02-14 14:55:00,2026-02-14 15:20:00,COMPLETED,399.91,CARD
3820,4360,31,,2026-02-14 18:42:00,2026-02-14 19:11:00,COMPLETED,595.58,COD
3821,3757,69,,2026-02-14 15:47:00,2026-02-14 16:30:00,CANCELLED,631.01,CARD
3822,1036,70,,2026-02-14 08:45:00,2026-02-14 09:22:00,CANCELLED,345.13,COD
3823,2741,62,,2026-02-14 22:35:00,2026-02-14 23:17:00,CANCELLED,402.53,COD
3824,4773,77,,2026-02-14 08:51:00,2026-02-14 09:16:00,CANCELLED,594.79,COD
3825,4646,13,,2026-02-14 15:24:00,2026-02-14 15:52:00,COMPLETED,769.51,COD
3826,4614,11,,2026-02-14 09:38:00,2026-02-14 10:19:00,CANCELLED,210.1,CARD
3827,2512,89,,2026-02-14 17:28:00,2026-02-14 18:13:00,CANCELLED,364.32,COD
3828,4943,104,,2026-02-14 20:57:00,2026-02-14 21:40:00,CANCELLED,247.55,COD
3829,2064,104,,2026-02-14 11:13:00,2026-02-14 11:58:00,COMPLETED,194.47,COD
3830,2137,53,,2026-02-14 13:31:00,2026-02-14 14:03:00,CANCELLED,169.48,UPI
3831,3487,77,,2026-02-14 14:24:00,2026-02-14 15:07:00,CANCELLED,334.2,CARD
3832,2769,57,,2026-02-14 12:39:00,2026-02-14 13:16:00,COMPLETED,615.47,COD
3833,1565,35,,2026-02-14 08:59:00,2026-02-14 09:41:00,COMPLETED,676.57,CARD
3834,4728,12,,2026-02-14 21:08:00,2026-02-14 21:50:00,COMPLETED,748.42,CARD
3835,2829,77,,2026-02-14 11:47:00,2026-02-14 12:28:00,CANCELLED,779.29,COD
3836,1137,68,,2026-02-14 14:40:00,2026-02-14 15:09:00,CANCELLED,475.52,COD
3837,3821,42,,2026-02-14 16:28:00,2026-02-14 17:01:00,COMPLETED,453.92,UPI
3838,2685,40,,2026-02-14 18:52:00,2026-02-14 19:23:00,COMPLETED,768.17,COD
3839,1071,2,,2026-02-14 13:52:00,2026-02-14 14:31:00,CANCELLED,206.67,CARD
3840,4892,18,,2026-02-14 09:36:00,2026-02-14 10:18:00,CANCELLED,219.67,COD
3841,4843,9,,2026-02-14 19:43:00,2026-02-14 20:21:00,COMPLETED,661.1,UPI
3842,1073,37,,2026-02-14 13:54:00,2026-02-14 14:37:00,CANCELLED,224.37,COD
3843,3464,23,,2026-02-14 09:02:00,2026-02-14 09:41:00,COMPLETED,186.0,UPI
3844,1220,11,,2026-02-14 14:58:00,2026-02-14 15:23:00,COMPLETED,515.01,CARD
3845,1354,4,,2026-02-14 10:26:00,2026-02-14 11:05:00,COMPLETED,620.21,CARD
3846,4703,17,,2026-02-14 10:59:00,2026-02-14 11:30:00,CANCELLED,194.62,COD
3847,3682,116,,2026-02-14 10:08:00,2026-02-14 10:33:00,CANCELLED,765.23,CARD
3848,3038,95,,2026-02-14 14:23:00,2026-02-14 14:48:00,CANCELLED,432.9,UPI
3849,2278,49,,2026-02-14 11:49:00,2026-02-14 12:22:00,COMPLETED,780.92,UPI
3850,4661,19,,2026-02-14 19:10:00,2026-02-14 19:40:00,CANCELLED,422.33,COD
3851,2228,50,,2026-02-14 22:32:00,2026-02-14 23:17:00,COMPLETED,219.6,COD
3852,1028,47,,2026-02-14 13:40:00,2026-02-14 14:12:00,CANCELLED,617.47,CARD
3853,3014,109,,2026-02-14 11:29:00,2026-02-14 12:03:00,COMPLETED,318.66,UPI
3854,1340,63,,2026-02-14 17:31:00,2026-02-14 18:09:00,CANCELLED,497.59,COD
3855,4069,87,,2026-02-14 13:25:00,2026-02-14 13:53:00,COMPLETED,686.93,CARD
3856,2855,1,,2026-02-14 11:07:00,2026-02-14 11:44:00,CANCELLED,700.75,CARD
3857,4829,45,,2026-02-14 21:48:00,2026-02-14 22:25:00,CANCELLED,769.26,COD
3858,4917,119,,2026-02-14 12:42:00,2026-02-14 13:09:00,CANCELLED,724.52,UPI
3859,2810,66,,2026-02-14 22:32:00,2026-02-14 23:14:00,CANCELLED,663.57,UPI
3860,4399,11,,2026-02-14 16:04:00,2026-02-14 16:43:00,COMPLETED,525.82,CARD
3861,1061,5,,2026-02-14 11:32:00,2026-02-14 12:08:00,CANCELLED,783.73,COD
3862,2242,65,,2026-02-14 21:45:00,2026-02-14 22:26:00,CANCELLED,795.72,COD
3863,2282,111,,2026-02-14 10:08:00,2026-02-14 10:40:00,CANCELLED,677.6,UPI
3864,3973,54,,2026-02-14 08:54:00,2026-02-14 09:28:00,CANCELLED,505.99,COD
3865,2377,102,,2026-02-14 10:34:00,2026-02-14 11:01:00,CANCELLED,698.26,CARD
3866,1670,46,,2026-02-14 20:35:00,2026-02-14 21:11:00,CANCELLED,523.64,COD
3867,3703,89,,2026-02-14 08:17:00,2026-02-14 08:54:00,CANCELLED,670.67,CARD
3868,4139,16,,2026-02-14 21:58:00,2026-02-14 22:25:00,COMPLETED,585.88,CARD
3869,3239,71,,2026-02-14 16:24:00,2026-02-14 16:55:00,COMPLETED,495.28,UPI
3870,4510,86,,2026-02-14 12:15:00,2026-02-14 12:40:00,CANCELLED,301.78,COD
3871,4231,37,,2026-02-14 13:45:00,2026-02-14 14:28:00,COMPLETED,620.61,CARD
3872,3403,103,,2026-02-14 16:49:00,2026-02-14 17:22:00,CANCELLED,498.95,UPI
3873,4547,100,,2026-02-14 14:54:00,2026-02-14 15:27:00,COMPLETED,375.76,COD
3874,1179,24,,2026-02-14 21:56:00,2026-02-14 22:24:00,COMPLETED,254.65,UPI
3875,3689,96,,2026-02-14 13:18:00,2026-02-14 13:49:00,CANCELLED,203.47,CARD
3876,4535,4,,2026-02-14 11:10:00,2026-02-14 11:42:00,COMPLETED,610.35,COD
3877,4047,68,,2026-02-14 13:18:00,2026-02-14 14:02:00,CANCELLED,152.72,COD
3878,1411,92,,2026-02-14 16:28:00,2026-02-14 16:57:00,CANCELLED,184.37,COD
3879,1255,90,,2026-02-14 11:27:00,2026-02-14 11:57:00,COMPLETED,218.27,UPI
3880,3551,78,,2026-02-14 17:23:00,2026-02-14 18:06:00,COMPLETED,202.12,UPI
3881,1859,39,,2026-02-14 08:33:00,2026-02-14 08:58:00,CANCELLED,678.64,COD
3882,4061,13,,2026-02-14 09:49:00,2026-02-14 10:29:00,CANCELLED,645.25,CARD
3883,4197,96,,2026-02-14 15:04:00,2026-02-14 15:30:00,COMPLETED,725.01,UPI
3884,3800,92,,2026-02-14 10:39:00,2026-02-14 11:15:00,COMPLETED,619.14,UPI
3885,3654,37,,2026-02-14 09:40:00,2026-02-14 10:23:00,CANCELLED,683.96,UPI
3886,4773,2,,2026-02-14 22:48:00,2026-02-14 23:24:00,COMPLETED,200.08,UPI
3887,2383,68,,2026-02-14 13:48:00,2026-02-14 14:20:00,COMPLETED,609.01,COD
3888,3286,68,,2026-02-14 16:03:00,2026-02-14 16:33:00,CANCELLED,489.68,COD
3889,4192,60,,2026-02-14 16:02:00,2026-02-14 16:31:00,COMPLETED,614.79,UPI
3890,1433,55,,2026-02-14 09:54:00,2026-02-14 10:32:00,COMPLETED,509.14,CARD
3891,2925,107,,2026-02-14 09:53:00,2026-02-14 10:37:00,COMPLETED,234.36,COD
3892,4600,98,,2026-02-14 19:33:00,2026-02-14 20:17:00,CANCELLED,313.35,UPI
3893,3193,26,,2026-02-14 21:13:00,2026-02-14 21:41:00,CANCELLED,370.25,COD
3894,4597,54,,2026-02-14 08:41:00,2026-02-14 09:20:00,COMPLETED,734.79,COD
3895,3240,2,,2026-02-14 11:06:00,2026-02-14 11:40:00,CANCELLED,659.85,UPI
3896,1128,2,,2026-02-14 22:47:00,2026-02-14 23:28:00,COMPLETED,573.37,CARD
3897,1795,103,,2026-02-14 22:48:00,2026-02-14 23:22:00,COMPLETED,288.64,UPI
3898,4974,106,,2026-02-14 11:10:00,2026-02-14 11:40:00,COMPLETED,403.96,COD
3899,3467,86,,2026-02-14 21:28:00,2026-02-14 22:05:00,CANCELLED,508.47,UPI
3900,3729,61,,2026-02-14 12:25:00,2026-02-14 13:02:00,COMPLETED,402.81,UPI
3901,1271,56,,2026-02-14 19:38:00,2026-02-14 20:14:00,COMPLETED,309.84,UPI
3902,1366,42,,2026-02-14 19:53:00,2026-02-14 20:22:00,COMPLETED,628.27,UPI
3903,2590,10,,2026-02-14 13:05:00,2026-02-14 13:34:00,COMPLETED,462.22,COD
3904,2490,6,,2026-02-14 11:42:00,2026-02-14 12:13:00,CANCELLED,730.31,COD
3905,3878,96,,2026-02-14 12:48:00,2026-02-14 13:19:00,COMPLETED,553.0,COD
3906,2181,70,,2026-02-14 17:51:00,2026-02-14 18:20:00,CANCELLED,477.2,COD
3907,2234,117,,2026-02-14 08:24:00,2026-02-14 08:49:00,COMPLETED,630.08,CARD
3908,4334,2,,2026-02-14 21:48:00,2026-02-14 22:15:00,CANCELLED,707.8,COD
3909,2508,117,,2026-02-14 10:30:00,2026-02-14 10:58:00,COMPLETED,395.09,CARD
3910,2589,90,,2026-02-14 14:13:00,2026-02-14 14:55:00,CANCELLED,412.78,COD
3911,4532,43,,2026-02-14 11:56:00,2026-02-14 12:40:00,COMPLETED,351.41,COD
3912,2334,3,,2026-02-14 09:35:00,2026-02-14 10:00:00,COMPLETED,722.3,UPI
3913,2063,99,,2026-02-14 16:30:00,2026-02-14 17:08:00,COMPLETED,468.88,CARD
3914,4504,16,,2026-02-14 21:26:00,2026-02-14 22:04:00,CANCELLED,457.1,CARD
3915,4049,98,,2026-02-14 13:45:00,2026-02-14 14:20:00,COMPLETED,238.93,COD
3916,2349,104,,2026-02-14 15:39:00,2026-02-14 16:19:00,COMPLETED,237.09,CARD
3917,3038,65,,2026-02-14 14:21:00,2026-02-14 15:04:00,COMPLETED,371.89,UPI
3918,4498,82,,2026-02-14 10:38:00,2026-02-14 11:15:00,COMPLETED,645.58,CARD
3919,1930,94,,2026-02-14 15:52:00,2026-02-14 16:22:00,CANCELLED,162.26,UPI
3920,2782,98,,2026-02-14 21:25:00,2026-02-14 21:59:00,CANCELLED,651.61,UPI
3921,2919,19,,2026-02-14 21:11:00,2026-02-14 21:50:00,COMPLETED,382.77,UPI
3922,2886,27,,2026-02-14 09:44:00,2026-02-14 10:09:00,COMPLETED,687.49,UPI
3923,2573,104,,2026-02-14 10:05:00,2026-02-14 10:41:00,CANCELLED,640.55,UPI
3924,4082,30,,2026-02-14 17:04:00,2026-02-14 17:49:00,CANCELLED,581.98,COD
3925,2993,41,,2026-02-14 11:41:00,2026-02-14 12:09:00,CANCELLED,786.16,CARD
3926,4639,57,,2026-02-14 08:16:00,2026-02-14 08:46:00,CANCELLED,683.87,UPI
3927,3890,59,,2026-02-14 16:35:00,2026-02-14 17:10:00,COMPLETED,399.16,COD
3928,2361,34,,2026-02-14 17:36:00,2026-02-14 18:06:00,CANCELLED,595.41,UPI
3929,1761,72,,2026-02-14 10:31:00,2026-02-14 11:10:00,CANCELLED,798.07,UPI
3930,2026,18,,2026-02-14 15:06:00,2026-02-14 15:44:00,COMPLETED,439.46,UPI
3931,1589,62,,2026-02-14 19:39:00,2026-02-14 20:10:00,COMPLETED,708.78,CARD
3932,1852,94,,2026-02-14 11:31:00,2026-02-14 12:06:00,CANCELLED,459.33,CARD
3933,3472,17,,2026-02-14 10:21:00,2026-02-14 10:57:00,COMPLETED,730.53,UPI
3934,4423,61,,2026-02-14 20:19:00,2026-02-14 21:00:00,COMPLETED,414.18,CARD
3935,4265,34,,2026-02-14 19:50:00,2026-02-14 20:15:00,CANCELLED,534.36,COD
3936,3842,43,,2026-02-14 11:00:00,2026-02-14 11:26:00,CANCELLED,655.32,UPI
3937,4228,4,,2026-02-14 08:06:00,2026-02-14 08:42:00,COMPLETED,458.27,CARD
3938,4919,116,,2026-02-14 15:08:00,2026-02-14 15:35:00,CANCELLED,537.52,UPI
3939,4180,2,,2026-02-14 15:19:00,2026-02-14 15:52:00,CANCELLED,274.7,CARD
3940,2685,58,,2026-02-14 20:35:00,2026-02-14 21:10:00,COMPLETED,628.88,CARD
3941,3047,91,,2026-02-14 18:09:00,2026-02-14 18:48:00,CANCELLED,373.77,COD
3942,3403,91,,2026-02-14 15:26:00,2026-02-14 15:53:00,COMPLETED,306.81,CARD
3943,4461,24,,2026-02-14 12:25:00,2026-02-14 12:54:00,CANCELLED,286.54,UPI
3944,2865,94,,2026-02-14 20:47:00,2026-02-14 21:16:00,COMPLETED,267.17,CARD
3945,4865,83,,2026-02-14 11:00:00,2026-02-14 11:30:00,COMPLETED,463.39,COD
3946,4423,60,,2026-02-14 20:59:00,2026-02-14 21:26:00,CANCELLED,573.31,UPI
3947,1494,63,,2026-02-14 15:16:00,2026-02-14 16:00:00,COMPLETED,424.91,COD
3948,1645,79,,2026-02-14 21:18:00,2026-02-14 21:52:00,CANCELLED,224.11,UPI
3949,2655,74,,2026-02-14 22:17:00,2026-02-14 22:59:00,COMPLETED,171.05,COD
3950,4913,75,,2026-02-14 09:46:00,2026-02-14 10:24:00,COMPLETED,284.76,COD
3951,4680,24,,2026-02-14 11:11:00,2026-02-14 11:36:00,CANCELLED,796.69,CARD
3952,1056,13,,2026-02-14 21:33:00,2026-02-14 22:15:00,CANCELLED,269.85,UPI
3953,4394,10,,2026-02-14 12:35:00,2026-02-14 13:15:00,COMPLETED,424.5,COD
3954,2845,60,,2026-02-14 22:49:00,2026-02-14 23:16:00,COMPLETED,749.03,COD
3955,2825,114,,2026-02-14 14:49:00,2026-02-14 15:20:00,COMPLETED,727.31,CARD
3956,2192,75,,2026-02-14 08:11:00,2026-02-14 08:37:00,COMPLETED,285.64,UPI
3957,1751,33,,2026-02-14 22:15:00,2026-02-14 22:54:00,CANCELLED,394.88,COD
3958,4534,104,,2026-02-14 22:33:00,2026-02-14 23:01:00,CANCELLED,253.94,UPI
3959,2774,31,,2026-02-14 21:21:00,2026-02-14 22:00:00,COMPLETED,500.96,CARD
3960,4097,119,,2026-02-14 08:33:00,2026-02-14 09:10:00,CANCELLED,319.07,COD
3961,3984,79,,2026-02-14 13:58:00,2026-02-14 14:42:00,CANCELLED,220.67,CARD
3962,1921,17,,2026-02-14 11:44:00,2026-02-14 12:28:00,CANCELLED,605.46,UPI
3963,4527,12,,2026-02-14 11:04:00,2026-02-14 11:46:00,COMPLETED,731.62,COD
3964,1910,45,,2026-02-14 22:01:00,2026-02-14 22:38:00,COMPLETED,344.0,CARD
3965,1243,17,,2026-02-14 21:56:00,2026-02-14 22:34:00,CANCELLED,617.04,UPI
3966,2356,106,,2026-02-14 14:44:00,2026-02-14 15:29:00,COMPLETED,444.85,COD
3967,2244,46,,2026-02-14 17:26:00,2026-02-14 18:11:00,COMPLETED,532.27,UPI
3968,3401,48,,2026-02-14 18:38:00,2026-02-14 19:23:00,COMPLETED,444.22,COD
3969,2781,39,,2026-02-14 16:37:00,2026-02-14 17:19:00,COMPLETED,422.15,UPI
3970,4467,112,,2026-02-14 14:12:00,2026-02-14 14:50:00,COMPLETED,260.27,CARD
3971,3314,108,,2026-02-14 08:10:00,2026-02-14 08:38:00,COMPLETED,536.76,COD
3972,4703,48,,2026-02-14 11:10:00,2026-02-14 11:37:00,CANCELLED,723.38,COD
3973,2144,34,,2026-02-14 18:34:00,2026-02-14 19:00:00,COMPLETED,530.11,COD
3974,4920,25,,2026-02-14 10:40:00,2026-02-14 11:16:00,COMPLETED,284.09,COD
3975,2464,9,,2026-02-14 10:51:00,2026-02-14 11:23:00,COMPLETED,250.08,UPI
3976,2409,110,,2026-02-14 19:07:00,2026-02-14 19:42:00,COMPLETED,223.79,CARD
3977,2161,43,,2026-02-14 11:51:00,2026-02-14 12:26:00,COMPLETED,296.92,UPI
3978,4330,71,,2026-02-14 17:54:00,2026-02-14 18:35:00,CANCELLED,601.84,COD
3979,4092,100,,2026-02-14 18:38:00,2026-02-14 19:09:00,COMPLETED,275.29,COD
3980,2614,118,,2026-02-14 13:01:00,2026-02-14 13:33:00,COMPLETED,534.86,COD
3981,1109,45,,2026-02-14 08:07:00,2026-02-14 08:49:00,COMPLETED,229.59,UPI
3982,1370,21,,2026-02-14 20:50:00,2026-02-14 21:23:00,COMPLETED,438.82,UPI
3983,2608,41,,2026-02-14 20:49:00,2026-02-14 21:33:00,COMPLETED,768.4,COD
3984,4960,64,,2026-02-14 10:26:00,2026-02-14 10:58:00,CANCELLED,278.76,UPI
3985,3408,48,,2026-02-14 15:50:00,2026-02-14 16:24:00,CANCELLED,254.03,COD
3986,3438,100,,2026-02-14 14:33:00,2026-02-14 15:03:00,CANCELLED,566.6,CARD
3987,2400,80,,2026-02-14 11:28:00,2026-02-14 12:07:00,COMPLETED,530.87,COD
3988,1311,90,,2026-02-14 14:45:00,2026-02-14 15:24:00,COMPLETED,214.92,UPI
3989,1524,55,,2026-02-14 11:57:00,2026-02-14 12:34:00,CANCELLED,457.74,COD
3990,3578,118,,2026-02-14 19:23:00,2026-02-14 20:04:00,CANCELLED,313.72,COD
3991,4646,80,,2026-02-14 10:25:00,2026-02-14 10:50:00,CANCELLED,228.3,COD
3992,3339,76,,2026-02-14 08:27:00,2026-02-14 08:52:00,COMPLETED,578.9,CARD
3993,4582,18,,2026-02-14 12:35:00,2026-02-14 13:10:00,CANCELLED,189.7,COD
3994,1257,46,,2026-02-14 20:02:00,2026-02-14 20:30:00,COMPLETED,709.04,UPI
3995,1385,35,,2026-02-14 08:10:00,2026-02-14 08:45:00,COMPLETED,617.87,COD
3996,3620,14,,2026-02-14 09:42:00,2026-02-14 10:25:00,CANCELLED,304.55,COD
3997,2987,118,,2026-02-14 16:49:00,2026-02-14 17:28:00,CANCELLED,564.51,UPI
3998,4988,17,,2026-02-14 15:57:00,2026-02-14 16:41:00,CANCELLED,600.08,UPI
3999,1628,12,,2026-02-14 22:40:00,2026-02-14 23:09:00,COMPLETED,610.33,UPI
4000,3868,120,,2026-02-15 21:37:00,2026-02-15 22:12:00,COMPLETED,533.96,CARD
4001,4160,70,,2026-02-15 08:07:00,2026-02-15 08:41:00,CANCELLED,470.21,UPI
4002,2565,107,,2026-02-15 16:24:00,2026-02-15 17:09:00,COMPLETED,775.07,COD
4003,3412,76,,2026-02-15 20:55:00,2026-02-15 21:25:00,CANCELLED,380.29,UPI
4004,4861,8,,2026-02-15 22:53:00,2026-02-15 23:37:00,COMPLETED,371.19,CARD
4005,4932,56,,2026-02-15 17:15:00,2026-02-15 17:49:00,CANCELLED,187.26,CARD
4006,3062,101,,2026-02-15 13:41:00,2026-02-15 14:26:00,CANCELLED,627.91,CARD
4007,1703,100,,2026-02-15 11:16:00,2026-02-15 11:58:00,CANCELLED,604.66,CARD
4008,1552,52,,2026-02-15 21:32:00,2026-02-15 22:12:00,COMPLETED,161.69,CARD
4009,2975,17,,2026-02-15 12:32:00,2026-02-15 13:09:00,COMPLETED,385.57,COD
4010,4583,41,,2026-02-15 22:42:00,2026-02-15 23:27:00,CANCELLED,202.1,CARD
4011,3275,21,,2026-02-15 14:41:00,2026-02-15 15:11:00,COMPLETED,269.32,UPI
4012,3184,24,,2026-02-15 08:08:00,2026-02-15 08:36:00,CANCELLED,624.07,CARD
4013,1688,97,,2026-02-15 18:50:00,2026-02-15 19:27:00,CANCELLED,440.69,CARD
4014,3412,98,,2026-02-15 15:01:00,2026-02-15 15:32:00,CANCELLED,722.53,CARD
4015,4486,22,,2026-02-15 08:13:00,2026-02-15 08:40:00,COMPLETED,309.69,UPI
4016,3333,74,,2026-02-15 09:29:00,2026-02-15 10:03:00,COMPLETED,536.11,COD
4017,2710,51,,2026-02-15 18:20:00,2026-02-15 19:05:00,COMPLETED,690.46,UPI
4018,2678,52,,2026-02-15 08:40:00,2026-02-15 09:09:00,COMPLETED,320.48,UPI
4019,4943,75,,2026-02-15 22:07:00,2026-02-15 22:33:00,CANCELLED,429.7,COD
4020,4424,37,,2026-02-15 09:08:00,2026-02-15 09:48:00,COMPLETED,162.2,COD
4021,1204,95,,2026-02-15 18:29:00,2026-02-15 18:56:00,COMPLETED,523.7,COD
4022,3206,80,,2026-02-15 14:19:00,2026-02-15 14:50:00,COMPLETED,237.4,UPI
4023,1383,12,,2026-02-15 22:16:00,2026-02-15 22:55:00,COMPLETED,398.51,COD
4024,2719,3,,2026-02-15 19:51:00,2026-02-15 20:17:00,COMPLETED,449.91,CARD
4025,2638,36,,2026-02-15 08:38:00,2026-02-15 09:13:00,CANCELLED,222.08,CARD
4026,4403,108,,2026-02-15 20:46:00,2026-02-15 21:24:00,COMPLETED,458.1,UPI
4027,2601,37,,2026-02-15 22:51:00,2026-02-15 23:20:00,COMPLETED,610.66,CARD
4028,1060,74,,2026-02-15 14:02:00,2026-02-15 14:27:00,CANCELLED,298.37,COD
4029,2735,12,,2026-02-15 11:24:00,2026-02-15 11:57:00,CANCELLED,687.01,CARD
4030,3757,15,,2026-02-15 10:30:00,2026-02-15 11:02:00,COMPLETED,788.98,COD
4031,1469,2,,2026-02-15 21:25:00,2026-02-15 22:03:00,CANCELLED,334.02,COD
4032,1562,26,,2026-02-15 15:25:00,2026-02-15 15:59:00,COMPLETED,402.91,UPI
4033,1476,118,,2026-02-15 21:56:00,2026-02-15 22:30:00,COMPLETED,448.85,UPI
4034,3143,47,,2026-02-15 16:01:00,2026-02-15 16:38:00,CANCELLED,768.16,COD
4035,4236,33,,2026-02-15 15:12:00,2026-02-15 15:43:00,CANCELLED,267.04,COD
4036,4604,55,,2026-02-15 21:58:00,2026-02-15 22:31:00,COMPLETED,457.7,UPI
4037,3254,57,,2026-02-15 09:42:00,2026-02-15 10:23:00,COMPLETED,798.7,UPI
4038,3312,25,,2026-02-15 18:34:00,2026-02-15 19:18:00,COMPLETED,344.86,COD
4039,2175,72,,2026-02-15 08:42:00,2026-02-15 09:12:00,COMPLETED,439.44,UPI
4040,1318,99,,2026-02-15 21:10:00,2026-02-15 21:43:00,CANCELLED,259.34,UPI
4041,4198,43,,2026-02-15 13:53:00,2026-02-15 14:31:00,COMPLETED,475.64,UPI
4042,2837,73,,2026-02-15 17:46:00,2026-02-15 18:19:00,COMPLETED,257.58,UPI
4043,2514,96,,2026-02-15 21:11:00,2026-02-15 21:53:00,COMPLETED,396.03,COD
4044,3325,6,,2026-02-15 15:08:00,2026-02-15 15:50:00,CANCELLED,597.34,COD
4045,2777,94,,2026-02-15 11:22:00,2026-02-15 12:03:00,CANCELLED,191.09,COD
4046,2388,30,,2026-02-15 08:03:00,2026-02-15 08:47:00,CANCELLED,556.78,UPI
4047,1714,12,,2026-02-15 16:13:00,2026-02-15 16:46:00,CANCELLED,621.97,COD
4048,3471,3,,2026-02-15 13:28:00,2026-02-15 14:11:00,COMPLETED,528.01,COD
4049,1318,34,,2026-02-15 16:08:00,2026-02-15 16:50:00,CANCELLED,182.44,UPI
4050,3601,53,,2026-02-15 22:26:00,2026-02-15 23:11:00,COMPLETED,340.84,UPI
4051,2072,36,,2026-02-15 16:37:00,2026-02-15 17:18:00,COMPLETED,447.07,UPI
4052,1337,70,,2026-02-15 20:25:00,2026-02-15 21:02:00,CANCELLED,698.11,UPI
4053,2050,115,,2026-02-15 22:59:00,2026-02-15 23:37:00,CANCELLED,701.9,COD
4054,4092,30,,2026-02-15 19:35:00,2026-02-15 20:12:00,CANCELLED,509.74,COD
4055,4613,89,,2026-02-15 14:16:00,2026-02-15 14:50:00,COMPLETED,487.65,CARD
4056,3339,5,,2026-02-15 20:44:00,2026-02-15 21:28:00,COMPLETED,246.95,UPI
4057,3362,108,,2026-02-15 19:52:00,2026-02-15 20:22:00,COMPLETED,157.21,CARD
4058,1167,90,,2026-02-15 13:15:00,2026-02-15 13:50:00,CANCELLED,572.38,CARD
4059,2188,31,,2026-02-15 14:34:00,2026-02-15 14:59:00,CANCELLED,417.73,UPI
4060,4684,5,,2026-02-15 08:34:00,2026-02-15 09:09:00,COMPLETED,608.83,UPI
4061,3425,66,,2026-02-15 12:33:00,2026-02-15 13:11:00,COMPLETED,287.33,UPI
4062,2802,86,,2026-02-15 16:14:00,2026-02-15 16:59:00,COMPLETED,164.46,UPI
4063,3244,120,,2026-02-15 16:02:00,2026-02-15 16:30:00,COMPLETED,268.97,COD
4064,4636,110,,2026-02-15 15:10:00,2026-02-15 15:48:00,CANCELLED,742.3,CARD
4065,3516,3,,2026-02-15 12:47:00,2026-02-15 13:14:00,CANCELLED,480.26,CARD
4066,1893,65,,2026-02-15 15:21:00,2026-02-15 15:56:00,CANCELLED,589.56,COD
4067,4077,27,,2026-02-15 14:36:00,2026-02-15 15:16:00,CANCELLED,282.83,CARD
4068,3852,66,,2026-02-15 21:52:00,2026-02-15 22:22:00,CANCELLED,791.82,COD
4069,4271,82,,2026-02-15 20:39:00,2026-02-15 21:14:00,CANCELLED,701.3,CARD
4070,3338,18,,2026-02-15 18:52:00,2026-02-15 19:26:00,COMPLETED,688.48,CARD
4071,2074,83,,2026-02-15 15:46:00,2026-02-15 16:12:00,CANCELLED,647.25,COD
4072,3796,93,,2026-02-15 17:18:00,2026-02-15 17:55:00,CANCELLED,169.33,UPI
4073,4436,8,,2026-02-15 11:30:00,2026-02-15 12:00:00,COMPLETED,411.44,COD
4074,2943,25,,2026-02-15 17:51:00,2026-02-15 18:16:00,COMPLETED,648.38,CARD
4075,1328,87,,2026-02-15 22:19:00,2026-02-15 23:03:00,COMPLETED,468.85,CARD
4076,3877,42,,2026-02-15 10:37:00,2026-02-15 11:15:00,COMPLETED,652.2,COD
4077,2874,95,,2026-02-15 15:54:00,2026-02-15 16:21:00,COMPLETED,497.03,UPI
4078,1702,52,,2026-02-15 18:25:00,2026-02-15 18:58:00,CANCELLED,252.53,COD
4079,3193,88,,2026-02-15 20:15:00,2026-02-15 20:58:00,COMPLETED,782.11,COD
4080,4922,42,,2026-02-15 19:30:00,2026-02-15 20:02:00,CANCELLED,596.61,CARD
4081,1462,37,,2026-02-15 18:15:00,2026-02-15 18:40:00,CANCELLED,653.81,CARD
4082,1109,49,,2026-02-15 15:08:00,2026-02-15 15:47:00,COMPLETED,191.28,UPI
4083,2798,25,,2026-02-15 21:59:00,2026-02-15 22:41:00,COMPLETED,389.11,CARD
4084,4926,35,,2026-02-15 17:03:00,2026-02-15 17:33:00,COMPLETED,514.92,CARD
4085,3697,101,,2026-02-15 20:40:00,2026-02-15 21:13:00,COMPLETED,677.62,CARD
4086,2908,93,,2026-02-15 10:30:00,2026-02-15 10:57:00,COMPLETED,419.29,CARD
4087,2582,82,,2026-02-15 22:40:00,2026-02-15 23:05:00,CANCELLED,770.0,UPI
4088,3776,15,,2026-02-15 19:19:00,2026-02-15 19:51:00,CANCELLED,723.97,CARD
4089,1421,49,,2026-02-15 17:53:00,2026-02-15 18:19:00,CANCELLED,723.61,CARD
4090,4691,109,,2026-02-15 20:20:00,2026-02-15 20:49:00,COMPLETED,363.57,COD
4091,1468,61,,2026-02-15 15:39:00,2026-02-15 16:05:00,COMPLETED,759.0,COD
4092,2222,6,,2026-02-15 15:02:00,2026-02-15 15:47:00,CANCELLED,721.89,COD
4093,3576,70,,2026-02-15 08:31:00,2026-02-15 09:12:00,COMPLETED,486.43,COD
4094,2647,20,,2026-02-15 15:45:00,2026-02-15 16:15:00,COMPLETED,540.41,UPI
4095,3667,112,,2026-02-15 17:23:00,2026-02-15 17:53:00,CANCELLED,691.4,CARD
4096,3705,109,,2026-02-15 13:34:00,2026-02-15 13:59:00,COMPLETED,447.47,CARD
4097,4956,44,,2026-02-15 16:39:00,2026-02-15 17:22:00,COMPLETED,567.03,UPI
4098,1363,10,,2026-02-15 18:46:00,2026-02-15 19:19:00,CANCELLED,500.89,UPI
4099,3945,77,,2026-02-15 18:06:00,2026-02-15 18:34:00,CANCELLED,708.08,COD
4100,2663,51,,2026-02-15 21:39:00,2026-02-15 22:19:00,COMPLETED,160.11,COD
4101,4443,3,,2026-02-15 17:03:00,2026-02-15 17:32:00,COMPLETED,556.19,UPI
4102,4102,103,,2026-02-15 08:58:00,2026-02-15 09:43:00,COMPLETED,796.27,UPI
4103,2149,35,,2026-02-15 11:19:00,2026-02-15 11:52:00,COMPLETED,361.94,CARD
4104,3666,24,,2026-02-15 14:30:00,2026-02-15 15:15:00,CANCELLED,367.11,CARD
4105,4686,1,,2026-02-15 19:36:00,2026-02-15 20:16:00,COMPLETED,266.12,CARD
4106,4319,85,,2026-02-15 20:44:00,2026-02-15 21:18:00,COMPLETED,343.87,CARD
4107,1880,53,,2026-02-15 22:57:00,2026-02-15 23:33:00,COMPLETED,530.62,COD
4108,2491,32,,2026-02-15 11:48:00,2026-02-15 12:27:00,COMPLETED,268.72,UPI
4109,2659,106,,2026-02-15 17:43:00,2026-02-15 18:22:00,COMPLETED,312.45,UPI
4110,1003,17,,2026-02-15 19:04:00,2026-02-15 19:43:00,CANCELLED,307.48,UPI
4111,1172,46,,2026-02-15 10:16:00,2026-02-15 10:50:00,CANCELLED,294.5,UPI
4112,4087,11,,2026-02-15 12:21:00,2026-02-15 13:02:00,CANCELLED,663.35,UPI
4113,4976,32,,2026-02-15 19:35:00,2026-02-15 20:00:00,CANCELLED,687.59,UPI
4114,3239,19,,2026-02-15 22:20:00,2026-02-15 23:01:00,COMPLETED,378.98,CARD
4115,3041,32,,2026-02-15 17:43:00,2026-02-15 18:22:00,CANCELLED,329.69,CARD
4116,1623,26,,2026-02-15 14:49:00,2026-02-15 15:27:00,COMPLETED,300.03,COD
4117,4304,60,,2026-02-15 14:30:00,2026-02-15 15:07:00,CANCELLED,334.41,COD
4118,3381,40,,2026-02-15 10:12:00,2026-02-15 10:48:00,CANCELLED,779.06,CARD
4119,4065,7,,2026-02-15 10:58:00,2026-02-15 11:27:00,CANCELLED,270.9,CARD
4120,1679,53,,2026-02-15 14:36:00,2026-02-15 15:06:00,COMPLETED,157.2,UPI
4121,4958,59,,2026-02-15 14:47:00,2026-02-15 15:14:00,CANCELLED,265.0,UPI
4122,3416,117,,2026-02-15 14:26:00,2026-02-15 15:10:00,COMPLETED,532.19,CARD
4123,2015,28,,2026-02-15 18:17:00,2026-02-15 18:59:00,CANCELLED,638.47,CARD
4124,3277,66,,2026-02-15 16:08:00,2026-02-15 16:45:00,CANCELLED,611.58,UPI
4125,2524,118,,2026-02-15 18:25:00,2026-02-15 18:55:00,CANCELLED,158.03,COD
4126,3151,23,,2026-02-15 12:12:00,2026-02-15 12:45:00,COMPLETED,490.12,UPI
4127,1391,42,,2026-02-15 18:22:00,2026-02-15 18:54:00,COMPLETED,542.03,CARD
4128,1346,20,,2026-02-15 11:14:00,2026-02-15 11:58:00,COMPLETED,411.59,COD
4129,2186,39,,2026-02-15 08:04:00,2026-02-15 08:31:00,COMPLETED,574.04,CARD
4130,4809,52,,2026-02-15 19:55:00,2026-02-15 20:34:00,COMPLETED,696.05,CARD
4131,4918,102,,2026-02-15 20:44:00,2026-02-15 21:11:00,CANCELLED,631.77,CARD
4132,4566,37,,2026-02-15 11:52:00,2026-02-15 12:18:00,COMPLETED,291.52,COD
4133,3115,104,,2026-02-15 08:17:00,2026-02-15 08:48:00,CANCELLED,358.91,CARD
4134,2925,17,,2026-02-15 22:23:00,2026-02-15 23:05:00,COMPLETED,534.43,CARD
4135,2340,107,,2026-02-15 15:25:00,2026-02-15 16:10:00,CANCELLED,343.13,CARD
4136,2215,117,,2026-02-15 21:24:00,2026-02-15 21:53:00,COMPLETED,364.18,CARD
4137,1227,67,,2026-02-15 19:04:00,2026-02-15 19:33:00,COMPLETED,301.8,COD
4138,4819,63,,2026-02-15 08:31:00,2026-02-15 09:14:00,CANCELLED,428.27,COD
4139,3288,116,,2026-02-15 18:37:00,2026-02-15 19:10:00,CANCELLED,231.32,CARD
4140,4773,105,,2026-02-15 22:07:00,2026-02-15 22:49:00,COMPLETED,571.87,UPI
4141,1539,113,,2026-02-15 14:51:00,2026-02-15 15:33:00,COMPLETED,205.36,CARD
4142,3572,120,,2026-02-15 14:13:00,2026-02-15 14:45:00,COMPLETED,441.57,UPI
4143,4835,68,,2026-02-15 14:58:00,2026-02-15 15:26:00,CANCELLED,521.72,UPI
4144,4749,94,,2026-02-15 10:36:00,2026-02-15 11:21:00,CANCELLED,702.22,COD
4145,4257,40,,2026-02-15 13:17:00,2026-02-15 13:49:00,CANCELLED,317.46,CARD
4146,1923,10,,2026-02-15 10:47:00,2026-02-15 11:22:00,COMPLETED,463.41,CARD
4147,1397,2,,2026-02-15 13:23:00,2026-02-15 14:00:00,COMPLETED,472.53,UPI
4148,1694,10,,2026-02-15 11:21:00,2026-02-15 12:06:00,CANCELLED,793.88,UPI
4149,2716,12,,2026-02-15 09:03:00,2026-02-15 09:35:00,COMPLETED,777.9,COD
4150,4413,80,,2026-02-15 19:51:00,2026-02-15 20:26:00,COMPLETED,534.01,CARD
4151,1860,59,,2026-02-15 16:15:00,2026-02-15 16:46:00,COMPLETED,273.42,CARD
4152,4488,40,,2026-02-15 11:08:00,2026-02-15 11:42:00,CANCELLED,700.31,UPI
4153,1000,100,,2026-02-15 17:23:00,2026-02-15 18:07:00,CANCELLED,470.7,COD
4154,2703,111,,2026-02-15 15:34:00,2026-02-15 16:16:00,COMPLETED,653.4,UPI
4155,3833,108,,2026-02-15 09:07:00,2026-02-15 09:32:00,CANCELLED,418.8,COD
4156,1292,101,,2026-02-15 21:16:00,2026-02-15 22:00:00,CANCELLED,559.42,CARD
4157,1367,62,,2026-02-15 17:30:00,2026-02-15 18:06:00,COMPLETED,774.66,COD
4158,3429,45,,2026-02-15 22:44:00,2026-02-15 23:26:00,COMPLETED,324.19,UPI
4159,1151,78,,2026-02-15 11:17:00,2026-02-15 11:50:00,COMPLETED,512.92,UPI
4160,2410,45,,2026-02-15 16:41:00,2026-02-15 17:06:00,COMPLETED,623.8,COD
4161,2067,35,,2026-02-15 13:28:00,2026-02-15 14:07:00,CANCELLED,584.9,COD
4162,4775,51,,2026-02-15 18:16:00,2026-02-15 18:44:00,COMPLETED,570.3,UPI
4163,2167,2,,2026-02-15 08:02:00,2026-02-15 08:28:00,COMPLETED,729.97,COD
4164,2306,115,,2026-02-15 20:14:00,2026-02-15 20:48:00,CANCELLED,226.2,UPI
4165,3474,119,,2026-02-15 08:18:00,2026-02-15 08:50:00,COMPLETED,265.84,CARD
4166,3410,49,,2026-02-15 08:24:00,2026-02-15 08:55:00,CANCELLED,649.81,CARD
4167,1977,66,,2026-02-15 20:28:00,2026-02-15 20:54:00,CANCELLED,744.97,CARD
4168,3803,36,,2026-02-15 17:27:00,2026-02-15 18:04:00,COMPLETED,579.05,CARD
4169,1620,51,,2026-02-15 17:13:00,2026-02-15 17:38:00,CANCELLED,252.34,CARD
4170,4976,116,,2026-02-15 13:46:00,2026-02-15 14:13:00,CANCELLED,333.61,UPI
4171,1846,111,,2026-02-15 20:06:00,2026-02-15 20:50:00,COMPLETED,619.54,UPI
4172,1541,26,,2026-02-15 20:18:00,2026-02-15 20:56:00,COMPLETED,756.15,CARD
4173,2079,109,,2026-02-15 15:59:00,2026-02-15 16:33:00,COMPLETED,477.04,CARD
4174,2996,6,,2026-02-15 08:54:00,2026-02-15 09:32:00,CANCELLED,795.06,COD
4175,1168,87,,2026-02-15 18:10:00,2026-02-15 18:40:00,COMPLETED,539.67,CARD
4176,4436,93,,2026-02-15 09:34:00,2026-02-15 10:16:00,CANCELLED,712.67,COD
4177,3788,110,,2026-02-15 09:34:00,2026-02-15 10:05:00,COMPLETED,676.99,UPI
4178,2373,69,,2026-02-15 09:42:00,2026-02-15 10:10:00,CANCELLED,509.8,CARD
4179,1667,103,,2026-02-15 08:48:00,2026-02-15 09:23:00,CANCELLED,306.63,CARD
4180,3433,84,,2026-02-15 10:02:00,2026-02-15 10:30:00,CANCELLED,171.03,UPI
4181,1601,3,,2026-02-15 21:37:00,2026-02-15 22:07:00,CANCELLED,296.83,UPI
4182,2949,62,,2026-02-15 19:34:00,2026-02-15 19:59:00,CANCELLED,386.18,UPI
4183,3975,90,,2026-02-15 13:03:00,2026-02-15 13:43:00,COMPLETED,711.3,CARD
4184,4762,82,,2026-02-15 19:35:00,2026-02-15 20:04:00,COMPLETED,201.95,COD
4185,4055,10,,2026-02-15 12:56:00,2026-02-15 13:33:00,CANCELLED,623.98,CARD
4186,4589,102,,2026-02-15 12:38:00,2026-02-15 13:16:00,CANCELLED,672.54,UPI
4187,1736,32,,2026-02-15 10:15:00,2026-02-15 10:53:00,CANCELLED,607.03,CARD
4188,2488,30,,2026-02-15 14:24:00,2026-02-15 14:49:00,COMPLETED,239.61,UPI
4189,2233,3,,2026-02-15 09:15:00,2026-02-15 09:57:00,COMPLETED,393.08,CARD
4190,1885,117,,2026-02-15 15:39:00,2026-02-15 16:04:00,CANCELLED,486.01,COD
4191,2611,31,,2026-02-15 13:38:00,2026-02-15 14:04:00,COMPLETED,407.55,COD
4192,2519,6,,2026-02-15 15:24:00,2026-02-15 15:49:00,COMPLETED,625.11,CARD
4193,3593,55,,2026-02-15 09:29:00,2026-02-15 10:14:00,CANCELLED,694.32,CARD
4194,1494,2,,2026-02-15 17:18:00,2026-02-15 18:01:00,COMPLETED,531.32,CARD
4195,1240,104,,2026-02-15 10:01:00,2026-02-15 10:31:00,COMPLETED,565.41,COD
4196,1095,78,,2026-02-15 14:13:00,2026-02-15 14:42:00,CANCELLED,370.33,CARD
4197,4100,48,,2026-02-15 11:24:00,2026-02-15 12:03:00,CANCELLED,602.47,UPI
4198,3353,84,,2026-02-15 11:56:00,2026-02-15 12:24:00,COMPLETED,779.96,COD
4199,3935,69,,2026-02-15 08:50:00,2026-02-15 09:34:00,CANCELLED,177.95,UPI
4200,4827,38,,2026-02-16 21:54:00,2026-02-16 22:34:00,CANCELLED,317.56,UPI
4201,4898,18,,2026-02-16 18:45:00,2026-02-16 19:28:00,COMPLETED,357.36,CARD
4202,2153,89,,2026-02-16 17:30:00,2026-02-16 18:14:00,CANCELLED,751.72,COD
4203,1509,72,,2026-02-16 16:46:00,2026-02-16 17:13:00,COMPLETED,559.9,COD
4204,3438,50,,2026-02-16 20:15:00,2026-02-16 20:57:00,CANCELLED,559.01,CARD
4205,4630,108,,2026-02-16 11:36:00,2026-02-16 12:10:00,CANCELLED,645.36,UPI
4206,4551,22,,2026-02-16 14:55:00,2026-02-16 15:25:00,CANCELLED,247.12,UPI
4207,1214,41,,2026-02-16 18:31:00,2026-02-16 19:11:00,CANCELLED,396.93,COD
4208,1420,104,,2026-02-16 21:51:00,2026-02-16 22:29:00,CANCELLED,696.23,UPI
4209,1124,58,,2026-02-16 17:14:00,2026-02-16 17:52:00,COMPLETED,342.62,CARD
4210,4693,118,,2026-02-16 10:37:00,2026-02-16 11:15:00,CANCELLED,160.42,COD
4211,2499,65,,2026-02-16 14:01:00,2026-02-16 14:28:00,CANCELLED,167.66,UPI
4212,1277,57,,2026-02-16 11:23:00,2026-02-16 11:48:00,COMPLETED,591.6,CARD
4213,3035,104,,2026-02-16 09:32:00,2026-02-16 10:10:00,COMPLETED,355.42,COD
4214,2802,74,,2026-02-16 13:55:00,2026-02-16 14:36:00,COMPLETED,392.72,COD
4215,1307,27,,2026-02-16 12:21:00,2026-02-16 12:55:00,COMPLETED,533.97,UPI
4216,2086,8,,2026-02-16 15:32:00,2026-02-16 16:15:00,CANCELLED,779.61,CARD
4217,1875,13,,2026-02-16 20:43:00,2026-02-16 21:19:00,CANCELLED,601.36,UPI
4218,2307,93,,2026-02-16 17:57:00,2026-02-16 18:23:00,CANCELLED,230.02,CARD
4219,4819,68,,2026-02-16 09:21:00,2026-02-16 10:06:00,CANCELLED,432.57,CARD
4220,3378,28,,2026-02-16 13:07:00,2026-02-16 13:44:00,CANCELLED,364.56,COD
4221,1797,113,,2026-02-16 17:27:00,2026-02-16 17:59:00,CANCELLED,613.76,UPI
4222,3746,72,,2026-02-16 12:30:00,2026-02-16 13:15:00,CANCELLED,407.39,COD
4223,1201,99,,2026-02-16 14:23:00,2026-02-16 15:02:00,COMPLETED,780.87,CARD
4224,4471,61,,2026-02-16 19:50:00,2026-02-16 20:30:00,COMPLETED,502.34,COD
4225,4300,83,,2026-02-16 22:36:00,2026-02-16 23:01:00,COMPLETED,516.38,COD
4226,2474,56,,2026-02-16 08:26:00,2026-02-16 09:10:00,CANCELLED,307.23,COD
4227,3827,91,,2026-02-16 22:30:00,2026-02-16 22:59:00,CANCELLED,288.26,CARD
4228,3316,111,,2026-02-16 10:16:00,2026-02-16 10:47:00,CANCELLED,337.91,COD
4229,4774,18,,2026-02-16 11:10:00,2026-02-16 11:52:00,CANCELLED,306.05,COD
4230,4828,103,,2026-02-16 21:55:00,2026-02-16 22:32:00,CANCELLED,394.44,CARD
4231,2057,22,,2026-02-16 19:08:00,2026-02-16 19:38:00,CANCELLED,457.71,COD
4232,1916,93,,2026-02-16 18:36:00,2026-02-16 19:06:00,CANCELLED,573.61,COD
4233,3809,24,,2026-02-16 10:19:00,2026-02-16 10:51:00,COMPLETED,523.9,UPI
4234,1267,55,,2026-02-16 19:45:00,2026-02-16 20:10:00,COMPLETED,298.17,COD
4235,2201,18,,2026-02-16 16:48:00,2026-02-16 17:21:00,COMPLETED,774.99,UPI
4236,3476,76,,2026-02-16 19:15:00,2026-02-16 19:42:00,COMPLETED,728.15,COD
4237,2357,105,,2026-02-16 21:38:00,2026-02-16 22:18:00,CANCELLED,710.31,UPI
4238,3826,44,,2026-02-16 22:22:00,2026-02-16 22:55:00,COMPLETED,732.85,COD
4239,2787,73,,2026-02-16 15:33:00,2026-02-16 16:08:00,COMPLETED,281.13,COD
4240,1015,92,,2026-02-16 10:07:00,2026-02-16 10:32:00,CANCELLED,662.59,COD
4241,1754,100,,2026-02-16 11:38:00,2026-02-16 12:07:00,CANCELLED,795.38,CARD
4242,4742,17,,2026-02-16 21:17:00,2026-02-16 21:46:00,CANCELLED,442.11,UPI
4243,4847,10,,2026-02-16 11:43:00,2026-02-16 12:14:00,CANCELLED,726.36,CARD
4244,4911,51,,2026-02-16 19:56:00,2026-02-16 20:22:00,CANCELLED,753.58,CARD
4245,4790,103,,2026-02-16 16:09:00,2026-02-16 16:34:00,CANCELLED,152.24,CARD
4246,1975,49,,2026-02-16 14:10:00,2026-02-16 14:36:00,COMPLETED,367.79,UPI
4247,3062,102,,2026-02-16 10:53:00,2026-02-16 11:37:00,CANCELLED,237.93,UPI
4248,3622,61,,2026-02-16 09:26:00,2026-02-16 09:52:00,CANCELLED,623.15,COD
4249,1075,87,,2026-02-16 16:27:00,2026-02-16 17:00:00,CANCELLED,457.61,UPI
4250,2753,59,,2026-02-16 16:38:00,2026-02-16 17:08:00,CANCELLED,239.52,CARD
4251,4401,21,,2026-02-16 08:02:00,2026-02-16 08:40:00,COMPLETED,697.8,COD
4252,1781,104,,2026-02-16 20:03:00,2026-02-16 20:40:00,CANCELLED,562.29,UPI
4253,4874,53,,2026-02-16 21:34:00,2026-02-16 22:07:00,COMPLETED,333.77,UPI
4254,3437,63,,2026-02-16 12:33:00,2026-02-16 13:08:00,COMPLETED,217.92,COD
4255,3782,63,,2026-02-16 18:01:00,2026-02-16 18:44:00,CANCELLED,697.37,CARD
4256,2055,77,,2026-02-16 21:28:00,2026-02-16 21:55:00,CANCELLED,172.35,CARD
4257,4333,41,,2026-02-16 18:35:00,2026-02-16 19:10:00,COMPLETED,713.4,CARD
4258,1585,106,,2026-02-16 19:59:00,2026-02-16 20:30:00,CANCELLED,653.8,UPI
4259,1522,17,,2026-02-16 13:03:00,2026-02-16 13:34:00,COMPLETED,783.98,UPI
4260,1535,13,,2026-02-16 14:30:00,2026-02-16 14:58:00,COMPLETED,617.09,CARD
4261,4299,84,,2026-02-16 20:00:00,2026-02-16 20:42:00,COMPLETED,579.35,COD
4262,2180,72,,2026-02-16 13:37:00,2026-02-16 14:21:00,CANCELLED,298.19,COD
4263,1747,88,,2026-02-16 08:04:00,2026-02-16 08:31:00,CANCELLED,434.01,CARD
4264,1563,117,,2026-02-16 22:56:00,2026-02-16 23:26:00,COMPLETED,680.8,CARD
4265,4846,64,,2026-02-16 20:00:00,2026-02-16 20:34:00,CANCELLED,262.21,CARD
4266,2628,92,,2026-02-16 10:45:00,2026-02-16 11:20:00,CANCELLED,635.24,CARD
4267,4470,66,,2026-02-16 16:23:00,2026-02-16 16:50:00,COMPLETED,740.85,COD
4268,3153,83,,2026-02-16 11:29:00,2026-02-16 12:08:00,CANCELLED,187.58,CARD
4269,1276,50,,2026-02-16 17:19:00,2026-02-16 17:53:00,COMPLETED,399.87,COD
4270,3858,93,,2026-02-16 20:28:00,2026-02-16 20:59:00,CANCELLED,524.1,UPI
4271,2915,96,,2026-02-16 14:50:00,2026-02-16 15:24:00,CANCELLED,404.42,CARD
4272,2754,88,,2026-02-16 13:32:00,2026-02-16 14:13:00,CANCELLED,555.3,CARD
4273,1789,114,,2026-02-16 21:13:00,2026-02-16 21:50:00,COMPLETED,781.19,CARD
4274,1631,26,,2026-02-16 22:38:00,2026-02-16 23:17:00,CANCELLED,672.59,COD
4275,1243,74,,2026-02-16 22:19:00,2026-02-16 23:01:00,COMPLETED,421.17,UPI
4276,1030,13,,2026-02-16 14:50:00,2026-02-16 15:19:00,CANCELLED,359.72,UPI
4277,3803,65,,2026-02-16 20:30:00,2026-02-16 21:09:00,CANCELLED,768.2,UPI
4278,4879,52,,2026-02-16 16:31:00,2026-02-16 17:12:00,CANCELLED,363.06,UPI
4279,1409,23,,2026-02-16 16:25:00,2026-02-16 17:01:00,CANCELLED,455.67,UPI
4280,1214,50,,2026-02-16 08:05:00,2026-02-16 08:30:00,CANCELLED,369.43,UPI
4281,4505,17,,2026-02-16 21:47:00,2026-02-16 22:28:00,CANCELLED,594.14,UPI
4282,2567,46,,2026-02-16 09:13:00,2026-02-16 09:51:00,CANCELLED,361.31,COD
4283,4529,39,,2026-02-16 10:59:00,2026-02-16 11:32:00,CANCELLED,194.66,CARD
4284,2934,120,,2026-02-16 18:02:00,2026-02-16 18:46:00,CANCELLED,153.21,COD
4285,2665,117,,2026-02-16 11:26:00,2026-02-16 12:07:00,CANCELLED,161.04,COD
4286,4361,61,,2026-02-16 22:16:00,2026-02-16 22:51:00,COMPLETED,624.62,UPI
4287,2672,25,,2026-02-16 08:20:00,2026-02-16 08:52:00,COMPLETED,723.23,UPI
4288,1630,118,,2026-02-16 21:49:00,2026-02-16 22:22:00,COMPLETED,483.25,UPI
4289,1185,103,,2026-02-16 09:02:00,2026-02-16 09:32:00,CANCELLED,625.36,CARD
4290,1914,4,,2026-02-16 18:26:00,2026-02-16 19:08:00,CANCELLED,635.36,COD
4291,1049,75,,2026-02-16 12:35:00,2026-02-16 13:18:00,CANCELLED,564.68,CARD
4292,2985,112,,2026-02-16 16:07:00,2026-02-16 16:51:00,CANCELLED,237.7,UPI
4293,3274,35,,2026-02-16 13:44:00,2026-02-16 14:13:00,COMPLETED,286.33,UPI
4294,3157,2,,2026-02-16 18:24:00,2026-02-16 18:57:00,CANCELLED,356.55,COD
4295,2449,97,,2026-02-16 15:55:00,2026-02-16 16:26:00,CANCELLED,638.66,UPI
4296,4988,2,,2026-02-16 13:06:00,2026-02-16 13:47:00,CANCELLED,473.87,CARD
4297,2028,87,,2026-02-16 11:48:00,2026-02-16 12:31:00,COMPLETED,727.38,CARD
4298,4118,71,,2026-02-16 22:08:00,2026-02-16 22:53:00,COMPLETED,241.23,UPI
4299,3937,79,,2026-02-16 08:01:00,2026-02-16 08:31:00,CANCELLED,325.67,CARD
4300,4282,30,,2026-02-16 22:52:00,2026-02-16 23:18:00,COMPLETED,379.95,CARD
4301,2360,67,,2026-02-16 18:14:00,2026-02-16 18:43:00,CANCELLED,546.84,COD
4302,4458,40,,2026-02-16 15:59:00,2026-02-16 16:30:00,COMPLETED,176.56,COD
4303,3723,59,,2026-02-16 17:37:00,2026-02-16 18:16:00,CANCELLED,335.71,UPI
4304,3497,47,,2026-02-16 15:51:00,2026-02-16 16:27:00,COMPLETED,576.6,COD
4305,4022,35,,2026-02-16 16:45:00,2026-02-16 17:23:00,COMPLETED,280.95,CARD
4306,4436,78,,2026-02-16 16:54:00,2026-02-16 17:23:00,CANCELLED,661.36,CARD
4307,3852,66,,2026-02-16 22:54:00,2026-02-16 23:31:00,CANCELLED,218.91,UPI
4308,3648,99,,2026-02-16 10:42:00,2026-02-16 11:14:00,COMPLETED,259.4,UPI
4309,2476,93,,2026-02-16 08:31:00,2026-02-16 09:16:00,CANCELLED,615.68,UPI
4310,2720,108,,2026-02-16 10:49:00,2026-02-16 11:28:00,CANCELLED,340.15,CARD
4311,4478,57,,2026-02-16 11:34:00,2026-02-16 12:02:00,COMPLETED,604.87,UPI
4312,4454,76,,2026-02-16 14:52:00,2026-02-16 15:22:00,COMPLETED,577.18,CARD
4313,2521,12,,2026-02-16 19:37:00,2026-02-16 20:04:00,COMPLETED,454.68,CARD
4314,4190,19,,2026-02-16 10:33:00,2026-02-16 11:07:00,CANCELLED,685.16,UPI
4315,2697,80,,2026-02-16 17:36:00,2026-02-16 18:10:00,COMPLETED,756.82,COD
4316,2884,93,,2026-02-16 12:01:00,2026-02-16 12:30:00,COMPLETED,293.04,UPI
4317,3558,65,,2026-02-16 10:01:00,2026-02-16 10:40:00,COMPLETED,787.45,COD
4318,3782,106,,2026-02-16 11:53:00,2026-02-16 12:33:00,COMPLETED,173.34,UPI
4319,4575,103,,2026-02-16 13:23:00,2026-02-16 13:56:00,CANCELLED,186.16,CARD
4320,2829,75,,2026-02-16 12:47:00,2026-02-16 13:26:00,CANCELLED,607.12,COD
4321,2723,64,,2026-02-16 18:42:00,2026-02-16 19:21:00,CANCELLED,354.02,CARD
4322,4352,113,,2026-02-16 16:57:00,2026-02-16 17:24:00,COMPLETED,697.95,CARD
4323,3106,9,,2026-02-16 11:35:00,2026-02-16 12:14:00,CANCELLED,529.07,UPI
4324,1237,72,,2026-02-16 16:25:00,2026-02-16 17:09:00,CANCELLED,390.24,CARD
4325,2599,22,,2026-02-16 21:00:00,2026-02-16 21:45:00,CANCELLED,687.4,COD
4326,3254,66,,2026-02-16 16:37:00,2026-02-16 17:10:00,CANCELLED,417.17,CARD
4327,4930,3,,2026-02-16 08:23:00,2026-02-16 08:52:00,CANCELLED,409.09,COD
4328,2634,88,,2026-02-16 12:03:00,2026-02-16 12:46:00,COMPLETED,267.26,CARD
4329,1114,81,,2026-02-16 21:25:00,2026-02-16 22:09:00,CANCELLED,629.85,CARD
4330,1408,20,,2026-02-16 22:59:00,2026-02-16 23:41:00,CANCELLED,700.77,COD
4331,4340,104,,2026-02-16 16:43:00,2026-02-16 17:12:00,COMPLETED,571.76,UPI
4332,2589,92,,2026-02-16 08:07:00,2026-02-16 08:44:00,COMPLETED,717.5,COD
4333,1540,29,,2026-02-16 15:45:00,2026-02-16 16:28:00,CANCELLED,656.57,CARD
4334,2587,71,,2026-02-16 17:28:00,2026-02-16 17:57:00,COMPLETED,295.54,CARD
4335,3708,39,,2026-02-16 16:43:00,2026-02-16 17:21:00,CANCELLED,748.86,COD
4336,1181,54,,2026-02-16 20:10:00,2026-02-16 20:45:00,CANCELLED,363.14,CARD
4337,4531,67,,2026-02-16 18:28:00,2026-02-16 19:06:00,COMPLETED,797.75,COD
4338,3828,58,,2026-02-16 13:46:00,2026-02-16 14:22:00,COMPLETED,670.24,UPI
4339,4137,22,,2026-02-16 12:01:00,2026-02-16 12:29:00,COMPLETED,215.1,UPI
4340,1174,88,,2026-02-16 13:48:00,2026-02-16 14:33:00,CANCELLED,435.99,COD
4341,3636,12,,2026-02-16 14:06:00,2026-02-16 14:35:00,CANCELLED,551.61,CARD
4342,3115,36,,2026-02-16 22:58:00,2026-02-16 23:30:00,CANCELLED,321.21,UPI
4343,3201,27,,2026-02-16 14:16:00,2026-02-16 14:57:00,COMPLETED,781.71,UPI
4344,4636,62,,2026-02-16 09:05:00,2026-02-16 09:39:00,COMPLETED,573.41,CARD
4345,4834,30,,2026-02-16 09:44:00,2026-02-16 10:13:00,CANCELLED,703.04,COD
4346,2818,15,,2026-02-16 14:50:00,2026-02-16 15:32:00,CANCELLED,558.06,UPI
4347,3464,10,,2026-02-16 21:58:00,2026-02-16 22:40:00,COMPLETED,528.81,UPI
4348,3530,58,,2026-02-16 22:59:00,2026-02-16 23:38:00,COMPLETED,717.91,COD
4349,4987,39,,2026-02-16 11:57:00,2026-02-16 12:42:00,CANCELLED,382.15,CARD
4350,2687,61,,2026-02-16 12:58:00,2026-02-16 13:31:00,CANCELLED,166.08,COD
4351,3972,110,,2026-02-16 21:59:00,2026-02-16 22:37:00,CANCELLED,769.96,COD
4352,1892,18,,2026-02-16 09:07:00,2026-02-16 09:45:00,CANCELLED,461.85,UPI
4353,4557,16,,2026-02-16 16:38:00,2026-02-16 17:09:00,CANCELLED,528.49,UPI
4354,3893,118,,2026-02-16 14:14:00,2026-02-16 14:53:00,COMPLETED,540.92,CARD
4355,3713,57,,2026-02-16 19:25:00,2026-02-16 19:54:00,COMPLETED,217.9,UPI
4356,3910,5,,2026-02-16 17:32:00,2026-02-16 18:03:00,COMPLETED,517.21,COD
4357,2508,118,,2026-02-16 13:39:00,2026-02-16 14:21:00,CANCELLED,567.65,COD
4358,2229,12,,2026-02-16 11:52:00,2026-02-16 12:22:00,CANCELLED,705.45,CARD
4359,3252,45,,2026-02-16 14:21:00,2026-02-16 14:48:00,CANCELLED,499.4,CARD
4360,1098,60,,2026-02-16 15:23:00,2026-02-16 16:00:00,COMPLETED,344.93,UPI
4361,3904,33,,2026-02-16 22:26:00,2026-02-16 23:06:00,CANCELLED,264.85,COD
4362,3344,46,,2026-02-16 13:53:00,2026-02-16 14:38:00,CANCELLED,572.7,CARD
4363,4034,120,,2026-02-16 16:18:00,2026-02-16 16:51:00,COMPLETED,426.05,UPI
4364,4884,21,,2026-02-17 13:44:00,2026-02-17 14:09:00,COMPLETED,200.0,CARD
4365,3312,71,,2026-02-17 09:36:00,2026-02-17 10:13:00,COMPLETED,569.59,UPI
4366,4226,98,,2026-02-17 09:41:00,2026-02-17 10:13:00,CANCELLED,694.56,CARD
4367,3863,114,,2026-02-17 16:11:00,2026-02-17 16:48:00,COMPLETED,608.4,UPI
4368,1833,89,,2026-02-17 21:56:00,2026-02-17 22:38:00,CANCELLED,677.06,UPI
4369,3422,104,,2026-02-17 08:26:00,2026-02-17 08:55:00,COMPLETED,498.41,UPI
4370,1988,26,,2026-02-17 19:20:00,2026-02-17 20:05:00,COMPLETED,677.74,UPI
4371,2424,120,,2026-02-17 22:33:00,2026-02-17 23:18:00,COMPLETED,523.84,CARD
4372,3896,105,,2026-02-17 17:59:00,2026-02-17 18:36:00,COMPLETED,225.77,COD
4373,2853,59,,2026-02-17 15:05:00,2026-02-17 15:42:00,COMPLETED,539.86,UPI
4374,2783,10,,2026-02-17 15:05:00,2026-02-17 15:43:00,COMPLETED,240.71,UPI
4375,4748,31,,2026-02-17 20:44:00,2026-02-17 21:21:00,CANCELLED,263.03,COD
4376,1547,88,,2026-02-17 10:17:00,2026-02-17 10:46:00,COMPLETED,324.63,CARD
4377,1296,116,,2026-02-17 17:17:00,2026-02-17 17:43:00,COMPLETED,621.38,UPI
4378,4649,54,,2026-02-17 17:27:00,2026-02-17 17:59:00,CANCELLED,382.75,CARD
4379,2942,111,,2026-02-17 08:16:00,2026-02-17 08:44:00,CANCELLED,549.27,UPI
4380,2246,36,,2026-02-17 10:33:00,2026-02-17 11:18:00,CANCELLED,228.19,UPI
4381,1672,28,,2026-02-17 08:27:00,2026-02-17 09:11:00,COMPLETED,654.96,UPI
4382,2245,109,,2026-02-17 09:04:00,2026-02-17 09:43:00,CANCELLED,740.18,UPI
4383,4557,104,,2026-02-17 13:14:00,2026-02-17 13:43:00,CANCELLED,678.81,COD
4384,2008,63,,2026-02-17 17:22:00,2026-02-17 17:59:00,COMPLETED,396.75,COD
4385,4204,97,,2026-02-17 17:41:00,2026-02-17 18:24:00,CANCELLED,627.79,CARD
4386,3595,43,,2026-02-17 14:30:00,2026-02-17 15:14:00,CANCELLED,528.72,COD
4387,2990,88,,2026-02-17 18:54:00,2026-02-17 19:24:00,CANCELLED,394.16,UPI
4388,2223,78,,2026-02-17 21:51:00,2026-02-17 22:18:00,COMPLETED,167.11,CARD
4389,4984,23,,2026-02-17 13:31:00,2026-02-17 13:56:00,CANCELLED,373.13,CARD
4390,4406,120,,2026-02-17 20:19:00,2026-02-17 20:50:00,CANCELLED,656.67,CARD
4391,2635,62,,2026-02-17 12:21:00,2026-02-17 13:03:00,COMPLETED,267.37,CARD
4392,1003,39,,2026-02-17 11:54:00,2026-02-17 12:37:00,CANCELLED,640.77,COD
4393,4789,47,,2026-02-17 09:07:00,2026-02-17 09:40:00,CANCELLED,395.68,CARD
4394,2531,88,,2026-02-17 19:52:00,2026-02-17 20:19:00,CANCELLED,340.07,COD
4395,1380,15,,2026-02-17 10:32:00,2026-02-17 11:08:00,CANCELLED,602.84,CARD
4396,3117,60,,2026-02-17 15:48:00,2026-02-17 16:29:00,CANCELLED,288.88,COD
4397,2185,2,,2026-02-17 22:55:00,2026-02-17 23:20:00,CANCELLED,335.52,UPI
4398,2783,55,,2026-02-17 16:27:00,2026-02-17 17:12:00,COMPLETED,483.99,COD
4399,4294,48,,2026-02-17 19:55:00,2026-02-17 20:36:00,COMPLETED,188.85,CARD
4400,2967,32,,2026-02-17 19:53:00,2026-02-17 20:35:00,COMPLETED,352.81,CARD
4401,1377,9,,2026-02-17 09:26:00,2026-02-17 10:01:00,CANCELLED,298.75,UPI
4402,1699,81,,2026-02-17 17:07:00,2026-02-17 17:45:00,COMPLETED,764.44,COD
4403,1317,71,,2026-02-17 16:17:00,2026-02-17 16:59:00,CANCELLED,213.26,CARD
4404,3584,68,,2026-02-17 19:27:00,2026-02-17 20:04:00,CANCELLED,425.11,COD
4405,4436,7,,2026-02-17 13:38:00,2026-02-17 14:17:00,CANCELLED,567.5,CARD
4406,1584,111,,2026-02-17 22:17:00,2026-02-17 22:42:00,CANCELLED,684.28,CARD
4407,4786,104,,2026-02-17 11:22:00,2026-02-17 11:54:00,COMPLETED,391.99,UPI
4408,1050,52,,2026-02-17 11:03:00,2026-02-17 11:34:00,COMPLETED,184.32,COD
4409,4927,65,,2026-02-17 08:55:00,2026-02-17 09:25:00,CANCELLED,718.28,CARD
4410,4727,90,,2026-02-17 19:47:00,2026-02-17 20:22:00,COMPLETED,588.93,COD
4411,4034,13,,2026-02-17 10:52:00,2026-02-17 11:26:00,COMPLETED,338.03,COD
4412,2674,62,,2026-02-17 08:27:00,2026-02-17 09:04:00,COMPLETED,217.01,COD
4413,4025,76,,2026-02-17 12:22:00,2026-02-17 12:57:00,COMPLETED,162.41,UPI
4414,1842,109,,2026-02-17 15:14:00,2026-02-17 15:46:00,COMPLETED,233.67,COD
4415,1129,41,,2026-02-17 12:44:00,2026-02-17 13:10:00,COMPLETED,714.89,CARD
4416,3723,23,,2026-02-17 10:13:00,2026-02-17 10:43:00,COMPLETED,392.08,COD
4417,1391,85,,2026-02-17 19:10:00,2026-02-17 19:35:00,COMPLETED,702.72,COD
4418,2048,69,,2026-02-17 20:56:00,2026-02-17 21:27:00,CANCELLED,285.9,CARD
4419,1933,83,,2026-02-17 09:43:00,2026-02-17 10:14:00,COMPLETED,386.35,CARD
4420,4262,28,,2026-02-17 14:27:00,2026-02-17 14:55:00,COMPLETED,308.12,CARD
4421,4409,111,,2026-02-17 12:20:00,2026-02-17 12:55:00,CANCELLED,591.53,UPI
4422,2246,24,,2026-02-17 10:09:00,2026-02-17 10:40:00,CANCELLED,343.96,UPI
4423,2753,102,,2026-02-17 18:24:00,2026-02-17 19:03:00,COMPLETED,262.62,CARD
4424,2758,25,,2026-02-17 16:44:00,2026-02-17 17:22:00,CANCELLED,263.01,COD
4425,4894,46,,2026-02-17 20:27:00,2026-02-17 21:10:00,COMPLETED,434.22,UPI
4426,3560,116,,2026-02-17 18:51:00,2026-02-17 19:31:00,COMPLETED,329.87,CARD
4427,3560,47,,2026-02-17 17:23:00,2026-02-17 18:08:00,COMPLETED,554.19,COD
4428,4419,100,,2026-02-17 14:04:00,2026-02-17 14:41:00,COMPLETED,367.5,COD
4429,2519,105,,2026-02-17 14:32:00,2026-02-17 15:09:00,CANCELLED,515.77,COD
4430,4129,115,,2026-02-17 12:33:00,2026-02-17 13:13:00,CANCELLED,774.29,UPI
4431,4573,82,,2026-02-17 21:26:00,2026-02-17 21:58:00,COMPLETED,552.73,UPI
4432,1431,35,,2026-02-17 15:06:00,2026-02-17 15:40:00,CANCELLED,658.79,UPI
4433,2656,109,,2026-02-17 11:44:00,2026-02-17 12:16:00,CANCELLED,253.52,UPI
4434,4783,98,,2026-02-17 21:16:00,2026-02-17 21:49:00,CANCELLED,432.3,UPI
4435,2384,27,,2026-02-17 19:22:00,2026-02-17 19:54:00,CANCELLED,232.73,CARD
4436,3258,114,,2026-02-17 21:04:00,2026-02-17 21:47:00,CANCELLED,636.16,COD
4437,4593,117,,2026-02-17 12:56:00,2026-02-17 13:27:00,CANCELLED,471.01,CARD
4438,1422,44,,2026-02-17 10:34:00,2026-02-17 11:08:00,CANCELLED,203.17,CARD
4439,3858,120,,2026-02-17 15:48:00,2026-02-17 16:33:00,CANCELLED,768.09,CARD
4440,4814,29,,2026-02-17 18:40:00,2026-02-17 19:22:00,CANCELLED,326.44,CARD
4441,3246,43,,2026-02-17 12:53:00,2026-02-17 13:31:00,CANCELLED,310.13,CARD
4442,4214,13,,2026-02-17 08:26:00,2026-02-17 09:04:00,CANCELLED,624.97,COD
4443,2926,76,,2026-02-17 13:03:00,2026-02-17 13:46:00,COMPLETED,550.34,CARD
4444,2700,13,,2026-02-17 21:26:00,2026-02-17 21:53:00,CANCELLED,709.29,CARD
4445,1415,51,,2026-02-17 16:32:00,2026-02-17 16:59:00,COMPLETED,601.51,COD
4446,1094,64,,2026-02-17 08:29:00,2026-02-17 09:01:00,COMPLETED,458.09,UPI
4447,3830,22,,2026-02-17 09:00:00,2026-02-17 09:40:00,COMPLETED,762.94,UPI
4448,2735,105,,2026-02-17 17:09:00,2026-02-17 17:53:00,CANCELLED,773.3,CARD
4449,4670,18,,2026-02-17 08:19:00,2026-02-17 09:01:00,CANCELLED,625.75,CARD
4450,1539,16,,2026-02-17 11:32:00,2026-02-17 12:00:00,CANCELLED,408.85,COD
4451,4207,99,,2026-02-17 18:06:00,2026-02-17 18:40:00,CANCELLED,407.96,UPI
4452,4433,19,,2026-02-17 18:57:00,2026-02-17 19:30:00,COMPLETED,402.59,CARD
4453,4074,52,,2026-02-17 13:03:00,2026-02-17 13:39:00,COMPLETED,746.15,COD
4454,2884,18,,2026-02-17 18:12:00,2026-02-17 18:40:00,CANCELLED,157.38,UPI
4455,2074,65,,2026-02-17 22:00:00,2026-02-17 22:43:00,COMPLETED,795.76,COD
4456,2694,90,,2026-02-17 11:05:00,2026-02-17 11:50:00,CANCELLED,617.09,CARD
4457,3541,53,,2026-02-17 15:51:00,2026-02-17 16:18:00,CANCELLED,793.22,COD
4458,1918,28,,2026-02-17 15:01:00,2026-02-17 15:43:00,CANCELLED,293.44,COD
4459,4915,50,,2026-02-17 08:33:00,2026-02-17 09:01:00,COMPLETED,260.38,CARD
4460,2643,100,,2026-02-17 08:28:00,2026-02-17 08:56:00,COMPLETED,519.0,UPI
4461,1138,98,,2026-02-17 20:28:00,2026-02-17 21:11:00,COMPLETED,276.55,COD
4462,1882,61,,2026-02-17 12:38:00,2026-02-17 13:11:00,CANCELLED,691.6,CARD
4463,4919,88,,2026-02-17 21:39:00,2026-02-17 22:10:00,CANCELLED,496.76,COD
4464,4381,73,,2026-02-17 12:48:00,2026-02-17 13:14:00,CANCELLED,207.6,COD
4465,3021,77,,2026-02-17 09:12:00,2026-02-17 09:50:00,COMPLETED,174.5,UPI
4466,1424,52,,2026-02-17 17:17:00,2026-02-17 17:44:00,COMPLETED,783.96,CARD
4467,3715,85,,2026-02-17 19:10:00,2026-02-17 19:53:00,COMPLETED,651.58,COD
4468,3687,116,,2026-02-17 22:28:00,2026-02-17 23:02:00,COMPLETED,730.86,COD
4469,3301,107,,2026-02-17 10:34:00,2026-02-17 11:15:00,CANCELLED,704.59,COD
4470,1135,96,,2026-02-17 14:53:00,2026-02-17 15:35:00,COMPLETED,719.51,CARD
4471,2195,19,,2026-02-17 08:40:00,2026-02-17 09:12:00,COMPLETED,770.6,COD
4472,4667,96,,2026-02-17 12:24:00,2026-02-17 13:05:00,CANCELLED,346.54,UPI
4473,1858,41,,2026-02-17 10:39:00,2026-02-17 11:05:00,COMPLETED,198.55,COD
4474,3316,86,,2026-02-17 19:52:00,2026-02-17 20:32:00,COMPLETED,465.68,CARD
4475,4771,70,,2026-02-17 09:42:00,2026-02-17 10:13:00,CANCELLED,188.19,UPI
4476,1405,110,,2026-02-17 21:26:00,2026-02-17 22:06:00,COMPLETED,663.97,COD
4477,4205,91,,2026-02-17 11:28:00,2026-02-17 11:57:00,COMPLETED,528.93,UPI
4478,1554,39,,2026-02-17 22:27:00,2026-02-17 22:52:00,CANCELLED,584.85,COD
4479,3275,103,,2026-02-17 10:45:00,2026-02-17 11:26:00,COMPLETED,338.06,COD
4480,2881,109,,2026-02-17 10:15:00,2026-02-17 10:57:00,CANCELLED,356.12,UPI
4481,4164,119,,2026-02-17 19:53:00,2026-02-17 20:20:00,COMPLETED,780.34,UPI
4482,2509,63,,2026-02-17 22:29:00,2026-02-17 23:10:00,CANCELLED,341.47,UPI
4483,1293,31,,2026-02-17 11:12:00,2026-02-17 11:56:00,COMPLETED,174.38,CARD
4484,4975,15,,2026-02-18 13:08:00,2026-02-18 13:52:00,CANCELLED,229.37,CARD
4485,2021,83,,2026-02-18 12:53:00,2026-02-18 13:23:00,COMPLETED,227.33,UPI
4486,1311,91,,2026-02-18 22:58:00,2026-02-18 23:24:00,COMPLETED,203.56,UPI
4487,1210,53,,2026-02-18 11:43:00,2026-02-18 12:18:00,CANCELLED,777.78,COD
4488,2665,71,,2026-02-18 14:37:00,2026-02-18 15:04:00,CANCELLED,679.2,UPI
4489,1718,97,,2026-02-18 10:51:00,2026-02-18 11:26:00,CANCELLED,630.74,COD
4490,3592,47,,2026-02-18 08:02:00,2026-02-18 08:31:00,CANCELLED,466.26,COD
4491,3391,70,,2026-02-18 20:04:00,2026-02-18 20:43:00,CANCELLED,488.39,UPI
4492,3476,37,,2026-02-18 15:16:00,2026-02-18 15:53:00,COMPLETED,787.76,COD
4493,3420,81,,2026-02-18 14:18:00,2026-02-18 14:46:00,CANCELLED,431.25,UPI
4494,1852,47,,2026-02-18 19:19:00,2026-02-18 19:56:00,CANCELLED,655.89,UPI
4495,2836,82,,2026-02-18 10:29:00,2026-02-18 10:59:00,COMPLETED,446.2,UPI
4496,4114,84,,2026-02-18 14:53:00,2026-02-18 15:22:00,CANCELLED,413.31,COD
4497,4579,2,,2026-02-18 12:25:00,2026-02-18 13:02:00,CANCELLED,164.66,COD
4498,4518,84,,2026-02-18 09:24:00,2026-02-18 09:58:00,CANCELLED,222.3,COD
4499,3085,83,,2026-02-18 08:05:00,2026-02-18 08:42:00,CANCELLED,709.74,UPI
4500,2823,100,,2026-02-18 08:41:00,2026-02-18 09:22:00,COMPLETED,720.02,COD
4501,2675,70,,2026-02-18 18:53:00,2026-02-18 19:31:00,COMPLETED,587.01,COD
4502,3196,19,,2026-02-18 16:17:00,2026-02-18 16:46:00,COMPLETED,456.61,COD
4503,3949,15,,2026-02-18 11:16:00,2026-02-18 11:57:00,COMPLETED,378.26,CARD
4504,1939,19,,2026-02-18 10:45:00,2026-02-18 11:14:00,COMPLETED,267.64,CARD
4505,1053,69,,2026-02-18 10:38:00,2026-02-18 11:12:00,CANCELLED,456.18,COD
4506,2466,78,,2026-02-18 16:58:00,2026-02-18 17:29:00,CANCELLED,170.77,UPI
4507,3974,97,,2026-02-18 09:34:00,2026-02-18 10:00:00,CANCELLED,444.04,COD
4508,4645,101,,2026-02-18 11:53:00,2026-02-18 12:29:00,COMPLETED,607.95,COD
4509,4383,110,,2026-02-18 13:55:00,2026-02-18 14:20:00,CANCELLED,276.26,UPI
4510,4138,83,,2026-02-18 10:29:00,2026-02-18 10:59:00,COMPLETED,750.3,COD
4511,2184,16,,2026-02-18 21:30:00,2026-02-18 22:08:00,CANCELLED,771.73,CARD
4512,4109,60,,2026-02-18 08:41:00,2026-02-18 09:25:00,COMPLETED,168.99,CARD
4513,1097,115,,2026-02-18 08:17:00,2026-02-18 08:44:00,CANCELLED,216.51,UPI
4514,1993,39,,2026-02-18 22:47:00,2026-02-18 23:22:00,COMPLETED,548.62,COD
4515,4116,117,,2026-02-18 21:25:00,2026-02-18 22:06:00,COMPLETED,754.39,UPI
4516,3276,53,,2026-02-18 12:54:00,2026-02-18 13:34:00,CANCELLED,337.09,CARD
4517,1149,23,,2026-02-18 10:11:00,2026-02-18 10:53:00,COMPLETED,567.01,CARD
4518,1914,3,,2026-02-18 17:28:00,2026-02-18 18:12:00,CANCELLED,294.31,UPI
4519,3631,91,,2026-02-18 16:29:00,2026-02-18 17:11:00,COMPLETED,587.9,COD
4520,3396,99,,2026-02-18 15:55:00,2026-02-18 16:37:00,COMPLETED,583.96,COD
4521,3971,116,,2026-02-18 11:47:00,2026-02-18 12:31:00,CANCELLED,312.88,COD
4522,3442,74,,2026-02-18 22:01:00,2026-02-18 22:38:00,COMPLETED,357.31,UPI
4523,4923,45,,2026-02-18 17:25:00,2026-02-18 18:00:00,CANCELLED,659.76,CARD
4524,3858,99,,2026-02-18 17:45:00,2026-02-18 18:19:00,COMPLETED,504.08,UPI
4525,4665,95,,2026-02-18 11:11:00,2026-02-18 11:54:00,COMPLETED,692.18,CARD
4526,3611,7,,2026-02-18 15:20:00,2026-02-18 16:03:00,CANCELLED,383.54,COD
4527,4280,70,,2026-02-18 16:52:00,2026-02-18 17:36:00,CANCELLED,159.6,COD
4528,2591,43,,2026-02-18 20:25:00,2026-02-18 20:51:00,CANCELLED,448.8,COD
4529,2520,57,,2026-02-18 15:43:00,2026-02-18 16:16:00,COMPLETED,203.95,UPI
4530,2697,12,,2026-02-18 10:27:00,2026-02-18 11:06:00,COMPLETED,421.87,CARD
4531,3407,116,,2026-02-18 09:10:00,2026-02-18 09:44:00,COMPLETED,241.01,COD
4532,3097,36,,2026-02-18 18:50:00,2026-02-18 19:15:00,COMPLETED,461.29,UPI
4533,1658,82,,2026-02-18 18:30:00,2026-02-18 19:14:00,CANCELLED,342.24,UPI
4534,4521,117,,2026-02-18 15:50:00,2026-02-18 16:30:00,COMPLETED,360.02,COD
4535,3766,24,,2026-02-18 17:04:00,2026-02-18 17:38:00,COMPLETED,633.57,UPI
4536,2234,66,,2026-02-18 10:58:00,2026-02-18 11:29:00,COMPLETED,648.42,UPI
4537,3905,17,,2026-02-18 09:21:00,2026-02-18 10:00:00,CANCELLED,221.9,UPI
4538,4859,112,,2026-02-18 13:50:00,2026-02-18 14:22:00,CANCELLED,540.23,UPI
4539,2291,59,,2026-02-18 17:07:00,2026-02-18 17:42:00,CANCELLED,699.8,CARD
4540,1713,107,,2026-02-18 08:29:00,2026-02-18 09:06:00,CANCELLED,516.01,UPI
4541,2136,22,,2026-02-18 08:15:00,2026-02-18 08:45:00,CANCELLED,443.92,COD
4542,1907,85,,2026-02-18 21:01:00,2026-02-18 21:32:00,COMPLETED,553.38,UPI
4543,2192,46,,2026-02-18 19:31:00,2026-02-18 20:15:00,COMPLETED,755.1,COD
4544,3202,118,,2026-02-18 13:29:00,2026-02-18 14:14:00,COMPLETED,491.48,COD
4545,1082,117,,2026-02-18 08:47:00,2026-02-18 09:20:00,COMPLETED,543.32,UPI
4546,3457,12,,2026-02-18 11:08:00,2026-02-18 11:52:00,CANCELLED,252.66,UPI
4547,3458,18,,2026-02-18 13:02:00,2026-02-18 13:32:00,COMPLETED,167.19,COD
4548,3218,119,,2026-02-18 14:57:00,2026-02-18 15:36:00,COMPLETED,738.36,UPI
4549,3418,23,,2026-02-18 19:40:00,2026-02-18 20:12:00,CANCELLED,398.59,COD
4550,2622,29,,2026-02-18 16:06:00,2026-02-18 16:31:00,COMPLETED,682.61,COD
4551,4436,30,,2026-02-18 11:40:00,2026-02-18 12:08:00,COMPLETED,475.07,UPI
4552,1031,24,,2026-02-18 17:04:00,2026-02-18 17:40:00,COMPLETED,179.3,COD
4553,1199,14,,2026-02-18 19:27:00,2026-02-18 20:10:00,COMPLETED,567.94,COD
4554,1924,63,,2026-02-18 14:22:00,2026-02-18 15:06:00,CANCELLED,205.09,COD
4555,3646,3,,2026-02-18 08:02:00,2026-02-18 08:28:00,COMPLETED,610.68,CARD
4556,1407,49,,2026-02-18 13:49:00,2026-02-18 14:27:00,COMPLETED,269.73,UPI
4557,3867,64,,2026-02-18 14:25:00,2026-02-18 14:58:00,COMPLETED,484.18,UPI
4558,2266,1,,2026-02-18 14:02:00,2026-02-18 14:46:00,CANCELLED,526.59,CARD
4559,1929,1,,2026-02-18 21:51:00,2026-02-18 22:20:00,CANCELLED,666.05,UPI
4560,1559,96,,2026-02-18 20:24:00,2026-02-18 20:55:00,COMPLETED,203.85,UPI
4561,2919,60,,2026-02-18 19:06:00,2026-02-18 19:51:00,COMPLETED,335.16,UPI
4562,4006,37,,2026-02-18 12:56:00,2026-02-18 13:35:00,COMPLETED,438.56,CARD
4563,2211,97,,2026-02-18 10:01:00,2026-02-18 10:45:00,CANCELLED,277.28,CARD
4564,4768,11,,2026-02-18 19:56:00,2026-02-18 20:24:00,CANCELLED,783.12,UPI
4565,2392,8,,2026-02-18 15:10:00,2026-02-18 15:48:00,CANCELLED,264.92,UPI
4566,1274,17,,2026-02-18 19:03:00,2026-02-18 19:41:00,COMPLETED,659.44,COD
4567,4364,90,,2026-02-18 17:27:00,2026-02-18 17:54:00,CANCELLED,459.91,COD
4568,4265,93,,2026-02-18 14:56:00,2026-02-18 15:23:00,COMPLETED,251.32,COD
4569,2600,62,,2026-02-18 09:10:00,2026-02-18 09:38:00,CANCELLED,165.63,CARD
4570,3591,55,,2026-02-18 22:05:00,2026-02-18 22:45:00,COMPLETED,367.94,COD
4571,3801,63,,2026-02-18 10:34:00,2026-02-18 11:05:00,COMPLETED,500.45,CARD
4572,4559,18,,2026-02-18 10:39:00,2026-02-18 11:06:00,CANCELLED,682.18,CARD
4573,3650,66,,2026-02-18 20:17:00,2026-02-18 20:51:00,CANCELLED,419.16,UPI
4574,2171,109,,2026-02-18 09:25:00,2026-02-18 09:52:00,COMPLETED,544.08,COD
4575,1118,96,,2026-02-18 08:22:00,2026-02-18 08:48:00,COMPLETED,444.81,UPI
4576,3333,97,,2026-02-18 21:11:00,2026-02-18 21:43:00,COMPLETED,717.91,CARD
4577,1848,19,,2026-02-18 19:54:00,2026-02-18 20:21:00,CANCELLED,434.28,CARD
4578,3057,109,,2026-02-18 19:14:00,2026-02-18 19:59:00,CANCELLED,396.99,COD
4579,4092,69,,2026-02-18 10:09:00,2026-02-18 10:49:00,CANCELLED,217.13,CARD
4580,4282,88,,2026-02-18 17:27:00,2026-02-18 17:58:00,CANCELLED,418.28,CARD
4581,4668,27,,2026-02-18 09:13:00,2026-02-18 09:48:00,COMPLETED,176.81,COD
4582,3733,112,,2026-02-18 21:17:00,2026-02-18 21:50:00,COMPLETED,679.44,UPI
4583,2609,38,,2026-02-18 10:47:00,2026-02-18 11:25:00,COMPLETED,430.2,COD
4584,1260,104,,2026-02-18 22:52:00,2026-02-18 23:28:00,COMPLETED,467.1,UPI
4585,1903,104,,2026-02-18 13:23:00,2026-02-18 13:59:00,COMPLETED,467.86,UPI
4586,2286,120,,2026-02-18 19:28:00,2026-02-18 20:05:00,CANCELLED,548.84,UPI
4587,2807,66,,2026-02-18 12:26:00,2026-02-18 13:07:00,CANCELLED,532.64,COD
4588,4334,103,,2026-02-18 10:48:00,2026-02-18 11:21:00,CANCELLED,610.3,COD
4589,2666,81,,2026-02-18 08:22:00,2026-02-18 08:56:00,COMPLETED,354.69,UPI
4590,4975,73,,2026-02-18 17:52:00,2026-02-18 18:21:00,CANCELLED,362.54,CARD
4591,1585,105,,2026-02-18 13:41:00,2026-02-18 14:09:00,COMPLETED,713.14,COD
4592,4587,54,,2026-02-18 20:48:00,2026-02-18 21:27:00,CANCELLED,266.56,COD
4593,3876,3,,2026-02-18 20:37:00,2026-02-18 21:12:00,CANCELLED,529.8,COD
4594,4549,18,,2026-02-18 12:23:00,2026-02-18 12:56:00,COMPLETED,235.14,COD
4595,4558,101,,2026-02-18 13:08:00,2026-02-18 13:46:00,CANCELLED,735.67,COD
4596,2198,115,,2026-02-18 10:30:00,2026-02-18 11:01:00,CANCELLED,449.95,CARD
4597,2175,117,,2026-02-18 22:35:00,2026-02-18 23:00:00,CANCELLED,782.1,CARD
4598,4514,113,,2026-02-18 17:40:00,2026-02-18 18:19:00,COMPLETED,392.83,CARD
4599,1212,59,,2026-02-18 12:58:00,2026-02-18 13:43:00,COMPLETED,282.35,CARD
4600,1548,12,,2026-02-18 18:25:00,2026-02-18 19:06:00,CANCELLED,444.31,CARD
4601,4171,32,,2026-02-18 22:21:00,2026-02-18 22:50:00,COMPLETED,439.06,CARD
4602,4794,73,,2026-02-18 10:39:00,2026-02-18 11:05:00,CANCELLED,355.83,CARD
4603,2639,99,,2026-02-18 14:44:00,2026-02-18 15:24:00,CANCELLED,157.64,COD
4604,1899,86,,2026-02-18 14:56:00,2026-02-18 15:41:00,COMPLETED,701.66,CARD
4605,1017,15,,2026-02-18 15:16:00,2026-02-18 15:47:00,COMPLETED,792.49,COD
4606,4650,114,,2026-02-18 08:27:00,2026-02-18 08:53:00,CANCELLED,477.2,UPI
4607,4346,33,,2026-02-18 10:09:00,2026-02-18 10:46:00,COMPLETED,282.99,COD
4608,3767,74,,2026-02-18 15:13:00,2026-02-18 15:52:00,CANCELLED,164.91,CARD
4609,3479,52,,2026-02-18 10:50:00,2026-02-18 11:32:00,CANCELLED,620.46,CARD
4610,2561,2,,2026-02-18 09:27:00,2026-02-18 09:58:00,CANCELLED,566.07,UPI
4611,4648,56,,2026-02-18 18:21:00,2026-02-18 18:55:00,COMPLETED,165.62,UPI
4612,3327,92,,2026-02-18 15:09:00,2026-02-18 15:42:00,COMPLETED,223.92,COD
4613,3546,48,,2026-02-18 10:29:00,2026-02-18 11:02:00,COMPLETED,740.26,COD
4614,4378,84,,2026-02-18 14:23:00,2026-02-18 14:49:00,COMPLETED,200.34,UPI
4615,1449,61,,2026-02-18 12:58:00,2026-02-18 13:35:00,CANCELLED,661.6,CARD
4616,1245,70,,2026-02-18 20:12:00,2026-02-18 20:57:00,COMPLETED,290.88,CARD
4617,3363,82,,2026-02-18 20:31:00,2026-02-18 21:12:00,COMPLETED,335.8,CARD
4618,2154,8,,2026-02-18 09:09:00,2026-02-18 09:35:00,CANCELLED,307.29,UPI
4619,4660,66,,2026-02-18 14:55:00,2026-02-18 15:32:00,CANCELLED,199.3,COD
4620,1782,67,,2026-02-18 22:13:00,2026-02-18 22:48:00,COMPLETED,328.39,CARD
4621,2270,59,,2026-02-18 11:42:00,2026-02-18 12:22:00,CANCELLED,378.97,COD
4622,3557,82,,2026-02-18 11:21:00,2026-02-18 11:47:00,COMPLETED,217.02,UPI
4623,2562,37,,2026-02-18 16:48:00,2026-02-18 17:23:00,CANCELLED,221.49,UPI
4624,1147,12,,2026-02-18 17:22:00,2026-02-18 17:55:00,COMPLETED,250.6,UPI
4625,2658,115,,2026-02-18 21:29:00,2026-02-18 21:57:00,COMPLETED,464.43,COD
4626,1437,47,,2026-02-18 15:26:00,2026-02-18 15:53:00,CANCELLED,425.79,CARD
4627,1348,73,,2026-02-18 15:12:00,2026-02-18 15:40:00,CANCELLED,687.29,UPI
4628,3372,95,,2026-02-18 15:29:00,2026-02-18 16:05:00,COMPLETED,581.6,COD
4629,2951,112,,2026-02-18 15:03:00,2026-02-18 15:30:00,COMPLETED,617.62,COD
4630,1849,48,,2026-02-18 13:40:00,2026-02-18 14:22:00,COMPLETED,316.13,CARD
4631,3408,45,,2026-02-18 17:12:00,2026-02-18 17:39:00,CANCELLED,362.65,CARD
4632,2513,32,,2026-02-18 10:33:00,2026-02-18 11:15:00,CANCELLED,768.71,COD
4633,3430,99,,2026-02-18 17:52:00,2026-02-18 18:37:00,COMPLETED,333.49,UPI
4634,1386,60,,2026-02-18 14:49:00,2026-02-18 15:18:00,CANCELLED,367.85,COD
4635,3209,105,,2026-02-18 09:08:00,2026-02-18 09:43:00,CANCELLED,753.87,UPI
4636,3477,112,,2026-02-18 17:21:00,2026-02-18 18:01:00,COMPLETED,152.8,COD
4637,4230,66,,2026-02-18 08:06:00,2026-02-18 08:35:00,CANCELLED,282.93,UPI
4638,4088,50,,2026-02-18 11:03:00,2026-02-18 11:43:00,CANCELLED,535.14,CARD
4639,2297,9,,2026-02-18 11:47:00,2026-02-18 12:20:00,CANCELLED,677.15,CARD
4640,2310,17,,2026-02-18 09:02:00,2026-02-18 09:32:00,CANCELLED,763.2,UPI
4641,1018,103,,2026-02-18 09:49:00,2026-02-18 10:21:00,CANCELLED,681.82,COD
4642,4784,61,,2026-02-18 17:08:00,2026-02-18 17:51:00,COMPLETED,725.9,COD
4643,4135,107,,2026-02-18 18:54:00,2026-02-18 19:33:00,COMPLETED,511.12,CARD
4644,4891,62,,2026-02-18 22:24:00,2026-02-18 22:54:00,CANCELLED,454.94,CARD
4645,1495,113,,2026-02-18 20:53:00,2026-02-18 21:21:00,CANCELLED,241.14,COD
4646,3672,65,,2026-02-18 19:49:00,2026-02-18 20:29:00,CANCELLED,278.97,CARD
4647,2812,117,,2026-02-18 09:02:00,2026-02-18 09:27:00,COMPLETED,245.18,COD
4648,3934,110,,2026-02-18 22:07:00,2026-02-18 22:36:00,CANCELLED,241.53,UPI
4649,3002,28,,2026-02-18 19:31:00,2026-02-18 20:05:00,COMPLETED,376.72,CARD
4650,2923,13,,2026-02-18 16:15:00,2026-02-18 16:54:00,CANCELLED,757.54,CARD
4651,3584,61,,2026-02-18 17:53:00,2026-02-18 18:36:00,COMPLETED,394.53,CARD
4652,2433,99,,2026-02-18 18:24:00,2026-02-18 19:02:00,CANCELLED,411.71,UPI
4653,1166,78,,2026-02-18 14:56:00,2026-02-18 15:30:00,CANCELLED,490.61,COD
4654,4190,35,,2026-02-18 11:19:00,2026-02-18 11:53:00,COMPLETED,161.35,CARD
4655,1661,120,,2026-02-18 14:15:00,2026-02-18 14:44:00,CANCELLED,764.23,CARD
4656,1803,100,,2026-02-18 14:28:00,2026-02-18 15:04:00,CANCELLED,555.69,CARD
4657,4431,12,,2026-02-18 11:06:00,2026-02-18 11:35:00,COMPLETED,644.16,COD
4658,2878,3,,2026-02-18 18:38:00,2026-02-18 19:03:00,CANCELLED,600.63,UPI
4659,2725,7,,2026-02-18 19:27:00,2026-02-18 19:59:00,COMPLETED,367.47,CARD
4660,1338,117,,2026-02-18 18:00:00,2026-02-18 18:28:00,CANCELLED,174.14,CARD
4661,1283,51,,2026-02-18 09:38:00,2026-02-18 10:04:00,COMPLETED,422.39,COD
4662,1551,52,,2026-02-18 16:36:00,2026-02-18 17:02:00,CANCELLED,514.34,CARD
4663,4459,60,,2026-02-18 11:33:00,2026-02-18 12:06:00,CANCELLED,538.62,CARD
4664,1903,41,,2026-02-18 22:34:00,2026-02-18 23:05:00,CANCELLED,479.94,CARD
4665,3015,115,,2026-02-18 11:31:00,2026-02-18 12:07:00,COMPLETED,540.08,COD
4666,2650,61,,2026-02-18 12:50:00,2026-02-18 13:33:00,COMPLETED,681.83,UPI
4667,4785,53,,2026-02-19 20:07:00,2026-02-19 20:48:00,CANCELLED,704.49,CARD
4668,4327,20,,2026-02-19 22:11:00,2026-02-19 22:43:00,COMPLETED,719.79,COD
4669,4347,85,,2026-02-19 16:26:00,2026-02-19 16:55:00,CANCELLED,425.13,COD
4670,1581,40,,2026-02-19 21:17:00,2026-02-19 21:58:00,CANCELLED,500.17,UPI
4671,4693,22,,2026-02-19 22:38:00,2026-02-19 23:21:00,CANCELLED,585.38,UPI
4672,4321,5,,2026-02-19 08:02:00,2026-02-19 08:28:00,COMPLETED,163.51,UPI
4673,1353,39,,2026-02-19 19:20:00,2026-02-19 19:46:00,CANCELLED,663.44,UPI
4674,1098,72,,2026-02-19 09:28:00,2026-02-19 10:11:00,CANCELLED,331.87,COD
4675,2641,84,,2026-02-19 16:27:00,2026-02-19 16:55:00,COMPLETED,624.26,CARD
4676,1960,41,,2026-02-19 19:52:00,2026-02-19 20:23:00,CANCELLED,699.26,COD
4677,3919,98,,2026-02-19 14:30:00,2026-02-19 15:14:00,COMPLETED,677.69,COD
4678,3958,5,,2026-02-19 08:59:00,2026-02-19 09:25:00,COMPLETED,492.11,CARD
4679,1270,71,,2026-02-19 18:02:00,2026-02-19 18:34:00,CANCELLED,488.68,CARD
4680,4496,106,,2026-02-19 08:03:00,2026-02-19 08:37:00,COMPLETED,262.77,CARD
4681,3863,36,,2026-02-19 11:56:00,2026-02-19 12:31:00,COMPLETED,367.82,CARD
4682,3559,88,,2026-02-19 20:54:00,2026-02-19 21:24:00,COMPLETED,554.06,COD
4683,3892,29,,2026-02-19 08:50:00,2026-02-19 09:23:00,CANCELLED,421.15,COD
4684,2613,22,,2026-02-19 12:08:00,2026-02-19 12:46:00,COMPLETED,482.7,COD
4685,3762,82,,2026-02-19 10:23:00,2026-02-19 10:52:00,CANCELLED,487.94,UPI
4686,2241,100,,2026-02-19 22:33:00,2026-02-19 23:16:00,CANCELLED,731.18,UPI
4687,4468,1,,2026-02-19 21:07:00,2026-02-19 21:46:00,CANCELLED,742.38,COD
4688,1148,45,,2026-02-19 09:15:00,2026-02-19 09:42:00,COMPLETED,588.32,CARD
4689,4530,79,,2026-02-19 12:10:00,2026-02-19 12:35:00,CANCELLED,473.18,COD
4690,3534,65,,2026-02-19 18:19:00,2026-02-19 18:58:00,CANCELLED,786.18,COD
4691,1511,96,,2026-02-19 17:31:00,2026-02-19 18:14:00,CANCELLED,240.96,UPI
4692,2943,53,,2026-02-19 18:20:00,2026-02-19 18:52:00,CANCELLED,570.97,CARD
4693,4327,63,,2026-02-19 09:46:00,2026-02-19 10:23:00,CANCELLED,461.31,COD
4694,2960,51,,2026-02-19 16:41:00,2026-02-19 17:21:00,COMPLETED,577.83,CARD
4695,2675,119,,2026-02-19 21:49:00,2026-02-19 22:20:00,COMPLETED,431.09,CARD
4696,1100,12,,2026-02-19 19:20:00,2026-02-19 19:56:00,CANCELLED,721.41,CARD
4697,4786,52,,2026-02-19 10:45:00,2026-02-19 11:24:00,COMPLETED,534.88,COD
4698,2781,57,,2026-02-19 15:15:00,2026-02-19 15:53:00,COMPLETED,520.42,CARD
4699,3636,51,,2026-02-19 11:19:00,2026-02-19 11:58:00,COMPLETED,767.24,UPI
4700,3254,118,,2026-02-19 10:53:00,2026-02-19 11:23:00,COMPLETED,451.47,CARD
4701,4311,41,,2026-02-19 17:57:00,2026-02-19 18:29:00,COMPLETED,238.13,UPI
4702,2967,60,,2026-02-19 18:37:00,2026-02-19 19:17:00,COMPLETED,431.99,CARD
4703,2557,38,,2026-02-19 22:16:00,2026-02-19 22:56:00,COMPLETED,506.88,COD
4704,4930,95,,2026-02-19 17:30:00,2026-02-19 18:06:00,COMPLETED,356.11,COD
4705,1511,99,,2026-02-19 20:07:00,2026-02-19 20:41:00,CANCELLED,221.08,UPI
4706,3258,75,,2026-02-19 13:37:00,2026-02-19 14:17:00,COMPLETED,521.58,COD
4707,4552,51,,2026-02-19 18:04:00,2026-02-19 18:40:00,CANCELLED,670.93,CARD
4708,1328,83,,2026-02-19 17:05:00,2026-02-19 17:44:00,COMPLETED,696.98,UPI
4709,1161,8,,2026-02-19 16:58:00,2026-02-19 17:36:00,CANCELLED,653.01,COD
4710,1752,34,,2026-02-19 20:15:00,2026-02-19 20:59:00,CANCELLED,536.34,CARD
4711,4882,58,,2026-02-19 11:05:00,2026-02-19 11:46:00,CANCELLED,377.23,UPI
4712,1954,83,,2026-02-19 08:50:00,2026-02-19 09:35:00,COMPLETED,653.06,CARD
4713,1505,14,,2026-02-19 11:20:00,2026-02-19 11:45:00,COMPLETED,370.93,COD
4714,3077,51,,2026-02-19 09:05:00,2026-02-19 09:50:00,COMPLETED,470.71,COD
4715,2644,85,,2026-02-19 17:45:00,2026-02-19 18:10:00,CANCELLED,247.0,COD
4716,4485,25,,2026-02-19 10:45:00,2026-02-19 11:17:00,CANCELLED,543.07,COD
4717,1064,50,,2026-02-19 18:49:00,2026-02-19 19:31:00,COMPLETED,726.18,COD
4718,3617,26,,2026-02-19 21:21:00,2026-02-19 22:01:00,COMPLETED,761.27,UPI
4719,4705,50,,2026-02-19 21:24:00,2026-02-19 21:54:00,CANCELLED,240.28,CARD
4720,2848,47,,2026-02-19 21:44:00,2026-02-19 22:27:00,COMPLETED,455.22,CARD
4721,1101,90,,2026-02-19 18:50:00,2026-02-19 19:24:00,CANCELLED,471.63,CARD
4722,4123,36,,2026-02-19 09:34:00,2026-02-19 10:19:00,CANCELLED,404.17,CARD
4723,4691,53,,2026-02-19 18:11:00,2026-02-19 18:47:00,CANCELLED,316.21,CARD
4724,4699,64,,2026-02-19 14:29:00,2026-02-19 15:11:00,COMPLETED,385.23,UPI
4725,1896,33,,2026-02-19 12:19:00,2026-02-19 12:55:00,CANCELLED,620.96,UPI
4726,2757,115,,2026-02-19 14:29:00,2026-02-19 15:14:00,CANCELLED,380.06,CARD
4727,3075,26,,2026-02-19 11:23:00,2026-02-19 11:56:00,CANCELLED,515.02,COD
4728,3682,71,,2026-02-19 19:17:00,2026-02-19 19:53:00,CANCELLED,559.49,UPI
4729,1884,56,,2026-02-19 22:12:00,2026-02-19 22:52:00,CANCELLED,689.42,CARD
4730,1631,4,,2026-02-19 13:20:00,2026-02-19 13:52:00,CANCELLED,457.3,CARD
4731,4785,66,,2026-02-19 16:02:00,2026-02-19 16:27:00,CANCELLED,308.41,CARD
4732,3297,28,,2026-02-19 14:58:00,2026-02-19 15:42:00,CANCELLED,345.5,CARD
4733,3828,44,,2026-02-19 15:20:00,2026-02-19 16:04:00,COMPLETED,381.42,CARD
4734,2307,103,,2026-02-19 21:29:00,2026-02-19 22:03:00,COMPLETED,384.77,CARD
4735,1716,69,,2026-02-19 08:32:00,2026-02-19 09:16:00,CANCELLED,410.58,COD
4736,1209,59,,2026-02-19 20:30:00,2026-02-19 20:55:00,COMPLETED,332.24,CARD
4737,3323,6,,2026-02-19 20:56:00,2026-02-19 21:27:00,CANCELLED,440.44,CARD
4738,4459,76,,2026-02-19 16:21:00,2026-02-19 16:50:00,CANCELLED,325.27,UPI
4739,4971,88,,2026-02-19 19:22:00,2026-02-19 20:07:00,COMPLETED,307.1,COD
4740,1564,43,,2026-02-19 09:04:00,2026-02-19 09:42:00,CANCELLED,221.46,COD
4741,3822,90,,2026-02-19 19:32:00,2026-02-19 20:01:00,COMPLETED,344.93,UPI
4742,4929,72,,2026-02-19 08:23:00,2026-02-19 08:53:00,COMPLETED,352.57,UPI
4743,1570,117,,2026-02-19 11:52:00,2026-02-19 12:19:00,CANCELLED,537.81,CARD
4744,4376,29,,2026-02-19 19:43:00,2026-02-19 20:15:00,CANCELLED,553.29,UPI
4745,4266,93,,2026-02-19 11:12:00,2026-02-19 11:39:00,COMPLETED,222.59,COD
4746,3359,4,,2026-02-19 19:12:00,2026-02-19 19:48:00,CANCELLED,795.94,COD
4747,1756,114,,2026-02-19 14:50:00,2026-02-19 15:26:00,CANCELLED,681.12,COD
4748,4442,87,,2026-02-19 17:24:00,2026-02-19 18:02:00,CANCELLED,738.97,CARD
4749,3834,7,,2026-02-19 13:52:00,2026-02-19 14:20:00,CANCELLED,472.34,CARD
4750,3928,87,,2026-02-19 11:17:00,2026-02-19 11:59:00,CANCELLED,376.57,UPI
4751,3588,97,,2026-02-19 09:22:00,2026-02-19 09:55:00,CANCELLED,784.92,CARD
4752,1331,75,,2026-02-19 22:03:00,2026-02-19 22:48:00,COMPLETED,360.72,COD
4753,2409,107,,2026-02-19 16:08:00,2026-02-19 16:42:00,CANCELLED,353.23,CARD
4754,3861,5,,2026-02-19 11:45:00,2026-02-19 12:24:00,CANCELLED,238.21,COD
4755,2702,59,,2026-02-19 17:16:00,2026-02-19 17:44:00,COMPLETED,310.84,UPI
4756,4454,18,,2026-02-19 14:34:00,2026-02-19 15:02:00,COMPLETED,584.07,UPI
4757,3945,93,,2026-02-19 14:23:00,2026-02-19 15:01:00,COMPLETED,644.68,UPI
4758,4085,55,,2026-02-19 09:43:00,2026-02-19 10:13:00,COMPLETED,483.9,CARD
4759,4996,101,,2026-02-19 10:01:00,2026-02-19 10:42:00,CANCELLED,404.97,COD
4760,4821,8,,2026-02-19 18:03:00,2026-02-19 18:47:00,CANCELLED,521.16,COD
4761,1985,3,,2026-02-19 18:17:00,2026-02-19 18:55:00,COMPLETED,749.92,CARD
4762,2785,96,,2026-02-19 13:44:00,2026-02-19 14:11:00,CANCELLED,761.67,UPI
4763,3917,43,,2026-02-19 13:43:00,2026-02-19 14:09:00,COMPLETED,746.5,COD
4764,2805,30,,2026-02-19 19:33:00,2026-02-19 20:11:00,COMPLETED,765.97,COD
4765,4390,100,,2026-02-19 12:47:00,2026-02-19 13:19:00,COMPLETED,350.57,UPI
4766,3693,38,,2026-02-19 22:30:00,2026-02-19 22:57:00,COMPLETED,187.17,UPI
4767,2641,39,,2026-02-19 18:22:00,2026-02-19 18:54:00,CANCELLED,180.03,CARD
4768,1719,101,,2026-02-19 10:28:00,2026-02-19 11:10:00,COMPLETED,219.59,UPI
4769,2481,99,,2026-02-19 10:15:00,2026-02-19 10:55:00,CANCELLED,437.02,UPI
4770,3497,9,,2026-02-19 11:09:00,2026-02-19 11:53:00,COMPLETED,616.92,UPI
4771,4065,37,,2026-02-19 18:04:00,2026-02-19 18:29:00,CANCELLED,276.15,COD
4772,3649,39,,2026-02-19 16:53:00,2026-02-19 17:24:00,COMPLETED,433.32,CARD
4773,4749,102,,2026-02-19 14:21:00,2026-02-19 14:53:00,COMPLETED,726.29,CARD
4774,3721,75,,2026-02-19 19:08:00,2026-02-19 19:38:00,CANCELLED,464.37,CARD
4775,2313,3,,2026-02-19 18:57:00,2026-02-19 19:25:00,CANCELLED,245.6,CARD
4776,3477,17,,2026-02-19 09:57:00,2026-02-19 10:36:00,CANCELLED,737.11,UPI
4777,4726,58,,2026-02-19 21:48:00,2026-02-19 22:15:00,COMPLETED,707.2,CARD
4778,1578,88,,2026-02-19 09:54:00,2026-02-19 10:32:00,COMPLETED,633.37,CARD
4779,1936,105,,2026-02-19 16:35:00,2026-02-19 17:15:00,COMPLETED,251.88,CARD
4780,2626,73,,2026-02-19 17:23:00,2026-02-19 17:55:00,COMPLETED,661.45,UPI
4781,2782,100,,2026-02-19 11:43:00,2026-02-19 12:22:00,CANCELLED,224.04,COD
4782,3313,66,,2026-02-19 14:07:00,2026-02-19 14:36:00,CANCELLED,466.76,UPI
4783,2418,109,,2026-02-19 18:58:00,2026-02-19 19:32:00,COMPLETED,392.55,COD
4784,2122,41,,2026-02-19 08:57:00,2026-02-19 09:30:00,COMPLETED,156.73,COD
4785,4178,83,,2026-02-19 08:06:00,2026-02-19 08:35:00,CANCELLED,632.56,CARD
4786,3024,72,,2026-02-19 12:09:00,2026-02-19 12:51:00,COMPLETED,726.59,CARD
4787,2418,113,,2026-02-19 13:17:00,2026-02-19 14:02:00,COMPLETED,260.57,UPI
4788,2853,98,,2026-02-19 16:35:00,2026-02-19 17:12:00,CANCELLED,180.7,CARD
4789,2114,2,,2026-02-19 21:17:00,2026-02-19 21:43:00,COMPLETED,327.54,CARD
4790,3782,45,,2026-02-19 19:46:00,2026-02-19 20:25:00,CANCELLED,556.53,CARD
4791,1983,101,,2026-02-19 20:08:00,2026-02-19 20:37:00,CANCELLED,502.11,COD
4792,4639,32,,2026-02-19 08:45:00,2026-02-19 09:12:00,COMPLETED,440.16,COD
4793,1410,32,,2026-02-19 08:49:00,2026-02-19 09:24:00,COMPLETED,332.53,COD
4794,2271,21,,2026-02-19 09:42:00,2026-02-19 10:24:00,COMPLETED,151.9,COD
4795,1692,47,,2026-02-19 17:08:00,2026-02-19 17:50:00,COMPLETED,262.98,CARD
4796,3806,94,,2026-02-19 20:37:00,2026-02-19 21:08:00,COMPLETED,722.96,CARD
4797,1497,93,,2026-02-19 14:36:00,2026-02-19 15:17:00,CANCELLED,294.47,COD
4798,3315,87,,2026-02-19 12:03:00,2026-02-19 12:45:00,COMPLETED,571.53,CARD
4799,4023,49,,2026-02-19 16:10:00,2026-02-19 16:42:00,COMPLETED,452.81,CARD
4800,3654,63,,2026-02-19 18:06:00,2026-02-19 18:40:00,CANCELLED,463.39,COD
4801,2448,17,,2026-02-19 08:43:00,2026-02-19 09:08:00,COMPLETED,317.04,CARD
4802,4958,61,,2026-02-19 09:42:00,2026-02-19 10:08:00,COMPLETED,446.89,UPI
4803,3296,47,,2026-02-19 12:07:00,2026-02-19 12:40:00,COMPLETED,666.4,CARD
4804,2313,14,,2026-02-19 17:05:00,2026-02-19 17:49:00,COMPLETED,290.85,COD
4805,1331,98,,2026-02-19 17:01:00,2026-02-19 17:37:00,COMPLETED,723.4,CARD
4806,3548,34,,2026-02-19 20:51:00,2026-02-19 21:18:00,CANCELLED,385.17,UPI
4807,2935,19,,2026-02-19 15:10:00,2026-02-19 15:54:00,CANCELLED,373.68,UPI
4808,3457,24,,2026-02-19 22:02:00,2026-02-19 22:30:00,CANCELLED,428.06,COD
4809,2827,94,,2026-02-19 12:01:00,2026-02-19 12:40:00,COMPLETED,597.26,CARD
4810,2700,97,,2026-02-19 16:33:00,2026-02-19 17:14:00,COMPLETED,700.2,COD
4811,2641,14,,2026-02-19 17:58:00,2026-02-19 18:34:00,COMPLETED,632.42,UPI
4812,3227,29,,2026-02-19 21:14:00,2026-02-19 21:53:00,COMPLETED,391.97,UPI
4813,1403,26,,2026-02-19 11:32:00,2026-02-19 12:11:00,CANCELLED,635.84,COD
4814,1890,88,,2026-02-19 10:49:00,2026-02-19 11:18:00,CANCELLED,583.69,COD
4815,4225,51,,2026-02-19 13:09:00,2026-02-19 13:43:00,CANCELLED,264.34,UPI
4816,1003,38,,2026-02-19 11:29:00,2026-02-19 12:00:00,COMPLETED,196.55,UPI
4817,3802,39,,2026-02-19 15:06:00,2026-02-19 15:34:00,COMPLETED,557.04,COD
4818,3094,30,,2026-02-20 11:10:00,2026-02-20 11:44:00,COMPLETED,540.63,CARD
4819,1848,114,,2026-02-20 20:34:00,2026-02-20 21:12:00,CANCELLED,320.26,COD
4820,2590,41,,2026-02-20 22:21:00,2026-02-20 22:54:00,CANCELLED,500.12,CARD
4821,3091,116,,2026-02-20 14:36:00,2026-02-20 15:19:00,CANCELLED,752.53,COD
4822,3288,100,,2026-02-20 14:26:00,2026-02-20 15:08:00,COMPLETED,151.94,UPI
4823,2992,88,,2026-02-20 17:14:00,2026-02-20 17:46:00,COMPLETED,411.02,COD
4824,4135,45,,2026-02-20 19:46:00,2026-02-20 20:13:00,COMPLETED,635.43,COD
4825,1465,85,,2026-02-20 21:18:00,2026-02-20 22:02:00,COMPLETED,463.66,COD
4826,3450,29,,2026-02-20 14:32:00,2026-02-20 15:07:00,CANCELLED,191.87,UPI
4827,4042,120,,2026-02-20 08:51:00,2026-02-20 09:28:00,COMPLETED,526.36,COD
4828,1697,17,,2026-02-20 17:16:00,2026-02-20 17:55:00,COMPLETED,332.5,COD
4829,1083,12,,2026-02-20 16:51:00,2026-02-20 17:22:00,COMPLETED,440.13,CARD
4830,3670,7,,2026-02-20 21:11:00,2026-02-20 21:48:00,CANCELLED,367.53,UPI
4831,3986,102,,2026-02-20 16:58:00,2026-02-20 17:42:00,CANCELLED,691.21,UPI
4832,3516,58,,2026-02-20 12:51:00,2026-02-20 13:34:00,COMPLETED,355.22,COD
4833,1508,15,,2026-02-20 09:49:00,2026-02-20 10:29:00,CANCELLED,505.09,UPI
4834,2710,46,,2026-02-20 21:29:00,2026-02-20 22:04:00,COMPLETED,509.38,CARD
4835,4852,115,,2026-02-20 19:18:00,2026-02-20 19:46:00,COMPLETED,431.23,UPI
4836,4280,88,,2026-02-20 11:36:00,2026-02-20 12:21:00,CANCELLED,414.15,COD
4837,1819,107,,2026-02-20 09:36:00,2026-02-20 10:14:00,COMPLETED,259.31,UPI
4838,2837,105,,2026-02-20 14:15:00,2026-02-20 14:51:00,COMPLETED,634.15,UPI
4839,3444,40,,2026-02-20 09:45:00,2026-02-20 10:23:00,CANCELLED,291.65,CARD
4840,1363,74,,2026-02-20 16:39:00,2026-02-20 17:06:00,COMPLETED,491.61,CARD
4841,3655,75,,2026-02-20 20:07:00,2026-02-20 20:50:00,COMPLETED,404.78,COD
4842,1466,98,,2026-02-20 19:54:00,2026-02-20 20:20:00,COMPLETED,567.95,COD
4843,2744,64,,2026-02-20 16:31:00,2026-02-20 16:58:00,CANCELLED,272.54,CARD
4844,1470,50,,2026-02-20 19:52:00,2026-02-20 20:22:00,COMPLETED,671.61,CARD
4845,4772,16,,2026-02-20 11:19:00,2026-02-20 11:57:00,COMPLETED,199.97,CARD
4846,2349,35,,2026-02-20 22:41:00,2026-02-20 23:22:00,COMPLETED,640.3,COD
4847,4419,8,,2026-02-20 13:17:00,2026-02-20 14:01:00,COMPLETED,459.54,COD
4848,4070,38,,2026-02-20 18:15:00,2026-02-20 18:51:00,CANCELLED,485.33,UPI
4849,2399,89,,2026-02-20 16:35:00,2026-02-20 17:07:00,CANCELLED,737.47,COD
4850,4756,76,,2026-02-20 19:36:00,2026-02-20 20:20:00,COMPLETED,249.55,UPI
4851,3472,81,,2026-02-20 20:30:00,2026-02-20 21:01:00,COMPLETED,244.57,UPI
4852,1433,57,,2026-02-20 21:15:00,2026-02-20 21:50:00,CANCELLED,195.33,CARD
4853,2321,72,,2026-02-20 19:57:00,2026-02-20 20:27:00,COMPLETED,559.08,UPI
4854,4553,54,,2026-02-20 22:12:00,2026-02-20 22:52:00,COMPLETED,737.99,COD
4855,3894,25,,2026-02-20 21:58:00,2026-02-20 22:28:00,CANCELLED,677.21,COD
4856,2618,30,,2026-02-20 19:52:00,2026-02-20 20:34:00,CANCELLED,382.7,COD
4857,3962,99,,2026-02-20 22:04:00,2026-02-20 22:35:00,CANCELLED,356.92,COD
4858,1891,100,,2026-02-20 13:21:00,2026-02-20 13:58:00,COMPLETED,542.02,COD
4859,3448,52,,2026-02-20 21:10:00,2026-02-20 21:50:00,CANCELLED,653.86,CARD
4860,3404,55,,2026-02-20 08:47:00,2026-02-20 09:32:00,CANCELLED,385.54,CARD
4861,1555,81,,2026-02-20 17:11:00,2026-02-20 17:50:00,CANCELLED,744.53,COD
4862,3479,111,,2026-02-20 17:35:00,2026-02-20 18:19:00,COMPLETED,606.7,UPI
4863,4180,115,,2026-02-20 16:15:00,2026-02-20 17:00:00,COMPLETED,363.6,COD
4864,3081,9,,2026-02-20 15:08:00,2026-02-20 15:45:00,COMPLETED,720.27,COD
4865,1786,120,,2026-02-20 18:36:00,2026-02-20 19:16:00,CANCELLED,444.33,UPI
4866,1495,62,,2026-02-20 19:49:00,2026-02-20 20:18:00,COMPLETED,609.3,COD
4867,2251,17,,2026-02-20 20:03:00,2026-02-20 20:33:00,COMPLETED,570.12,CARD
4868,1385,89,,2026-02-20 22:31:00,2026-02-20 23:04:00,COMPLETED,676.99,COD
4869,1757,94,,2026-02-20 15:01:00,2026-02-20 15:33:00,COMPLETED,432.02,UPI
4870,4651,70,,2026-02-20 08:14:00,2026-02-20 08:42:00,COMPLETED,571.73,UPI
4871,1688,38,,2026-02-20 12:57:00,2026-02-20 13:30:00,CANCELLED,250.95,CARD
4872,3839,36,,2026-02-20 08:31:00,2026-02-20 09:01:00,COMPLETED,675.53,UPI
4873,2260,57,,2026-02-20 08:07:00,2026-02-20 08:51:00,CANCELLED,378.17,COD
4874,2744,85,,2026-02-20 10:00:00,2026-02-20 10:41:00,COMPLETED,786.92,UPI
4875,3509,103,,2026-02-20 12:40:00,2026-02-20 13:05:00,CANCELLED,216.98,UPI
4876,3543,70,,2026-02-20 13:59:00,2026-02-20 14:30:00,COMPLETED,733.22,UPI
4877,2274,107,,2026-02-20 08:39:00,2026-02-20 09:14:00,COMPLETED,345.05,UPI
4878,3554,8,,2026-02-20 09:35:00,2026-02-20 10:20:00,COMPLETED,400.6,COD
4879,1111,83,,2026-02-20 19:23:00,2026-02-20 19:50:00,COMPLETED,356.9,UPI
4880,1742,96,,2026-02-20 18:31:00,2026-02-20 19:04:00,COMPLETED,172.9,COD
4881,2565,92,,2026-02-20 12:07:00,2026-02-20 12:47:00,CANCELLED,431.31,CARD
4882,1709,100,,2026-02-20 15:13:00,2026-02-20 15:57:00,COMPLETED,520.4,COD
4883,2571,12,,2026-02-20 11:57:00,2026-02-20 12:39:00,CANCELLED,210.36,COD
4884,4204,97,,2026-02-20 18:40:00,2026-02-20 19:22:00,COMPLETED,545.74,COD
4885,4248,30,,2026-02-20 22:15:00,2026-02-20 22:59:00,CANCELLED,232.43,CARD
4886,2204,1,,2026-02-20 18:46:00,2026-02-20 19:15:00,CANCELLED,426.02,COD
4887,2106,53,,2026-02-20 16:44:00,2026-02-20 17:15:00,COMPLETED,281.02,UPI
4888,3206,78,,2026-02-20 19:30:00,2026-02-20 20:11:00,COMPLETED,768.98,UPI
4889,2519,14,,2026-02-20 11:33:00,2026-02-20 12:13:00,CANCELLED,433.52,CARD
4890,3079,56,,2026-02-20 12:20:00,2026-02-20 12:46:00,CANCELLED,677.76,COD
4891,3979,72,,2026-02-20 12:51:00,2026-02-20 13:23:00,COMPLETED,399.42,CARD
4892,2350,44,,2026-02-20 10:16:00,2026-02-20 10:58:00,COMPLETED,442.35,COD
4893,3365,111,,2026-02-20 13:48:00,2026-02-20 14:13:00,CANCELLED,256.01,CARD
4894,4305,80,,2026-02-20 18:48:00,2026-02-20 19:29:00,CANCELLED,545.71,UPI
4895,4545,2,,2026-02-20 22:23:00,2026-02-20 23:08:00,COMPLETED,520.06,CARD
4896,2160,42,,2026-02-20 22:54:00,2026-02-20 23:32:00,COMPLETED,359.77,COD
4897,2658,43,,2026-02-20 22:19:00,2026-02-20 22:59:00,COMPLETED,318.1,COD
4898,3142,26,,2026-02-20 21:41:00,2026-02-20 22:23:00,COMPLETED,174.46,CARD
4899,2393,36,,2026-02-20 21:37:00,2026-02-20 22:20:00,COMPLETED,507.81,UPI
4900,2166,95,,2026-02-20 11:37:00,2026-02-20 12:10:00,CANCELLED,583.53,CARD
4901,2843,76,,2026-02-20 15:24:00,2026-02-20 16:02:00,CANCELLED,447.04,UPI
4902,2874,90,,2026-02-20 19:57:00,2026-02-20 20:25:00,COMPLETED,716.92,UPI
4903,1348,109,,2026-02-20 17:58:00,2026-02-20 18:24:00,CANCELLED,553.8,COD
4904,4945,98,,2026-02-20 09:22:00,2026-02-20 09:47:00,COMPLETED,668.97,UPI
4905,1420,44,,2026-02-20 21:35:00,2026-02-20 22:14:00,CANCELLED,462.28,UPI
4906,3981,42,,2026-02-20 15:08:00,2026-02-20 15:46:00,COMPLETED,574.2,COD
4907,2730,3,,2026-02-20 17:15:00,2026-02-20 17:56:00,COMPLETED,399.83,CARD
4908,3305,114,,2026-02-20 12:59:00,2026-02-20 13:32:00,COMPLETED,282.87,CARD
4909,3501,114,,2026-02-20 11:32:00,2026-02-20 12:08:00,CANCELLED,524.06,UPI
4910,2327,98,,2026-02-20 08:19:00,2026-02-20 08:52:00,COMPLETED,569.71,UPI
4911,4239,30,,2026-02-20 14:58:00,2026-02-20 15:41:00,CANCELLED,373.05,COD
4912,4691,23,,2026-02-20 10:18:00,2026-02-20 10:51:00,CANCELLED,196.87,CARD
4913,1687,116,,2026-02-20 17:09:00,2026-02-20 17:52:00,CANCELLED,671.0,COD
4914,4459,17,,2026-02-20 13:07:00,2026-02-20 13:33:00,CANCELLED,186.2,CARD
4915,3207,42,,2026-02-20 22:39:00,2026-02-20 23:11:00,CANCELLED,428.09,COD
4916,4582,107,,2026-02-20 20:53:00,2026-02-20 21:30:00,CANCELLED,484.21,COD
4917,4115,97,,2026-02-20 18:44:00,2026-02-20 19:22:00,COMPLETED,486.25,UPI
4918,4107,96,,2026-02-20 17:46:00,2026-02-20 18:18:00,CANCELLED,708.64,COD
4919,1802,42,,2026-02-20 19:27:00,2026-02-20 20:04:00,CANCELLED,293.48,CARD
4920,1089,99,,2026-02-20 22:20:00,2026-02-20 22:47:00,COMPLETED,702.6,COD
4921,3367,49,,2026-02-20 15:29:00,2026-02-20 16:11:00,CANCELLED,204.64,CARD
4922,1006,98,,2026-02-20 19:04:00,2026-02-20 19:35:00,CANCELLED,567.76,CARD
4923,1603,117,,2026-02-20 22:40:00,2026-02-20 23:16:00,CANCELLED,448.78,CARD
4924,1199,115,,2026-02-20 14:25:00,2026-02-20 15:05:00,COMPLETED,401.74,UPI
4925,4872,25,,2026-02-20 10:30:00,2026-02-20 10:56:00,CANCELLED,290.16,UPI
4926,1865,81,,2026-02-20 19:36:00,2026-02-20 20:10:00,CANCELLED,411.93,CARD
4927,1952,14,,2026-02-20 14:26:00,2026-02-20 14:58:00,COMPLETED,588.27,COD
4928,2518,57,,2026-02-20 11:20:00,2026-02-20 11:52:00,CANCELLED,207.71,CARD
4929,2837,113,,2026-02-20 22:22:00,2026-02-20 22:48:00,COMPLETED,694.83,UPI
4930,4548,46,,2026-02-20 13:08:00,2026-02-20 13:41:00,CANCELLED,450.01,UPI
4931,4646,18,,2026-02-20 10:57:00,2026-02-20 11:35:00,CANCELLED,309.25,UPI
4932,2282,90,,2026-02-20 15:35:00,2026-02-20 16:17:00,COMPLETED,481.14,CARD
4933,4332,64,,2026-02-20 18:19:00,2026-02-20 18:59:00,CANCELLED,659.31,UPI
4934,3802,37,,2026-02-20 18:27:00,2026-02-20 19:00:00,COMPLETED,761.62,CARD
4935,1566,76,,2026-02-20 20:09:00,2026-02-20 20:44:00,CANCELLED,701.49,UPI
4936,4224,33,,2026-02-20 20:47:00,2026-02-20 21:26:00,COMPLETED,775.5,COD
4937,2907,54,,2026-02-20 16:07:00,2026-02-20 16:44:00,CANCELLED,332.91,UPI
4938,1092,111,,2026-02-20 22:53:00,2026-02-20 23:22:00,CANCELLED,423.81,UPI
4939,3444,57,,2026-02-20 09:22:00,2026-02-20 09:56:00,CANCELLED,279.82,COD
4940,4089,61,,2026-02-20 09:17:00,2026-02-20 09:52:00,COMPLETED,573.63,COD
4941,3409,8,,2026-02-20 09:00:00,2026-02-20 09:44:00,COMPLETED,568.18,COD
4942,4024,5,,2026-02-20 17:44:00,2026-02-20 18:17:00,CANCELLED,392.19,UPI
4943,1614,31,,2026-02-20 20:23:00,2026-02-20 21:04:00,CANCELLED,619.53,UPI
4944,4926,103,,2026-02-20 12:10:00,2026-02-20 12:51:00,CANCELLED,575.55,UPI
4945,2400,24,,2026-02-20 14:14:00,2026-02-20 14:46:00,COMPLETED,712.2,COD
4946,1130,81,,2026-02-20 15:01:00,2026-02-20 15:39:00,COMPLETED,710.11,COD
4947,1118,110,,2026-02-20 12:26:00,2026-02-20 13:05:00,COMPLETED,195.59,CARD
4948,3395,97,,2026-02-20 12:11:00,2026-02-20 12:45:00,CANCELLED,685.91,COD
4949,3823,98,,2026-02-20 09:20:00,2026-02-20 10:04:00,CANCELLED,691.81,COD
4950,1416,88,,2026-02-20 09:28:00,2026-02-20 10:10:00,CANCELLED,476.55,CARD
4951,2645,55,,2026-02-20 15:38:00,2026-02-20 16:11:00,COMPLETED,352.77,UPI
4952,2741,119,,2026-02-20 16:01:00,2026-02-20 16:40:00,COMPLETED,481.97,CARD
4953,2994,86,,2026-02-20 14:58:00,2026-02-20 15:39:00,COMPLETED,332.43,UPI
4954,2685,52,,2026-02-20 20:30:00,2026-02-20 21:13:00,CANCELLED,505.91,COD
4955,1064,95,,2026-02-20 20:05:00,2026-02-20 20:49:00,CANCELLED,612.81,UPI
4956,3459,76,,2026-02-20 14:53:00,2026-02-20 15:28:00,CANCELLED,160.9,CARD
4957,2131,92,,2026-02-20 18:33:00,2026-02-20 19:00:00,COMPLETED,605.9,CARD
4958,3990,24,,2026-02-20 11:57:00,2026-02-20 12:22:00,COMPLETED,472.65,UPI
4959,2292,36,,2026-02-20 22:35:00,2026-02-20 23:00:00,CANCELLED,592.27,CARD
4960,1715,118,,2026-02-20 17:07:00,2026-02-20 17:45:00,COMPLETED,193.61,COD
4961,1885,113,,2026-02-20 14:03:00,2026-02-20 14:30:00,COMPLETED,495.76,UPI
4962,2984,40,,2026-02-20 08:33:00,2026-02-20 09:07:00,CANCELLED,713.95,COD
4963,4432,12,,2026-02-20 17:25:00,2026-02-20 18:08:00,CANCELLED,444.96,CARD
4964,1686,34,,2026-02-20 16:32:00,2026-02-20 17:07:00,CANCELLED,344.5,UPI
4965,1010,25,,2026-02-20 22:07:00,2026-02-20 22:36:00,CANCELLED,543.71,UPI
4966,4809,115,,2026-02-20 09:45:00,2026-02-20 10:10:00,COMPLETED,745.61,COD
4967,2969,83,,2026-02-20 21:21:00,2026-02-20 22:02:00,COMPLETED,694.9,COD
4968,2694,40,,2026-02-20 17:10:00,2026-02-20 17:48:00,CANCELLED,461.39,COD
4969,4970,27,,2026-02-20 11:28:00,2026-02-20 11:55:00,CANCELLED,199.63,CARD
4970,1578,46,,2026-02-20 11:12:00,2026-02-20 11:37:00,CANCELLED,277.14,UPI
4971,3189,105,,2026-02-20 21:10:00,2026-02-20 21:45:00,COMPLETED,377.02,CARD
4972,2493,82,,2026-02-20 16:59:00,2026-02-20 17:41:00,COMPLETED,600.95,UPI
4973,2342,44,,2026-02-20 17:23:00,2026-02-20 18:07:00,COMPLETED,675.75,CARD
4974,4754,22,,2026-02-20 13:10:00,2026-02-20 13:37:00,CANCELLED,364.69,CARD
4975,2543,59,,2026-02-20 22:19:00,2026-02-20 22:47:00,CANCELLED,642.63,COD
4976,1841,110,,2026-02-20 11:40:00,2026-02-20 12:22:00,COMPLETED,531.94,UPI
4977,1375,71,,2026-02-20 17:05:00,2026-02-20 17:48:00,COMPLETED,626.02,COD
4978,4355,34,,2026-02-20 17:05:00,2026-02-20 17:32:00,CANCELLED,272.9,COD
4979,4344,23,,2026-02-20 20:00:00,2026-02-20 20:44:00,CANCELLED,744.57,COD
4980,4589,48,,2026-02-20 19:45:00,2026-02-20 20:29:00,CANCELLED,633.97,COD
4981,4442,76,,2026-02-20 21:01:00,2026-02-20 21:27:00,COMPLETED,262.7,CARD
4982,2934,116,,2026-02-20 13:21:00,2026-02-20 13:50:00,COMPLETED,341.87,COD
4983,1360,26,,2026-02-20 13:02:00,2026-02-20 13:39:00,COMPLETED,204.5,CARD
4984,1801,109,,2026-02-20 14:04:00,2026-02-20 14:40:00,COMPLETED,768.98,UPI
4985,1241,104,,2026-02-21 08:39:00,2026-02-21 09:10:00,CANCELLED,342.94,UPI
4986,1360,86,,2026-02-21 15:31:00,2026-02-21 16:13:00,COMPLETED,730.91,CARD
4987,2476,79,,2026-02-21 20:38:00,2026-02-21 21:16:00,CANCELLED,581.37,UPI
4988,2666,95,,2026-02-21 13:27:00,2026-02-21 14:06:00,CANCELLED,304.3,UPI
4989,1490,101,,2026-02-21 13:33:00,2026-02-21 14:07:00,COMPLETED,538.46,COD
4990,4845,79,,2026-02-21 10:24:00,2026-02-21 11:02:00,CANCELLED,371.81,COD
4991,3803,11,,2026-02-21 15:06:00,2026-02-21 15:40:00,COMPLETED,164.89,COD
4992,3624,49,,2026-02-21 19:51:00,2026-02-21 20:28:00,COMPLETED,161.23,CARD
4993,3606,17,,2026-02-21 20:24:00,2026-02-21 21:05:00,COMPLETED,581.7,COD
4994,2656,69,,2026-02-21 21:39:00,2026-02-21 22:07:00,COMPLETED,421.31,CARD
4995,3814,11,,2026-02-21 10:08:00,2026-02-21 10:37:00,CANCELLED,381.3,CARD
4996,3663,101,,2026-02-21 14:51:00,2026-02-21 15:21:00,CANCELLED,693.18,CARD
4997,4910,19,,2026-02-21 21:17:00,2026-02-21 21:54:00,COMPLETED,493.9,CARD
4998,3346,103,,2026-02-21 12:37:00,2026-02-21 13:17:00,COMPLETED,634.74,COD
4999,1943,18,,2026-02-21 13:53:00,2026-02-21 14:36:00,CANCELLED,469.98,COD
5000,2867,7,,2026-02-21 17:24:00,2026-02-21 18:09:00,COMPLETED,252.64,COD
5001,3707,60,,2026-02-21 08:47:00,2026-02-21 09:32:00,CANCELLED,513.26,CARD
5002,2040,104,,2026-02-21 16:25:00,2026-02-21 16:54:00,COMPLETED,511.73,COD
5003,2432,12,,2026-02-21 10:28:00,2026-02-21 11:12:00,CANCELLED,367.54,CARD
5004,2356,87,,2026-02-21 21:50:00,2026-02-21 22:16:00,COMPLETED,609.22,COD
5005,2636,3,,2026-02-21 18:46:00,2026-02-21 19:27:00,CANCELLED,178.55,CARD
5006,4241,120,,2026-02-21 08:29:00,2026-02-21 08:59:00,COMPLETED,320.4,UPI
5007,4470,39,,2026-02-21 21:21:00,2026-02-21 21:57:00,CANCELLED,321.27,UPI
5008,4956,44,,2026-02-21 19:49:00,2026-02-21 20:33:00,COMPLETED,616.71,COD
5009,3599,65,,2026-02-21 12:23:00,2026-02-21 12:50:00,CANCELLED,433.17,CARD
5010,1144,13,,2026-02-21 12:25:00,2026-02-21 12:56:00,CANCELLED,364.0,UPI
5011,1903,66,,2026-02-21 15:21:00,2026-02-21 15:50:00,CANCELLED,495.05,CARD
5012,2423,55,,2026-02-21 15:33:00,2026-02-21 16:10:00,COMPLETED,198.14,UPI
5013,2706,83,,2026-02-21 19:14:00,2026-02-21 19:40:00,COMPLETED,725.28,COD
5014,1094,114,,2026-02-21 22:23:00,2026-02-21 23:06:00,COMPLETED,794.99,CARD
5015,3277,49,,2026-02-21 22:48:00,2026-02-21 23:19:00,COMPLETED,749.37,UPI
5016,2134,86,,2026-02-21 22:10:00,2026-02-21 22:53:00,CANCELLED,736.66,COD
5017,3520,2,,2026-02-21 20:51:00,2026-02-21 21:34:00,COMPLETED,480.81,COD
5018,4112,93,,2026-02-21 13:37:00,2026-02-21 14:05:00,CANCELLED,706.94,CARD
5019,3989,32,,2026-02-21 18:00:00,2026-02-21 18:35:00,COMPLETED,767.98,CARD
5020,1300,76,,2026-02-21 12:56:00,2026-02-21 13:30:00,COMPLETED,318.75,CARD
5021,4920,47,,2026-02-21 20:28:00,2026-02-21 20:54:00,COMPLETED,349.96,COD
5022,3410,46,,2026-02-21 17:34:00,2026-02-21 18:06:00,COMPLETED,772.25,UPI
5023,3619,8,,2026-02-21 16:05:00,2026-02-21 16:36:00,CANCELLED,623.66,COD
5024,3021,2,,2026-02-21 19:13:00,2026-02-21 19:50:00,CANCELLED,711.95,CARD
5025,3165,96,,2026-02-21 14:53:00,2026-02-21 15:38:00,CANCELLED,692.56,UPI
5026,3428,115,,2026-02-21 14:29:00,2026-02-21 14:58:00,COMPLETED,388.91,CARD
5027,3717,24,,2026-02-21 19:18:00,2026-02-21 20:00:00,COMPLETED,491.6,COD
5028,4690,1,,2026-02-21 20:14:00,2026-02-21 20:56:00,COMPLETED,492.51,COD
5029,1858,6,,2026-02-21 12:11:00,2026-02-21 12:47:00,CANCELLED,733.88,CARD
5030,3192,94,,2026-02-21 13:51:00,2026-02-21 14:29:00,CANCELLED,592.98,UPI
5031,3617,64,,2026-02-21 16:16:00,2026-02-21 16:54:00,COMPLETED,547.03,UPI
5032,4283,71,,2026-02-21 12:45:00,2026-02-21 13:20:00,COMPLETED,461.76,UPI
5033,3353,42,,2026-02-21 20:31:00,2026-02-21 21:04:00,CANCELLED,367.57,COD
5034,3605,26,,2026-02-21 11:56:00,2026-02-21 12:32:00,COMPLETED,759.46,UPI
5035,3456,81,,2026-02-21 13:52:00,2026-02-21 14:27:00,COMPLETED,750.45,CARD
5036,2124,69,,2026-02-21 18:37:00,2026-02-21 19:17:00,CANCELLED,777.49,COD
5037,3890,82,,2026-02-21 19:42:00,2026-02-21 20:09:00,CANCELLED,780.98,UPI
5038,2755,57,,2026-02-21 19:40:00,2026-02-21 20:10:00,CANCELLED,644.4,CARD
5039,4235,79,,2026-02-21 19:07:00,2026-02-21 19:35:00,CANCELLED,425.86,UPI
5040,3511,53,,2026-02-21 11:49:00,2026-02-21 12:22:00,CANCELLED,661.63,COD
5041,4189,83,,2026-02-21 21:05:00,2026-02-21 21:41:00,CANCELLED,351.94,COD
5042,2804,68,,2026-02-21 18:26:00,2026-02-21 19:03:00,CANCELLED,304.43,CARD
5043,3317,27,,2026-02-21 08:08:00,2026-02-21 08:34:00,CANCELLED,628.66,COD
5044,2622,101,,2026-02-21 09:02:00,2026-02-21 09:30:00,COMPLETED,694.13,COD
5045,3357,61,,2026-02-21 20:56:00,2026-02-21 21:31:00,COMPLETED,262.16,UPI
5046,3147,36,,2026-02-21 10:28:00,2026-02-21 10:57:00,COMPLETED,348.45,CARD
5047,2964,49,,2026-02-21 18:14:00,2026-02-21 18:44:00,CANCELLED,509.64,CARD
5048,4138,33,,2026-02-21 18:43:00,2026-02-21 19:24:00,CANCELLED,575.69,COD
5049,4580,65,,2026-02-21 09:24:00,2026-02-21 10:09:00,COMPLETED,328.49,COD
5050,3267,1,,2026-02-21 11:21:00,2026-02-21 11:55:00,COMPLETED,695.03,UPI
5051,2796,96,,2026-02-21 22:51:00,2026-02-21 23:23:00,COMPLETED,393.57,CARD
5052,4059,63,,2026-02-21 14:48:00,2026-02-21 15:25:00,COMPLETED,753.55,UPI
5053,2707,113,,2026-02-21 12:27:00,2026-02-21 13:00:00,COMPLETED,374.28,CARD
5054,1167,79,,2026-02-21 10:37:00,2026-02-21 11:14:00,CANCELLED,464.96,UPI
5055,3592,90,,2026-02-21 20:45:00,2026-02-21 21:22:00,COMPLETED,472.25,COD
5056,4069,27,,2026-02-21 18:44:00,2026-02-21 19:19:00,CANCELLED,751.37,UPI
5057,1257,14,,2026-02-21 18:39:00,2026-02-21 19:22:00,COMPLETED,611.89,UPI
5058,4026,81,,2026-02-21 14:58:00,2026-02-21 15:37:00,COMPLETED,671.96,UPI
5059,1699,11,,2026-02-21 20:35:00,2026-02-21 21:01:00,CANCELLED,780.4,CARD
5060,4434,85,,2026-02-21 22:30:00,2026-02-21 23:15:00,COMPLETED,512.1,COD
5061,2859,44,,2026-02-21 19:29:00,2026-02-21 20:09:00,CANCELLED,506.86,COD
5062,1747,54,,2026-02-21 10:42:00,2026-02-21 11:19:00,CANCELLED,291.4,CARD
5063,2956,83,,2026-02-21 14:19:00,2026-02-21 14:56:00,CANCELLED,337.57,UPI
5064,3298,79,,2026-02-21 08:02:00,2026-02-21 08:41:00,COMPLETED,690.27,UPI
5065,3854,73,,2026-02-21 09:24:00,2026-02-21 10:07:00,COMPLETED,544.65,COD
5066,2534,48,,2026-02-21 15:47:00,2026-02-21 16:27:00,COMPLETED,249.56,CARD
5067,2224,13,,2026-02-21 19:44:00,2026-02-21 20:17:00,CANCELLED,542.61,COD
5068,3753,13,,2026-02-21 13:47:00,2026-02-21 14:18:00,CANCELLED,746.47,CARD
5069,3129,98,,2026-02-21 17:14:00,2026-02-21 17:44:00,COMPLETED,486.28,CARD
5070,2949,35,,2026-02-21 13:44:00,2026-02-21 14:27:00,CANCELLED,439.21,UPI
5071,3385,115,,2026-02-21 14:28:00,2026-02-21 15:03:00,COMPLETED,462.92,UPI
5072,3970,79,,2026-02-21 13:33:00,2026-02-21 14:07:00,CANCELLED,571.62,CARD
5073,4421,40,,2026-02-21 11:35:00,2026-02-21 12:20:00,COMPLETED,789.59,UPI
5074,3692,64,,2026-02-21 17:09:00,2026-02-21 17:49:00,COMPLETED,368.59,UPI
5075,1715,19,,2026-02-21 21:39:00,2026-02-21 22:22:00,COMPLETED,689.54,UPI
5076,4516,115,,2026-02-21 21:06:00,2026-02-21 21:50:00,COMPLETED,466.47,CARD
5077,4543,15,,2026-02-21 12:06:00,2026-02-21 12:40:00,CANCELLED,286.83,CARD
5078,1511,7,,2026-02-21 15:54:00,2026-02-21 16:33:00,COMPLETED,221.36,UPI
5079,2893,59,,2026-02-21 18:58:00,2026-02-21 19:31:00,COMPLETED,648.22,CARD
5080,3716,10,,2026-02-21 12:29:00,2026-02-21 13:01:00,CANCELLED,601.25,UPI
5081,2443,47,,2026-02-21 10:16:00,2026-02-21 10:46:00,CANCELLED,775.25,UPI
5082,1425,29,,2026-02-21 14:50:00,2026-02-21 15:23:00,CANCELLED,325.74,CARD
5083,2265,13,,2026-02-21 18:49:00,2026-02-21 19:29:00,CANCELLED,497.08,CARD
5084,1876,80,,2026-02-21 14:23:00,2026-02-21 15:02:00,CANCELLED,248.57,COD
5085,4959,48,,2026-02-21 17:09:00,2026-02-21 17:45:00,CANCELLED,509.25,CARD
5086,4218,108,,2026-02-21 20:47:00,2026-02-21 21:30:00,CANCELLED,465.89,CARD
5087,2483,119,,2026-02-21 13:08:00,2026-02-21 13:48:00,COMPLETED,574.85,UPI
5088,4225,115,,2026-02-21 08:45:00,2026-02-21 09:14:00,CANCELLED,558.25,COD
5089,2681,22,,2026-02-21 21:15:00,2026-02-21 21:46:00,COMPLETED,288.71,CARD
5090,2236,57,,2026-02-21 19:10:00,2026-02-21 19:55:00,COMPLETED,345.38,UPI
5091,2640,104,,2026-02-21 09:44:00,2026-02-21 10:17:00,CANCELLED,561.84,COD
5092,3742,76,,2026-02-21 12:20:00,2026-02-21 13:00:00,CANCELLED,618.24,CARD
5093,1509,72,,2026-02-21 12:11:00,2026-02-21 12:45:00,CANCELLED,613.87,CARD
5094,3122,92,,2026-02-21 13:48:00,2026-02-21 14:14:00,COMPLETED,474.55,UPI
5095,1151,16,,2026-02-21 14:21:00,2026-02-21 14:58:00,CANCELLED,166.51,CARD
5096,1412,3,,2026-02-21 22:04:00,2026-02-21 22:41:00,COMPLETED,449.08,CARD
5097,3699,109,,2026-02-21 19:34:00,2026-02-21 19:59:00,COMPLETED,642.69,UPI
5098,4850,50,,2026-02-21 20:47:00,2026-02-21 21:13:00,CANCELLED,522.31,CARD
5099,1136,63,,2026-02-21 12:36:00,2026-02-21 13:19:00,CANCELLED,605.47,COD
5100,2285,88,,2026-02-21 17:01:00,2026-02-21 17:36:00,COMPLETED,408.61,CARD
5101,4068,103,,2026-02-21 10:39:00,2026-02-21 11:07:00,CANCELLED,525.9,COD
5102,4156,102,,2026-02-21 19:20:00,2026-02-21 20:02:00,CANCELLED,439.36,CARD
5103,1810,102,,2026-02-21 12:15:00,2026-02-21 12:51:00,CANCELLED,466.42,COD
5104,3880,68,,2026-02-21 14:16:00,2026-02-21 14:52:00,CANCELLED,179.56,COD
5105,1544,69,,2026-02-21 15:45:00,2026-02-21 16:14:00,COMPLETED,325.56,COD
5106,4280,45,,2026-02-21 11:38:00,2026-02-21 12:10:00,COMPLETED,639.63,CARD
5107,2114,25,,2026-02-21 08:07:00,2026-02-21 08:34:00,COMPLETED,542.34,UPI
5108,3601,40,,2026-02-21 10:48:00,2026-02-21 11:28:00,COMPLETED,430.94,CARD
5109,2965,92,,2026-02-21 11:50:00,2026-02-21 12:25:00,CANCELLED,437.06,COD
5110,3130,3,,2026-02-21 19:51:00,2026-02-21 20:24:00,COMPLETED,607.34,CARD
5111,4744,59,,2026-02-21 08:11:00,2026-02-21 08:37:00,COMPLETED,672.99,CARD
5112,3296,105,,2026-02-21 15:27:00,2026-02-21 16:03:00,COMPLETED,403.39,COD
5113,4990,109,,2026-02-21 16:45:00,2026-02-21 17:15:00,CANCELLED,267.96,CARD
5114,4673,94,,2026-02-21 15:05:00,2026-02-21 15:37:00,CANCELLED,676.36,UPI
5115,1579,114,,2026-02-21 20:04:00,2026-02-21 20:31:00,CANCELLED,428.96,CARD
5116,4318,17,,2026-02-21 09:46:00,2026-02-21 10:13:00,COMPLETED,771.99,COD
5117,3566,85,,2026-02-21 09:17:00,2026-02-21 09:50:00,COMPLETED,359.48,COD
5118,1338,119,,2026-02-21 21:44:00,2026-02-21 22:21:00,COMPLETED,530.63,CARD
5119,4301,19,,2026-02-21 17:19:00,2026-02-21 18:02:00,CANCELLED,676.51,UPI
5120,2849,34,,2026-02-21 14:43:00,2026-02-21 15:18:00,CANCELLED,395.4,UPI
5121,1740,48,,2026-02-21 19:56:00,2026-02-21 20:27:00,CANCELLED,332.11,COD
5122,1399,103,,2026-02-21 09:52:00,2026-02-21 10:33:00,CANCELLED,205.46,UPI
5123,3093,3,,2026-02-21 15:40:00,2026-02-21 16:11:00,CANCELLED,243.85,COD
5124,3635,70,,2026-02-21 17:25:00,2026-02-21 18:10:00,COMPLETED,598.51,COD
5125,3101,39,,2026-02-21 15:35:00,2026-02-21 16:13:00,COMPLETED,499.09,UPI
5126,4846,11,,2026-02-21 22:42:00,2026-02-21 23:22:00,CANCELLED,398.3,COD
5127,4875,10,,2026-02-21 10:49:00,2026-02-21 11:14:00,CANCELLED,580.22,COD
5128,2325,35,,2026-02-21 11:23:00,2026-02-21 11:55:00,COMPLETED,734.61,COD
5129,1692,70,,2026-02-21 11:09:00,2026-02-21 11:48:00,COMPLETED,742.42,COD
5130,3081,62,,2026-02-21 11:20:00,2026-02-21 11:45:00,CANCELLED,748.09,UPI
5131,3999,74,,2026-02-21 16:14:00,2026-02-21 16:40:00,COMPLETED,794.4,CARD
5132,2783,14,,2026-02-21 19:20:00,2026-02-21 20:00:00,COMPLETED,654.06,UPI
5133,2528,1,,2026-02-22 20:38:00,2026-02-22 21:22:00,CANCELLED,423.69,UPI
5134,3607,54,,2026-02-22 19:45:00,2026-02-22 20:12:00,COMPLETED,773.0,UPI
5135,2154,70,,2026-02-22 10:30:00,2026-02-22 10:56:00,CANCELLED,514.59,CARD
5136,3052,50,,2026-02-22 13:06:00,2026-02-22 13:34:00,COMPLETED,179.07,CARD
5137,4460,39,,2026-02-22 10:45:00,2026-02-22 11:22:00,CANCELLED,667.3,UPI
5138,2913,39,,2026-02-22 18:29:00,2026-02-22 19:07:00,COMPLETED,532.73,COD
5139,2322,92,,2026-02-22 14:50:00,2026-02-22 15:16:00,COMPLETED,546.0,COD
5140,4260,103,,2026-02-22 14:36:00,2026-02-22 15:09:00,COMPLETED,777.42,CARD
5141,3642,2,,2026-02-22 20:06:00,2026-02-22 20:46:00,COMPLETED,343.94,UPI
5142,3888,77,,2026-02-22 21:53:00,2026-02-22 22:21:00,CANCELLED,593.74,COD
5143,4020,111,,2026-02-22 17:25:00,2026-02-22 17:52:00,CANCELLED,513.12,COD
5144,3231,19,,2026-02-22 11:12:00,2026-02-22 11:49:00,CANCELLED,451.96,COD
5145,1717,16,,2026-02-22 15:53:00,2026-02-22 16:26:00,CANCELLED,749.48,COD
5146,3611,116,,2026-02-22 18:12:00,2026-02-22 18:44:00,CANCELLED,623.61,UPI
5147,4259,1,,2026-02-22 10:55:00,2026-02-22 11:32:00,COMPLETED,263.25,UPI
5148,3254,91,,2026-02-22 17:45:00,2026-02-22 18:10:00,CANCELLED,388.44,UPI
5149,1579,111,,2026-02-22 16:46:00,2026-02-22 17:11:00,COMPLETED,279.34,UPI
5150,4096,65,,2026-02-22 17:18:00,2026-02-22 17:50:00,CANCELLED,274.88,CARD
5151,1017,53,,2026-02-22 18:54:00,2026-02-22 19:21:00,CANCELLED,441.61,UPI
5152,2966,40,,2026-02-22 22:31:00,2026-02-22 22:58:00,CANCELLED,746.88,UPI
5153,4160,89,,2026-02-22 17:47:00,2026-02-22 18:18:00,CANCELLED,229.38,COD
5154,2246,7,,2026-02-22 20:32:00,2026-02-22 20:59:00,COMPLETED,247.85,CARD
5155,1355,74,,2026-02-22 12:10:00,2026-02-22 12:41:00,CANCELLED,388.97,CARD
5156,3319,75,,2026-02-22 17:56:00,2026-02-22 18:36:00,COMPLETED,755.63,UPI
5157,2858,13,,2026-02-22 21:47:00,2026-02-22 22:31:00,CANCELLED,753.82,COD
5158,3864,4,,2026-02-22 22:37:00,2026-02-22 23:17:00,COMPLETED,171.23,UPI
5159,4717,8,,2026-02-22 16:32:00,2026-02-22 17:11:00,CANCELLED,197.91,UPI
5160,1019,43,,2026-02-22 19:55:00,2026-02-22 20:32:00,COMPLETED,776.06,UPI
5161,4116,82,,2026-02-22 17:13:00,2026-02-22 17:45:00,CANCELLED,285.74,UPI
5162,2060,15,,2026-02-22 14:34:00,2026-02-22 15:16:00,CANCELLED,646.58,UPI
5163,4545,86,,2026-02-22 15:48:00,2026-02-22 16:27:00,CANCELLED,707.51,COD
5164,1919,40,,2026-02-22 14:37:00,2026-02-22 15:10:00,CANCELLED,762.13,CARD
5165,4272,92,,2026-02-22 22:23:00,2026-02-22 23:06:00,CANCELLED,589.61,CARD
5166,4451,11,,2026-02-22 22:22:00,2026-02-22 22:54:00,CANCELLED,644.2,COD
5167,1725,34,,2026-02-22 11:53:00,2026-02-22 12:25:00,CANCELLED,636.47,CARD
5168,2365,117,,2026-02-22 20:22:00,2026-02-22 21:01:00,CANCELLED,732.49,UPI
5169,1476,100,,2026-02-22 22:49:00,2026-02-22 23:24:00,COMPLETED,346.43,UPI
5170,3402,39,,2026-02-22 17:06:00,2026-02-22 17:32:00,CANCELLED,621.49,COD
5171,3217,12,,2026-02-22 22:23:00,2026-02-22 22:51:00,CANCELLED,401.56,UPI
5172,1664,62,,2026-02-22 22:25:00,2026-02-22 22:59:00,COMPLETED,445.76,CARD
5173,3941,114,,2026-02-22 14:08:00,2026-02-22 14:51:00,CANCELLED,671.79,UPI
5174,1430,14,,2026-02-22 22:11:00,2026-02-22 22:39:00,COMPLETED,464.68,CARD
5175,2256,113,,2026-02-22 16:04:00,2026-02-22 16:41:00,CANCELLED,385.34,CARD
5176,2713,44,,2026-02-22 20:41:00,2026-02-22 21:17:00,CANCELLED,247.41,CARD
5177,1621,22,,2026-02-22 21:29:00,2026-02-22 22:08:00,CANCELLED,594.03,COD
5178,2383,35,,2026-02-22 13:03:00,2026-02-22 13:44:00,COMPLETED,642.84,CARD
5179,3078,34,,2026-02-22 08:10:00,2026-02-22 08:54:00,CANCELLED,493.48,UPI
5180,1046,108,,2026-02-22 20:39:00,2026-02-22 21:17:00,CANCELLED,396.32,CARD
5181,1745,119,,2026-02-22 20:26:00,2026-02-22 21:10:00,CANCELLED,193.99,CARD
5182,4202,71,,2026-02-22 10:15:00,2026-02-22 10:53:00,CANCELLED,171.95,UPI
5183,2798,77,,2026-02-22 15:31:00,2026-02-22 16:10:00,CANCELLED,454.45,CARD
5184,3314,115,,2026-02-22 11:30:00,2026-02-22 12:13:00,CANCELLED,243.8,COD
5185,3413,24,,2026-02-22 16:28:00,2026-02-22 17:07:00,CANCELLED,195.34,COD
5186,4110,31,,2026-02-22 08:56:00,2026-02-22 09:35:00,CANCELLED,230.08,CARD
5187,1706,24,,2026-02-22 18:11:00,2026-02-22 18:49:00,COMPLETED,414.46,CARD
5188,1826,21,,2026-02-22 10:51:00,2026-02-22 11:25:00,COMPLETED,275.19,COD
5189,1883,79,,2026-02-22 08:53:00,2026-02-22 09:22:00,COMPLETED,313.95,UPI
5190,4335,91,,2026-02-22 08:23:00,2026-02-22 09:00:00,COMPLETED,692.44,UPI
5191,3898,30,,2026-02-22 17:39:00,2026-02-22 18:12:00,COMPLETED,409.24,UPI
5192,1781,44,,2026-02-22 19:10:00,2026-02-22 19:39:00,CANCELLED,499.5,UPI
5193,3452,40,,2026-02-22 13:30:00,2026-02-22 13:59:00,COMPLETED,238.75,UPI
5194,3930,107,,2026-02-22 12:08:00,2026-02-22 12:48:00,COMPLETED,171.45,UPI
5195,2039,68,,2026-02-22 22:42:00,2026-02-22 23:15:00,CANCELLED,336.72,UPI
5196,2005,14,,2026-02-22 21:18:00,2026-02-22 21:53:00,COMPLETED,775.2,CARD
5197,4208,2,,2026-02-22 20:51:00,2026-02-22 21:32:00,CANCELLED,258.37,UPI
5198,3168,103,,2026-02-22 13:18:00,2026-02-22 13:47:00,COMPLETED,360.59,UPI
5199,4975,17,,2026-02-22 15:00:00,2026-02-22 15:34:00,CANCELLED,366.46,COD
5200,4521,55,,2026-02-22 16:11:00,2026-02-22 16:53:00,CANCELLED,503.83,COD
5201,1172,30,,2026-02-22 19:35:00,2026-02-22 20:05:00,COMPLETED,259.71,COD
5202,1140,116,,2026-02-22 09:16:00,2026-02-22 09:56:00,COMPLETED,553.93,CARD
5203,2643,54,,2026-02-22 13:33:00,2026-02-22 14:15:00,COMPLETED,768.42,CARD
5204,3211,104,,2026-02-22 19:17:00,2026-02-22 19:46:00,CANCELLED,517.81,UPI
5205,3035,26,,2026-02-22 10:43:00,2026-02-22 11:24:00,COMPLETED,313.54,COD
5206,3324,47,,2026-02-22 21:44:00,2026-02-22 22:18:00,CANCELLED,262.89,COD
5207,2606,40,,2026-02-22 16:05:00,2026-02-22 16:48:00,CANCELLED,224.66,COD
5208,4113,24,,2026-02-22 12:00:00,2026-02-22 12:31:00,COMPLETED,456.15,COD
5209,3873,6,,2026-02-22 13:31:00,2026-02-22 13:58:00,COMPLETED,492.6,UPI
5210,1614,3,,2026-02-22 13:46:00,2026-02-22 14:13:00,COMPLETED,592.72,CARD
5211,4080,1,,2026-02-22 20:00:00,2026-02-22 20:45:00,COMPLETED,620.05,UPI
5212,2501,35,,2026-02-22 14:09:00,2026-02-22 14:43:00,COMPLETED,408.93,CARD
5213,1563,85,,2026-02-22 16:30:00,2026-02-22 17:14:00,COMPLETED,186.11,UPI
5214,1539,112,,2026-02-22 14:55:00,2026-02-22 15:33:00,CANCELLED,357.7,CARD
5215,2456,22,,2026-02-22 08:18:00,2026-02-22 08:46:00,CANCELLED,592.61,CARD
5216,2129,22,,2026-02-22 15:38:00,2026-02-22 16:11:00,COMPLETED,299.38,CARD
5217,2971,69,,2026-02-22 14:47:00,2026-02-22 15:13:00,CANCELLED,340.03,CARD
5218,1826,2,,2026-02-22 21:44:00,2026-02-22 22:15:00,CANCELLED,480.0,UPI
5219,3821,72,,2026-02-22 10:25:00,2026-02-22 10:57:00,COMPLETED,408.63,CARD
5220,2745,7,,2026-02-22 18:59:00,2026-02-22 19:24:00,COMPLETED,711.88,UPI
5221,1628,30,,2026-02-22 15:36:00,2026-02-22 16:20:00,COMPLETED,410.87,COD
5222,2401,65,,2026-02-22 12:34:00,2026-02-22 13:16:00,COMPLETED,553.62,UPI
5223,2494,6,,2026-02-22 08:07:00,2026-02-22 08:35:00,COMPLETED,517.57,UPI
5224,3741,17,,2026-02-22 18:23:00,2026-02-22 19:03:00,COMPLETED,551.33,UPI
5225,1535,6,,2026-02-22 09:15:00,2026-02-22 09:58:00,COMPLETED,701.45,COD
5226,1517,31,,2026-02-22 17:22:00,2026-02-22 17:58:00,COMPLETED,608.27,CARD
5227,4405,35,,2026-02-22 15:40:00,2026-02-22 16:05:00,COMPLETED,640.07,CARD
5228,1661,76,,2026-02-22 13:48:00,2026-02-22 14:29:00,COMPLETED,373.39,CARD
5229,4320,16,,2026-02-22 14:20:00,2026-02-22 14:55:00,COMPLETED,429.08,COD
5230,3645,57,,2026-02-22 21:41:00,2026-02-22 22:25:00,COMPLETED,333.57,COD
5231,2369,107,,2026-02-22 08:19:00,2026-02-22 08:58:00,CANCELLED,346.76,COD
5232,4746,24,,2026-02-22 21:30:00,2026-02-22 22:04:00,CANCELLED,514.84,UPI
5233,3387,53,,2026-02-22 22:06:00,2026-02-22 22:38:00,COMPLETED,400.56,UPI
5234,3118,119,,2026-02-22 18:15:00,2026-02-22 18:42:00,COMPLETED,600.52,COD
5235,3355,102,,2026-02-22 13:07:00,2026-02-22 13:52:00,CANCELLED,622.95,COD
5236,2778,91,,2026-02-22 20:57:00,2026-02-22 21:42:00,CANCELLED,462.01,UPI
5237,3602,40,,2026-02-22 13:04:00,2026-02-22 13:35:00,COMPLETED,559.28,UPI
5238,3550,115,,2026-02-22 22:40:00,2026-02-22 23:14:00,CANCELLED,487.28,COD
5239,2482,61,,2026-02-22 18:18:00,2026-02-22 18:55:00,COMPLETED,369.41,UPI
5240,1912,115,,2026-02-22 20:50:00,2026-02-22 21:24:00,COMPLETED,692.7,CARD
5241,4124,104,,2026-02-22 17:45:00,2026-02-22 18:11:00,COMPLETED,325.64,CARD
5242,3624,38,,2026-02-22 19:02:00,2026-02-22 19:27:00,COMPLETED,340.46,CARD
5243,4936,7,,2026-02-22 22:44:00,2026-02-22 23:22:00,COMPLETED,618.65,CARD
5244,3463,9,,2026-02-22 12:53:00,2026-02-22 13:18:00,CANCELLED,604.35,UPI
5245,2700,17,,2026-02-22 11:53:00,2026-02-22 12:33:00,CANCELLED,721.34,UPI
5246,1515,47,,2026-02-22 14:31:00,2026-02-22 15:00:00,CANCELLED,536.03,COD
5247,4202,77,,2026-02-22 11:46:00,2026-02-22 12:24:00,COMPLETED,184.48,COD
5248,4780,107,,2026-02-22 20:15:00,2026-02-22 20:48:00,COMPLETED,743.04,CARD
5249,2911,31,,2026-02-22 13:40:00,2026-02-22 14:09:00,COMPLETED,763.74,COD
5250,1755,105,,2026-02-22 20:50:00,2026-02-22 21:29:00,COMPLETED,407.4,COD
5251,4932,111,,2026-02-22 12:24:00,2026-02-22 13:04:00,CANCELLED,423.72,COD
5252,3597,9,,2026-02-22 22:59:00,2026-02-22 23:24:00,CANCELLED,231.82,CARD
5253,1890,43,,2026-02-22 21:36:00,2026-02-22 22:08:00,CANCELLED,441.44,UPI
5254,3356,69,,2026-02-22 10:47:00,2026-02-22 11:17:00,COMPLETED,692.14,CARD
5255,3525,54,,2026-02-22 21:00:00,2026-02-22 21:35:00,CANCELLED,742.54,UPI
5256,4265,120,,2026-02-22 21:26:00,2026-02-22 22:06:00,COMPLETED,788.91,COD
5257,1081,102,,2026-02-22 22:43:00,2026-02-22 23:27:00,COMPLETED,258.01,COD
5258,2904,94,,2026-02-22 20:39:00,2026-02-22 21:13:00,COMPLETED,411.74,COD
5259,1586,78,,2026-02-22 08:43:00,2026-02-22 09:14:00,COMPLETED,523.52,CARD
5260,2770,39,,2026-02-22 18:51:00,2026-02-22 19:17:00,CANCELLED,414.28,CARD
5261,1596,58,,2026-02-22 13:19:00,2026-02-22 13:53:00,CANCELLED,312.12,CARD
5262,2302,34,,2026-02-22 20:02:00,2026-02-22 20:37:00,COMPLETED,614.36,UPI
5263,2018,16,,2026-02-22 11:00:00,2026-02-22 11:45:00,CANCELLED,552.51,CARD
5264,4009,56,,2026-02-22 10:27:00,2026-02-22 10:53:00,CANCELLED,767.74,UPI
5265,3547,26,,2026-02-22 17:44:00,2026-02-22 18:16:00,CANCELLED,771.37,CARD
5266,3406,3,,2026-02-22 17:48:00,2026-02-22 18:25:00,CANCELLED,357.65,COD
5267,4543,24,,2026-02-22 20:37:00,2026-02-22 21:20:00,CANCELLED,263.44,UPI
5268,2369,59,,2026-02-22 17:31:00,2026-02-22 18:03:00,COMPLETED,311.28,CARD
5269,2008,3,,2026-02-22 09:40:00,2026-02-22 10:12:00,CANCELLED,301.09,UPI
5270,4678,108,,2026-02-22 12:14:00,2026-02-22 12:59:00,COMPLETED,182.81,COD
5271,4461,23,,2026-02-23 13:17:00,2026-02-23 13:45:00,COMPLETED,340.53,UPI
5272,3594,73,,2026-02-23 12:19:00,2026-02-23 12:44:00,CANCELLED,274.07,UPI
5273,1990,30,,2026-02-23 10:41:00,2026-02-23 11:07:00,CANCELLED,179.13,COD
5274,1514,32,,2026-02-23 14:49:00,2026-02-23 15:15:00,COMPLETED,362.32,COD
5275,2497,46,,2026-02-23 16:19:00,2026-02-23 16:46:00,CANCELLED,497.31,UPI
5276,4915,35,,2026-02-23 08:55:00,2026-02-23 09:38:00,COMPLETED,327.7,COD
5277,4876,44,,2026-02-23 19:03:00,2026-02-23 19:37:00,CANCELLED,348.61,COD
5278,1640,48,,2026-02-23 18:07:00,2026-02-23 18:51:00,CANCELLED,706.3,COD
5279,3091,103,,2026-02-23 13:28:00,2026-02-23 14:00:00,COMPLETED,761.9,CARD
5280,1373,109,,2026-02-23 09:17:00,2026-02-23 10:00:00,COMPLETED,684.49,CARD
5281,2430,92,,2026-02-23 13:53:00,2026-02-23 14:18:00,COMPLETED,624.0,UPI
5282,4815,98,,2026-02-23 18:25:00,2026-02-23 18:58:00,COMPLETED,550.71,UPI
5283,3834,64,,2026-02-23 09:52:00,2026-02-23 10:27:00,CANCELLED,382.66,COD
5284,4266,30,,2026-02-23 14:41:00,2026-02-23 15:19:00,COMPLETED,773.22,CARD
5285,2137,53,,2026-02-23 19:05:00,2026-02-23 19:34:00,COMPLETED,161.34,UPI
5286,1549,109,,2026-02-23 10:03:00,2026-02-23 10:41:00,COMPLETED,586.38,CARD
5287,4652,92,,2026-02-23 19:12:00,2026-02-23 19:48:00,CANCELLED,304.34,COD
5288,2876,56,,2026-02-23 08:09:00,2026-02-23 08:34:00,COMPLETED,353.23,UPI
5289,2287,78,,2026-02-23 10:37:00,2026-02-23 11:03:00,CANCELLED,475.63,UPI
5290,2720,77,,2026-02-23 19:23:00,2026-02-23 20:08:00,CANCELLED,449.38,COD
5291,3809,28,,2026-02-23 13:13:00,2026-02-23 13:44:00,CANCELLED,165.59,CARD
5292,1155,14,,2026-02-23 08:43:00,2026-02-23 09:26:00,COMPLETED,201.12,UPI
5293,4001,13,,2026-02-23 21:03:00,2026-02-23 21:41:00,COMPLETED,626.24,CARD
5294,4404,66,,2026-02-23 10:32:00,2026-02-23 11:12:00,COMPLETED,499.67,COD
5295,4273,115,,2026-02-23 08:39:00,2026-02-23 09:12:00,CANCELLED,576.69,UPI
5296,3142,15,,2026-02-23 12:08:00,2026-02-23 12:50:00,CANCELLED,778.48,UPI
5297,4005,46,,2026-02-23 20:04:00,2026-02-23 20:46:00,COMPLETED,492.84,CARD
5298,4813,77,,2026-02-23 14:01:00,2026-02-23 14:39:00,COMPLETED,795.46,CARD
5299,2563,43,,2026-02-23 08:36:00,2026-02-23 09:19:00,CANCELLED,643.18,CARD
5300,2557,62,,2026-02-23 20:56:00,2026-02-23 21:26:00,COMPLETED,490.6,COD
5301,3926,63,,2026-02-23 16:10:00,2026-02-23 16:39:00,COMPLETED,685.68,CARD
5302,1459,87,,2026-02-23 18:53:00,2026-02-23 19:35:00,CANCELLED,440.83,CARD
5303,1863,46,,2026-02-23 11:17:00,2026-02-23 11:56:00,CANCELLED,333.77,UPI
5304,3978,93,,2026-02-23 16:48:00,2026-02-23 17:20:00,COMPLETED,773.63,COD
5305,3472,57,,2026-02-23 08:50:00,2026-02-23 09:27:00,CANCELLED,217.11,UPI
5306,3488,71,,2026-02-23 13:54:00,2026-02-23 14:28:00,COMPLETED,417.58,COD
5307,2969,34,,2026-02-23 12:26:00,2026-02-23 13:03:00,COMPLETED,763.48,UPI
5308,3962,54,,2026-02-23 16:59:00,2026-02-23 17:40:00,CANCELLED,392.17,CARD
5309,4658,13,,2026-02-23 13:45:00,2026-02-23 14:25:00,COMPLETED,426.24,UPI
5310,2438,86,,2026-02-23 15:21:00,2026-02-23 15:47:00,CANCELLED,683.67,COD
5311,4793,97,,2026-02-23 13:10:00,2026-02-23 13:42:00,COMPLETED,477.46,CARD
5312,1858,76,,2026-02-23 19:11:00,2026-02-23 19:50:00,COMPLETED,160.57,COD
5313,3167,107,,2026-02-23 10:17:00,2026-02-23 10:53:00,CANCELLED,428.54,COD
5314,3881,62,,2026-02-23 12:05:00,2026-02-23 12:45:00,CANCELLED,666.49,COD
5315,1407,49,,2026-02-23 19:33:00,2026-02-23 20:04:00,CANCELLED,596.88,UPI
5316,4206,21,,2026-02-23 09:50:00,2026-02-23 10:33:00,CANCELLED,220.03,UPI
5317,3757,20,,2026-02-23 17:20:00,2026-02-23 18:00:00,COMPLETED,703.87,COD
5318,1567,48,,2026-02-23 12:28:00,2026-02-23 12:54:00,CANCELLED,369.06,COD
5319,2401,38,,2026-02-23 19:13:00,2026-02-23 19:39:00,COMPLETED,479.73,CARD
5320,3727,73,,2026-02-23 20:17:00,2026-02-23 20:43:00,COMPLETED,519.22,UPI
5321,2876,31,,2026-02-23 14:51:00,2026-02-23 15:36:00,CANCELLED,237.82,UPI
5322,1878,2,,2026-02-23 09:39:00,2026-02-23 10:16:00,COMPLETED,668.92,UPI
5323,1900,99,,2026-02-23 12:14:00,2026-02-23 12:55:00,COMPLETED,167.87,CARD
5324,1915,41,,2026-02-23 09:21:00,2026-02-23 09:55:00,COMPLETED,549.81,CARD
5325,3014,89,,2026-02-23 11:51:00,2026-02-23 12:16:00,CANCELLED,219.13,CARD
5326,2690,41,,2026-02-23 17:39:00,2026-02-23 18:24:00,CANCELLED,418.65,UPI
5327,3536,64,,2026-02-23 10:36:00,2026-02-23 11:17:00,COMPLETED,383.5,CARD
5328,1642,19,,2026-02-23 18:20:00,2026-02-23 18:57:00,CANCELLED,250.88,UPI
5329,1228,1,,2026-02-23 18:47:00,2026-02-23 19:24:00,COMPLETED,232.81,COD
5330,4672,37,,2026-02-23 10:12:00,2026-02-23 10:44:00,COMPLETED,391.98,CARD
5331,4494,109,,2026-02-23 15:59:00,2026-02-23 16:38:00,COMPLETED,269.89,COD
5332,3124,73,,2026-02-23 19:15:00,2026-02-23 19:51:00,COMPLETED,686.94,COD
5333,1679,99,,2026-02-23 16:48:00,2026-02-23 17:33:00,COMPLETED,368.93,UPI
5334,1177,91,,2026-02-23 14:52:00,2026-02-23 15:30:00,COMPLETED,702.37,COD
5335,2998,68,,2026-02-23 17:53:00,2026-02-23 18:22:00,CANCELLED,651.36,UPI
5336,1137,75,,2026-02-23 18:50:00,2026-02-23 19:34:00,CANCELLED,669.78,UPI
5337,1575,61,,2026-02-23 09:24:00,2026-02-23 09:59:00,CANCELLED,547.47,CARD
5338,2240,39,,2026-02-23 21:49:00,2026-02-23 22:23:00,COMPLETED,159.63,COD
5339,3842,72,,2026-02-23 21:38:00,2026-02-23 22:11:00,COMPLETED,313.19,CARD
5340,1783,93,,2026-02-23 22:16:00,2026-02-23 22:53:00,COMPLETED,308.81,UPI
5341,1314,39,,2026-02-23 12:00:00,2026-02-23 12:39:00,CANCELLED,177.01,COD
5342,4741,69,,2026-02-23 22:17:00,2026-02-23 22:45:00,COMPLETED,602.04,UPI
5343,3585,76,,2026-02-23 19:35:00,2026-02-23 20:12:00,COMPLETED,748.06,COD
5344,3742,74,,2026-02-23 18:18:00,2026-02-23 18:50:00,CANCELLED,154.16,COD
5345,2860,120,,2026-02-23 08:25:00,2026-02-23 08:58:00,COMPLETED,717.68,CARD
5346,4403,14,,2026-02-23 22:13:00,2026-02-23 22:41:00,COMPLETED,626.86,UPI
5347,1585,114,,2026-02-23 19:13:00,2026-02-23 19:57:00,CANCELLED,622.08,UPI
5348,3740,100,,2026-02-23 17:33:00,2026-02-23 18:15:00,COMPLETED,338.15,COD
5349,1321,36,,2026-02-23 11:45:00,2026-02-23 12:18:00,COMPLETED,278.7,COD
5350,1454,110,,2026-02-23 16:48:00,2026-02-23 17:16:00,COMPLETED,352.83,UPI
5351,1641,41,,2026-02-23 09:27:00,2026-02-23 09:59:00,COMPLETED,439.21,CARD
5352,2268,40,,2026-02-23 19:24:00,2026-02-23 19:49:00,CANCELLED,175.06,UPI
5353,3345,96,,2026-02-23 15:04:00,2026-02-23 15:29:00,CANCELLED,665.05,UPI
5354,2212,85,,2026-02-23 15:44:00,2026-02-23 16:12:00,CANCELLED,492.27,COD
5355,1428,34,,2026-02-23 08:22:00,2026-02-23 08:53:00,CANCELLED,645.9,UPI
5356,2940,17,,2026-02-23 12:38:00,2026-02-23 13:13:00,COMPLETED,447.52,CARD
5357,2100,102,,2026-02-23 16:03:00,2026-02-23 16:47:00,COMPLETED,445.75,UPI
5358,1879,110,,2026-02-23 08:27:00,2026-02-23 08:59:00,CANCELLED,322.59,CARD
5359,3512,118,,2026-02-23 18:42:00,2026-02-23 19:25:00,CANCELLED,152.41,COD
5360,1436,91,,2026-02-23 12:12:00,2026-02-23 12:56:00,COMPLETED,405.57,CARD
5361,1761,105,,2026-02-23 12:55:00,2026-02-23 13:22:00,CANCELLED,776.26,COD
5362,1069,29,,2026-02-23 08:04:00,2026-02-23 08:41:00,COMPLETED,427.31,UPI
5363,4851,9,,2026-02-23 13:59:00,2026-02-23 14:31:00,COMPLETED,375.99,UPI
5364,3807,108,,2026-02-23 12:07:00,2026-02-23 12:34:00,COMPLETED,202.79,CARD
5365,3637,43,,2026-02-23 18:17:00,2026-02-23 18:54:00,CANCELLED,414.55,COD
5366,1925,51,,2026-02-23 10:49:00,2026-02-23 11:24:00,COMPLETED,402.52,UPI
5367,2150,57,,2026-02-23 08:21:00,2026-02-23 08:47:00,CANCELLED,767.88,UPI
5368,2230,113,,2026-02-23 15:55:00,2026-02-23 16:39:00,CANCELLED,653.68,CARD
5369,3420,35,,2026-02-23 17:57:00,2026-02-23 18:38:00,CANCELLED,485.9,UPI
5370,2009,52,,2026-02-23 08:12:00,2026-02-23 08:57:00,COMPLETED,166.48,COD
5371,1016,97,,2026-02-23 15:46:00,2026-02-23 16:25:00,COMPLETED,438.94,COD
5372,2282,74,,2026-02-23 19:09:00,2026-02-23 19:49:00,CANCELLED,537.09,COD
5373,2819,68,,2026-02-23 21:55:00,2026-02-23 22:21:00,COMPLETED,221.92,COD
5374,3350,91,,2026-02-23 15:32:00,2026-02-23 16:00:00,CANCELLED,690.9,COD
5375,1096,22,,2026-02-23 12:44:00,2026-02-23 13:28:00,COMPLETED,324.23,UPI
5376,2368,109,,2026-02-23 09:28:00,2026-02-23 10:04:00,CANCELLED,441.03,COD
5377,3726,85,,2026-02-23 11:57:00,2026-02-23 12:29:00,CANCELLED,581.33,CARD
5378,2532,21,,2026-02-23 14:56:00,2026-02-23 15:31:00,COMPLETED,518.91,COD
5379,4352,28,,2026-02-23 16:11:00,2026-02-23 16:36:00,COMPLETED,384.13,COD
5380,2274,80,,2026-02-23 22:57:00,2026-02-23 23:23:00,COMPLETED,400.07,UPI
5381,3946,50,,2026-02-23 13:56:00,2026-02-23 14:27:00,COMPLETED,772.21,CARD
5382,4405,59,,2026-02-23 16:09:00,2026-02-23 16:54:00,COMPLETED,217.45,UPI
5383,4559,39,,2026-02-23 11:41:00,2026-02-23 12:24:00,CANCELLED,601.41,COD
5384,3028,92,,2026-02-23 12:39:00,2026-02-23 13:20:00,COMPLETED,753.91,COD
5385,4369,45,,2026-02-23 21:31:00,2026-02-23 22:13:00,CANCELLED,707.58,CARD
5386,1628,111,,2026-02-23 12:09:00,2026-02-23 12:53:00,CANCELLED,578.25,UPI
5387,3718,12,,2026-02-23 17:26:00,2026-02-23 18:05:00,CANCELLED,605.84,COD
5388,1822,102,,2026-02-23 12:40:00,2026-02-23 13:23:00,COMPLETED,731.46,UPI
5389,2803,120,,2026-02-23 18:23:00,2026-02-23 19:00:00,COMPLETED,429.77,UPI
5390,3625,13,,2026-02-23 14:12:00,2026-02-23 14:54:00,CANCELLED,717.26,UPI
5391,1513,16,,2026-02-23 15:53:00,2026-02-23 16:37:00,COMPLETED,402.58,UPI
5392,3856,104,,2026-02-23 08:25:00,2026-02-23 09:02:00,COMPLETED,757.4,UPI
5393,2610,39,,2026-02-23 20:48:00,2026-02-23 21:21:00,CANCELLED,285.61,CARD
5394,2834,2,,2026-02-23 17:07:00,2026-02-23 17:51:00,COMPLETED,760.14,CARD
5395,2342,47,,2026-02-23 18:43:00,2026-02-23 19:28:00,CANCELLED,153.19,COD
5396,2026,85,,2026-02-23 18:13:00,2026-02-23 18:45:00,COMPLETED,459.03,COD
5397,2618,51,,2026-02-23 20:21:00,2026-02-23 21:03:00,COMPLETED,385.38,COD
5398,1224,43,,2026-02-23 18:18:00,2026-02-23 19:03:00,COMPLETED,553.74,COD
5399,1029,7,,2026-02-23 14:38:00,2026-02-23 15:04:00,COMPLETED,659.45,COD
5400,1340,105,,2026-02-23 19:23:00,2026-02-23 19:49:00,CANCELLED,425.69,UPI
5401,2882,25,,2026-02-23 09:12:00,2026-02-23 09:55:00,CANCELLED,662.06,CARD
5402,3106,11,,2026-02-23 18:38:00,2026-02-23 19:23:00,COMPLETED,765.91,COD
5403,3754,95,,2026-02-23 08:01:00,2026-02-23 08:27:00,COMPLETED,575.85,COD
5404,3727,49,,2026-02-23 17:03:00,2026-02-23 17:37:00,COMPLETED,646.71,CARD
5405,4492,52,,2026-02-23 20:05:00,2026-02-23 20:47:00,CANCELLED,233.11,CARD
5406,1251,34,,2026-02-23 11:43:00,2026-02-23 12:10:00,CANCELLED,494.0,UPI
5407,4885,81,,2026-02-23 19:32:00,2026-02-23 20:11:00,COMPLETED,558.28,UPI
5408,4970,41,,2026-02-23 22:36:00,2026-02-23 23:12:00,CANCELLED,195.63,COD
5409,4162,68,,2026-02-23 10:09:00,2026-02-23 10:36:00,COMPLETED,721.21,COD
5410,4074,11,,2026-02-23 15:00:00,2026-02-23 15:31:00,CANCELLED,684.27,COD
5411,1258,82,,2026-02-23 16:12:00,2026-02-23 16:49:00,COMPLETED,688.51,COD
5412,2072,98,,2026-02-23 11:14:00,2026-02-23 11:52:00,COMPLETED,598.68,UPI
5413,2734,65,,2026-02-23 18:22:00,2026-02-23 18:54:00,COMPLETED,355.96,CARD
5414,1270,53,,2026-02-23 18:24:00,2026-02-23 19:07:00,CANCELLED,432.45,COD
5415,1603,29,,2026-02-23 22:16:00,2026-02-23 22:48:00,COMPLETED,613.46,CARD
5416,2406,18,,2026-02-23 11:53:00,2026-02-23 12:23:00,COMPLETED,725.58,CARD
5417,4297,59,,2026-02-23 21:44:00,2026-02-23 22:21:00,COMPLETED,263.62,CARD
5418,3388,34,,2026-02-23 12:06:00,2026-02-23 12:45:00,CANCELLED,699.68,COD
5419,1757,117,,2026-02-23 11:10:00,2026-02-23 11:45:00,CANCELLED,645.05,UPI
5420,2140,98,,2026-02-23 13:08:00,2026-02-23 13:49:00,COMPLETED,670.93,CARD
5421,4140,91,,2026-02-23 18:44:00,2026-02-23 19:22:00,CANCELLED,479.74,COD
5422,4207,29,,2026-02-23 09:16:00,2026-02-23 09:50:00,COMPLETED,180.12,UPI
5423,3898,67,,2026-02-23 08:24:00,2026-02-23 09:08:00,COMPLETED,358.31,UPI
5424,4444,43,,2026-02-23 16:10:00,2026-02-23 16:37:00,CANCELLED,606.61,CARD
5425,4157,82,,2026-02-23 19:31:00,2026-02-23 19:57:00,CANCELLED,604.09,COD
5426,3173,62,,2026-02-23 21:18:00,2026-02-23 21:58:00,COMPLETED,261.62,UPI
5427,3818,20,,2026-02-23 17:50:00,2026-02-23 18:18:00,COMPLETED,613.61,UPI
5428,2916,22,,2026-02-23 14:39:00,2026-02-23 15:11:00,COMPLETED,418.1,CARD
5429,3968,3,,2026-02-23 14:46:00,2026-02-23 15:23:00,COMPLETED,244.74,UPI
5430,1296,69,,2026-02-23 16:40:00,2026-02-23 17:14:00,COMPLETED,263.89,UPI
5431,3414,73,,2026-02-23 13:52:00,2026-02-23 14:36:00,CANCELLED,454.46,COD
5432,4973,118,,2026-02-23 20:18:00,2026-02-23 20:57:00,COMPLETED,541.07,UPI
5433,2293,98,,2026-02-23 16:20:00,2026-02-23 17:03:00,CANCELLED,193.84,CARD
5434,2043,93,,2026-02-23 21:55:00,2026-02-23 22:24:00,CANCELLED,325.13,COD
5435,2963,87,,2026-02-23 09:15:00,2026-02-23 09:42:00,COMPLETED,791.97,UPI
5436,3910,68,,2026-02-23 08:12:00,2026-02-23 08:43:00,CANCELLED,246.47,UPI
5437,2896,111,,2026-02-23 14:42:00,2026-02-23 15:27:00,CANCELLED,217.65,COD
5438,2194,94,,2026-02-23 14:13:00,2026-02-23 14:55:00,COMPLETED,283.44,COD
5439,3224,6,,2026-02-23 21:35:00,2026-02-23 22:00:00,CANCELLED,408.65,COD
5440,3864,19,,2026-02-23 08:32:00,2026-02-23 09:13:00,COMPLETED,558.38,CARD
5441,3094,60,,2026-02-23 17:32:00,2026-02-23 18:01:00,COMPLETED,775.01,COD
5442,1161,114,,2026-02-23 21:38:00,2026-02-23 22:06:00,CANCELLED,593.92,CARD
5443,1340,22,,2026-02-23 16:57:00,2026-02-23 17:28:00,CANCELLED,299.19,UPI
5444,3231,45,,2026-02-23 14:01:00,2026-02-23 14:35:00,COMPLETED,269.53,UPI
5445,3527,58,,2026-02-24 08:06:00,2026-02-24 08:33:00,COMPLETED,507.77,COD
5446,2037,107,,2026-02-24 17:17:00,2026-02-24 17:57:00,COMPLETED,433.95,CARD
5447,3511,90,,2026-02-24 10:44:00,2026-02-24 11:24:00,CANCELLED,645.32,COD
5448,2336,9,,2026-02-24 18:44:00,2026-02-24 19:21:00,COMPLETED,556.06,CARD
5449,2359,12,,2026-02-24 13:35:00,2026-02-24 14:11:00,COMPLETED,161.91,UPI
5450,3102,15,,2026-02-24 09:22:00,2026-02-24 09:48:00,CANCELLED,597.61,UPI
5451,1527,55,,2026-02-24 20:07:00,2026-02-24 20:36:00,COMPLETED,285.19,COD
5452,2713,2,,2026-02-24 08:13:00,2026-02-24 08:44:00,CANCELLED,237.52,COD
5453,1628,96,,2026-02-24 13:29:00,2026-02-24 13:55:00,COMPLETED,151.83,COD
5454,3796,19,,2026-02-24 19:25:00,2026-02-24 19:58:00,CANCELLED,278.37,UPI
5455,3352,15,,2026-02-24 13:38:00,2026-02-24 14:09:00,CANCELLED,648.89,COD
5456,1123,111,,2026-02-24 22:29:00,2026-02-24 23:11:00,COMPLETED,716.28,CARD
5457,1507,55,,2026-02-24 14:45:00,2026-02-24 15:17:00,CANCELLED,547.94,CARD
5458,1037,32,,2026-02-24 16:02:00,2026-02-24 16:36:00,COMPLETED,707.78,UPI
5459,4726,33,,2026-02-24 14:22:00,2026-02-24 14:55:00,COMPLETED,762.86,UPI
5460,2601,34,,2026-02-24 09:41:00,2026-02-24 10:19:00,CANCELLED,152.78,CARD
5461,2188,101,,2026-02-24 17:19:00,2026-02-24 17:53:00,CANCELLED,509.01,COD
5462,1389,63,,2026-02-24 13:37:00,2026-02-24 14:22:00,CANCELLED,344.56,CARD
5463,3112,1,,2026-02-24 15:02:00,2026-02-24 15:32:00,COMPLETED,342.22,COD
5464,2301,105,,2026-02-24 14:07:00,2026-02-24 14:32:00,COMPLETED,575.23,UPI
5465,3888,54,,2026-02-24 18:30:00,2026-02-24 19:13:00,COMPLETED,625.03,COD
5466,4426,21,,2026-02-24 10:05:00,2026-02-24 10:40:00,CANCELLED,392.11,CARD
5467,1545,85,,2026-02-24 12:10:00,2026-02-24 12:40:00,COMPLETED,360.85,CARD
5468,3653,57,,2026-02-24 11:17:00,2026-02-24 11:56:00,CANCELLED,302.76,UPI
5469,4910,90,,2026-02-24 20:37:00,2026-02-24 21:03:00,CANCELLED,473.01,UPI
5470,4056,112,,2026-02-24 10:58:00,2026-02-24 11:33:00,COMPLETED,537.28,COD
5471,1356,15,,2026-02-24 21:10:00,2026-02-24 21:38:00,CANCELLED,654.59,UPI
5472,3809,56,,2026-02-24 13:27:00,2026-02-24 14:08:00,COMPLETED,450.95,CARD
5473,3204,23,,2026-02-24 17:16:00,2026-02-24 17:58:00,CANCELLED,176.24,COD
5474,3177,76,,2026-02-24 15:35:00,2026-02-24 16:08:00,COMPLETED,780.09,COD
5475,4286,116,,2026-02-24 12:20:00,2026-02-24 12:56:00,COMPLETED,609.35,CARD
5476,4427,70,,2026-02-24 16:02:00,2026-02-24 16:30:00,CANCELLED,193.81,UPI
5477,1729,78,,2026-02-24 22:06:00,2026-02-24 22:35:00,COMPLETED,389.18,CARD
5478,3706,94,,2026-02-24 13:36:00,2026-02-24 14:10:00,CANCELLED,537.57,COD
5479,4016,102,,2026-02-24 08:46:00,2026-02-24 09:21:00,CANCELLED,516.3,UPI
5480,3031,77,,2026-02-24 13:28:00,2026-02-24 14:07:00,COMPLETED,219.53,COD
5481,3426,103,,2026-02-24 21:24:00,2026-02-24 22:03:00,COMPLETED,161.91,UPI
5482,2915,53,,2026-02-24 20:56:00,2026-02-24 21:31:00,COMPLETED,437.4,UPI
5483,1359,50,,2026-02-24 13:32:00,2026-02-24 14:00:00,COMPLETED,507.17,UPI
5484,2903,117,,2026-02-24 17:03:00,2026-02-24 17:46:00,COMPLETED,668.69,COD
5485,3700,119,,2026-02-24 22:59:00,2026-02-24 23:35:00,COMPLETED,268.0,COD
5486,3905,67,,2026-02-24 11:26:00,2026-02-24 12:03:00,CANCELLED,189.51,CARD
5487,2878,56,,2026-02-24 11:20:00,2026-02-24 11:53:00,COMPLETED,234.44,CARD
5488,4637,67,,2026-02-24 18:50:00,2026-02-24 19:33:00,COMPLETED,154.57,UPI
5489,4696,14,,2026-02-24 12:47:00,2026-02-24 13:24:00,COMPLETED,636.01,CARD
5490,3475,97,,2026-02-24 22:17:00,2026-02-24 23:00:00,CANCELLED,525.26,CARD
5491,1430,82,,2026-02-24 10:09:00,2026-02-24 10:48:00,CANCELLED,602.36,COD
5492,1865,67,,2026-02-24 21:21:00,2026-02-24 21:53:00,CANCELLED,636.31,CARD
5493,4614,107,,2026-02-24 19:32:00,2026-02-24 20:08:00,COMPLETED,483.69,CARD
5494,4525,79,,2026-02-24 18:58:00,2026-02-24 19:40:00,CANCELLED,483.14,COD
5495,4178,31,,2026-02-24 17:19:00,2026-02-24 17:52:00,CANCELLED,407.35,COD
5496,1035,83,,2026-02-24 08:52:00,2026-02-24 09:35:00,COMPLETED,455.67,UPI
5497,3520,75,,2026-02-24 18:01:00,2026-02-24 18:35:00,CANCELLED,658.19,UPI
5498,3701,33,,2026-02-24 15:53:00,2026-02-24 16:38:00,CANCELLED,330.12,COD
5499,3381,116,,2026-02-24 15:42:00,2026-02-24 16:19:00,COMPLETED,633.48,COD
5500,4158,119,,2026-02-24 14:34:00,2026-02-24 15:19:00,CANCELLED,335.13,COD
5501,4401,46,,2026-02-24 13:04:00,2026-02-24 13:43:00,COMPLETED,598.09,COD
5502,2021,44,,2026-02-24 21:39:00,2026-02-24 22:12:00,COMPLETED,748.59,CARD
5503,3608,91,,2026-02-24 13:37:00,2026-02-24 14:22:00,COMPLETED,450.34,CARD
5504,4957,55,,2026-02-24 20:00:00,2026-02-24 20:43:00,CANCELLED,479.08,UPI
5505,4097,29,,2026-02-24 15:41:00,2026-02-24 16:22:00,CANCELLED,364.41,CARD
5506,1295,49,,2026-02-24 21:36:00,2026-02-24 22:18:00,CANCELLED,492.06,COD
5507,3002,108,,2026-02-24 13:13:00,2026-02-24 13:39:00,COMPLETED,186.91,UPI
5508,4302,88,,2026-02-24 19:07:00,2026-02-24 19:35:00,CANCELLED,452.7,UPI
5509,4522,25,,2026-02-24 09:36:00,2026-02-24 10:21:00,CANCELLED,577.43,CARD
5510,3014,66,,2026-02-24 18:41:00,2026-02-24 19:06:00,COMPLETED,402.14,COD
5511,1808,92,,2026-02-24 10:32:00,2026-02-24 11:03:00,CANCELLED,333.64,COD
5512,3382,76,,2026-02-24 11:13:00,2026-02-24 11:51:00,CANCELLED,234.43,CARD
5513,3982,24,,2026-02-24 13:41:00,2026-02-24 14:07:00,COMPLETED,206.55,COD
5514,2290,26,,2026-02-24 22:01:00,2026-02-24 22:38:00,COMPLETED,448.09,UPI
5515,4313,16,,2026-02-24 19:51:00,2026-02-24 20:26:00,CANCELLED,554.99,COD
5516,3826,7,,2026-02-24 12:28:00,2026-02-24 13:12:00,COMPLETED,240.78,COD
5517,2974,63,,2026-02-24 12:11:00,2026-02-24 12:44:00,COMPLETED,339.81,CARD
5518,3396,32,,2026-02-24 13:37:00,2026-02-24 14:03:00,CANCELLED,354.08,UPI
5519,1171,117,,2026-02-24 19:51:00,2026-02-24 20:30:00,COMPLETED,173.89,UPI
5520,2030,10,,2026-02-24 09:56:00,2026-02-24 10:36:00,COMPLETED,421.76,UPI
5521,3308,36,,2026-02-24 12:31:00,2026-02-24 13:07:00,CANCELLED,669.48,COD
5522,1441,71,,2026-02-24 21:04:00,2026-02-24 21:34:00,COMPLETED,752.66,CARD
5523,1604,62,,2026-02-24 09:35:00,2026-02-24 10:20:00,COMPLETED,697.78,UPI
5524,4010,52,,2026-02-24 08:30:00,2026-02-24 09:09:00,COMPLETED,738.98,COD
5525,4712,70,,2026-02-24 22:50:00,2026-02-24 23:19:00,COMPLETED,576.54,CARD
5526,2581,38,,2026-02-24 08:27:00,2026-02-24 09:03:00,CANCELLED,422.51,CARD
5527,3749,1,,2026-02-24 14:01:00,2026-02-24 14:33:00,CANCELLED,391.14,UPI
5528,3378,43,,2026-02-24 21:50:00,2026-02-24 22:25:00,COMPLETED,231.95,UPI
5529,2755,1,,2026-02-24 11:37:00,2026-02-24 12:12:00,CANCELLED,473.97,CARD
5530,4780,102,,2026-02-24 18:20:00,2026-02-24 18:54:00,COMPLETED,300.86,COD
5531,4513,25,,2026-02-24 16:19:00,2026-02-24 16:57:00,COMPLETED,320.85,UPI
5532,3128,23,,2026-02-24 08:36:00,2026-02-24 09:01:00,COMPLETED,410.2,UPI
5533,4883,55,,2026-02-24 20:18:00,2026-02-24 20:47:00,COMPLETED,269.43,CARD
5534,1254,73,,2026-02-24 11:08:00,2026-02-24 11:37:00,CANCELLED,393.44,UPI
5535,2640,14,,2026-02-24 19:32:00,2026-02-24 19:57:00,CANCELLED,652.62,COD
5536,4844,118,,2026-02-24 15:22:00,2026-02-24 16:07:00,CANCELLED,165.44,CARD
5537,3777,14,,2026-02-24 09:08:00,2026-02-24 09:43:00,COMPLETED,175.14,COD
5538,2035,40,,2026-02-24 17:58:00,2026-02-24 18:29:00,COMPLETED,447.11,CARD
5539,4737,15,,2026-02-24 16:07:00,2026-02-24 16:37:00,CANCELLED,268.51,COD
5540,1793,88,,2026-02-24 17:24:00,2026-02-24 18:09:00,COMPLETED,640.69,COD
5541,4502,108,,2026-02-24 18:02:00,2026-02-24 18:47:00,COMPLETED,631.41,COD
5542,4207,84,,2026-02-24 17:51:00,2026-02-24 18:28:00,COMPLETED,223.11,UPI
5543,2967,11,,2026-02-24 11:49:00,2026-02-24 12:14:00,COMPLETED,262.67,UPI
5544,4677,72,,2026-02-24 08:43:00,2026-02-24 09:09:00,COMPLETED,724.9,CARD
5545,2897,57,,2026-02-24 11:58:00,2026-02-24 12:43:00,CANCELLED,268.19,COD
5546,3541,72,,2026-02-24 13:23:00,2026-02-24 13:57:00,CANCELLED,469.15,CARD
5547,4232,22,,2026-02-24 17:08:00,2026-02-24 17:47:00,COMPLETED,190.39,COD
5548,3838,85,,2026-02-24 10:34:00,2026-02-24 11:04:00,COMPLETED,773.99,COD
5549,3266,7,,2026-02-24 15:11:00,2026-02-24 15:54:00,CANCELLED,318.15,CARD
5550,3061,75,,2026-02-24 15:09:00,2026-02-24 15:45:00,CANCELLED,239.28,UPI
5551,1053,109,,2026-02-24 16:22:00,2026-02-24 17:00:00,CANCELLED,682.01,COD
5552,4629,107,,2026-02-24 19:02:00,2026-02-24 19:40:00,CANCELLED,435.97,CARD
5553,4755,105,,2026-02-24 18:42:00,2026-02-24 19:15:00,CANCELLED,264.97,UPI
5554,3253,60,,2026-02-24 11:42:00,2026-02-24 12:21:00,CANCELLED,455.03,CARD
5555,1057,57,,2026-02-24 17:09:00,2026-02-24 17:42:00,COMPLETED,676.8,CARD
5556,2706,41,,2026-02-24 18:20:00,2026-02-24 18:53:00,CANCELLED,454.27,COD
5557,1582,116,,2026-02-24 15:24:00,2026-02-24 15:51:00,CANCELLED,769.77,COD
5558,1635,52,,2026-02-24 17:18:00,2026-02-24 17:52:00,COMPLETED,667.12,COD
5559,4660,52,,2026-02-24 16:44:00,2026-02-24 17:13:00,COMPLETED,609.84,UPI
5560,2792,4,,2026-02-24 12:23:00,2026-02-24 12:51:00,COMPLETED,372.04,UPI
5561,3113,55,,2026-02-24 09:16:00,2026-02-24 10:01:00,COMPLETED,367.55,CARD
5562,3223,66,,2026-02-24 20:14:00,2026-02-24 20:51:00,COMPLETED,666.68,COD
5563,2644,49,,2026-02-24 19:46:00,2026-02-24 20:31:00,CANCELLED,799.65,CARD
5564,3604,9,,2026-02-24 22:18:00,2026-02-24 22:54:00,COMPLETED,453.04,CARD
5565,4604,23,,2026-02-24 11:15:00,2026-02-24 11:43:00,CANCELLED,236.8,CARD
5566,2528,87,,2026-02-24 14:09:00,2026-02-24 14:41:00,CANCELLED,204.08,UPI
5567,1347,74,,2026-02-24 21:30:00,2026-02-24 21:55:00,COMPLETED,785.12,CARD
5568,3278,3,,2026-02-24 19:37:00,2026-02-24 20:10:00,CANCELLED,151.8,CARD
5569,1004,89,,2026-02-24 10:01:00,2026-02-24 10:41:00,CANCELLED,465.83,COD
5570,1161,62,,2026-02-24 14:15:00,2026-02-24 14:45:00,CANCELLED,571.76,CARD
5571,4387,37,,2026-02-24 08:56:00,2026-02-24 09:36:00,COMPLETED,335.24,COD
5572,3371,48,,2026-02-24 15:14:00,2026-02-24 15:56:00,CANCELLED,538.12,UPI
5573,3654,117,,2026-02-24 19:56:00,2026-02-24 20:25:00,CANCELLED,417.98,CARD
5574,4991,9,,2026-02-24 08:54:00,2026-02-24 09:29:00,COMPLETED,172.74,CARD
5575,3770,61,,2026-02-24 08:00:00,2026-02-24 08:26:00,COMPLETED,679.91,UPI
5576,1115,93,,2026-02-24 17:28:00,2026-02-24 18:04:00,COMPLETED,157.68,COD
5577,3724,37,,2026-02-24 10:32:00,2026-02-24 11:08:00,CANCELLED,256.26,CARD
5578,1719,5,,2026-02-24 11:55:00,2026-02-24 12:39:00,COMPLETED,157.77,CARD
5579,4691,114,,2026-02-24 10:56:00,2026-02-24 11:40:00,CANCELLED,386.91,CARD
5580,2938,35,,2026-02-24 21:29:00,2026-02-24 22:13:00,CANCELLED,588.39,CARD
5581,3621,30,,2026-02-24 19:19:00,2026-02-24 19:54:00,CANCELLED,358.84,CARD
5582,2042,107,,2026-02-25 20:46:00,2026-02-25 21:20:00,COMPLETED,375.26,UPI
5583,4127,95,,2026-02-25 19:19:00,2026-02-25 20:03:00,CANCELLED,584.82,COD
5584,1341,52,,2026-02-25 08:57:00,2026-02-25 09:31:00,CANCELLED,223.45,CARD
5585,2194,6,,2026-02-25 11:36:00,2026-02-25 12:15:00,CANCELLED,210.4,COD
5586,4839,100,,2026-02-25 12:04:00,2026-02-25 12:43:00,COMPLETED,714.46,UPI
5587,4037,74,,2026-02-25 21:35:00,2026-02-25 22:12:00,CANCELLED,396.56,COD
5588,4142,118,,2026-02-25 20:41:00,2026-02-25 21:18:00,COMPLETED,694.36,UPI
5589,4140,12,,2026-02-25 13:51:00,2026-02-25 14:31:00,CANCELLED,345.77,CARD
5590,3133,39,,2026-02-25 08:47:00,2026-02-25 09:23:00,CANCELLED,485.54,COD
5591,3409,79,,2026-02-25 12:41:00,2026-02-25 13:14:00,COMPLETED,485.08,COD
5592,3061,52,,2026-02-25 21:59:00,2026-02-25 22:34:00,COMPLETED,334.11,COD
5593,2819,33,,2026-02-25 19:30:00,2026-02-25 20:06:00,CANCELLED,364.96,CARD
5594,3284,56,,2026-02-25 18:32:00,2026-02-25 19:15:00,COMPLETED,268.73,UPI
5595,2299,19,,2026-02-25 21:03:00,2026-02-25 21:35:00,CANCELLED,628.81,COD
5596,1370,89,,2026-02-25 09:39:00,2026-02-25 10:07:00,COMPLETED,742.18,CARD
5597,4941,69,,2026-02-25 14:20:00,2026-02-25 14:47:00,CANCELLED,416.73,UPI
5598,3268,86,,2026-02-25 16:43:00,2026-02-25 17:27:00,CANCELLED,537.7,COD
5599,2462,106,,2026-02-25 09:18:00,2026-02-25 09:50:00,CANCELLED,226.56,CARD
5600,4353,85,,2026-02-25 11:34:00,2026-02-25 12:00:00,CANCELLED,620.09,COD
5601,3839,120,,2026-02-25 19:06:00,2026-02-25 19:39:00,COMPLETED,720.43,COD
5602,3689,110,,2026-02-25 10:39:00,2026-02-25 11:08:00,CANCELLED,322.05,UPI
5603,3714,120,,2026-02-25 18:30:00,2026-02-25 19:10:00,COMPLETED,155.62,UPI
5604,4384,21,,2026-02-25 13:03:00,2026-02-25 13:45:00,CANCELLED,748.9,CARD
5605,3941,79,,2026-02-25 22:45:00,2026-02-25 23:13:00,COMPLETED,779.45,UPI
5606,3493,94,,2026-02-25 16:01:00,2026-02-25 16:34:00,CANCELLED,440.46,UPI
5607,1714,75,,2026-02-25 08:05:00,2026-02-25 08:39:00,COMPLETED,758.06,COD
5608,4763,33,,2026-02-25 16:13:00,2026-02-25 16:55:00,CANCELLED,791.33,COD
5609,2760,11,,2026-02-25 09:22:00,2026-02-25 09:55:00,CANCELLED,269.05,UPI
5610,4312,35,,2026-02-25 17:08:00,2026-02-25 17:34:00,CANCELLED,670.4,CARD
5611,2735,58,,2026-02-25 22:12:00,2026-02-25 22:42:00,CANCELLED,552.79,CARD
5612,3534,59,,2026-02-25 16:50:00,2026-02-25 17:35:00,CANCELLED,761.46,UPI
5613,2349,66,,2026-02-25 13:00:00,2026-02-25 13:33:00,CANCELLED,724.26,UPI
5614,2137,1,,2026-02-25 09:10:00,2026-02-25 09:42:00,COMPLETED,746.74,COD
5615,3834,28,,2026-02-25 20:19:00,2026-02-25 21:02:00,CANCELLED,796.57,COD
5616,4942,78,,2026-02-25 19:47:00,2026-02-25 20:22:00,CANCELLED,268.3,UPI
5617,3860,75,,2026-02-25 13:40:00,2026-02-25 14:07:00,COMPLETED,313.26,COD
5618,1111,15,,2026-02-25 16:48:00,2026-02-25 17:32:00,COMPLETED,696.19,CARD
5619,2960,78,,2026-02-25 12:53:00,2026-02-25 13:27:00,COMPLETED,424.26,CARD
5620,1486,118,,2026-02-25 13:57:00,2026-02-25 14:35:00,COMPLETED,787.77,UPI
5621,1557,91,,2026-02-25 17:27:00,2026-02-25 18:04:00,COMPLETED,605.8,COD
5622,4957,104,,2026-02-25 22:48:00,2026-02-25 23:14:00,CANCELLED,168.34,UPI
5623,2033,67,,2026-02-25 13:43:00,2026-02-25 14:27:00,COMPLETED,713.15,COD
5624,1143,17,,2026-02-25 09:44:00,2026-02-25 10:21:00,COMPLETED,442.18,UPI
5625,1216,28,,2026-02-25 12:07:00,2026-02-25 12:39:00,CANCELLED,774.14,COD
5626,3930,97,,2026-02-25 21:47:00,2026-02-25 22:32:00,CANCELLED,193.81,UPI
5627,1663,37,,2026-02-25 18:50:00,2026-02-25 19:35:00,CANCELLED,446.77,UPI
5628,4529,9,,2026-02-25 15:08:00,2026-02-25 15:39:00,COMPLETED,234.54,COD
5629,3861,2,,2026-02-25 11:34:00,2026-02-25 12:16:00,CANCELLED,503.95,COD
5630,3210,98,,2026-02-25 17:30:00,2026-02-25 18:10:00,COMPLETED,739.01,UPI
5631,3854,113,,2026-02-25 09:19:00,2026-02-25 09:54:00,CANCELLED,375.37,CARD
5632,2643,49,,2026-02-25 13:39:00,2026-02-25 14:20:00,COMPLETED,379.87,UPI
5633,1327,67,,2026-02-25 20:05:00,2026-02-25 20:39:00,COMPLETED,257.41,CARD
5634,1720,44,,2026-02-25 19:36:00,2026-02-25 20:17:00,COMPLETED,199.42,COD
5635,3887,70,,2026-02-25 19:18:00,2026-02-25 19:59:00,CANCELLED,431.31,COD
5636,2116,50,,2026-02-25 13:23:00,2026-02-25 14:07:00,CANCELLED,264.14,CARD
5637,2173,58,,2026-02-25 10:40:00,2026-02-25 11:22:00,COMPLETED,363.42,COD
5638,3743,29,,2026-02-25 12:08:00,2026-02-25 12:35:00,COMPLETED,679.42,CARD
5639,1373,102,,2026-02-25 17:28:00,2026-02-25 18:07:00,COMPLETED,286.25,COD
5640,4553,56,,2026-02-25 08:17:00,2026-02-25 08:48:00,CANCELLED,489.92,UPI
5641,4807,112,,2026-02-25 10:09:00,2026-02-25 10:48:00,CANCELLED,504.34,COD
5642,3877,85,,2026-02-25 15:17:00,2026-02-25 15:59:00,CANCELLED,271.0,COD
5643,4026,49,,2026-02-25 17:01:00,2026-02-25 17:40:00,COMPLETED,619.54,COD
5644,4738,62,,2026-02-25 08:06:00,2026-02-25 08:47:00,CANCELLED,514.67,UPI
5645,4918,96,,2026-02-25 15:28:00,2026-02-25 15:55:00,COMPLETED,414.35,CARD
5646,4374,29,,2026-02-25 17:09:00,2026-02-25 17:41:00,CANCELLED,564.52,UPI
5647,3884,48,,2026-02-25 21:52:00,2026-02-25 22:37:00,CANCELLED,307.77,UPI
5648,4907,84,,2026-02-25 10:57:00,2026-02-25 11:28:00,COMPLETED,708.21,UPI
5649,3923,99,,2026-02-25 16:31:00,2026-02-25 17:16:00,COMPLETED,186.36,UPI
5650,3173,46,,2026-02-25 11:38:00,2026-02-25 12:13:00,CANCELLED,291.91,COD
5651,1903,96,,2026-02-25 21:14:00,2026-02-25 21:53:00,COMPLETED,260.64,UPI
5652,4779,117,,2026-02-25 21:55:00,2026-02-25 22:34:00,COMPLETED,352.91,COD
5653,1171,98,,2026-02-25 21:27:00,2026-02-25 22:00:00,COMPLETED,365.19,UPI
5654,3134,78,,2026-02-25 12:57:00,2026-02-25 13:35:00,COMPLETED,787.72,UPI
5655,1158,38,,2026-02-25 15:49:00,2026-02-25 16:34:00,COMPLETED,217.6,UPI
5656,4497,9,,2026-02-25 17:31:00,2026-02-25 18:13:00,CANCELLED,662.66,UPI
5657,2637,112,,2026-02-25 18:52:00,2026-02-25 19:26:00,CANCELLED,301.35,UPI
5658,2556,78,,2026-02-25 22:21:00,2026-02-25 22:56:00,COMPLETED,343.06,UPI
5659,4056,86,,2026-02-25 16:47:00,2026-02-25 17:20:00,CANCELLED,474.65,COD
5660,3915,23,,2026-02-25 11:32:00,2026-02-25 12:02:00,COMPLETED,777.15,COD
5661,3466,43,,2026-02-25 12:50:00,2026-02-25 13:32:00,CANCELLED,497.53,CARD
5662,1043,85,,2026-02-25 15:28:00,2026-02-25 15:53:00,CANCELLED,729.26,COD
5663,2072,41,,2026-02-25 19:33:00,2026-02-25 20:17:00,CANCELLED,773.28,UPI
5664,2999,53,,2026-02-25 12:41:00,2026-02-25 13:07:00,COMPLETED,563.52,CARD
5665,1242,11,,2026-02-25 13:30:00,2026-02-25 14:01:00,COMPLETED,763.64,COD
5666,3358,66,,2026-02-25 11:50:00,2026-02-25 12:22:00,COMPLETED,600.98,COD
5667,3043,12,,2026-02-25 20:18:00,2026-02-25 20:59:00,CANCELLED,243.46,COD
5668,2737,71,,2026-02-25 12:13:00,2026-02-25 12:49:00,COMPLETED,358.3,CARD
5669,1156,70,,2026-02-25 21:13:00,2026-02-25 21:40:00,COMPLETED,765.32,UPI
5670,1846,59,,2026-02-25 21:58:00,2026-02-25 22:29:00,CANCELLED,694.51,COD
5671,2877,3,,2026-02-25 13:33:00,2026-02-25 14:10:00,COMPLETED,563.33,UPI
5672,3095,99,,2026-02-25 16:22:00,2026-02-25 16:52:00,CANCELLED,196.07,UPI
5673,3490,56,,2026-02-25 14:30:00,2026-02-25 15:06:00,CANCELLED,450.74,CARD
5674,2447,64,,2026-02-25 19:23:00,2026-02-25 19:57:00,CANCELLED,519.42,CARD
5675,4998,48,,2026-02-25 17:43:00,2026-02-25 18:19:00,COMPLETED,729.17,UPI
5676,3819,81,,2026-02-25 19:04:00,2026-02-25 19:36:00,CANCELLED,237.1,CARD
5677,2814,15,,2026-02-25 18:46:00,2026-02-25 19:13:00,CANCELLED,484.06,UPI
5678,1918,80,,2026-02-25 09:16:00,2026-02-25 09:58:00,CANCELLED,762.34,CARD
5679,4027,110,,2026-02-25 13:20:00,2026-02-25 13:49:00,CANCELLED,243.22,COD
5680,3642,65,,2026-02-25 15:44:00,2026-02-25 16:25:00,COMPLETED,653.65,COD
5681,2283,13,,2026-02-25 14:43:00,2026-02-25 15:28:00,COMPLETED,546.67,CARD
5682,2226,107,,2026-02-25 11:09:00,2026-02-25 11:36:00,CANCELLED,469.43,CARD
5683,1610,8,,2026-02-25 13:02:00,2026-02-25 13:37:00,COMPLETED,176.23,CARD
5684,3583,50,,2026-02-25 10:18:00,2026-02-25 10:58:00,CANCELLED,451.1,COD
5685,1579,39,,2026-02-25 16:45:00,2026-02-25 17:27:00,COMPLETED,272.56,CARD
5686,1705,93,,2026-02-25 14:11:00,2026-02-25 14:43:00,COMPLETED,660.75,CARD
5687,1039,95,,2026-02-25 12:51:00,2026-02-25 13:25:00,COMPLETED,528.79,UPI
5688,3637,107,,2026-02-25 11:59:00,2026-02-25 12:33:00,COMPLETED,524.32,COD
5689,4369,71,,2026-02-25 11:00:00,2026-02-25 11:27:00,COMPLETED,385.1,CARD
5690,2958,74,,2026-02-25 10:48:00,2026-02-25 11:24:00,CANCELLED,528.95,COD
5691,2156,119,,2026-02-25 20:04:00,2026-02-25 20:29:00,CANCELLED,545.06,UPI
5692,4278,117,,2026-02-25 09:30:00,2026-02-25 09:59:00,COMPLETED,737.75,UPI
5693,1033,12,,2026-02-25 13:09:00,2026-02-25 13:47:00,COMPLETED,770.63,COD
5694,4035,94,,2026-02-25 11:28:00,2026-02-25 12:02:00,COMPLETED,320.29,CARD
5695,2937,9,,2026-02-25 20:07:00,2026-02-25 20:43:00,COMPLETED,289.32,CARD
5696,3834,23,,2026-02-25 18:38:00,2026-02-25 19:16:00,CANCELLED,427.89,UPI
5697,3021,31,,2026-02-25 09:29:00,2026-02-25 09:59:00,CANCELLED,682.6,COD
5698,1617,4,,2026-02-25 21:06:00,2026-02-25 21:34:00,COMPLETED,552.51,CARD
5699,3058,11,,2026-02-25 20:04:00,2026-02-25 20:35:00,COMPLETED,175.63,UPI
5700,3295,5,,2026-02-25 18:06:00,2026-02-25 18:40:00,COMPLETED,551.74,CARD
5701,3232,83,,2026-02-25 08:51:00,2026-02-25 09:33:00,COMPLETED,525.96,CARD
5702,4315,47,,2026-02-25 15:02:00,2026-02-25 15:36:00,COMPLETED,272.37,CARD
5703,4558,76,,2026-02-25 09:50:00,2026-02-25 10:33:00,COMPLETED,483.54,COD
5704,1787,42,,2026-02-25 19:26:00,2026-02-25 19:57:00,CANCELLED,776.75,CARD
5705,1385,57,,2026-02-25 21:56:00,2026-02-25 22:27:00,COMPLETED,301.78,UPI
5706,2633,63,,2026-02-25 22:43:00,2026-02-25 23:28:00,COMPLETED,794.61,CARD
5707,4732,62,,2026-02-25 19:52:00,2026-02-25 20:19:00,COMPLETED,157.37,CARD
5708,4694,73,,2026-02-25 11:42:00,2026-02-25 12:24:00,COMPLETED,551.95,CARD
5709,2190,5,,2026-02-25 21:32:00,2026-02-25 22:12:00,CANCELLED,678.54,COD
5710,3958,27,,2026-02-25 09:54:00,2026-02-25 10:26:00,COMPLETED,164.9,COD
5711,3426,48,,2026-02-25 12:38:00,2026-02-25 13:11:00,CANCELLED,168.08,UPI
5712,4663,67,,2026-02-25 09:18:00,2026-02-25 09:51:00,CANCELLED,650.47,UPI
5713,2858,45,,2026-02-25 08:59:00,2026-02-25 09:39:00,COMPLETED,382.77,CARD
5714,1926,10,,2026-02-25 15:50:00,2026-02-25 16:19:00,CANCELLED,641.34,COD
5715,1106,107,,2026-02-25 10:00:00,2026-02-25 10:37:00,COMPLETED,580.39,CARD
5716,1380,84,,2026-02-25 16:35:00,2026-02-25 17:02:00,COMPLETED,355.05,CARD
5717,4999,109,,2026-02-25 20:53:00,2026-02-25 21:32:00,COMPLETED,770.17,CARD
5718,4521,99,,2026-02-25 18:26:00,2026-02-25 19:03:00,COMPLETED,189.28,UPI
5719,1093,2,,2026-02-25 22:50:00,2026-02-25 23:29:00,CANCELLED,535.98,UPI
5720,4533,108,,2026-02-25 14:52:00,2026-02-25 15:36:00,CANCELLED,408.19,CARD
5721,4136,32,,2026-02-25 12:11:00,2026-02-25 12:40:00,COMPLETED,598.51,COD
5722,1442,96,,2026-02-25 08:29:00,2026-02-25 09:09:00,CANCELLED,489.89,COD
5723,3375,64,,2026-02-25 21:20:00,2026-02-25 21:45:00,COMPLETED,328.33,COD
5724,1810,32,,2026-02-25 17:32:00,2026-02-25 18:10:00,COMPLETED,290.53,COD
5725,4273,97,,2026-02-25 22:24:00,2026-02-25 22:49:00,CANCELLED,369.47,CARD
5726,2200,37,,2026-02-25 21:16:00,2026-02-25 21:56:00,COMPLETED,554.98,CARD
5727,2917,43,,2026-02-25 10:55:00,2026-02-25 11:27:00,COMPLETED,696.47,UPI
5728,3148,109,,2026-02-25 11:10:00,2026-02-25 11:39:00,CANCELLED,743.67,CARD
5729,3254,44,,2026-02-25 10:24:00,2026-02-25 11:00:00,CANCELLED,381.45,COD
5730,4151,15,,2026-02-25 11:36:00,2026-02-25 12:20:00,CANCELLED,658.12,COD
5731,4530,22,,2026-02-25 13:18:00,2026-02-25 13:59:00,COMPLETED,428.44,CARD
5732,3243,91,,2026-02-25 17:34:00,2026-02-25 18:05:00,CANCELLED,277.04,CARD
5733,1788,19,,2026-02-25 22:21:00,2026-02-25 23:06:00,COMPLETED,495.73,COD
5734,2684,33,,2026-02-25 12:24:00,2026-02-25 12:56:00,CANCELLED,386.66,UPI
5735,4680,103,,2026-02-25 15:03:00,2026-02-25 15:41:00,CANCELLED,486.22,CARD
5736,1402,51,,2026-02-25 16:11:00,2026-02-25 16:44:00,COMPLETED,469.21,COD
5737,2639,30,,2026-02-25 10:13:00,2026-02-25 10:39:00,COMPLETED,447.29,UPI
5738,2811,62,,2026-02-25 10:52:00,2026-02-25 11:35:00,CANCELLED,174.26,UPI
5739,2236,1,,2026-02-25 14:06:00,2026-02-25 14:47:00,COMPLETED,222.09,UPI
5740,2514,57,,2026-02-25 12:19:00,2026-02-25 12:46:00,COMPLETED,503.63,CARD
5741,3879,49,,2026-02-25 13:19:00,2026-02-25 13:50:00,COMPLETED,197.25,CARD
5742,1417,40,,2026-02-25 14:30:00,2026-02-25 14:58:00,CANCELLED,746.33,COD
5743,1311,12,,2026-02-25 22:58:00,2026-02-25 23:35:00,COMPLETED,409.78,CARD
5744,2399,44,,2026-02-25 08:22:00,2026-02-25 08:57:00,CANCELLED,396.4,UPI
5745,4037,51,,2026-02-25 12:24:00,2026-02-25 12:54:00,COMPLETED,396.85,UPI
5746,3047,58,,2026-02-25 22:29:00,2026-02-25 23:01:00,COMPLETED,792.62,COD
5747,4593,103,,2026-02-25 11:23:00,2026-02-25 11:57:00,CANCELLED,560.72,UPI
5748,4471,73,,2026-02-25 12:47:00,2026-02-25 13:22:00,CANCELLED,588.47,UPI
5749,1945,1,,2026-02-25 08:29:00,2026-02-25 08:54:00,COMPLETED,210.27,UPI
5750,1623,64,,2026-02-25 18:58:00,2026-02-25 19:27:00,COMPLETED,771.7,CARD
5751,2931,117,,2026-02-25 14:25:00,2026-02-25 15:08:00,CANCELLED,596.54,CARD
5752,4511,94,,2026-02-25 09:41:00,2026-02-25 10:26:00,CANCELLED,633.43,COD
5753,1949,69,,2026-02-25 14:39:00,2026-02-25 15:20:00,CANCELLED,577.78,COD
5754,4431,87,,2026-02-25 17:54:00,2026-02-25 18:29:00,CANCELLED,163.96,CARD
5755,1120,100,,2026-02-25 11:18:00,2026-02-25 11:51:00,COMPLETED,414.15,UPI
5756,1464,9,,2026-02-25 08:33:00,2026-02-25 09:15:00,COMPLETED,417.71,CARD
5757,4506,115,,2026-02-25 21:29:00,2026-02-25 22:02:00,COMPLETED,306.36,CARD
5758,3301,35,,2026-02-25 18:43:00,2026-02-25 19:16:00,COMPLETED,716.54,UPI
5759,3830,54,,2026-02-26 08:34:00,2026-02-26 08:59:00,COMPLETED,676.81,CARD
5760,2373,113,,2026-02-26 13:38:00,2026-02-26 14:21:00,COMPLETED,348.17,COD
5761,2044,37,,2026-02-26 18:08:00,2026-02-26 18:44:00,CANCELLED,428.04,UPI
5762,4421,11,,2026-02-26 13:00:00,2026-02-26 13:29:00,CANCELLED,697.67,CARD
5763,1534,61,,2026-02-26 14:02:00,2026-02-26 14:40:00,CANCELLED,259.56,COD
5764,2699,120,,2026-02-26 08:12:00,2026-02-26 08:40:00,COMPLETED,571.43,UPI
5765,2253,60,,2026-02-26 11:29:00,2026-02-26 12:02:00,CANCELLED,603.13,UPI
5766,1959,41,,2026-02-26 17:59:00,2026-02-26 18:29:00,COMPLETED,680.47,CARD
5767,1933,106,,2026-02-26 11:37:00,2026-02-26 12:19:00,COMPLETED,424.67,CARD
5768,2992,92,,2026-02-26 16:46:00,2026-02-26 17:30:00,COMPLETED,596.45,CARD
5769,1217,12,,2026-02-26 22:32:00,2026-02-26 22:58:00,CANCELLED,158.29,CARD
5770,3797,92,,2026-02-26 09:45:00,2026-02-26 10:14:00,CANCELLED,563.57,UPI
5771,4899,10,,2026-02-26 15:39:00,2026-02-26 16:16:00,COMPLETED,176.62,UPI
5772,2235,72,,2026-02-26 22:54:00,2026-02-26 23:37:00,CANCELLED,208.41,UPI
5773,3890,115,,2026-02-26 10:57:00,2026-02-26 11:42:00,COMPLETED,353.7,UPI
5774,4224,114,,2026-02-26 21:12:00,2026-02-26 21:41:00,COMPLETED,565.94,UPI
5775,4316,61,,2026-02-26 10:53:00,2026-02-26 11:35:00,CANCELLED,708.64,CARD
5776,3272,16,,2026-02-26 16:23:00,2026-02-26 17:06:00,COMPLETED,181.38,COD
5777,2549,36,,2026-02-26 15:04:00,2026-02-26 15:39:00,CANCELLED,767.88,UPI
5778,2399,67,,2026-02-26 09:38:00,2026-02-26 10:05:00,COMPLETED,724.3,CARD
5779,4544,60,,2026-02-26 09:06:00,2026-02-26 09:47:00,COMPLETED,588.84,CARD
5780,2137,10,,2026-02-26 21:29:00,2026-02-26 22:13:00,COMPLETED,466.97,CARD
5781,2706,16,,2026-02-26 10:03:00,2026-02-26 10:31:00,COMPLETED,345.45,UPI
5782,2563,92,,2026-02-26 12:23:00,2026-02-26 12:56:00,COMPLETED,779.09,CARD
5783,1987,8,,2026-02-26 22:36:00,2026-02-26 23:17:00,CANCELLED,386.11,UPI
5784,4576,118,,2026-02-26 10:56:00,2026-02-26 11:30:00,CANCELLED,288.38,CARD
5785,4757,70,,2026-02-26 21:52:00,2026-02-26 22:33:00,CANCELLED,780.54,COD
5786,3955,86,,2026-02-26 12:06:00,2026-02-26 12:46:00,CANCELLED,780.82,CARD
5787,2877,1,,2026-02-26 19:30:00,2026-02-26 20:10:00,COMPLETED,454.69,CARD
5788,1602,44,,2026-02-26 10:03:00,2026-02-26 10:48:00,COMPLETED,262.18,COD
5789,4075,84,,2026-02-26 10:40:00,2026-02-26 11:07:00,COMPLETED,507.89,COD
5790,2663,62,,2026-02-26 20:53:00,2026-02-26 21:23:00,COMPLETED,549.43,CARD
5791,3981,3,,2026-02-26 14:55:00,2026-02-26 15:33:00,COMPLETED,501.74,UPI
5792,3249,28,,2026-02-26 20:16:00,2026-02-26 20:47:00,CANCELLED,448.59,UPI
5793,4104,106,,2026-02-26 13:14:00,2026-02-26 13:51:00,COMPLETED,783.81,CARD
5794,1773,88,,2026-02-26 08:01:00,2026-02-26 08:26:00,CANCELLED,156.26,CARD
5795,2830,6,,2026-02-26 18:07:00,2026-02-26 18:32:00,COMPLETED,466.82,COD
5796,3097,97,,2026-02-26 17:00:00,2026-02-26 17:45:00,CANCELLED,747.38,CARD
5797,4077,104,,2026-02-26 21:02:00,2026-02-26 21:40:00,COMPLETED,256.74,UPI
5798,3337,114,,2026-02-26 21:39:00,2026-02-26 22:05:00,COMPLETED,327.43,UPI
5799,3754,89,,2026-02-26 18:08:00,2026-02-26 18:37:00,CANCELLED,469.61,UPI
5800,4543,53,,2026-02-26 17:13:00,2026-02-26 17:52:00,COMPLETED,550.2,UPI
5801,4270,37,,2026-02-26 09:00:00,2026-02-26 09:40:00,CANCELLED,677.85,UPI
5802,1545,55,,2026-02-26 13:24:00,2026-02-26 14:03:00,CANCELLED,406.86,CARD
5803,4167,77,,2026-02-26 12:42:00,2026-02-26 13:09:00,COMPLETED,476.39,UPI
5804,3041,62,,2026-02-26 18:00:00,2026-02-26 18:33:00,CANCELLED,152.27,COD
5805,2367,98,,2026-02-26 11:18:00,2026-02-26 11:52:00,COMPLETED,640.62,COD
5806,4993,23,,2026-02-26 11:10:00,2026-02-26 11:48:00,CANCELLED,547.45,COD
5807,1512,109,,2026-02-26 08:59:00,2026-02-26 09:30:00,CANCELLED,581.15,UPI
5808,4903,119,,2026-02-26 13:53:00,2026-02-26 14:23:00,CANCELLED,769.09,COD
5809,3505,117,,2026-02-26 12:07:00,2026-02-26 12:32:00,COMPLETED,799.41,UPI
5810,4176,98,,2026-02-26 20:51:00,2026-02-26 21:24:00,COMPLETED,626.09,COD
5811,2772,66,,2026-02-26 13:43:00,2026-02-26 14:10:00,CANCELLED,245.31,COD
5812,2637,96,,2026-02-26 12:38:00,2026-02-26 13:17:00,CANCELLED,389.26,COD
5813,1819,62,,2026-02-26 13:50:00,2026-02-26 14:32:00,COMPLETED,190.2,UPI
5814,2636,93,,2026-02-26 22:20:00,2026-02-26 22:51:00,CANCELLED,540.31,COD
5815,3017,56,,2026-02-26 11:18:00,2026-02-26 11:47:00,COMPLETED,291.11,UPI
5816,3182,46,,2026-02-26 10:12:00,2026-02-26 10:41:00,CANCELLED,253.57,CARD
5817,1572,115,,2026-02-26 11:56:00,2026-02-26 12:35:00,COMPLETED,473.24,COD
5818,4075,75,,2026-02-26 11:10:00,2026-02-26 11:45:00,COMPLETED,216.3,COD
5819,3938,61,,2026-02-26 21:49:00,2026-02-26 22:21:00,COMPLETED,154.49,CARD
5820,1583,84,,2026-02-26 17:58:00,2026-02-26 18:32:00,COMPLETED,313.14,COD
5821,1045,35,,2026-02-26 11:29:00,2026-02-26 12:08:00,COMPLETED,274.21,COD
5822,3589,81,,2026-02-26 19:39:00,2026-02-26 20:07:00,COMPLETED,496.69,UPI
5823,4137,11,,2026-02-26 14:48:00,2026-02-26 15:33:00,COMPLETED,384.03,UPI
5824,4776,2,,2026-02-26 17:20:00,2026-02-26 18:05:00,CANCELLED,452.08,UPI
5825,3145,103,,2026-02-26 09:43:00,2026-02-26 10:26:00,CANCELLED,639.28,CARD
5826,2955,54,,2026-02-26 19:33:00,2026-02-26 20:01:00,CANCELLED,501.23,CARD
5827,2211,48,,2026-02-26 18:42:00,2026-02-26 19:19:00,CANCELLED,349.66,CARD
5828,1392,48,,2026-02-26 22:11:00,2026-02-26 22:40:00,CANCELLED,582.7,CARD
5829,2898,80,,2026-02-26 21:30:00,2026-02-26 22:02:00,COMPLETED,432.8,COD
5830,3921,19,,2026-02-26 13:30:00,2026-02-26 14:01:00,CANCELLED,278.84,CARD
5831,3168,47,,2026-02-26 15:18:00,2026-02-26 15:59:00,COMPLETED,321.0,COD
5832,1874,82,,2026-02-26 16:58:00,2026-02-26 17:40:00,COMPLETED,293.62,UPI
5833,2919,117,,2026-02-26 18:28:00,2026-02-26 19:12:00,COMPLETED,590.52,COD
5834,1093,31,,2026-02-26 19:50:00,2026-02-26 20:26:00,COMPLETED,211.49,CARD
5835,4376,87,,2026-02-26 14:23:00,2026-02-26 15:06:00,CANCELLED,776.57,UPI
5836,3789,88,,2026-02-26 21:18:00,2026-02-26 21:45:00,COMPLETED,233.05,COD
5837,2779,113,,2026-02-26 14:45:00,2026-02-26 15:23:00,CANCELLED,564.63,COD
5838,2874,29,,2026-02-26 14:52:00,2026-02-26 15:37:00,CANCELLED,471.24,UPI
5839,4394,73,,2026-02-26 09:35:00,2026-02-26 10:09:00,CANCELLED,310.3,CARD
5840,3966,79,,2026-02-26 17:57:00,2026-02-26 18:33:00,COMPLETED,728.88,COD
5841,2371,24,,2026-02-26 11:56:00,2026-02-26 12:37:00,CANCELLED,245.31,UPI
5842,1625,14,,2026-02-26 14:30:00,2026-02-26 15:00:00,CANCELLED,379.11,UPI
5843,2208,27,,2026-02-26 12:07:00,2026-02-26 12:46:00,CANCELLED,298.1,CARD
5844,2379,118,,2026-02-26 12:23:00,2026-02-26 13:07:00,CANCELLED,154.69,CARD
5845,2312,101,,2026-02-26 17:36:00,2026-02-26 18:12:00,CANCELLED,419.59,UPI
5846,2507,26,,2026-02-26 21:17:00,2026-02-26 22:02:00,COMPLETED,455.45,CARD
5847,1128,7,,2026-02-26 16:22:00,2026-02-26 16:53:00,COMPLETED,629.92,COD
5848,4015,104,,2026-02-26 08:16:00,2026-02-26 08:45:00,CANCELLED,761.01,UPI
5849,1907,88,,2026-02-26 19:27:00,2026-02-26 20:04:00,COMPLETED,378.1,UPI
5850,1839,93,,2026-02-26 19:12:00,2026-02-26 19:51:00,COMPLETED,260.51,CARD
5851,4760,65,,2026-02-26 11:29:00,2026-02-26 12:03:00,CANCELLED,324.14,COD
5852,2745,86,,2026-02-26 18:12:00,2026-02-26 18:39:00,CANCELLED,153.31,COD
5853,1136,78,,2026-02-26 17:54:00,2026-02-26 18:22:00,COMPLETED,346.54,CARD
5854,3949,94,,2026-02-26 15:21:00,2026-02-26 15:58:00,COMPLETED,636.06,COD
5855,2693,40,,2026-02-26 22:39:00,2026-02-26 23:08:00,CANCELLED,750.58,UPI
5856,4631,74,,2026-02-26 21:12:00,2026-02-26 21:54:00,COMPLETED,581.91,CARD
5857,2487,81,,2026-02-26 14:05:00,2026-02-26 14:49:00,CANCELLED,209.39,UPI
5858,4223,105,,2026-02-26 21:34:00,2026-02-26 22:00:00,COMPLETED,539.66,UPI
5859,2198,118,,2026-02-26 09:39:00,2026-02-26 10:17:00,CANCELLED,565.03,CARD
5860,2169,45,,2026-02-26 09:50:00,2026-02-26 10:15:00,CANCELLED,679.5,CARD
5861,2783,74,,2026-02-26 12:38:00,2026-02-26 13:16:00,CANCELLED,315.71,UPI
5862,3820,30,,2026-02-26 21:31:00,2026-02-26 22:02:00,CANCELLED,649.27,COD
5863,1535,65,,2026-02-26 20:42:00,2026-02-26 21:17:00,COMPLETED,578.47,UPI
5864,4761,12,,2026-02-26 15:27:00,2026-02-26 16:03:00,COMPLETED,437.63,UPI
5865,2812,12,,2026-02-26 20:37:00,2026-02-26 21:16:00,COMPLETED,784.83,UPI
5866,2453,6,,2026-02-26 12:11:00,2026-02-26 12:44:00,CANCELLED,480.27,CARD
5867,1166,51,,2026-02-26 11:39:00,2026-02-26 12:20:00,COMPLETED,635.49,COD
5868,1184,66,,2026-02-26 10:33:00,2026-02-26 11:05:00,CANCELLED,332.27,CARD
5869,2086,120,,2026-02-26 18:55:00,2026-02-26 19:25:00,COMPLETED,343.81,COD
5870,3164,52,,2026-02-26 14:06:00,2026-02-26 14:39:00,CANCELLED,264.92,COD
5871,3809,46,,2026-02-26 11:11:00,2026-02-26 11:39:00,CANCELLED,170.93,COD
5872,1260,1,,2026-02-26 16:36:00,2026-02-26 17:15:00,COMPLETED,286.23,UPI
5873,2190,49,,2026-02-26 15:09:00,2026-02-26 15:53:00,CANCELLED,150.45,UPI
5874,1868,62,,2026-02-26 18:01:00,2026-02-26 18:27:00,CANCELLED,318.71,UPI
5875,4009,117,,2026-02-26 15:50:00,2026-02-26 16:28:00,COMPLETED,577.1,COD
5876,1762,23,,2026-02-26 15:16:00,2026-02-26 15:43:00,COMPLETED,678.12,COD
5877,3977,74,,2026-02-26 20:52:00,2026-02-26 21:24:00,CANCELLED,604.19,UPI
5878,3908,65,,2026-02-26 17:24:00,2026-02-26 18:02:00,COMPLETED,565.01,CARD
5879,4226,107,,2026-02-26 08:45:00,2026-02-26 09:11:00,CANCELLED,229.71,CARD
5880,1880,28,,2026-02-26 18:16:00,2026-02-26 18:48:00,CANCELLED,235.16,CARD
5881,1005,13,,2026-02-26 15:05:00,2026-02-26 15:42:00,COMPLETED,485.16,UPI
5882,4139,111,,2026-02-26 20:47:00,2026-02-26 21:12:00,COMPLETED,258.78,UPI
5883,1790,102,,2026-02-26 21:24:00,2026-02-26 22:04:00,COMPLETED,218.85,COD
5884,4504,38,,2026-02-26 09:10:00,2026-02-26 09:40:00,CANCELLED,706.5,COD
5885,4732,48,,2026-02-26 17:14:00,2026-02-26 17:41:00,COMPLETED,400.1,CARD
5886,3448,38,,2026-02-26 21:47:00,2026-02-26 22:14:00,COMPLETED,273.3,UPI
5887,1148,113,,2026-02-26 18:40:00,2026-02-26 19:16:00,CANCELLED,368.43,CARD
5888,1911,107,,2026-02-26 09:37:00,2026-02-26 10:20:00,CANCELLED,495.97,COD
5889,4256,85,,2026-02-26 16:33:00,2026-02-26 17:11:00,CANCELLED,199.92,COD
5890,3629,40,,2026-02-26 17:09:00,2026-02-26 17:34:00,COMPLETED,538.34,COD
5891,4076,107,,2026-02-26 20:04:00,2026-02-26 20:34:00,CANCELLED,161.23,CARD
5892,2730,11,,2026-02-26 09:43:00,2026-02-26 10:27:00,COMPLETED,775.85,COD
5893,1304,98,,2026-02-26 11:32:00,2026-02-26 12:01:00,COMPLETED,331.64,UPI
5894,1172,73,,2026-02-26 10:47:00,2026-02-26 11:16:00,CANCELLED,176.88,COD
5895,2957,112,,2026-02-26 22:06:00,2026-02-26 22:37:00,COMPLETED,758.16,UPI
5896,3138,72,,2026-02-26 16:27:00,2026-02-26 17:03:00,CANCELLED,400.48,CARD
5897,3215,1,,2026-02-26 15:39:00,2026-02-26 16:12:00,CANCELLED,409.63,COD
5898,4707,54,,2026-02-26 19:47:00,2026-02-26 20:17:00,COMPLETED,618.53,CARD
5899,2590,76,,2026-02-26 11:55:00,2026-02-26 12:21:00,CANCELLED,763.08,UPI
5900,3759,12,,2026-02-26 13:25:00,2026-02-26 14:05:00,COMPLETED,221.61,CARD
5901,4405,83,,2026-02-26 15:21:00,2026-02-26 15:47:00,COMPLETED,502.33,COD
5902,4536,86,,2026-02-26 19:23:00,2026-02-26 19:52:00,COMPLETED,718.62,CARD
5903,4793,29,,2026-02-26 22:24:00,2026-02-26 23:08:00,COMPLETED,188.54,UPI
5904,4583,96,,2026-02-26 14:05:00,2026-02-26 14:48:00,CANCELLED,527.53,COD
5905,4227,20,,2026-02-26 09:00:00,2026-02-26 09:38:00,COMPLETED,224.76,UPI
5906,3457,56,,2026-02-26 21:55:00,2026-02-26 22:30:00,COMPLETED,699.78,CARD
5907,3593,14,,2026-02-26 20:00:00,2026-02-26 20:37:00,CANCELLED,709.12,COD
5908,1126,45,,2026-02-26 12:55:00,2026-02-26 13:31:00,COMPLETED,207.88,COD
5909,4451,28,,2026-02-26 20:52:00,2026-02-26 21:18:00,CANCELLED,153.83,COD
5910,4178,14,,2026-02-26 14:54:00,2026-02-26 15:27:00,COMPLETED,314.56,CARD
5911,4439,6,,2026-02-26 21:35:00,2026-02-26 22:13:00,COMPLETED,599.66,UPI
5912,1156,103,,2026-02-26 09:44:00,2026-02-26 10:17:00,COMPLETED,327.56,CARD
5913,2148,73,,2026-02-26 13:33:00,2026-02-26 14:06:00,CANCELLED,169.39,UPI
5914,3785,104,,2026-02-26 08:11:00,2026-02-26 08:54:00,CANCELLED,688.61,CARD
5915,4390,17,,2026-02-26 08:35:00,2026-02-26 09:13:00,CANCELLED,320.48,UPI
5916,3283,29,,2026-02-26 15:22:00,2026-02-26 16:06:00,CANCELLED,521.47,COD
5917,1580,78,,2026-02-26 16:18:00,2026-02-26 16:51:00,CANCELLED,200.81,COD
5918,3694,3,,2026-02-26 19:21:00,2026-02-26 20:05:00,CANCELLED,553.19,UPI
5919,2814,117,,2026-02-26 22:40:00,2026-02-26 23:25:00,CANCELLED,266.44,COD
5920,3185,37,,2026-02-26 19:30:00,2026-02-26 20:15:00,CANCELLED,414.05,UPI
5921,4596,77,,2026-02-26 18:19:00,2026-02-26 18:46:00,CANCELLED,276.91,COD
5922,3029,18,,2026-02-26 14:40:00,2026-02-26 15:14:00,CANCELLED,230.25,UPI
5923,4646,67,,2026-02-26 19:28:00,2026-02-26 20:05:00,CANCELLED,528.59,COD
5924,1530,78,,2026-02-26 10:17:00,2026-02-26 10:54:00,CANCELLED,772.25,COD
5925,2584,18,,2026-02-26 10:03:00,2026-02-26 10:40:00,CANCELLED,433.0,COD
5926,3138,17,,2026-02-26 13:15:00,2026-02-26 13:59:00,CANCELLED,675.14,UPI
5927,3435,118,,2026-02-26 22:57:00,2026-02-26 23:39:00,CANCELLED,464.03,COD
5928,2513,49,,2026-02-26 10:07:00,2026-02-26 10:44:00,COMPLETED,695.47,CARD
5929,1183,21,,2026-02-26 16:22:00,2026-02-26 16:56:00,COMPLETED,732.95,UPI
5930,1355,92,,2026-02-26 10:15:00,2026-02-26 10:46:00,COMPLETED,359.49,UPI
5931,2393,20,,2026-02-26 11:03:00,2026-02-26 11:34:00,CANCELLED,688.07,UPI
5932,1002,67,,2026-02-26 22:11:00,2026-02-26 22:37:00,CANCELLED,634.33,CARD
5933,2265,77,,2026-02-26 22:17:00,2026-02-26 23:01:00,CANCELLED,721.07,UPI
5934,2482,109,,2026-02-26 11:04:00,2026-02-26 11:32:00,COMPLETED,370.66,COD
5935,2474,117,,2026-02-26 08:08:00,2026-02-26 08:53:00,COMPLETED,364.8,COD
5936,3109,35,,2026-02-26 11:12:00,2026-02-26 11:40:00,CANCELLED,747.05,COD
5937,4934,107,,2026-02-26 13:37:00,2026-02-26 14:21:00,COMPLETED,337.3,COD
5938,3972,92,,2026-02-27 10:33:00,2026-02-27 11:02:00,COMPLETED,154.31,COD
5939,2109,118,,2026-02-27 10:30:00,2026-02-27 11:13:00,CANCELLED,727.92,COD
5940,4247,105,,2026-02-27 20:22:00,2026-02-27 20:50:00,CANCELLED,740.7,CARD
5941,2151,111,,2026-02-27 21:37:00,2026-02-27 22:04:00,COMPLETED,674.84,CARD
5942,3097,29,,2026-02-27 21:28:00,2026-02-27 22:08:00,CANCELLED,601.53,COD
5943,2907,113,,2026-02-27 19:37:00,2026-02-27 20:22:00,CANCELLED,534.63,CARD
5944,1184,97,,2026-02-27 10:34:00,2026-02-27 11:08:00,COMPLETED,212.83,COD
5945,1603,30,,2026-02-27 15:17:00,2026-02-27 15:58:00,COMPLETED,291.06,CARD
5946,1330,65,,2026-02-27 17:39:00,2026-02-27 18:20:00,COMPLETED,574.54,COD
5947,2568,20,,2026-02-27 21:43:00,2026-02-27 22:26:00,CANCELLED,255.71,UPI
5948,3127,99,,2026-02-27 13:52:00,2026-02-27 14:31:00,CANCELLED,677.0,CARD
5949,3064,61,,2026-02-27 13:40:00,2026-02-27 14:16:00,CANCELLED,782.06,UPI
5950,2708,28,,2026-02-27 22:47:00,2026-02-27 23:16:00,CANCELLED,476.47,CARD
5951,4067,97,,2026-02-27 10:27:00,2026-02-27 10:58:00,CANCELLED,685.58,COD
5952,2210,96,,2026-02-27 13:22:00,2026-02-27 13:56:00,COMPLETED,233.37,UPI
5953,1478,9,,2026-02-27 11:27:00,2026-02-27 12:02:00,CANCELLED,780.5,CARD
5954,3267,4,,2026-02-27 17:30:00,2026-02-27 18:00:00,CANCELLED,179.94,COD
5955,2497,30,,2026-02-27 12:17:00,2026-02-27 12:52:00,COMPLETED,482.01,UPI
5956,2073,57,,2026-02-27 10:42:00,2026-02-27 11:07:00,CANCELLED,457.33,UPI
5957,3180,17,,2026-02-27 14:27:00,2026-02-27 14:53:00,CANCELLED,344.5,CARD
5958,2829,11,,2026-02-27 19:53:00,2026-02-27 20:34:00,COMPLETED,186.15,UPI
5959,1295,88,,2026-02-27 13:20:00,2026-02-27 13:51:00,COMPLETED,615.91,UPI
5960,3474,25,,2026-02-27 17:28:00,2026-02-27 18:04:00,COMPLETED,391.42,CARD
5961,1525,13,,2026-02-27 10:19:00,2026-02-27 10:56:00,COMPLETED,462.5,UPI
5962,2052,102,,2026-02-27 20:08:00,2026-02-27 20:35:00,CANCELLED,292.91,CARD
5963,1062,104,,2026-02-27 21:58:00,2026-02-27 22:26:00,CANCELLED,203.05,UPI
5964,3420,101,,2026-02-27 14:04:00,2026-02-27 14:33:00,CANCELLED,755.39,UPI
5965,2277,35,,2026-02-27 20:04:00,2026-02-27 20:43:00,COMPLETED,288.8,CARD
5966,4482,62,,2026-02-27 21:34:00,2026-02-27 22:18:00,COMPLETED,677.0,CARD
5967,1928,30,,2026-02-27 22:31:00,2026-02-27 23:07:00,COMPLETED,726.66,CARD
5968,3548,56,,2026-02-27 15:41:00,2026-02-27 16:11:00,CANCELLED,168.52,COD
5969,4056,27,,2026-02-27 20:48:00,2026-02-27 21:14:00,CANCELLED,297.09,UPI
5970,3032,47,,2026-02-27 18:14:00,2026-02-27 18:58:00,CANCELLED,678.92,CARD
5971,1281,94,,2026-02-27 15:03:00,2026-02-27 15:48:00,COMPLETED,694.62,UPI
5972,1219,91,,2026-02-27 16:44:00,2026-02-27 17:21:00,COMPLETED,225.14,CARD
5973,3044,78,,2026-02-27 18:04:00,2026-02-27 18:33:00,CANCELLED,291.28,UPI
5974,1522,63,,2026-02-27 11:44:00,2026-02-27 12:25:00,CANCELLED,529.19,COD
5975,1481,21,,2026-02-27 11:35:00,2026-02-27 12:06:00,COMPLETED,271.04,CARD
5976,3280,6,,2026-02-27 13:29:00,2026-02-27 14:02:00,CANCELLED,158.96,UPI
5977,2278,94,,2026-02-27 11:31:00,2026-02-27 11:59:00,COMPLETED,668.41,CARD
5978,2883,61,,2026-02-27 15:54:00,2026-02-27 16:28:00,CANCELLED,316.29,UPI
5979,2649,50,,2026-02-27 08:18:00,2026-02-27 08:50:00,CANCELLED,708.76,UPI
5980,1015,87,,2026-02-27 14:51:00,2026-02-27 15:16:00,CANCELLED,395.46,CARD
5981,4501,71,,2026-02-27 10:22:00,2026-02-27 10:52:00,COMPLETED,228.1,COD
5982,3206,17,,2026-02-27 21:26:00,2026-02-27 22:11:00,COMPLETED,527.67,COD
5983,2701,111,,2026-02-27 22:39:00,2026-02-27 23:20:00,COMPLETED,462.49,UPI
5984,1547,55,,2026-02-27 21:00:00,2026-02-27 21:39:00,CANCELLED,610.4,COD
5985,1809,109,,2026-02-27 18:13:00,2026-02-27 18:44:00,COMPLETED,739.1,CARD
5986,3637,76,,2026-02-27 21:17:00,2026-02-27 21:53:00,CANCELLED,520.45,CARD
5987,4686,52,,2026-02-27 20:58:00,2026-02-27 21:24:00,CANCELLED,579.09,UPI
5988,3224,46,,2026-02-27 08:33:00,2026-02-27 09:06:00,COMPLETED,211.43,COD
5989,4744,34,,2026-02-27 12:18:00,2026-02-27 13:03:00,COMPLETED,799.01,CARD
5990,3368,113,,2026-02-27 21:50:00,2026-02-27 22:23:00,COMPLETED,223.1,CARD
5991,4523,103,,2026-02-27 19:13:00,2026-02-27 19:47:00,CANCELLED,378.46,COD
5992,1484,4,,2026-02-27 12:27:00,2026-02-27 12:57:00,CANCELLED,637.08,UPI
5993,2940,97,,2026-02-27 17:30:00,2026-02-27 17:57:00,COMPLETED,349.5,CARD
5994,4232,49,,2026-02-27 20:23:00,2026-02-27 20:55:00,CANCELLED,556.85,CARD
5995,3823,53,,2026-02-27 09:37:00,2026-02-27 10:04:00,CANCELLED,526.6,UPI
5996,4303,81,,2026-02-27 20:35:00,2026-02-27 21:17:00,CANCELLED,522.27,UPI
5997,3550,32,,2026-02-27 10:50:00,2026-02-27 11:17:00,CANCELLED,522.98,COD
5998,4125,110,,2026-02-27 09:46:00,2026-02-27 10:17:00,CANCELLED,275.72,CARD
5999,3360,64,,2026-02-27 14:43:00,2026-02-27 15:18:00,COMPLETED,467.76,UPI
6000,3016,61,,2026-02-27 15:17:00,2026-02-27 15:58:00,CANCELLED,387.97,COD
6001,2741,10,,2026-02-27 14:09:00,2026-02-27 14:51:00,COMPLETED,691.74,UPI
6002,2052,77,,2026-02-27 09:31:00,2026-02-27 10:11:00,COMPLETED,530.14,COD
6003,1096,71,,2026-02-27 21:13:00,2026-02-27 21:55:00,CANCELLED,266.45,UPI
6004,1786,26,,2026-02-27 22:35:00,2026-02-27 23:04:00,COMPLETED,591.72,UPI
6005,1470,47,,2026-02-27 22:29:00,2026-02-27 23:06:00,COMPLETED,171.55,COD
6006,3497,14,,2026-02-27 09:23:00,2026-02-27 09:55:00,CANCELLED,350.17,COD
6007,1751,96,,2026-02-27 13:15:00,2026-02-27 13:49:00,COMPLETED,418.25,UPI
6008,1640,98,,2026-02-27 16:31:00,2026-02-27 17:15:00,COMPLETED,320.01,CARD
6009,1356,1,,2026-02-27 18:18:00,2026-02-27 18:43:00,CANCELLED,213.21,UPI
6010,4381,59,,2026-02-27 21:15:00,2026-02-27 21:48:00,COMPLETED,352.71,CARD
6011,3337,12,,2026-02-27 21:39:00,2026-02-27 22:23:00,CANCELLED,787.81,UPI
6012,3709,119,,2026-02-27 11:49:00,2026-02-27 12:30:00,COMPLETED,397.92,CARD
6013,2891,86,,2026-02-27 17:46:00,2026-02-27 18:23:00,COMPLETED,401.62,COD
6014,3767,51,,2026-02-27 08:37:00,2026-02-27 09:20:00,COMPLETED,179.29,COD
6015,2876,24,,2026-02-27 20:59:00,2026-02-27 21:30:00,CANCELLED,348.61,CARD
6016,2490,66,,2026-02-27 10:57:00,2026-02-27 11:23:00,CANCELLED,518.95,UPI
6017,4732,47,,2026-02-27 10:42:00,2026-02-27 11:15:00,CANCELLED,217.31,CARD
6018,4747,88,,2026-02-27 14:12:00,2026-02-27 14:48:00,CANCELLED,551.74,COD
6019,2912,1,,2026-02-27 21:06:00,2026-02-27 21:46:00,COMPLETED,225.16,UPI
6020,1392,107,,2026-02-27 13:15:00,2026-02-27 13:59:00,CANCELLED,589.35,COD
6021,3990,108,,2026-02-27 18:40:00,2026-02-27 19:10:00,CANCELLED,152.99,CARD
6022,2393,53,,2026-02-27 15:14:00,2026-02-27 15:55:00,CANCELLED,640.31,COD
6023,2405,87,,2026-02-27 20:54:00,2026-02-27 21:35:00,CANCELLED,280.3,UPI
6024,4965,62,,2026-02-27 16:32:00,2026-02-27 17:09:00,CANCELLED,689.03,CARD
6025,2121,35,,2026-02-27 11:19:00,2026-02-27 11:57:00,CANCELLED,183.19,UPI
6026,3007,51,,2026-02-27 11:25:00,2026-02-27 11:54:00,CANCELLED,577.6,UPI
6027,4311,112,,2026-02-27 18:08:00,2026-02-27 18:45:00,CANCELLED,627.98,CARD
6028,4036,50,,2026-02-27 15:35:00,2026-02-27 16:20:00,CANCELLED,552.36,CARD
6029,4983,57,,2026-02-27 18:48:00,2026-02-27 19:21:00,COMPLETED,376.77,CARD
6030,2126,110,,2026-02-27 21:48:00,2026-02-27 22:20:00,CANCELLED,739.63,UPI
6031,3936,82,,2026-02-27 19:03:00,2026-02-27 19:29:00,COMPLETED,314.57,UPI
6032,3028,22,,2026-02-27 12:07:00,2026-02-27 12:46:00,COMPLETED,513.45,UPI
6033,3503,51,,2026-02-27 19:35:00,2026-02-27 20:16:00,CANCELLED,721.02,CARD
6034,2363,113,,2026-02-27 18:38:00,2026-02-27 19:11:00,COMPLETED,304.07,UPI
6035,4550,5,,2026-02-27 12:46:00,2026-02-27 13:28:00,CANCELLED,491.24,UPI
6036,1884,26,,2026-02-27 11:55:00,2026-02-27 12:37:00,CANCELLED,751.19,CARD
6037,3955,78,,2026-02-27 11:13:00,2026-02-27 11:43:00,COMPLETED,310.99,CARD
6038,4997,95,,2026-02-27 14:28:00,2026-02-27 15:02:00,COMPLETED,602.81,UPI
6039,2944,29,,2026-02-27 21:50:00,2026-02-27 22:15:00,CANCELLED,285.87,UPI
6040,1005,93,,2026-02-27 09:29:00,2026-02-27 10:05:00,CANCELLED,291.98,CARD
6041,2287,14,,2026-02-27 12:23:00,2026-02-27 12:48:00,COMPLETED,671.41,COD
6042,3115,30,,2026-02-27 14:57:00,2026-02-27 15:33:00,CANCELLED,560.57,UPI
6043,4648,38,,2026-02-27 11:30:00,2026-02-27 12:01:00,CANCELLED,453.73,CARD
6044,3833,101,,2026-02-27 15:17:00,2026-02-27 15:50:00,CANCELLED,711.45,CARD
6045,1894,109,,2026-02-27 08:38:00,2026-02-27 09:10:00,COMPLETED,737.23,COD
6046,3536,61,,2026-02-27 22:01:00,2026-02-27 22:44:00,CANCELLED,222.45,CARD
6047,3902,98,,2026-02-27 10:30:00,2026-02-27 10:56:00,CANCELLED,681.81,COD
6048,1086,23,,2026-02-27 08:54:00,2026-02-27 09:21:00,CANCELLED,433.54,UPI
6049,1451,88,,2026-02-27 21:43:00,2026-02-27 22:25:00,CANCELLED,224.74,UPI
6050,3424,113,,2026-02-27 16:50:00,2026-02-27 17:23:00,CANCELLED,459.25,CARD
6051,3123,26,,2026-02-27 16:00:00,2026-02-27 16:31:00,COMPLETED,710.98,COD
6052,2079,33,,2026-02-27 15:17:00,2026-02-27 15:44:00,COMPLETED,728.14,UPI
6053,2520,35,,2026-02-27 22:42:00,2026-02-27 23:27:00,CANCELLED,493.27,COD
6054,1093,104,,2026-02-27 22:35:00,2026-02-27 23:10:00,CANCELLED,584.64,CARD
6055,2678,5,,2026-02-27 19:42:00,2026-02-27 20:12:00,COMPLETED,644.34,COD
6056,4525,68,,2026-02-27 20:23:00,2026-02-27 21:00:00,CANCELLED,367.18,UPI
6057,1348,82,,2026-02-27 09:01:00,2026-02-27 09:41:00,COMPLETED,761.94,CARD
6058,4616,93,,2026-02-27 11:06:00,2026-02-27 11:38:00,CANCELLED,749.59,COD
6059,1521,25,,2026-02-27 17:43:00,2026-02-27 18:11:00,CANCELLED,450.12,UPI
6060,3409,67,,2026-02-27 18:12:00,2026-02-27 18:57:00,CANCELLED,773.97,COD
6061,4724,117,,2026-02-27 19:56:00,2026-02-27 20:27:00,COMPLETED,473.85,CARD
6062,2369,118,,2026-02-27 15:36:00,2026-02-27 16:01:00,COMPLETED,468.03,COD
6063,3572,103,,2026-02-27 20:56:00,2026-02-27 21:22:00,CANCELLED,699.26,UPI
6064,4353,55,,2026-02-27 10:01:00,2026-02-27 10:26:00,CANCELLED,176.54,COD
6065,1839,98,,2026-02-27 15:45:00,2026-02-27 16:26:00,CANCELLED,436.89,CARD
6066,4968,26,,2026-02-27 12:35:00,2026-02-27 13:16:00,COMPLETED,298.2,CARD
6067,2894,28,,2026-02-27 22:21:00,2026-02-27 22:57:00,CANCELLED,754.3,UPI
6068,3826,87,,2026-02-27 19:15:00,2026-02-27 19:49:00,COMPLETED,714.18,UPI
6069,2962,24,,2026-02-27 18:35:00,2026-02-27 19:04:00,COMPLETED,549.32,COD
6070,3269,112,,2026-02-27 10:00:00,2026-02-27 10:39:00,COMPLETED,664.71,UPI
6071,2006,95,,2026-02-27 21:42:00,2026-02-27 22:15:00,COMPLETED,428.21,CARD
6072,4056,80,,2026-02-27 16:51:00,2026-02-27 17:26:00,CANCELLED,766.31,UPI
6073,3301,85,,2026-02-27 08:42:00,2026-02-27 09:24:00,CANCELLED,797.74,CARD
6074,1818,24,,2026-02-27 11:40:00,2026-02-27 12:05:00,COMPLETED,449.76,UPI
6075,4460,92,,2026-02-27 15:26:00,2026-02-27 15:51:00,CANCELLED,250.43,CARD
6076,1508,96,,2026-02-27 18:39:00,2026-02-27 19:05:00,CANCELLED,253.32,CARD
6077,3486,77,,2026-02-27 08:38:00,2026-02-27 09:07:00,CANCELLED,397.71,COD
6078,4369,115,,2026-02-27 08:21:00,2026-02-27 09:05:00,COMPLETED,741.67,UPI
6079,2444,34,,2026-02-27 22:30:00,2026-02-27 23:07:00,COMPLETED,786.01,COD
6080,3632,76,,2026-02-27 15:30:00,2026-02-27 16:14:00,COMPLETED,672.11,UPI
6081,4294,24,,2026-02-27 21:44:00,2026-02-27 22:10:00,CANCELLED,285.51,COD
6082,1597,111,,2026-02-27 08:26:00,2026-02-27 08:54:00,CANCELLED,289.75,CARD
6083,1090,38,,2026-02-27 13:34:00,2026-02-27 13:59:00,COMPLETED,280.31,CARD
6084,3866,5,,2026-02-27 17:04:00,2026-02-27 17:33:00,CANCELLED,756.63,COD
6085,2232,68,,2026-02-27 21:47:00,2026-02-27 22:13:00,COMPLETED,658.15,COD
6086,4727,8,,2026-02-27 17:40:00,2026-02-27 18:12:00,CANCELLED,343.26,UPI
6087,1890,118,,2026-02-27 20:05:00,2026-02-27 20:44:00,CANCELLED,438.25,UPI
6088,4624,27,,2026-02-27 18:14:00,2026-02-27 18:53:00,COMPLETED,326.08,CARD
6089,1969,68,,2026-02-28 18:53:00,2026-02-28 19:28:00,COMPLETED,393.59,COD
6090,2990,19,,2026-02-28 17:08:00,2026-02-28 17:38:00,COMPLETED,647.05,COD
6091,4489,17,,2026-02-28 15:27:00,2026-02-28 16:00:00,CANCELLED,714.25,COD
6092,1756,112,,2026-02-28 16:36:00,2026-02-28 17:11:00,CANCELLED,387.33,UPI
6093,4170,68,,2026-02-28 19:42:00,2026-02-28 20:20:00,COMPLETED,368.75,UPI
6094,1998,7,,2026-02-28 18:05:00,2026-02-28 18:31:00,COMPLETED,523.87,CARD
6095,2344,109,,2026-02-28 20:24:00,2026-02-28 21:08:00,CANCELLED,320.17,CARD
6096,1423,87,,2026-02-28 15:44:00,2026-02-28 16:21:00,CANCELLED,159.68,CARD
6097,3099,71,,2026-02-28 21:00:00,2026-02-28 21:34:00,CANCELLED,530.38,COD
6098,4019,4,,2026-02-28 20:10:00,2026-02-28 20:45:00,COMPLETED,575.36,UPI
6099,1168,31,,2026-02-28 14:56:00,2026-02-28 15:30:00,CANCELLED,167.4,UPI
6100,2419,101,,2026-02-28 18:09:00,2026-02-28 18:45:00,CANCELLED,540.87,COD
6101,3082,66,,2026-02-28 14:17:00,2026-02-28 14:52:00,COMPLETED,708.22,CARD
6102,3719,20,,2026-02-28 20:54:00,2026-02-28 21:23:00,CANCELLED,435.12,UPI
6103,4144,108,,2026-02-28 13:07:00,2026-02-28 13:46:00,CANCELLED,557.93,UPI
6104,3352,112,,2026-02-28 12:38:00,2026-02-28 13:14:00,COMPLETED,390.46,CARD
6105,1888,66,,2026-02-28 10:00:00,2026-02-28 10:29:00,CANCELLED,246.45,UPI
6106,4326,104,,2026-02-28 20:34:00,2026-02-28 21:17:00,COMPLETED,463.64,UPI
6107,1069,64,,2026-02-28 18:30:00,2026-02-28 18:56:00,COMPLETED,611.95,UPI
6108,2164,71,,2026-02-28 14:12:00,2026-02-28 14:56:00,CANCELLED,519.97,CARD
6109,4671,34,,2026-02-28 15:06:00,2026-02-28 15:45:00,COMPLETED,433.64,COD
6110,2396,101,,2026-02-28 11:22:00,2026-02-28 12:05:00,CANCELLED,578.34,UPI
6111,2351,47,,2026-02-28 10:00:00,2026-02-28 10:29:00,COMPLETED,373.28,COD
6112,2765,58,,2026-02-28 10:52:00,2026-02-28 11:31:00,CANCELLED,555.64,COD
6113,1507,101,,2026-02-28 14:24:00,2026-02-28 14:58:00,COMPLETED,742.32,COD
6114,3783,62,,2026-02-28 16:22:00,2026-02-28 16:51:00,CANCELLED,384.29,COD
6115,4884,15,,2026-02-28 12:49:00,2026-02-28 13:25:00,COMPLETED,329.6,UPI
6116,1228,44,,2026-02-28 18:52:00,2026-02-28 19:18:00,CANCELLED,774.25,UPI
6117,4237,38,,2026-02-28 17:29:00,2026-02-28 18:01:00,CANCELLED,381.17,UPI
6118,4783,56,,2026-02-28 22:10:00,2026-02-28 22:46:00,COMPLETED,772.84,UPI
6119,1833,48,,2026-02-28 17:31:00,2026-02-28 18:02:00,CANCELLED,604.58,UPI
6120,1221,72,,2026-02-28 15:04:00,2026-02-28 15:45:00,CANCELLED,643.11,UPI
6121,1375,4,,2026-02-28 21:42:00,2026-02-28 22:25:00,CANCELLED,643.44,COD
6122,1325,61,,2026-02-28 13:00:00,2026-02-28 13:31:00,COMPLETED,390.86,UPI
6123,3290,42,,2026-02-28 19:36:00,2026-02-28 20:16:00,COMPLETED,210.77,CARD
6124,3388,30,,2026-02-28 17:52:00,2026-02-28 18:31:00,COMPLETED,404.13,UPI
6125,3792,32,,2026-02-28 08:47:00,2026-02-28 09:31:00,COMPLETED,584.35,UPI
6126,3358,114,,2026-02-28 08:36:00,2026-02-28 09:17:00,CANCELLED,570.05,COD
6127,2509,48,,2026-02-28 09:30:00,2026-02-28 09:56:00,COMPLETED,538.19,COD
6128,4445,27,,2026-02-28 09:50:00,2026-02-28 10:26:00,COMPLETED,178.41,UPI
6129,1135,79,,2026-02-28 12:51:00,2026-02-28 13:17:00,COMPLETED,595.88,CARD
6130,4852,74,,2026-02-28 12:03:00,2026-02-28 12:34:00,CANCELLED,307.95,CARD
6131,4725,1,,2026-02-28 08:43:00,2026-02-28 09:13:00,COMPLETED,503.17,CARD
6132,1694,84,,2026-02-28 15:38:00,2026-02-28 16:19:00,COMPLETED,513.74,CARD
6133,2217,37,,2026-02-28 11:36:00,2026-02-28 12:17:00,CANCELLED,487.83,UPI
6134,2770,52,,2026-02-28 21:11:00,2026-02-28 21:50:00,COMPLETED,636.03,UPI
6135,4027,2,,2026-02-28 22:23:00,2026-02-28 22:52:00,COMPLETED,344.34,CARD
6136,2204,24,,2026-02-28 09:34:00,2026-02-28 10:04:00,CANCELLED,432.73,UPI
6137,3981,105,,2026-02-28 12:44:00,2026-02-28 13:13:00,CANCELLED,349.52,COD
6138,3655,72,,2026-02-28 12:23:00,2026-02-28 13:02:00,COMPLETED,648.22,COD
6139,3454,106,,2026-02-28 20:59:00,2026-02-28 21:39:00,CANCELLED,414.2,UPI
6140,2340,67,,2026-02-28 18:08:00,2026-02-28 18:53:00,COMPLETED,594.01,CARD
6141,4378,110,,2026-02-28 16:05:00,2026-02-28 16:44:00,CANCELLED,327.21,CARD
6142,2589,68,,2026-02-28 10:52:00,2026-02-28 11:26:00,CANCELLED,581.44,UPI
6143,4340,79,,2026-02-28 12:23:00,2026-02-28 13:00:00,COMPLETED,788.79,CARD
6144,2021,12,,2026-02-28 18:31:00,2026-02-28 19:06:00,CANCELLED,364.68,UPI
6145,3677,19,,2026-02-28 14:53:00,2026-02-28 15:27:00,COMPLETED,549.78,COD
6146,2551,102,,2026-02-28 10:36:00,2026-02-28 11:21:00,COMPLETED,700.48,CARD
6147,2098,99,,2026-02-28 21:44:00,2026-02-28 22:21:00,CANCELLED,403.81,CARD
6148,1261,115,,2026-02-28 21:47:00,2026-02-28 22:28:00,COMPLETED,579.84,CARD
6149,3361,101,,2026-02-28 11:06:00,2026-02-28 11:35:00,COMPLETED,307.95,CARD
6150,1558,35,,2026-02-28 18:45:00,2026-02-28 19:30:00,CANCELLED,514.12,COD
6151,1927,60,,2026-02-28 11:10:00,2026-02-28 11:36:00,COMPLETED,299.76,CARD
6152,1218,50,,2026-02-28 17:31:00,2026-02-28 18:04:00,COMPLETED,282.44,UPI
6153,3895,114,,2026-02-28 16:23:00,2026-02-28 16:57:00,CANCELLED,472.25,COD
6154,4224,43,,2026-02-28 08:52:00,2026-02-28 09:25:00,CANCELLED,529.68,CARD
6155,3767,100,,2026-02-28 21:39:00,2026-02-28 22:14:00,CANCELLED,580.69,CARD
6156,4381,103,,2026-02-28 21:59:00,2026-02-28 22:35:00,CANCELLED,476.57,CARD
6157,1221,114,,2026-02-28 19:33:00,2026-02-28 19:58:00,CANCELLED,369.26,CARD
6158,3609,96,,2026-02-28 10:14:00,2026-02-28 10:51:00,CANCELLED,573.58,UPI
6159,4852,78,,2026-02-28 18:54:00,2026-02-28 19:27:00,CANCELLED,289.64,UPI
6160,2912,5,,2026-02-28 11:49:00,2026-02-28 12:19:00,CANCELLED,417.21,UPI
6161,1790,113,,2026-02-28 15:24:00,2026-02-28 16:00:00,CANCELLED,669.76,COD
6162,2195,20,,2026-02-28 08:43:00,2026-02-28 09:09:00,COMPLETED,787.45,CARD
6163,2024,59,,2026-02-28 15:21:00,2026-02-28 16:00:00,COMPLETED,712.55,COD
6164,2334,11,,2026-02-28 08:51:00,2026-02-28 09:23:00,COMPLETED,521.57,CARD
6165,4295,44,,2026-02-28 13:55:00,2026-02-28 14:20:00,CANCELLED,393.14,COD
6166,2296,113,,2026-02-28 12:01:00,2026-02-28 12:33:00,CANCELLED,182.28,COD
6167,1768,117,,2026-02-28 18:40:00,2026-02-28 19:13:00,COMPLETED,691.42,CARD
6168,4555,119,,2026-02-28 17:36:00,2026-02-28 18:17:00,CANCELLED,734.38,UPI
6169,1762,110,,2026-02-28 20:07:00,2026-02-28 20:38:00,CANCELLED,586.55,CARD
6170,4192,36,,2026-02-28 20:13:00,2026-02-28 20:39:00,COMPLETED,284.68,CARD
6171,2647,6,,2026-02-28 09:38:00,2026-02-28 10:03:00,COMPLETED,628.84,UPI
6172,2489,20,,2026-02-28 08:44:00,2026-02-28 09:10:00,COMPLETED,542.04,CARD
6173,2880,116,,2026-02-28 12:33:00,2026-02-28 13:09:00,CANCELLED,527.25,UPI
6174,3451,3,,2026-02-28 14:10:00,2026-02-28 14:54:00,CANCELLED,700.71,UPI
6175,2439,79,,2026-02-28 08:19:00,2026-02-28 08:49:00,CANCELLED,212.19,COD
6176,1882,41,,2026-02-28 21:41:00,2026-02-28 22:15:00,COMPLETED,179.09,COD
6177,2962,94,,2026-02-28 18:42:00,2026-02-28 19:22:00,CANCELLED,230.28,COD
6178,1044,77,,2026-02-28 15:18:00,2026-02-28 15:45:00,COMPLETED,733.13,COD
6179,3251,76,,2026-02-28 09:51:00,2026-02-28 10:28:00,CANCELLED,336.88,COD
6180,1451,37,,2026-02-28 22:02:00,2026-02-28 22:41:00,CANCELLED,305.48,COD
6181,2006,11,,2026-02-28 08:44:00,2026-02-28 09:18:00,COMPLETED,438.26,COD
6182,1735,53,,2026-02-28 21:39:00,2026-02-28 22:06:00,CANCELLED,417.3,UPI
6183,1718,29,,2026-02-28 22:36:00,2026-02-28 23:02:00,COMPLETED,411.11,UPI
6184,3089,3,,2026-02-28 14:04:00,2026-02-28 14:39:00,CANCELLED,645.84,UPI
6185,2358,44,,2026-02-28 15:44:00,2026-02-28 16:19:00,COMPLETED,423.64,COD
6186,2659,81,,2026-02-28 08:55:00,2026-02-28 09:27:00,CANCELLED,635.8,COD
6187,1461,1,,2026-02-28 15:45:00,2026-02-28 16:20:00,COMPLETED,728.02,UPI
6188,3252,63,,2026-02-28 20:46:00,2026-02-28 21:24:00,COMPLETED,427.07,COD
6189,4919,10,,2026-02-28 13:26:00,2026-02-28 14:05:00,COMPLETED,781.46,COD
6190,1374,109,,2026-02-28 19:54:00,2026-02-28 20:35:00,CANCELLED,444.87,CARD
6191,4318,24,,2026-02-28 18:13:00,2026-02-28 18:44:00,COMPLETED,387.23,COD
6192,4113,90,,2026-02-28 17:48:00,2026-02-28 18:20:00,COMPLETED,160.85,UPI
6193,2154,94,,2026-02-28 12:39:00,2026-02-28 13:20:00,CANCELLED,779.41,UPI
6194,4349,8,,2026-02-28 13:38:00,2026-02-28 14:18:00,CANCELLED,528.09,COD
6195,3892,68,,2026-02-28 10:28:00,2026-02-28 10:56:00,COMPLETED,170.84,UPI
6196,3799,34,,2026-02-28 11:00:00,2026-02-28 11:37:00,CANCELLED,637.42,UPI
6197,4027,15,,2026-02-28 18:43:00,2026-02-28 19:18:00,COMPLETED,242.74,COD
6198,4506,100,,2026-02-28 13:11:00,2026-02-28 13:38:00,COMPLETED,359.95,UPI
6199,1134,100,,2026-02-28 17:17:00,2026-02-28 17:58:00,CANCELLED,214.04,CARD
6200,2165,51,,2026-02-28 11:46:00,2026-02-28 12:17:00,CANCELLED,620.21,COD
6201,4129,31,,2026-02-28 15:06:00,2026-02-28 15:37:00,COMPLETED,355.21,CARD
6202,3866,39,,2026-02-28 21:10:00,2026-02-28 21:46:00,COMPLETED,452.55,COD
6203,4357,70,,2026-02-28 08:02:00,2026-02-28 08:45:00,CANCELLED,227.69,UPI
6204,4805,58,,2026-02-28 11:58:00,2026-02-28 12:37:00,COMPLETED,565.86,COD
6205,1043,107,,2026-02-28 09:38:00,2026-02-28 10:17:00,CANCELLED,436.54,COD
6206,2396,91,,2026-02-28 21:58:00,2026-02-28 22:28:00,COMPLETED,508.67,CARD
6207,4533,28,,2026-02-28 22:14:00,2026-02-28 22:46:00,CANCELLED,210.15,CARD
6208,2532,49,,2026-02-28 22:20:00,2026-02-28 23:02:00,COMPLETED,445.11,CARD
6209,1150,46,,2026-02-28 15:35:00,2026-02-28 16:11:00,COMPLETED,470.83,CARD
6210,1978,4,,2026-02-28 12:02:00,2026-02-28 12:45:00,COMPLETED,787.67,CARD
6211,4655,106,,2026-02-28 13:55:00,2026-02-28 14:31:00,COMPLETED,653.39,CARD
6212,1774,32,,2026-02-28 21:07:00,2026-02-28 21:49:00,COMPLETED,467.28,COD
6213,3636,64,,2026-02-28 14:24:00,2026-02-28 14:58:00,COMPLETED,487.44,CARD
6214,3960,39,,2026-02-28 21:56:00,2026-02-28 22:29:00,COMPLETED,400.71,CARD
6215,2212,119,,2026-02-28 20:14:00,2026-02-28 20:59:00,CANCELLED,688.22,CARD
6216,1829,120,,2026-02-28 13:42:00,2026-02-28 14:25:00,CANCELLED,453.6,CARD
6217,4543,48,,2026-02-28 16:29:00,2026-02-28 17:06:00,COMPLETED,524.76,UPI
6218,2920,69,,2026-02-28 11:04:00,2026-02-28 11:29:00,CANCELLED,426.5,CARD
6219,2843,15,,2026-02-28 20:18:00,2026-02-28 20:48:00,COMPLETED,416.94,COD
6220,3693,50,,2026-02-28 22:10:00,2026-02-28 22:55:00,COMPLETED,228.83,UPI
6221,4029,16,,2026-02-28 16:44:00,2026-02-28 17:09:00,COMPLETED,793.41,COD
6222,3406,84,,2026-02-28 15:26:00,2026-02-28 15:51:00,COMPLETED,533.22,CARD
6223,1275,84,,2026-02-28 08:03:00,2026-02-28 08:45:00,CANCELLED,181.82,COD
6224,3827,52,,2026-02-28 10:19:00,2026-02-28 10:59:00,COMPLETED,492.8,UPI
6225,2891,60,,2026-02-28 22:24:00,2026-02-28 23:05:00,CANCELLED,703.24,COD
6226,3748,76,,2026-02-28 09:26:00,2026-02-28 09:59:00,CANCELLED,237.19,UPI
6227,4608,13,,2026-02-28 16:38:00,2026-02-28 17:07:00,COMPLETED,516.06,UPI
6228,4165,95,,2026-02-28 19:03:00,2026-02-28 19:48:00,CANCELLED,348.84,COD
6229,1828,82,,2026-02-28 16:22:00,2026-02-28 17:01:00,CANCELLED,775.14,UPI
6230,3809,15,,2026-02-28 14:39:00,2026-02-28 15:22:00,COMPLETED,247.04,UPI
6231,4976,27,,2026-02-28 22:46:00,2026-02-28 23:14:00,CANCELLED,410.82,CARD
6232,4824,95,,2026-02-28 22:13:00,2026-02-28 22:56:00,CANCELLED,668.1,CARD
6233,1715,46,,2026-02-28 17:03:00,2026-02-28 17:47:00,COMPLETED,181.66,UPI
6234,2912,96,,2026-02-28 09:48:00,2026-02-28 10:26:00,CANCELLED,721.53,CARD
6235,3617,61,,2026-02-28 16:57:00,2026-02-28 17:35:00,COMPLETED,386.02,COD
6236,3993,15,,2026-02-28 17:24:00,2026-02-28 17:53:00,CANCELLED,622.51,UPI
6237,4866,37,,2026-02-28 16:41:00,2026-02-28 17:20:00,CANCELLED,443.23,COD
6238,4803,80,,2026-02-28 14:22:00,2026-02-28 15:06:00,CANCELLED,575.49,UPI
6239,1963,48,,2026-02-28 11:41:00,2026-02-28 12:23:00,CANCELLED,542.87,CARD
6240,1726,45,,2026-02-28 16:00:00,2026-02-28 16:28:00,COMPLETED,652.46,COD
6241,1252,90,,2026-02-28 18:26:00,2026-02-28 18:57:00,CANCELLED,729.84,UPI
6242,1504,20,,2026-02-28 18:55:00,2026-02-28 19:38:00,CANCELLED,676.41,COD
6243,3328,54,,2026-02-28 17:51:00,2026-02-28 18:18:00,COMPLETED,287.03,COD
6244,1871,81,,2026-02-28 19:34:00,2026-02-28 20:00:00,COMPLETED,309.46,CARD
6245,1887,6,,2026-02-28 16:09:00,2026-02-28 16:51:00,CANCELLED,566.91,CARD
6246,4267,95,,2026-02-28 10:15:00,2026-02-28 10:56:00,CANCELLED,393.04,COD
6247,1728,55,,2026-02-28 13:37:00,2026-02-28 14:12:00,COMPLETED,184.62,CARD
6248,4176,71,,2026-02-28 19:31:00,2026-02-28 20:04:00,CANCELLED,314.83,CARD
6249,1763,72,,2026-02-28 10:06:00,2026-02-28 10:34:00,COMPLETED,412.1,CARD
6250,2189,96,,2026-02-28 18:03:00,2026-02-28 18:34:00,CANCELLED,229.44,COD
6251,1562,75,,2026-03-01 10:49:00,2026-03-01 11:18:00,COMPLETED,203.76,CARD
6252,2767,43,,2026-03-01 15:51:00,2026-03-01 16:32:00,COMPLETED,665.59,CARD
6253,3808,93,,2026-03-01 19:06:00,2026-03-01 19:39:00,CANCELLED,392.79,CARD
6254,2295,42,,2026-03-01 19:03:00,2026-03-01 19:29:00,CANCELLED,600.27,UPI
6255,4198,109,,2026-03-01 20:22:00,2026-03-01 21:02:00,COMPLETED,448.14,COD
6256,3741,39,,2026-03-01 09:15:00,2026-03-01 09:44:00,COMPLETED,346.18,UPI
6257,2014,65,,2026-03-01 11:31:00,2026-03-01 12:07:00,COMPLETED,194.66,UPI
6258,1129,110,,2026-03-01 16:26:00,2026-03-01 17:02:00,COMPLETED,734.96,UPI
6259,3535,35,,2026-03-01 10:41:00,2026-03-01 11:07:00,COMPLETED,626.5,COD
6260,3874,110,,2026-03-01 14:29:00,2026-03-01 15:12:00,CANCELLED,442.96,UPI
6261,4612,79,,2026-03-01 15:07:00,2026-03-01 15:37:00,CANCELLED,278.1,CARD
6262,3194,49,,2026-03-01 09:42:00,2026-03-01 10:20:00,CANCELLED,784.71,CARD
6263,2329,3,,2026-03-01 17:09:00,2026-03-01 17:44:00,CANCELLED,522.21,UPI
6264,3634,118,,2026-03-01 11:53:00,2026-03-01 12:36:00,CANCELLED,322.91,COD
6265,1064,39,,2026-03-01 09:01:00,2026-03-01 09:28:00,COMPLETED,707.77,CARD
6266,2066,80,,2026-03-01 18:07:00,2026-03-01 18:47:00,COMPLETED,376.73,CARD
6267,4771,1,,2026-03-01 10:33:00,2026-03-01 11:01:00,COMPLETED,703.02,COD
6268,4593,82,,2026-03-01 16:37:00,2026-03-01 17:19:00,CANCELLED,547.34,CARD
6269,1877,20,,2026-03-01 18:56:00,2026-03-01 19:24:00,COMPLETED,390.31,UPI
6270,2256,102,,2026-03-01 11:35:00,2026-03-01 12:16:00,COMPLETED,215.48,UPI
6271,1153,110,,2026-03-01 20:13:00,2026-03-01 20:53:00,COMPLETED,344.72,UPI
6272,3633,12,,2026-03-01 14:45:00,2026-03-01 15:11:00,CANCELLED,336.09,CARD
6273,1767,39,,2026-03-01 10:45:00,2026-03-01 11:22:00,CANCELLED,740.58,UPI
6274,1013,117,,2026-03-01 15:06:00,2026-03-01 15:36:00,COMPLETED,774.98,COD
6275,4248,50,,2026-03-01 13:49:00,2026-03-01 14:22:00,COMPLETED,243.66,COD
6276,1016,63,,2026-03-01 17:43:00,2026-03-01 18:17:00,COMPLETED,637.99,COD
6277,1938,36,,2026-03-01 19:22:00,2026-03-01 19:56:00,CANCELLED,398.97,COD
6278,4792,44,,2026-03-01 21:40:00,2026-03-01 22:24:00,CANCELLED,456.98,COD
6279,2708,7,,2026-03-01 20:18:00,2026-03-01 20:44:00,COMPLETED,752.12,CARD
6280,1210,57,,2026-03-01 22:33:00,2026-03-01 23:00:00,CANCELLED,220.43,COD
6281,1305,34,,2026-03-01 13:45:00,2026-03-01 14:14:00,COMPLETED,631.14,COD
6282,2192,82,,2026-03-01 10:54:00,2026-03-01 11:24:00,COMPLETED,466.94,UPI
6283,3107,6,,2026-03-01 09:08:00,2026-03-01 09:45:00,CANCELLED,433.48,CARD
6284,3165,94,,2026-03-01 22:09:00,2026-03-01 22:36:00,CANCELLED,325.38,COD
6285,2780,51,,2026-03-01 11:43:00,2026-03-01 12:14:00,CANCELLED,625.03,COD
6286,2394,77,,2026-03-01 10:23:00,2026-03-01 11:04:00,COMPLETED,363.68,UPI
6287,3260,15,,2026-03-01 19:53:00,2026-03-01 20:28:00,CANCELLED,570.42,COD
6288,3977,61,,2026-03-01 19:22:00,2026-03-01 19:58:00,COMPLETED,517.78,CARD
6289,4021,103,,2026-03-01 13:37:00,2026-03-01 14:07:00,CANCELLED,535.22,COD
6290,4533,15,,2026-03-01 09:27:00,2026-03-01 10:10:00,COMPLETED,572.77,COD
6291,4729,78,,2026-03-01 17:44:00,2026-03-01 18:27:00,CANCELLED,477.46,UPI
6292,1028,97,,2026-03-01 09:52:00,2026-03-01 10:26:00,COMPLETED,290.66,CARD
6293,4691,74,,2026-03-01 14:10:00,2026-03-01 14:47:00,COMPLETED,527.32,UPI
6294,2688,42,,2026-03-01 22:35:00,2026-03-01 23:05:00,COMPLETED,153.72,COD
6295,4361,91,,2026-03-01 22:08:00,2026-03-01 22:38:00,COMPLETED,220.25,UPI
6296,1211,80,,2026-03-01 08:43:00,2026-03-01 09:12:00,CANCELLED,606.2,UPI
6297,3103,67,,2026-03-01 18:33:00,2026-03-01 19:14:00,CANCELLED,412.11,CARD
6298,1303,89,,2026-03-01 13:04:00,2026-03-01 13:46:00,COMPLETED,451.18,CARD
6299,3711,50,,2026-03-01 10:07:00,2026-03-01 10:39:00,CANCELLED,726.49,UPI
6300,4740,54,,2026-03-01 18:21:00,2026-03-01 18:49:00,CANCELLED,771.78,CARD
6301,1506,117,,2026-03-01 18:54:00,2026-03-01 19:37:00,CANCELLED,274.4,COD
6302,3292,84,,2026-03-01 20:16:00,2026-03-01 20:44:00,COMPLETED,730.08,COD
6303,3119,41,,2026-03-01 11:15:00,2026-03-01 11:41:00,COMPLETED,291.52,UPI
6304,4143,22,,2026-03-01 14:52:00,2026-03-01 15:34:00,COMPLETED,338.38,CARD
6305,3978,17,,2026-03-01 12:16:00,2026-03-01 12:41:00,COMPLETED,722.92,CARD
6306,1713,51,,2026-03-01 12:17:00,2026-03-01 12:54:00,CANCELLED,691.86,CARD
6307,1041,18,,2026-03-01 12:08:00,2026-03-01 12:38:00,CANCELLED,310.48,UPI
6308,3199,55,,2026-03-01 10:42:00,2026-03-01 11:14:00,CANCELLED,669.9,UPI
6309,1121,40,,2026-03-01 16:05:00,2026-03-01 16:42:00,COMPLETED,552.4,CARD
6310,3598,120,,2026-03-01 11:22:00,2026-03-01 12:07:00,CANCELLED,565.86,UPI
6311,4727,61,,2026-03-01 20:05:00,2026-03-01 20:42:00,CANCELLED,183.68,CARD
6312,2993,111,,2026-03-01 19:57:00,2026-03-01 20:37:00,COMPLETED,198.78,UPI
6313,1731,102,,2026-03-01 19:05:00,2026-03-01 19:40:00,CANCELLED,697.84,COD
6314,4410,28,,2026-03-01 08:20:00,2026-03-01 08:52:00,COMPLETED,723.61,UPI
6315,1076,89,,2026-03-01 22:34:00,2026-03-01 23:01:00,CANCELLED,778.24,COD
6316,4294,18,,2026-03-01 12:50:00,2026-03-01 13:29:00,CANCELLED,329.73,UPI
6317,4626,9,,2026-03-01 13:54:00,2026-03-01 14:28:00,CANCELLED,634.21,CARD
6318,3748,27,,2026-03-01 17:04:00,2026-03-01 17:47:00,COMPLETED,465.51,UPI
6319,3379,71,,2026-03-01 20:50:00,2026-03-01 21:22:00,CANCELLED,604.56,COD
6320,4297,71,,2026-03-01 17:28:00,2026-03-01 17:56:00,COMPLETED,666.77,CARD
6321,4718,49,,2026-03-01 17:50:00,2026-03-01 18:21:00,COMPLETED,780.66,CARD
6322,3249,84,,2026-03-01 10:50:00,2026-03-01 11:29:00,CANCELLED,485.38,UPI
6323,2123,24,,2026-03-01 20:35:00,2026-03-01 21:01:00,COMPLETED,378.98,UPI
6324,1946,11,,2026-03-01 21:11:00,2026-03-01 21:56:00,CANCELLED,526.23,COD
6325,3971,55,,2026-03-01 22:00:00,2026-03-01 22:27:00,COMPLETED,588.4,CARD
6326,2021,40,,2026-03-01 11:15:00,2026-03-01 11:50:00,CANCELLED,617.94,UPI
6327,4500,84,,2026-03-01 08:07:00,2026-03-01 08:47:00,COMPLETED,472.15,UPI
6328,3259,118,,2026-03-01 08:06:00,2026-03-01 08:48:00,CANCELLED,518.12,CARD
6329,3506,102,,2026-03-01 17:51:00,2026-03-01 18:35:00,CANCELLED,278.58,UPI
6330,3066,54,,2026-03-01 15:47:00,2026-03-01 16:24:00,CANCELLED,231.41,COD
6331,4827,2,,2026-03-01 12:03:00,2026-03-01 12:45:00,CANCELLED,742.77,UPI
6332,4199,106,,2026-03-01 09:14:00,2026-03-01 09:58:00,CANCELLED,509.09,CARD
6333,4064,22,,2026-03-01 14:07:00,2026-03-01 14:40:00,COMPLETED,735.15,CARD
6334,1412,26,,2026-03-01 13:40:00,2026-03-01 14:15:00,COMPLETED,610.19,CARD
6335,1275,45,,2026-03-01 13:35:00,2026-03-01 14:19:00,CANCELLED,212.57,UPI
6336,1449,118,,2026-03-01 11:33:00,2026-03-01 12:09:00,COMPLETED,166.84,UPI
6337,2403,14,,2026-03-01 16:29:00,2026-03-01 17:03:00,COMPLETED,785.26,UPI
6338,4097,46,,2026-03-01 11:54:00,2026-03-01 12:31:00,COMPLETED,762.81,UPI
6339,2031,9,,2026-03-01 20:31:00,2026-03-01 20:56:00,CANCELLED,304.28,COD
6340,2068,18,,2026-03-01 10:24:00,2026-03-01 10:56:00,CANCELLED,713.01,UPI
6341,4222,104,,2026-03-01 22:23:00,2026-03-01 23:04:00,CANCELLED,714.44,COD
6342,4618,106,,2026-03-01 20:06:00,2026-03-01 20:37:00,COMPLETED,290.71,CARD
6343,3113,11,,2026-03-01 09:54:00,2026-03-01 10:23:00,CANCELLED,191.03,CARD
6344,3678,93,,2026-03-01 21:55:00,2026-03-01 22:39:00,COMPLETED,379.65,UPI
6345,4038,88,,2026-03-01 19:30:00,2026-03-01 20:09:00,CANCELLED,720.26,COD
6346,2807,96,,2026-03-01 09:12:00,2026-03-01 09:42:00,CANCELLED,766.19,UPI
6347,4650,105,,2026-03-01 12:10:00,2026-03-01 12:50:00,COMPLETED,195.71,UPI
6348,1977,14,,2026-03-01 18:20:00,2026-03-01 18:51:00,COMPLETED,797.6,CARD
6349,4989,31,,2026-03-01 14:52:00,2026-03-01 15:22:00,COMPLETED,680.67,CARD
6350,4200,75,,2026-03-01 21:05:00,2026-03-01 21:40:00,CANCELLED,587.67,COD
6351,4334,119,,2026-03-01 08:27:00,2026-03-01 08:59:00,COMPLETED,481.13,COD
6352,2219,71,,2026-03-01 12:09:00,2026-03-01 12:47:00,CANCELLED,614.92,CARD
6353,1528,9,,2026-03-01 08:38:00,2026-03-01 09:04:00,COMPLETED,347.96,CARD
6354,3228,12,,2026-03-01 12:18:00,2026-03-01 12:43:00,CANCELLED,179.6,CARD
6355,1256,55,,2026-03-01 12:28:00,2026-03-01 13:06:00,CANCELLED,496.42,CARD
6356,1784,24,,2026-03-01 21:31:00,2026-03-01 22:16:00,COMPLETED,333.01,CARD
6357,4530,118,,2026-03-01 17:47:00,2026-03-01 18:27:00,COMPLETED,286.26,COD
6358,1768,83,,2026-03-01 08:21:00,2026-03-01 08:54:00,CANCELLED,581.79,UPI
6359,2256,40,,2026-03-01 11:38:00,2026-03-01 12:09:00,COMPLETED,217.91,UPI
6360,4566,6,,2026-03-01 14:09:00,2026-03-01 14:36:00,COMPLETED,341.25,UPI
6361,1049,81,,2026-03-01 08:01:00,2026-03-01 08:28:00,CANCELLED,221.84,COD
6362,2500,43,,2026-03-01 12:00:00,2026-03-01 12:35:00,CANCELLED,521.3,COD
6363,4112,19,,2026-03-01 08:48:00,2026-03-01 09:28:00,COMPLETED,591.36,CARD
6364,4092,111,,2026-03-01 14:05:00,2026-03-01 14:43:00,CANCELLED,234.81,COD
6365,4255,100,,2026-03-01 16:20:00,2026-03-01 16:57:00,COMPLETED,612.0,CARD
6366,4854,75,,2026-03-01 20:56:00,2026-03-01 21:38:00,CANCELLED,614.95,UPI
6367,2950,95,,2026-03-01 16:22:00,2026-03-01 17:00:00,CANCELLED,746.59,COD
6368,2967,60,,2026-03-01 11:42:00,2026-03-01 12:23:00,COMPLETED,233.72,COD
6369,1344,69,,2026-03-01 18:21:00,2026-03-01 19:03:00,COMPLETED,549.57,CARD
6370,1170,36,,2026-03-01 18:51:00,2026-03-01 19:21:00,CANCELLED,296.14,UPI
6371,3404,33,,2026-03-01 14:09:00,2026-03-01 14:37:00,CANCELLED,372.03,CARD
6372,4311,107,,2026-03-01 14:59:00,2026-03-01 15:40:00,COMPLETED,569.38,UPI
6373,2149,15,,2026-03-01 22:08:00,2026-03-01 22:40:00,COMPLETED,474.11,CARD
6374,4190,40,,2026-03-01 19:13:00,2026-03-01 19:50:00,COMPLETED,311.18,CARD
6375,2424,113,,2026-03-01 21:34:00,2026-03-01 22:02:00,CANCELLED,673.16,CARD
6376,1789,117,,2026-03-01 13:39:00,2026-03-01 14:23:00,COMPLETED,648.7,CARD
6377,1976,85,,2026-03-01 18:52:00,2026-03-01 19:27:00,CANCELLED,618.19,COD
6378,4388,40,,2026-03-01 14:10:00,2026-03-01 14:43:00,COMPLETED,648.68,CARD
6379,1332,87,,2026-03-01 11:07:00,2026-03-01 11:46:00,CANCELLED,313.58,UPI
6380,2286,109,,2026-03-01 11:53:00,2026-03-01 12:34:00,CANCELLED,732.66,COD
6381,4026,60,,2026-03-01 10:23:00,2026-03-01 10:49:00,COMPLETED,649.02,COD
6382,3689,36,,2026-03-01 15:49:00,2026-03-01 16:31:00,COMPLETED,185.86,UPI
6383,2426,93,,2026-03-01 14:07:00,2026-03-01 14:52:00,CANCELLED,641.25,CARD
6384,2156,120,,2026-03-01 13:27:00,2026-03-01 14:00:00,COMPLETED,442.61,CARD
6385,3775,53,,2026-03-01 20:05:00,2026-03-01 20:48:00,CANCELLED,454.19,CARD
6386,3203,103,,2026-03-01 22:55:00,2026-03-01 23:36:00,COMPLETED,568.82,CARD
6387,4122,119,,2026-03-01 10:18:00,2026-03-01 10:46:00,COMPLETED,631.17,UPI
6388,3781,86,,2026-03-01 21:18:00,2026-03-01 21:47:00,COMPLETED,751.62,COD
6389,2271,64,,2026-03-01 21:07:00,2026-03-01 21:51:00,COMPLETED,791.66,COD
6390,1432,89,,2026-03-01 13:02:00,2026-03-01 13:39:00,CANCELLED,388.59,UPI
6391,4655,36,,2026-03-01 17:10:00,2026-03-01 17:35:00,COMPLETED,762.7,COD
6392,3260,55,,2026-03-01 19:50:00,2026-03-01 20:24:00,CANCELLED,464.26,CARD
6393,4895,35,,2026-03-01 15:08:00,2026-03-01 15:41:00,COMPLETED,773.95,COD
6394,2231,106,,2026-03-01 21:08:00,2026-03-01 21:42:00,CANCELLED,188.54,UPI
6395,2697,61,,2026-03-01 17:36:00,2026-03-01 18:18:00,COMPLETED,224.74,COD
6396,2897,60,,2026-03-01 10:00:00,2026-03-01 10:41:00,COMPLETED,300.1,COD
6397,4180,7,,2026-03-01 13:34:00,2026-03-01 14:13:00,CANCELLED,578.75,COD
6398,2898,32,,2026-03-01 21:24:00,2026-03-01 21:49:00,COMPLETED,350.17,UPI
6399,4164,68,,2026-03-01 19:15:00,2026-03-01 19:53:00,CANCELLED,577.22,UPI
6400,4091,28,,2026-03-01 18:15:00,2026-03-01 18:41:00,COMPLETED,319.51,COD
6401,4288,60,,2026-03-01 16:45:00,2026-03-01 17:13:00,CANCELLED,555.81,CARD
6402,3348,19,,2026-03-01 16:32:00,2026-03-01 17:15:00,CANCELLED,412.56,CARD
6403,2913,3,,2026-03-01 10:44:00,2026-03-01 11:18:00,CANCELLED,705.8,COD
6404,1242,12,,2026-03-01 09:47:00,2026-03-01 10:18:00,CANCELLED,649.07,UPI
6405,2013,11,,2026-03-01 12:10:00,2026-03-01 12:39:00,CANCELLED,749.51,CARD
6406,1396,66,,2026-03-01 14:28:00,2026-03-01 15:04:00,COMPLETED,257.93,UPI
6407,4676,105,,2026-03-01 18:08:00,2026-03-01 18:35:00,CANCELLED,186.97,COD
6408,4700,98,,2026-03-01 12:37:00,2026-03-01 13:09:00,CANCELLED,326.03,CARD
6409,2450,114,,2026-03-01 22:23:00,2026-03-01 22:52:00,CANCELLED,673.94,UPI
6410,4983,105,,2026-03-01 13:03:00,2026-03-01 13:28:00,CANCELLED,286.49,COD
6411,4585,84,,2026-03-01 13:22:00,2026-03-01 13:49:00,COMPLETED,283.58,COD
6412,2056,14,,2026-03-01 22:01:00,2026-03-01 22:36:00,COMPLETED,223.8,COD
6413,1113,49,,2026-03-01 18:55:00,2026-03-01 19:24:00,COMPLETED,467.72,COD
6414,3660,75,,2026-03-01 20:34:00,2026-03-01 21:11:00,COMPLETED,184.29,COD
6415,1723,10,,2026-03-01 14:09:00,2026-03-01 14:38:00,CANCELLED,322.11,CARD
6416,4211,119,,2026-03-01 22:45:00,2026-03-01 23:23:00,CANCELLED,575.09,COD
6417,4343,26,,2026-03-01 20:46:00,2026-03-01 21:22:00,CANCELLED,585.35,UPI
6418,1491,16,,2026-03-01 21:13:00,2026-03-01 21:51:00,CANCELLED,220.63,CARD
6419,3338,92,,2026-03-01 13:20:00,2026-03-01 14:04:00,CANCELLED,325.59,COD
6420,3187,36,,2026-03-01 15:03:00,2026-03-01 15:30:00,CANCELLED,354.48,UPI
6421,3192,20,,2026-03-01 21:01:00,2026-03-01 21:36:00,CANCELLED,494.48,CARD
6422,2510,8,,2026-03-01 18:56:00,2026-03-01 19:40:00,COMPLETED,325.31,CARD
6423,4962,5,,2026-03-01 17:54:00,2026-03-01 18:28:00,COMPLETED,669.4,COD
6424,3273,48,,2026-03-01 11:19:00,2026-03-01 11:55:00,COMPLETED,686.56,CARD
6425,4887,86,,2026-03-01 08:57:00,2026-03-01 09:28:00,CANCELLED,719.33,COD
6426,1123,44,,2026-03-01 16:40:00,2026-03-01 17:21:00,COMPLETED,751.94,UPI
6427,4575,64,,2026-03-01 13:23:00,2026-03-01 13:49:00,COMPLETED,530.84,CARD
6428,4310,28,,2026-03-01 22:00:00,2026-03-01 22:39:00,CANCELLED,318.51,UPI
6429,1740,36,,2026-03-01 10:14:00,2026-03-01 10:50:00,CANCELLED,470.02,UPI
6430,4189,117,,2026-03-01 12:19:00,2026-03-01 12:53:00,CANCELLED,517.57,UPI
6431,2004,5,,2026-03-01 21:33:00,2026-03-01 22:16:00,CANCELLED,427.64,COD
6432,1035,50,,2026-03-01 08:49:00,2026-03-01 09:27:00,COMPLETED,403.61,CARD
6433,4933,95,,2026-03-01 15:24:00,2026-03-01 15:53:00,CANCELLED,386.7,UPI
6434,3035,60,,2026-03-01 21:41:00,2026-03-01 22:12:00,COMPLETED,660.35,CARD
6435,4544,38,,2026-03-01 14:00:00,2026-03-01 14:45:00,CANCELLED,163.45,COD
6436,1090,114,,2026-03-01 10:23:00,2026-03-01 10:51:00,CANCELLED,165.83,COD
6437,2037,104,,2026-03-01 22:40:00,2026-03-01 23:16:00,CANCELLED,625.24,CARD
6438,1379,97,,2026-03-01 15:25:00,2026-03-01 15:51:00,CANCELLED,189.29,CARD
6439,1578,108,,2026-03-01 22:34:00,2026-03-01 23:06:00,CANCELLED,454.68,UPI
6440,2626,18,,2026-03-01 17:37:00,2026-03-01 18:06:00,CANCELLED,584.48,COD
6441,2215,26,,2026-03-01 20:03:00,2026-03-01 20:43:00,COMPLETED,595.66,COD
6442,2522,8,,2026-03-01 11:42:00,2026-03-01 12:11:00,COMPLETED,637.19,CARD
6443,2217,32,,2026-03-01 21:15:00,2026-03-01 21:58:00,CANCELLED,766.03,COD
6444,2464,20,,2026-03-02 17:30:00,2026-03-02 18:13:00,COMPLETED,427.8,UPI
6445,3334,54,,2026-03-02 18:05:00,2026-03-02 18:38:00,CANCELLED,368.48,UPI
6446,3913,80,,2026-03-02 18:19:00,2026-03-02 18:55:00,CANCELLED,697.77,CARD
6447,1709,58,,2026-03-02 16:39:00,2026-03-02 17:07:00,COMPLETED,621.67,UPI
6448,3789,94,,2026-03-02 20:06:00,2026-03-02 20:40:00,COMPLETED,435.64,COD
6449,1543,109,,2026-03-02 17:01:00,2026-03-02 17:33:00,COMPLETED,755.65,UPI
6450,1873,77,,2026-03-02 08:24:00,2026-03-02 08:54:00,COMPLETED,406.19,CARD
6451,2587,14,,2026-03-02 10:12:00,2026-03-02 10:52:00,CANCELLED,415.63,UPI
6452,4139,86,,2026-03-02 20:07:00,2026-03-02 20:32:00,CANCELLED,786.02,UPI
6453,2377,85,,2026-03-02 20:25:00,2026-03-02 21:02:00,CANCELLED,214.54,COD
6454,1947,65,,2026-03-02 17:25:00,2026-03-02 18:02:00,COMPLETED,772.05,COD
6455,4840,18,,2026-03-02 13:58:00,2026-03-02 14:23:00,COMPLETED,495.73,CARD
6456,2953,100,,2026-03-02 10:45:00,2026-03-02 11:11:00,CANCELLED,591.46,UPI
6457,1695,102,,2026-03-02 18:01:00,2026-03-02 18:37:00,COMPLETED,437.53,UPI
6458,4254,35,,2026-03-02 16:22:00,2026-03-02 17:02:00,COMPLETED,284.08,COD
6459,1888,117,,2026-03-02 13:25:00,2026-03-02 13:58:00,COMPLETED,682.95,UPI
6460,3930,57,,2026-03-02 11:18:00,2026-03-02 11:47:00,COMPLETED,545.14,CARD
6461,1326,106,,2026-03-02 17:52:00,2026-03-02 18:22:00,CANCELLED,227.8,COD
6462,1005,63,,2026-03-02 10:21:00,2026-03-02 10:58:00,CANCELLED,641.78,COD
6463,4661,81,,2026-03-02 12:23:00,2026-03-02 12:54:00,CANCELLED,769.94,CARD
6464,4917,113,,2026-03-02 16:54:00,2026-03-02 17:31:00,CANCELLED,781.31,UPI
6465,1279,47,,2026-03-02 11:41:00,2026-03-02 12:21:00,CANCELLED,459.66,COD
6466,1743,1,,2026-03-02 08:26:00,2026-03-02 09:02:00,COMPLETED,192.57,UPI
6467,3724,104,,2026-03-02 11:47:00,2026-03-02 12:12:00,CANCELLED,183.63,CARD
6468,2913,58,,2026-03-02 11:34:00,2026-03-02 12:06:00,COMPLETED,218.54,COD
6469,1789,114,,2026-03-02 18:26:00,2026-03-02 19:06:00,CANCELLED,761.87,CARD
6470,2392,7,,2026-03-02 13:18:00,2026-03-02 13:59:00,COMPLETED,594.84,UPI
6471,3484,82,,2026-03-02 19:25:00,2026-03-02 20:01:00,COMPLETED,491.57,UPI
6472,1001,78,,2026-03-02 17:17:00,2026-03-02 17:42:00,COMPLETED,456.84,COD
6473,3683,81,,2026-03-02 08:28:00,2026-03-02 09:10:00,CANCELLED,205.5,COD
6474,3139,75,,2026-03-02 20:51:00,2026-03-02 21:19:00,CANCELLED,375.66,COD
6475,3865,42,,2026-03-02 18:10:00,2026-03-02 18:55:00,CANCELLED,652.08,COD
6476,1308,105,,2026-03-02 12:00:00,2026-03-02 12:31:00,CANCELLED,676.95,CARD
6477,4875,45,,2026-03-02 16:48:00,2026-03-02 17:27:00,COMPLETED,449.16,UPI
6478,1121,26,,2026-03-02 21:28:00,2026-03-02 22:12:00,COMPLETED,277.8,CARD
6479,1232,102,,2026-03-02 16:58:00,2026-03-02 17:40:00,CANCELLED,711.42,CARD
6480,2904,44,,2026-03-02 12:49:00,2026-03-02 13:16:00,COMPLETED,260.05,CARD
6481,4878,29,,2026-03-02 12:46:00,2026-03-02 13:14:00,COMPLETED,180.6,CARD
6482,2733,64,,2026-03-02 18:40:00,2026-03-02 19:22:00,CANCELLED,485.19,UPI
6483,3796,70,,2026-03-02 13:32:00,2026-03-02 14:07:00,CANCELLED,767.17,COD
6484,3355,97,,2026-03-02 18:01:00,2026-03-02 18:36:00,COMPLETED,347.38,COD
6485,4394,117,,2026-03-02 13:03:00,2026-03-02 13:47:00,CANCELLED,264.38,COD
6486,3547,38,,2026-03-02 14:40:00,2026-03-02 15:18:00,CANCELLED,233.16,COD
6487,4913,44,,2026-03-02 16:33:00,2026-03-02 17:11:00,COMPLETED,501.11,COD
6488,1161,40,,2026-03-02 12:54:00,2026-03-02 13:23:00,COMPLETED,573.35,UPI
6489,4740,6,,2026-03-02 21:03:00,2026-03-02 21:38:00,CANCELLED,739.33,COD
6490,4591,50,,2026-03-02 09:48:00,2026-03-02 10:28:00,CANCELLED,580.56,UPI
6491,4515,74,,2026-03-02 18:19:00,2026-03-02 18:50:00,CANCELLED,219.3,CARD
6492,2839,33,,2026-03-02 20:50:00,2026-03-02 21:27:00,COMPLETED,437.05,CARD
6493,3308,66,,2026-03-02 17:33:00,2026-03-02 18:11:00,CANCELLED,496.38,UPI
6494,1308,97,,2026-03-02 12:37:00,2026-03-02 13:21:00,COMPLETED,185.49,CARD
6495,2874,83,,2026-03-02 21:50:00,2026-03-02 22:28:00,COMPLETED,785.92,UPI
6496,2833,80,,2026-03-02 09:33:00,2026-03-02 10:14:00,COMPLETED,574.53,UPI
6497,4656,41,,2026-03-02 17:10:00,2026-03-02 17:54:00,COMPLETED,445.43,COD
6498,2141,74,,2026-03-02 09:14:00,2026-03-02 09:44:00,COMPLETED,721.23,COD
6499,2459,87,,2026-03-02 15:21:00,2026-03-02 15:54:00,COMPLETED,752.1,UPI
6500,3238,2,,2026-03-02 12:12:00,2026-03-02 12:51:00,CANCELLED,436.26,UPI
6501,3573,76,,2026-03-02 08:40:00,2026-03-02 09:20:00,COMPLETED,402.84,COD
6502,4432,58,,2026-03-02 21:41:00,2026-03-02 22:22:00,CANCELLED,406.04,CARD
6503,4686,90,,2026-03-02 11:02:00,2026-03-02 11:40:00,COMPLETED,641.95,COD
6504,2923,27,,2026-03-02 19:24:00,2026-03-02 19:54:00,CANCELLED,654.6,COD
6505,2594,115,,2026-03-02 10:24:00,2026-03-02 11:00:00,CANCELLED,793.65,COD
6506,1019,4,,2026-03-02 10:38:00,2026-03-02 11:10:00,CANCELLED,447.59,CARD
6507,2429,101,,2026-03-02 22:43:00,2026-03-02 23:26:00,COMPLETED,388.82,COD
6508,1743,44,,2026-03-02 20:02:00,2026-03-02 20:36:00,CANCELLED,397.43,COD
6509,4213,93,,2026-03-02 17:54:00,2026-03-02 18:36:00,COMPLETED,719.05,UPI
6510,1871,53,,2026-03-02 16:22:00,2026-03-02 17:04:00,COMPLETED,603.56,COD
6511,4694,117,,2026-03-02 08:31:00,2026-03-02 09:02:00,CANCELLED,197.56,COD
6512,2661,44,,2026-03-02 22:01:00,2026-03-02 22:46:00,COMPLETED,231.26,CARD
6513,3999,120,,2026-03-02 13:30:00,2026-03-02 14:08:00,CANCELLED,550.75,CARD
6514,4546,93,,2026-03-02 18:16:00,2026-03-02 18:55:00,CANCELLED,680.64,COD
6515,4281,6,,2026-03-02 20:34:00,2026-03-02 21:14:00,CANCELLED,178.58,UPI
6516,1406,107,,2026-03-02 12:38:00,2026-03-02 13:15:00,CANCELLED,661.67,COD
6517,1128,7,,2026-03-02 22:52:00,2026-03-02 23:31:00,CANCELLED,626.62,COD
6518,2265,115,,2026-03-02 20:27:00,2026-03-02 21:07:00,CANCELLED,278.03,CARD
6519,3704,94,,2026-03-02 15:28:00,2026-03-02 15:55:00,CANCELLED,304.94,CARD
6520,1763,112,,2026-03-02 15:49:00,2026-03-02 16:27:00,COMPLETED,739.25,UPI
6521,4276,39,,2026-03-02 20:04:00,2026-03-02 20:44:00,COMPLETED,630.38,UPI
6522,2790,55,,2026-03-02 14:23:00,2026-03-02 15:04:00,COMPLETED,490.29,UPI
6523,3967,64,,2026-03-02 20:58:00,2026-03-02 21:40:00,CANCELLED,193.59,COD
6524,2480,113,,2026-03-02 16:20:00,2026-03-02 17:01:00,COMPLETED,558.05,UPI
6525,3060,65,,2026-03-02 09:51:00,2026-03-02 10:35:00,CANCELLED,262.53,COD
6526,3810,74,,2026-03-02 20:05:00,2026-03-02 20:38:00,COMPLETED,203.4,COD
6527,3923,29,,2026-03-02 10:19:00,2026-03-02 10:50:00,COMPLETED,229.74,CARD
6528,1058,60,,2026-03-02 21:24:00,2026-03-02 21:49:00,COMPLETED,287.55,COD
6529,2185,92,,2026-03-02 19:17:00,2026-03-02 19:42:00,CANCELLED,766.25,UPI
6530,2719,59,,2026-03-02 21:19:00,2026-03-02 21:55:00,CANCELLED,196.2,CARD
6531,4006,60,,2026-03-02 12:32:00,2026-03-02 13:00:00,CANCELLED,403.88,UPI
6532,3244,76,,2026-03-02 13:23:00,2026-03-02 14:01:00,COMPLETED,524.87,COD
6533,2517,57,,2026-03-02 14:51:00,2026-03-02 15:25:00,CANCELLED,469.51,CARD
6534,4818,48,,2026-03-02 15:40:00,2026-03-02 16:17:00,CANCELLED,617.72,UPI
6535,2968,51,,2026-03-02 14:50:00,2026-03-02 15:23:00,COMPLETED,515.39,COD
6536,3749,95,,2026-03-02 08:08:00,2026-03-02 08:49:00,CANCELLED,702.41,COD
6537,2273,43,,2026-03-02 18:00:00,2026-03-02 18:38:00,CANCELLED,752.27,COD
6538,1254,37,,2026-03-02 16:22:00,2026-03-02 16:58:00,CANCELLED,493.99,CARD
6539,2997,19,,2026-03-02 17:31:00,2026-03-02 18:12:00,CANCELLED,384.39,CARD
6540,1682,1,,2026-03-02 12:42:00,2026-03-02 13:11:00,CANCELLED,200.05,CARD
6541,3835,6,,2026-03-02 17:27:00,2026-03-02 18:03:00,CANCELLED,728.77,COD
6542,2914,101,,2026-03-02 18:09:00,2026-03-02 18:51:00,COMPLETED,569.48,UPI
6543,1142,8,,2026-03-02 21:23:00,2026-03-02 21:56:00,CANCELLED,670.26,COD
6544,4526,56,,2026-03-02 13:12:00,2026-03-02 13:50:00,COMPLETED,529.7,COD
6545,2052,32,,2026-03-02 10:46:00,2026-03-02 11:13:00,COMPLETED,276.09,CARD
6546,3321,106,,2026-03-02 19:53:00,2026-03-02 20:24:00,COMPLETED,307.18,COD
6547,4775,15,,2026-03-02 09:20:00,2026-03-02 09:48:00,CANCELLED,584.58,UPI
6548,3055,69,,2026-03-02 14:02:00,2026-03-02 14:35:00,CANCELLED,373.04,UPI
6549,1546,90,,2026-03-02 13:27:00,2026-03-02 14:03:00,CANCELLED,381.06,CARD
6550,2407,10,,2026-03-02 14:42:00,2026-03-02 15:10:00,CANCELLED,275.36,CARD
6551,2419,59,,2026-03-02 15:48:00,2026-03-02 16:21:00,COMPLETED,356.3,UPI
6552,1818,84,,2026-03-02 17:45:00,2026-03-02 18:27:00,CANCELLED,613.2,COD
6553,2344,45,,2026-03-02 19:12:00,2026-03-02 19:44:00,CANCELLED,770.91,CARD
6554,3691,27,,2026-03-02 15:22:00,2026-03-02 15:54:00,CANCELLED,611.88,CARD
6555,3720,33,,2026-03-02 17:10:00,2026-03-02 17:48:00,COMPLETED,451.58,CARD
6556,4868,88,,2026-03-02 10:24:00,2026-03-02 10:59:00,CANCELLED,737.57,CARD
6557,3517,96,,2026-03-02 10:05:00,2026-03-02 10:49:00,COMPLETED,653.69,CARD
6558,2080,111,,2026-03-02 15:22:00,2026-03-02 15:51:00,CANCELLED,757.28,UPI
6559,2724,91,,2026-03-02 18:49:00,2026-03-02 19:29:00,COMPLETED,534.74,UPI
6560,2163,18,,2026-03-02 21:40:00,2026-03-02 22:22:00,CANCELLED,491.39,UPI
6561,2987,76,,2026-03-02 22:16:00,2026-03-02 22:44:00,CANCELLED,274.31,UPI
6562,4630,7,,2026-03-02 17:38:00,2026-03-02 18:22:00,COMPLETED,678.22,COD
6563,4811,105,,2026-03-02 10:14:00,2026-03-02 10:59:00,CANCELLED,678.57,CARD
6564,3783,101,,2026-03-02 20:57:00,2026-03-02 21:23:00,CANCELLED,706.44,CARD
6565,4427,2,,2026-03-02 19:32:00,2026-03-02 20:01:00,COMPLETED,501.02,CARD
6566,1413,118,,2026-03-02 15:45:00,2026-03-02 16:15:00,COMPLETED,230.73,UPI
6567,3343,6,,2026-03-02 18:52:00,2026-03-02 19:19:00,CANCELLED,734.37,CARD
6568,1702,106,,2026-03-02 21:35:00,2026-03-02 22:12:00,CANCELLED,680.08,CARD
6569,3820,24,,2026-03-02 12:37:00,2026-03-02 13:15:00,COMPLETED,173.17,UPI
6570,2671,28,,2026-03-02 13:44:00,2026-03-02 14:22:00,COMPLETED,541.06,CARD
6571,3137,20,,2026-03-02 14:01:00,2026-03-02 14:27:00,CANCELLED,272.6,COD
6572,2323,31,,2026-03-02 14:32:00,2026-03-02 15:01:00,COMPLETED,770.37,COD
6573,3634,64,,2026-03-02 12:00:00,2026-03-02 12:26:00,CANCELLED,353.69,CARD
6574,4433,37,,2026-03-02 20:54:00,2026-03-02 21:35:00,COMPLETED,587.17,COD
6575,4621,37,,2026-03-02 09:02:00,2026-03-02 09:31:00,CANCELLED,273.26,UPI
6576,2146,48,,2026-03-02 08:50:00,2026-03-02 09:30:00,COMPLETED,643.98,CARD
6577,4020,111,,2026-03-02 18:14:00,2026-03-02 18:45:00,COMPLETED,762.08,CARD
6578,3620,113,,2026-03-02 08:55:00,2026-03-02 09:38:00,CANCELLED,165.89,UPI
6579,2238,119,,2026-03-02 12:36:00,2026-03-02 13:01:00,COMPLETED,205.93,CARD
6580,2983,13,,2026-03-02 08:12:00,2026-03-02 08:51:00,COMPLETED,303.15,UPI
6581,4844,119,,2026-03-02 19:59:00,2026-03-02 20:31:00,COMPLETED,641.72,UPI
6582,3634,29,,2026-03-02 16:06:00,2026-03-02 16:51:00,CANCELLED,433.51,UPI
6583,2629,9,,2026-03-02 12:23:00,2026-03-02 13:02:00,CANCELLED,232.73,UPI
6584,2382,42,,2026-03-02 16:07:00,2026-03-02 16:39:00,CANCELLED,512.32,COD
6585,4840,13,,2026-03-02 12:55:00,2026-03-02 13:34:00,COMPLETED,740.94,UPI
6586,2390,115,,2026-03-02 15:18:00,2026-03-02 15:46:00,COMPLETED,527.06,CARD
6587,3487,35,,2026-03-02 20:42:00,2026-03-02 21:11:00,COMPLETED,450.74,COD
6588,4939,9,,2026-03-02 22:12:00,2026-03-02 22:41:00,CANCELLED,188.26,CARD
6589,4623,33,,2026-03-02 09:40:00,2026-03-02 10:11:00,COMPLETED,563.78,CARD
6590,1645,61,,2026-03-02 08:51:00,2026-03-02 09:29:00,CANCELLED,477.76,UPI
6591,2938,25,,2026-03-02 21:51:00,2026-03-02 22:30:00,COMPLETED,608.16,CARD
6592,3469,111,,2026-03-02 09:11:00,2026-03-02 09:40:00,COMPLETED,293.68,COD
6593,1449,19,,2026-03-02 19:45:00,2026-03-02 20:29:00,CANCELLED,375.31,COD
6594,2290,60,,2026-03-02 17:40:00,2026-03-02 18:16:00,COMPLETED,766.81,COD
6595,2726,87,,2026-03-02 09:26:00,2026-03-02 09:53:00,COMPLETED,788.97,COD
6596,4507,84,,2026-03-02 22:13:00,2026-03-02 22:50:00,CANCELLED,538.73,COD
6597,4416,33,,2026-03-02 08:03:00,2026-03-02 08:36:00,COMPLETED,406.02,COD
6598,2188,33,,2026-03-02 14:41:00,2026-03-02 15:14:00,COMPLETED,685.41,CARD
6599,4311,102,,2026-03-02 21:16:00,2026-03-02 21:59:00,CANCELLED,532.36,UPI
6600,3826,98,,2026-03-02 10:30:00,2026-03-02 11:00:00,COMPLETED,560.5,UPI
6601,1676,118,,2026-03-02 18:44:00,2026-03-02 19:13:00,CANCELLED,408.68,CARD
6602,1643,60,,2026-03-02 12:04:00,2026-03-02 12:39:00,COMPLETED,700.67,CARD
6603,2309,86,,2026-03-02 15:36:00,2026-03-02 16:18:00,CANCELLED,219.18,CARD
6604,3213,97,,2026-03-02 11:43:00,2026-03-02 12:14:00,CANCELLED,291.73,COD
6605,1177,116,,2026-03-02 08:44:00,2026-03-02 09:27:00,COMPLETED,582.64,COD
6606,2401,66,,2026-03-02 18:49:00,2026-03-02 19:18:00,CANCELLED,569.5,UPI
6607,2161,52,,2026-03-02 15:36:00,2026-03-02 16:11:00,CANCELLED,508.49,COD
6608,3264,85,,2026-03-02 16:10:00,2026-03-02 16:40:00,CANCELLED,776.55,CARD
6609,2184,36,,2026-03-02 08:28:00,2026-03-02 09:00:00,CANCELLED,564.52,COD
6610,4358,49,,2026-03-02 11:08:00,2026-03-02 11:42:00,CANCELLED,571.53,CARD
6611,2167,106,,2026-03-02 15:03:00,2026-03-02 15:44:00,COMPLETED,367.22,CARD
6612,2363,16,,2026-03-02 15:00:00,2026-03-02 15:31:00,CANCELLED,353.2,COD
6613,4348,66,,2026-03-02 13:21:00,2026-03-02 13:48:00,CANCELLED,220.35,CARD
6614,2621,73,,2026-03-02 22:23:00,2026-03-02 23:03:00,CANCELLED,383.33,CARD
6615,2672,42,,2026-03-02 14:09:00,2026-03-02 14:52:00,CANCELLED,158.19,CARD
6616,3889,29,,2026-03-02 21:07:00,2026-03-02 21:39:00,CANCELLED,633.57,COD
6617,4452,51,,2026-03-02 11:06:00,2026-03-02 11:49:00,CANCELLED,485.29,CARD
6618,1035,73,,2026-03-02 10:23:00,2026-03-02 10:50:00,COMPLETED,269.61,COD
6619,3999,34,,2026-03-02 13:33:00,2026-03-02 14:00:00,CANCELLED,379.53,CARD
6620,4437,93,,2026-03-02 18:49:00,2026-03-02 19:25:00,COMPLETED,444.55,COD
6621,2624,53,,2026-03-02 11:55:00,2026-03-02 12:35:00,COMPLETED,327.46,UPI
6622,1876,8,,2026-03-03 15:19:00,2026-03-03 15:53:00,COMPLETED,552.24,UPI
6623,1317,29,,2026-03-03 08:47:00,2026-03-03 09:29:00,CANCELLED,250.92,CARD
6624,1499,3,,2026-03-03 17:32:00,2026-03-03 18:01:00,COMPLETED,385.11,COD
6625,3482,20,,2026-03-03 13:18:00,2026-03-03 13:49:00,COMPLETED,544.78,UPI
6626,3933,87,,2026-03-03 08:33:00,2026-03-03 09:00:00,CANCELLED,519.05,COD
6627,1104,59,,2026-03-03 17:30:00,2026-03-03 18:03:00,CANCELLED,589.97,CARD
6628,1811,78,,2026-03-03 18:05:00,2026-03-03 18:40:00,COMPLETED,748.75,UPI
6629,3700,85,,2026-03-03 17:11:00,2026-03-03 17:42:00,CANCELLED,638.49,UPI
6630,1098,7,,2026-03-03 15:48:00,2026-03-03 16:32:00,CANCELLED,478.76,UPI
6631,2765,51,,2026-03-03 13:10:00,2026-03-03 13:47:00,CANCELLED,544.92,CARD
6632,2767,119,,2026-03-03 17:35:00,2026-03-03 18:07:00,COMPLETED,592.0,CARD
6633,1861,67,,2026-03-03 18:48:00,2026-03-03 19:22:00,CANCELLED,478.61,CARD
6634,4708,94,,2026-03-03 20:41:00,2026-03-03 21:17:00,COMPLETED,494.1,UPI
6635,2368,101,,2026-03-03 17:53:00,2026-03-03 18:23:00,CANCELLED,257.36,UPI
6636,2544,49,,2026-03-03 21:31:00,2026-03-03 22:01:00,COMPLETED,286.96,COD
6637,4008,105,,2026-03-03 13:35:00,2026-03-03 14:14:00,COMPLETED,467.1,CARD
6638,4775,70,,2026-03-03 13:11:00,2026-03-03 13:49:00,COMPLETED,457.82,COD
6639,2914,23,,2026-03-03 20:25:00,2026-03-03 20:58:00,COMPLETED,657.62,CARD
6640,3613,33,,2026-03-03 12:06:00,2026-03-03 12:39:00,CANCELLED,420.52,COD
6641,1410,120,,2026-03-03 08:47:00,2026-03-03 09:23:00,CANCELLED,539.67,CARD
6642,3239,7,,2026-03-03 14:35:00,2026-03-03 15:02:00,CANCELLED,715.56,UPI
6643,4333,71,,2026-03-03 10:52:00,2026-03-03 11:33:00,CANCELLED,642.54,CARD
6644,4914,61,,2026-03-03 16:52:00,2026-03-03 17:33:00,COMPLETED,326.7,UPI
6645,4643,3,,2026-03-03 18:18:00,2026-03-03 18:51:00,COMPLETED,592.12,CARD
6646,2475,11,,2026-03-03 19:32:00,2026-03-03 20:16:00,CANCELLED,554.03,UPI
6647,1940,86,,2026-03-03 15:07:00,2026-03-03 15:34:00,CANCELLED,327.5,CARD
6648,3848,84,,2026-03-03 17:13:00,2026-03-03 17:45:00,COMPLETED,714.74,CARD
6649,1113,16,,2026-03-03 12:13:00,2026-03-03 12:55:00,CANCELLED,526.55,COD
6650,2723,75,,2026-03-03 12:34:00,2026-03-03 13:14:00,COMPLETED,672.93,CARD
6651,3023,64,,2026-03-03 22:12:00,2026-03-03 22:43:00,COMPLETED,560.56,CARD
6652,1372,100,,2026-03-03 17:24:00,2026-03-03 17:49:00,COMPLETED,253.96,COD
6653,1880,13,,2026-03-03 09:18:00,2026-03-03 09:55:00,CANCELLED,267.25,COD
6654,1984,75,,2026-03-03 18:42:00,2026-03-03 19:11:00,COMPLETED,386.48,COD
6655,1992,105,,2026-03-03 09:14:00,2026-03-03 09:45:00,CANCELLED,564.15,CARD
6656,2192,99,,2026-03-03 11:42:00,2026-03-03 12:09:00,COMPLETED,535.87,COD
6657,2986,6,,2026-03-03 09:21:00,2026-03-03 09:51:00,COMPLETED,308.86,CARD
6658,2982,24,,2026-03-03 18:09:00,2026-03-03 18:47:00,COMPLETED,691.93,COD
6659,3475,3,,2026-03-03 18:37:00,2026-03-03 19:13:00,COMPLETED,213.49,UPI
6660,2311,52,,2026-03-03 16:17:00,2026-03-03 17:02:00,COMPLETED,155.07,COD
6661,3687,75,,2026-03-03 19:46:00,2026-03-03 20:14:00,COMPLETED,768.29,UPI
6662,4452,114,,2026-03-03 22:49:00,2026-03-03 23:24:00,COMPLETED,683.54,COD
6663,3169,31,,2026-03-03 13:01:00,2026-03-03 13:35:00,CANCELLED,794.27,CARD
6664,1465,48,,2026-03-03 21:16:00,2026-03-03 21:56:00,COMPLETED,353.2,CARD
6665,2783,80,,2026-03-03 16:24:00,2026-03-03 16:58:00,COMPLETED,223.82,CARD
6666,2852,2,,2026-03-03 08:59:00,2026-03-03 09:41:00,COMPLETED,463.71,CARD
6667,4456,33,,2026-03-03 11:10:00,2026-03-03 11:36:00,COMPLETED,180.28,COD
6668,1039,111,,2026-03-03 19:12:00,2026-03-03 19:53:00,COMPLETED,333.97,CARD
6669,1467,23,,2026-03-03 17:41:00,2026-03-03 18:26:00,COMPLETED,259.03,UPI
6670,1102,48,,2026-03-03 19:22:00,2026-03-03 19:47:00,COMPLETED,265.67,CARD
6671,1956,18,,2026-03-03 09:17:00,2026-03-03 09:59:00,CANCELLED,271.49,UPI
6672,2478,19,,2026-03-03 14:33:00,2026-03-03 15:03:00,COMPLETED,724.64,COD
6673,1404,56,,2026-03-03 11:45:00,2026-03-03 12:13:00,CANCELLED,516.6,CARD
6674,3167,116,,2026-03-03 12:57:00,2026-03-03 13:27:00,COMPLETED,258.85,UPI
6675,1415,96,,2026-03-03 16:25:00,2026-03-03 16:50:00,COMPLETED,410.58,CARD
6676,4289,56,,2026-03-03 09:53:00,2026-03-03 10:21:00,CANCELLED,666.53,CARD
6677,4018,18,,2026-03-03 17:09:00,2026-03-03 17:47:00,COMPLETED,266.69,COD
6678,3077,51,,2026-03-03 13:41:00,2026-03-03 14:12:00,CANCELLED,640.11,UPI
6679,4193,3,,2026-03-03 15:33:00,2026-03-03 16:05:00,COMPLETED,261.23,CARD
6680,1342,62,,2026-03-03 17:47:00,2026-03-03 18:21:00,CANCELLED,285.67,COD
6681,2478,102,,2026-03-03 12:49:00,2026-03-03 13:14:00,COMPLETED,200.44,CARD
6682,1248,86,,2026-03-03 12:47:00,2026-03-03 13:14:00,CANCELLED,167.85,UPI
6683,1010,68,,2026-03-03 21:34:00,2026-03-03 22:09:00,CANCELLED,476.17,COD
6684,2691,119,,2026-03-03 17:20:00,2026-03-03 17:54:00,CANCELLED,440.28,COD
6685,3065,33,,2026-03-03 21:20:00,2026-03-03 22:00:00,CANCELLED,443.85,UPI
6686,3290,84,,2026-03-03 08:50:00,2026-03-03 09:15:00,COMPLETED,797.52,CARD
6687,2116,85,,2026-03-03 15:40:00,2026-03-03 16:17:00,CANCELLED,690.01,UPI
6688,2318,42,,2026-03-03 16:42:00,2026-03-03 17:14:00,COMPLETED,204.74,COD
6689,2861,83,,2026-03-03 15:32:00,2026-03-03 16:02:00,CANCELLED,307.54,CARD
6690,1767,73,,2026-03-03 10:20:00,2026-03-03 11:02:00,COMPLETED,226.57,CARD
6691,1534,2,,2026-03-03 17:20:00,2026-03-03 17:52:00,CANCELLED,220.16,COD
6692,2047,4,,2026-03-03 09:04:00,2026-03-03 09:35:00,CANCELLED,732.0,UPI
6693,1298,114,,2026-03-03 17:06:00,2026-03-03 17:31:00,COMPLETED,386.52,COD
6694,2643,41,,2026-03-03 13:10:00,2026-03-03 13:36:00,COMPLETED,192.99,UPI
6695,4505,61,,2026-03-03 18:53:00,2026-03-03 19:26:00,COMPLETED,617.36,UPI
6696,2112,70,,2026-03-03 08:50:00,2026-03-03 09:27:00,CANCELLED,760.45,UPI
6697,4737,66,,2026-03-03 17:40:00,2026-03-03 18:18:00,CANCELLED,768.88,CARD
6698,1669,115,,2026-03-03 19:13:00,2026-03-03 19:40:00,CANCELLED,689.15,UPI
6699,1103,40,,2026-03-03 20:35:00,2026-03-03 21:19:00,CANCELLED,502.97,COD
6700,3693,67,,2026-03-03 12:12:00,2026-03-03 12:54:00,COMPLETED,525.41,COD
6701,4362,117,,2026-03-03 09:42:00,2026-03-03 10:15:00,CANCELLED,604.16,UPI
6702,2903,57,,2026-03-03 21:34:00,2026-03-03 22:11:00,CANCELLED,736.38,CARD
6703,1529,35,,2026-03-03 22:41:00,2026-03-03 23:16:00,CANCELLED,629.57,COD
6704,3327,20,,2026-03-03 16:15:00,2026-03-03 16:41:00,COMPLETED,442.4,UPI
6705,4817,116,,2026-03-03 13:39:00,2026-03-03 14:06:00,CANCELLED,715.5,UPI
6706,1528,114,,2026-03-03 20:56:00,2026-03-03 21:22:00,COMPLETED,582.56,CARD
6707,3883,45,,2026-03-03 08:04:00,2026-03-03 08:37:00,COMPLETED,348.47,CARD
6708,2803,59,,2026-03-03 22:54:00,2026-03-03 23:24:00,COMPLETED,359.69,COD
6709,1242,80,,2026-03-03 20:26:00,2026-03-03 20:55:00,CANCELLED,563.47,CARD
6710,3179,35,,2026-03-03 19:46:00,2026-03-03 20:16:00,CANCELLED,659.5,UPI
6711,3043,23,,2026-03-03 20:05:00,2026-03-03 20:46:00,CANCELLED,772.26,CARD
6712,1880,81,,2026-03-03 18:22:00,2026-03-03 18:53:00,CANCELLED,605.38,CARD
6713,1669,90,,2026-03-03 18:42:00,2026-03-03 19:07:00,CANCELLED,169.51,CARD
6714,3060,52,,2026-03-03 12:08:00,2026-03-03 12:51:00,CANCELLED,277.04,CARD
6715,2262,99,,2026-03-03 21:39:00,2026-03-03 22:20:00,CANCELLED,336.02,UPI
6716,3774,59,,2026-03-03 12:32:00,2026-03-03 13:01:00,COMPLETED,530.6,COD
6717,4260,87,,2026-03-03 13:26:00,2026-03-03 14:03:00,CANCELLED,235.07,COD
6718,3265,94,,2026-03-03 18:17:00,2026-03-03 18:44:00,CANCELLED,579.98,UPI
6719,2938,32,,2026-03-03 10:50:00,2026-03-03 11:19:00,CANCELLED,782.65,COD
6720,4509,40,,2026-03-03 22:10:00,2026-03-03 22:42:00,COMPLETED,760.4,CARD
6721,4490,14,,2026-03-03 10:41:00,2026-03-03 11:07:00,CANCELLED,425.68,COD
6722,1477,34,,2026-03-03 12:36:00,2026-03-03 13:02:00,COMPLETED,209.71,UPI
6723,2046,113,,2026-03-03 19:46:00,2026-03-03 20:17:00,CANCELLED,265.08,UPI
6724,1701,103,,2026-03-03 11:36:00,2026-03-03 12:13:00,CANCELLED,268.27,COD
6725,2881,5,,2026-03-03 11:19:00,2026-03-03 11:55:00,CANCELLED,329.36,UPI
6726,4031,117,,2026-03-03 14:11:00,2026-03-03 14:39:00,CANCELLED,282.2,UPI
6727,1317,14,,2026-03-03 10:30:00,2026-03-03 10:57:00,CANCELLED,370.7,CARD
6728,3325,43,,2026-03-03 12:31:00,2026-03-03 13:05:00,CANCELLED,567.0,COD
6729,3587,71,,2026-03-03 21:03:00,2026-03-03 21:30:00,CANCELLED,266.76,CARD
6730,2550,31,,2026-03-03 21:06:00,2026-03-03 21:40:00,COMPLETED,734.5,COD
6731,1455,16,,2026-03-03 10:45:00,2026-03-03 11:29:00,CANCELLED,327.52,UPI
6732,1711,116,,2026-03-03 18:57:00,2026-03-03 19:41:00,CANCELLED,579.41,UPI
6733,3442,113,,2026-03-03 11:02:00,2026-03-03 11:45:00,CANCELLED,262.79,UPI
6734,2323,28,,2026-03-03 20:25:00,2026-03-03 20:56:00,CANCELLED,393.53,CARD
6735,2475,31,,2026-03-03 17:43:00,2026-03-03 18:11:00,COMPLETED,189.75,UPI
6736,2069,48,,2026-03-03 21:48:00,2026-03-03 22:16:00,COMPLETED,668.01,COD
6737,2966,114,,2026-03-03 22:37:00,2026-03-03 23:10:00,COMPLETED,746.31,COD
6738,4923,60,,2026-03-03 08:49:00,2026-03-03 09:24:00,COMPLETED,319.05,CARD
6739,1105,93,,2026-03-03 11:21:00,2026-03-03 11:48:00,COMPLETED,241.2,UPI
6740,4042,62,,2026-03-03 13:07:00,2026-03-03 13:39:00,CANCELLED,760.85,UPI
6741,4350,82,,2026-03-03 11:30:00,2026-03-03 11:56:00,COMPLETED,748.6,CARD
6742,2743,54,,2026-03-03 15:05:00,2026-03-03 15:30:00,CANCELLED,224.25,COD
6743,3566,53,,2026-03-03 14:26:00,2026-03-03 15:10:00,COMPLETED,637.47,UPI
6744,4608,104,,2026-03-03 18:21:00,2026-03-03 18:49:00,COMPLETED,669.34,COD
6745,3448,90,,2026-03-03 16:51:00,2026-03-03 17:31:00,COMPLETED,400.74,COD
6746,4479,99,,2026-03-03 15:14:00,2026-03-03 15:41:00,CANCELLED,434.55,UPI
6747,1419,14,,2026-03-03 17:55:00,2026-03-03 18:20:00,COMPLETED,356.97,COD
6748,1333,54,,2026-03-03 20:24:00,2026-03-03 20:55:00,COMPLETED,151.07,UPI
6749,1766,117,,2026-03-03 20:59:00,2026-03-03 21:25:00,CANCELLED,257.29,CARD
6750,4232,111,,2026-03-03 17:14:00,2026-03-03 17:52:00,COMPLETED,565.27,COD
6751,3269,51,,2026-03-03 10:56:00,2026-03-03 11:22:00,COMPLETED,321.78,CARD
6752,2209,19,,2026-03-03 18:31:00,2026-03-03 19:13:00,CANCELLED,173.85,UPI
6753,4124,49,,2026-03-03 18:33:00,2026-03-03 19:10:00,CANCELLED,478.42,UPI
6754,4815,8,,2026-03-03 10:47:00,2026-03-03 11:13:00,COMPLETED,335.85,UPI
6755,1558,33,,2026-03-03 22:18:00,2026-03-03 22:51:00,CANCELLED,159.0,UPI
6756,1694,32,,2026-03-03 11:48:00,2026-03-03 12:28:00,CANCELLED,194.02,UPI
6757,1694,67,,2026-03-03 17:52:00,2026-03-03 18:28:00,CANCELLED,630.91,CARD
6758,2119,59,,2026-03-03 22:47:00,2026-03-03 23:31:00,CANCELLED,578.8,CARD
6759,4667,97,,2026-03-03 15:27:00,2026-03-03 15:58:00,CANCELLED,606.51,CARD
6760,1940,4,,2026-03-04 10:54:00,2026-03-04 11:37:00,CANCELLED,354.35,UPI
6761,3703,106,,2026-03-04 17:48:00,2026-03-04 18:28:00,COMPLETED,403.47,UPI
6762,2277,93,,2026-03-04 08:16:00,2026-03-04 08:56:00,COMPLETED,176.23,CARD
6763,2116,94,,2026-03-04 11:43:00,2026-03-04 12:27:00,COMPLETED,355.7,UPI
6764,3333,8,,2026-03-04 21:56:00,2026-03-04 22:28:00,COMPLETED,371.65,UPI
6765,4582,18,,2026-03-04 20:39:00,2026-03-04 21:04:00,CANCELLED,648.87,CARD
6766,3591,50,,2026-03-04 14:59:00,2026-03-04 15:43:00,CANCELLED,615.85,CARD
6767,2463,40,,2026-03-04 15:09:00,2026-03-04 15:40:00,CANCELLED,739.68,UPI
6768,2337,109,,2026-03-04 08:17:00,2026-03-04 08:57:00,COMPLETED,668.18,COD
6769,3049,38,,2026-03-04 08:58:00,2026-03-04 09:25:00,COMPLETED,403.12,CARD
6770,2273,108,,2026-03-04 10:20:00,2026-03-04 10:57:00,CANCELLED,744.67,CARD
6771,4500,36,,2026-03-04 08:23:00,2026-03-04 08:52:00,CANCELLED,528.58,COD
6772,4220,78,,2026-03-04 16:33:00,2026-03-04 17:09:00,COMPLETED,359.07,UPI
6773,1645,103,,2026-03-04 12:06:00,2026-03-04 12:41:00,CANCELLED,566.59,UPI
6774,4128,94,,2026-03-04 21:11:00,2026-03-04 21:50:00,CANCELLED,174.74,UPI
6775,4773,88,,2026-03-04 20:20:00,2026-03-04 20:58:00,CANCELLED,652.74,UPI
6776,2990,113,,2026-03-04 15:49:00,2026-03-04 16:21:00,CANCELLED,514.09,CARD
6777,3979,118,,2026-03-04 21:38:00,2026-03-04 22:14:00,COMPLETED,364.67,COD
6778,4842,105,,2026-03-04 10:54:00,2026-03-04 11:29:00,CANCELLED,422.55,CARD
6779,1210,11,,2026-03-04 22:25:00,2026-03-04 23:10:00,CANCELLED,673.53,COD
6780,4489,62,,2026-03-04 22:32:00,2026-03-04 23:02:00,COMPLETED,553.76,CARD
6781,2342,113,,2026-03-04 19:42:00,2026-03-04 20:20:00,COMPLETED,285.87,CARD
6782,2043,87,,2026-03-04 14:46:00,2026-03-04 15:26:00,COMPLETED,242.44,COD
6783,2390,35,,2026-03-04 19:20:00,2026-03-04 20:01:00,COMPLETED,434.48,COD
6784,4111,12,,2026-03-04 17:33:00,2026-03-04 18:06:00,CANCELLED,520.73,COD
6785,1587,54,,2026-03-04 10:11:00,2026-03-04 10:45:00,CANCELLED,455.36,UPI
6786,2395,9,,2026-03-04 11:46:00,2026-03-04 12:28:00,COMPLETED,589.21,CARD
6787,2536,91,,2026-03-04 22:51:00,2026-03-04 23:31:00,COMPLETED,366.91,CARD
6788,1288,40,,2026-03-04 12:51:00,2026-03-04 13:29:00,COMPLETED,619.96,CARD
6789,2110,8,,2026-03-04 10:51:00,2026-03-04 11:16:00,CANCELLED,241.48,UPI
6790,1837,34,,2026-03-04 21:29:00,2026-03-04 22:01:00,CANCELLED,199.55,CARD
6791,3152,64,,2026-03-04 18:13:00,2026-03-04 18:53:00,COMPLETED,441.74,CARD
6792,2566,116,,2026-03-04 11:03:00,2026-03-04 11:48:00,CANCELLED,797.79,COD
6793,3832,65,,2026-03-04 19:14:00,2026-03-04 19:45:00,COMPLETED,336.46,CARD
6794,2970,11,,2026-03-04 18:27:00,2026-03-04 18:54:00,CANCELLED,181.38,COD
6795,1250,65,,2026-03-04 11:27:00,2026-03-04 11:59:00,CANCELLED,339.72,COD
6796,2234,32,,2026-03-04 17:01:00,2026-03-04 17:46:00,CANCELLED,574.25,UPI
6797,3772,3,,2026-03-04 08:55:00,2026-03-04 09:25:00,COMPLETED,206.66,UPI
6798,1197,94,,2026-03-04 17:26:00,2026-03-04 18:08:00,COMPLETED,594.7,COD
6799,1984,120,,2026-03-04 08:32:00,2026-03-04 09:15:00,CANCELLED,465.59,CARD
6800,4848,59,,2026-03-04 15:03:00,2026-03-04 15:43:00,CANCELLED,445.7,UPI
6801,2546,40,,2026-03-04 13:50:00,2026-03-04 14:29:00,CANCELLED,376.59,UPI
6802,1852,33,,2026-03-04 18:32:00,2026-03-04 18:58:00,COMPLETED,548.7,CARD
6803,2467,99,,2026-03-04 12:16:00,2026-03-04 12:47:00,COMPLETED,220.12,COD
6804,3556,27,,2026-03-04 10:23:00,2026-03-04 11:00:00,CANCELLED,391.45,COD
6805,3201,80,,2026-03-04 22:02:00,2026-03-04 22:28:00,COMPLETED,274.89,COD
6806,4875,113,,2026-03-04 11:13:00,2026-03-04 11:58:00,COMPLETED,283.75,CARD
6807,2275,84,,2026-03-04 20:43:00,2026-03-04 21:10:00,CANCELLED,368.63,COD
6808,1586,49,,2026-03-04 15:55:00,2026-03-04 16:20:00,CANCELLED,161.29,COD
6809,1058,50,,2026-03-04 21:39:00,2026-03-04 22:17:00,CANCELLED,332.94,COD
6810,1505,96,,2026-03-04 13:27:00,2026-03-04 14:12:00,CANCELLED,348.71,CARD
6811,1643,14,,2026-03-04 16:08:00,2026-03-04 16:46:00,CANCELLED,773.47,CARD
6812,3707,18,,2026-03-04 12:10:00,2026-03-04 12:43:00,CANCELLED,603.22,CARD
6813,1223,23,,2026-03-04 15:44:00,2026-03-04 16:16:00,CANCELLED,184.89,CARD
6814,4761,22,,2026-03-04 13:35:00,2026-03-04 14:15:00,CANCELLED,259.02,COD
6815,4033,103,,2026-03-04 10:41:00,2026-03-04 11:13:00,CANCELLED,479.71,COD
6816,4147,15,,2026-03-04 15:44:00,2026-03-04 16:23:00,COMPLETED,393.26,COD
6817,3173,99,,2026-03-04 17:09:00,2026-03-04 17:42:00,COMPLETED,534.63,CARD
6818,4400,78,,2026-03-04 18:03:00,2026-03-04 18:37:00,CANCELLED,768.6,UPI
6819,3559,75,,2026-03-04 19:34:00,2026-03-04 20:09:00,COMPLETED,636.94,CARD
6820,2284,108,,2026-03-04 17:57:00,2026-03-04 18:30:00,CANCELLED,576.93,UPI
6821,2029,99,,2026-03-04 13:05:00,2026-03-04 13:43:00,CANCELLED,243.85,CARD
6822,2056,10,,2026-03-04 08:06:00,2026-03-04 08:31:00,CANCELLED,260.42,COD
6823,2538,64,,2026-03-04 22:57:00,2026-03-04 23:38:00,CANCELLED,364.65,UPI
6824,3056,76,,2026-03-04 08:09:00,2026-03-04 08:36:00,CANCELLED,645.36,CARD
6825,4131,6,,2026-03-04 19:43:00,2026-03-04 20:19:00,COMPLETED,730.64,UPI
6826,4845,6,,2026-03-04 14:24:00,2026-03-04 15:03:00,COMPLETED,425.29,COD
6827,4903,44,,2026-03-04 20:56:00,2026-03-04 21:41:00,COMPLETED,632.89,CARD
6828,1234,103,,2026-03-04 19:54:00,2026-03-04 20:19:00,CANCELLED,582.92,UPI
6829,4394,82,,2026-03-04 16:15:00,2026-03-04 16:41:00,CANCELLED,306.85,CARD
6830,1175,87,,2026-03-04 22:31:00,2026-03-04 23:09:00,COMPLETED,218.8,COD
6831,1051,96,,2026-03-04 11:46:00,2026-03-04 12:20:00,CANCELLED,531.81,COD
6832,2578,114,,2026-03-04 21:41:00,2026-03-04 22:08:00,CANCELLED,377.53,UPI
6833,2998,45,,2026-03-04 22:23:00,2026-03-04 22:53:00,CANCELLED,570.94,CARD
6834,4560,17,,2026-03-04 16:34:00,2026-03-04 17:05:00,CANCELLED,468.43,CARD
6835,4929,46,,2026-03-04 13:46:00,2026-03-04 14:13:00,COMPLETED,424.89,UPI
6836,1287,45,,2026-03-04 16:53:00,2026-03-04 17:34:00,CANCELLED,632.77,COD
6837,2494,107,,2026-03-04 19:49:00,2026-03-04 20:24:00,CANCELLED,590.27,COD
6838,2698,72,,2026-03-04 22:40:00,2026-03-04 23:18:00,CANCELLED,787.23,CARD
6839,4826,96,,2026-03-04 12:05:00,2026-03-04 12:43:00,COMPLETED,402.21,UPI
6840,2399,73,,2026-03-04 18:54:00,2026-03-04 19:19:00,CANCELLED,353.83,CARD
6841,4537,117,,2026-03-04 15:03:00,2026-03-04 15:31:00,COMPLETED,292.4,CARD
6842,1769,24,,2026-03-04 13:42:00,2026-03-04 14:20:00,COMPLETED,319.52,UPI
6843,1608,48,,2026-03-04 09:16:00,2026-03-04 09:57:00,CANCELLED,544.54,COD
6844,1333,19,,2026-03-04 18:07:00,2026-03-04 18:36:00,CANCELLED,737.3,UPI
6845,3285,108,,2026-03-04 22:25:00,2026-03-04 22:59:00,CANCELLED,526.83,CARD
6846,2973,74,,2026-03-04 13:11:00,2026-03-04 13:52:00,CANCELLED,630.69,COD
6847,4808,29,,2026-03-04 17:45:00,2026-03-04 18:23:00,COMPLETED,375.88,UPI
6848,2064,91,,2026-03-04 18:42:00,2026-03-04 19:08:00,COMPLETED,402.64,COD
6849,4332,73,,2026-03-04 11:04:00,2026-03-04 11:40:00,COMPLETED,424.27,COD
6850,4855,16,,2026-03-04 12:00:00,2026-03-04 12:25:00,COMPLETED,463.74,UPI
6851,1453,63,,2026-03-04 18:00:00,2026-03-04 18:25:00,CANCELLED,282.47,COD
6852,1370,74,,2026-03-04 20:51:00,2026-03-04 21:35:00,CANCELLED,308.42,CARD
6853,4427,68,,2026-03-04 19:07:00,2026-03-04 19:32:00,CANCELLED,583.78,COD
6854,1018,54,,2026-03-04 21:51:00,2026-03-04 22:28:00,COMPLETED,262.95,COD
6855,2426,54,,2026-03-04 15:03:00,2026-03-04 15:34:00,CANCELLED,283.96,CARD
6856,2862,48,,2026-03-04 14:01:00,2026-03-04 14:41:00,CANCELLED,553.22,UPI
6857,3133,40,,2026-03-04 10:50:00,2026-03-04 11:34:00,COMPLETED,151.21,UPI
6858,4432,91,,2026-03-04 23:00:00,2026-03-04 23:25:00,COMPLETED,291.11,CARD
6859,1832,3,,2026-03-04 10:43:00,2026-03-04 11:23:00,COMPLETED,639.06,UPI
6860,1713,91,,2026-03-04 21:05:00,2026-03-04 21:46:00,CANCELLED,347.99,CARD
6861,4064,102,,2026-03-04 14:30:00,2026-03-04 15:01:00,CANCELLED,232.76,CARD
6862,4436,53,,2026-03-04 11:54:00,2026-03-04 12:29:00,COMPLETED,225.36,CARD
6863,1052,32,,2026-03-04 19:47:00,2026-03-04 20:16:00,COMPLETED,596.38,UPI
6864,2349,65,,2026-03-04 22:37:00,2026-03-04 23:20:00,CANCELLED,778.28,CARD
6865,2371,26,,2026-03-04 09:08:00,2026-03-04 09:50:00,COMPLETED,611.61,COD
6866,3058,98,,2026-03-04 19:11:00,2026-03-04 19:41:00,COMPLETED,453.31,CARD
6867,3611,51,,2026-03-04 08:30:00,2026-03-04 09:01:00,CANCELLED,400.21,COD
6868,3949,79,,2026-03-04 14:41:00,2026-03-04 15:26:00,CANCELLED,462.1,CARD
6869,2008,21,,2026-03-04 09:15:00,2026-03-04 10:00:00,CANCELLED,768.58,UPI
6870,2146,44,,2026-03-04 17:55:00,2026-03-04 18:36:00,COMPLETED,275.12,CARD
6871,1201,92,,2026-03-04 16:23:00,2026-03-04 17:07:00,COMPLETED,584.1,CARD
6872,4410,29,,2026-03-04 12:44:00,2026-03-04 13:09:00,CANCELLED,384.8,UPI
6873,3729,96,,2026-03-04 18:48:00,2026-03-04 19:19:00,COMPLETED,579.1,COD
6874,4029,44,,2026-03-04 20:07:00,2026-03-04 20:40:00,COMPLETED,699.53,UPI
6875,2698,58,,2026-03-04 19:45:00,2026-03-04 20:20:00,COMPLETED,528.33,UPI
6876,1223,48,,2026-03-04 08:48:00,2026-03-04 09:20:00,CANCELLED,475.86,CARD
6877,4234,9,,2026-03-04 09:03:00,2026-03-04 09:42:00,COMPLETED,605.66,UPI
6878,2163,109,,2026-03-04 13:37:00,2026-03-04 14:06:00,CANCELLED,667.06,CARD
6879,2456,21,,2026-03-04 09:13:00,2026-03-04 09:54:00,COMPLETED,479.99,COD
6880,2343,16,,2026-03-04 08:04:00,2026-03-04 08:31:00,CANCELLED,531.62,UPI
6881,2098,74,,2026-03-04 16:28:00,2026-03-04 17:06:00,COMPLETED,309.96,CARD
6882,4510,46,,2026-03-04 09:26:00,2026-03-04 10:04:00,CANCELLED,419.06,UPI
6883,4695,22,,2026-03-04 10:20:00,2026-03-04 11:01:00,COMPLETED,607.04,UPI
6884,3684,42,,2026-03-04 09:51:00,2026-03-04 10:34:00,CANCELLED,610.48,CARD
6885,4642,110,,2026-03-04 19:22:00,2026-03-04 19:47:00,COMPLETED,515.77,CARD
6886,3377,100,,2026-03-04 22:36:00,2026-03-04 23:09:00,CANCELLED,273.31,CARD
6887,4032,110,,2026-03-04 21:53:00,2026-03-04 22:26:00,CANCELLED,447.71,UPI
6888,1314,93,,2026-03-04 22:44:00,2026-03-04 23:21:00,COMPLETED,747.06,CARD
6889,2405,81,,2026-03-04 22:24:00,2026-03-04 23:02:00,CANCELLED,160.7,CARD
6890,4484,12,,2026-03-04 08:34:00,2026-03-04 09:17:00,CANCELLED,536.32,CARD
6891,3111,25,,2026-03-04 14:49:00,2026-03-04 15:28:00,COMPLETED,764.96,CARD
6892,4985,95,,2026-03-04 19:53:00,2026-03-04 20:38:00,CANCELLED,773.53,CARD
6893,2571,104,,2026-03-04 20:54:00,2026-03-04 21:25:00,COMPLETED,750.39,CARD
6894,1356,20,,2026-03-04 21:18:00,2026-03-04 21:52:00,CANCELLED,169.95,UPI
6895,4174,42,,2026-03-04 09:48:00,2026-03-04 10:30:00,COMPLETED,416.35,CARD
6896,3190,6,,2026-03-04 17:03:00,2026-03-04 17:43:00,CANCELLED,238.28,CARD
6897,4696,110,,2026-03-04 10:23:00,2026-03-04 10:48:00,COMPLETED,752.17,CARD
6898,4849,71,,2026-03-04 11:39:00,2026-03-04 12:21:00,COMPLETED,763.28,COD
6899,3530,55,,2026-03-04 08:11:00,2026-03-04 08:54:00,CANCELLED,704.08,UPI
6900,1671,3,,2026-03-04 11:45:00,2026-03-04 12:24:00,COMPLETED,570.46,COD
6901,3061,29,,2026-03-04 13:02:00,2026-03-04 13:35:00,CANCELLED,385.04,UPI
6902,3623,13,,2026-03-04 08:00:00,2026-03-04 08:39:00,COMPLETED,375.88,CARD
6903,3008,104,,2026-03-04 22:37:00,2026-03-04 23:12:00,CANCELLED,695.35,COD
6904,3003,62,,2026-03-04 18:03:00,2026-03-04 18:41:00,COMPLETED,356.47,UPI
6905,1824,77,,2026-03-04 21:58:00,2026-03-04 22:37:00,COMPLETED,199.33,UPI
6906,1023,76,,2026-03-04 20:23:00,2026-03-04 21:07:00,CANCELLED,325.85,UPI
6907,3181,64,,2026-03-04 17:22:00,2026-03-04 18:07:00,COMPLETED,617.14,COD
6908,3119,65,,2026-03-04 20:53:00,2026-03-04 21:29:00,CANCELLED,496.97,COD
6909,2353,28,,2026-03-04 22:30:00,2026-03-04 23:00:00,COMPLETED,238.79,CARD
6910,2730,108,,2026-03-04 21:40:00,2026-03-04 22:10:00,CANCELLED,233.06,UPI
6911,4664,7,,2026-03-04 16:27:00,2026-03-04 17:08:00,COMPLETED,516.31,CARD
6912,1057,109,,2026-03-04 08:52:00,2026-03-04 09:26:00,COMPLETED,656.73,UPI
6913,3491,101,,2026-03-04 10:05:00,2026-03-04 10:40:00,CANCELLED,649.57,COD
6914,1288,118,,2026-03-04 08:41:00,2026-03-04 09:06:00,COMPLETED,778.01,COD
6915,3126,65,,2026-03-04 15:41:00,2026-03-04 16:12:00,CANCELLED,317.46,UPI
6916,3583,40,,2026-03-04 20:56:00,2026-03-04 21:28:00,CANCELLED,333.99,UPI
6917,1950,105,,2026-03-04 20:51:00,2026-03-04 21:34:00,COMPLETED,510.41,UPI
6918,1439,74,,2026-03-04 09:47:00,2026-03-04 10:18:00,CANCELLED,765.11,UPI
6919,3144,29,,2026-03-04 16:29:00,2026-03-04 16:56:00,COMPLETED,220.99,COD
6920,1515,120,,2026-03-04 13:58:00,2026-03-04 14:32:00,CANCELLED,575.58,CARD
6921,3581,9,,2026-03-04 10:59:00,2026-03-04 11:35:00,COMPLETED,206.28,CARD
6922,1804,97,,2026-03-04 19:11:00,2026-03-04 19:37:00,CANCELLED,540.76,CARD
6923,2203,22,,2026-03-04 08:14:00,2026-03-04 08:57:00,CANCELLED,190.98,COD
6924,2836,80,,2026-03-04 13:21:00,2026-03-04 14:04:00,COMPLETED,623.65,COD
6925,2011,72,,2026-03-04 20:58:00,2026-03-04 21:27:00,CANCELLED,591.6,UPI
6926,1148,81,,2026-03-04 14:38:00,2026-03-04 15:16:00,CANCELLED,690.4,CARD
6927,4841,41,,2026-03-04 16:56:00,2026-03-04 17:39:00,COMPLETED,731.26,UPI
6928,1870,73,,2026-03-04 08:17:00,2026-03-04 09:02:00,CANCELLED,507.57,CARD
6929,2188,86,,2026-03-04 15:52:00,2026-03-04 16:26:00,COMPLETED,163.88,COD
6930,2668,31,,2026-03-04 16:42:00,2026-03-04 17:13:00,COMPLETED,598.88,CARD
6931,3595,80,,2026-03-04 19:20:00,2026-03-04 19:51:00,CANCELLED,608.67,COD
6932,1992,66,,2026-03-04 14:34:00,2026-03-04 15:11:00,COMPLETED,720.35,UPI
6933,4823,40,,2026-03-04 10:05:00,2026-03-04 10:41:00,COMPLETED,508.11,COD
6934,4378,111,,2026-03-04 11:47:00,2026-03-04 12:19:00,COMPLETED,200.49,UPI
6935,1231,44,,2026-03-04 16:41:00,2026-03-04 17:19:00,CANCELLED,688.99,UPI
6936,3020,10,,2026-03-04 22:22:00,2026-03-04 23:01:00,COMPLETED,791.9,CARD
6937,3485,18,,2026-03-04 17:32:00,2026-03-04 18:14:00,COMPLETED,718.47,COD
6938,4973,57,,2026-03-04 10:39:00,2026-03-04 11:20:00,CANCELLED,672.49,UPI
6939,3062,80,,2026-03-04 08:34:00,2026-03-04 09:10:00,COMPLETED,304.85,COD
6940,1053,49,,2026-03-04 11:34:00,2026-03-04 12:12:00,CANCELLED,467.72,UPI
6941,4571,83,,2026-03-04 09:53:00,2026-03-04 10:37:00,COMPLETED,323.09,CARD
6942,2548,42,,2026-03-04 16:03:00,2026-03-04 16:33:00,CANCELLED,637.92,UPI
6943,4782,52,,2026-03-04 09:05:00,2026-03-04 09:36:00,CANCELLED,524.52,UPI
6944,1388,89,,2026-03-05 12:24:00,2026-03-05 13:00:00,CANCELLED,355.63,UPI
6945,2455,57,,2026-03-05 14:04:00,2026-03-05 14:34:00,CANCELLED,782.17,UPI
6946,3178,19,,2026-03-05 19:34:00,2026-03-05 20:15:00,CANCELLED,240.67,UPI
6947,3348,7,,2026-03-05 19:10:00,2026-03-05 19:54:00,COMPLETED,680.64,UPI
6948,4354,15,,2026-03-05 09:46:00,2026-03-05 10:14:00,CANCELLED,628.28,UPI
6949,3225,111,,2026-03-05 12:15:00,2026-03-05 12:47:00,CANCELLED,198.47,UPI
6950,4014,54,,2026-03-05 15:18:00,2026-03-05 15:52:00,CANCELLED,795.57,CARD
6951,3707,53,,2026-03-05 14:17:00,2026-03-05 14:43:00,COMPLETED,780.86,CARD
6952,4011,27,,2026-03-05 11:27:00,2026-03-05 12:08:00,COMPLETED,708.66,COD
6953,2325,90,,2026-03-05 12:25:00,2026-03-05 13:03:00,COMPLETED,265.36,UPI
6954,4903,55,,2026-03-05 13:27:00,2026-03-05 14:08:00,COMPLETED,311.61,CARD
6955,2543,26,,2026-03-05 13:06:00,2026-03-05 13:42:00,COMPLETED,705.17,CARD
6956,2000,39,,2026-03-05 17:51:00,2026-03-05 18:20:00,CANCELLED,239.96,UPI
6957,2388,10,,2026-03-05 15:42:00,2026-03-05 16:08:00,CANCELLED,711.32,UPI
6958,4494,68,,2026-03-05 20:19:00,2026-03-05 20:59:00,COMPLETED,411.58,CARD
6959,4374,82,,2026-03-05 17:16:00,2026-03-05 17:41:00,COMPLETED,672.66,UPI
6960,2900,12,,2026-03-05 19:33:00,2026-03-05 20:02:00,CANCELLED,221.57,CARD
6961,4165,21,,2026-03-05 20:45:00,2026-03-05 21:22:00,CANCELLED,527.0,UPI
6962,2971,54,,2026-03-05 20:33:00,2026-03-05 21:06:00,COMPLETED,769.24,COD
6963,1100,27,,2026-03-05 18:47:00,2026-03-05 19:27:00,CANCELLED,573.44,UPI
6964,4102,57,,2026-03-05 16:00:00,2026-03-05 16:42:00,COMPLETED,418.59,COD
6965,4760,16,,2026-03-05 17:44:00,2026-03-05 18:15:00,COMPLETED,266.25,CARD
6966,4161,102,,2026-03-05 12:47:00,2026-03-05 13:14:00,COMPLETED,756.55,CARD
6967,3090,97,,2026-03-05 11:48:00,2026-03-05 12:17:00,COMPLETED,713.58,UPI
6968,1985,88,,2026-03-05 11:09:00,2026-03-05 11:45:00,CANCELLED,713.9,COD
6969,2124,44,,2026-03-05 16:33:00,2026-03-05 17:09:00,CANCELLED,330.83,CARD
6970,2303,69,,2026-03-05 18:27:00,2026-03-05 18:57:00,COMPLETED,205.6,COD
6971,2421,52,,2026-03-05 08:52:00,2026-03-05 09:24:00,COMPLETED,168.19,COD
6972,2765,61,,2026-03-05 16:37:00,2026-03-05 17:06:00,COMPLETED,362.15,UPI
6973,1037,40,,2026-03-05 22:51:00,2026-03-05 23:35:00,CANCELLED,526.72,CARD
6974,2814,13,,2026-03-05 14:29:00,2026-03-05 15:05:00,CANCELLED,688.41,CARD
6975,3679,18,,2026-03-05 17:58:00,2026-03-05 18:36:00,COMPLETED,276.55,CARD
6976,1244,68,,2026-03-05 21:32:00,2026-03-05 22:08:00,CANCELLED,262.2,CARD
6977,2285,50,,2026-03-05 14:57:00,2026-03-05 15:39:00,CANCELLED,774.27,COD
6978,2583,7,,2026-03-05 13:05:00,2026-03-05 13:44:00,COMPLETED,287.09,CARD
6979,3229,57,,2026-03-05 10:54:00,2026-03-05 11:30:00,COMPLETED,488.43,CARD
6980,2618,60,,2026-03-05 18:55:00,2026-03-05 19:29:00,COMPLETED,405.41,COD
6981,1999,3,,2026-03-05 14:46:00,2026-03-05 15:17:00,CANCELLED,401.84,COD
6982,4048,51,,2026-03-05 16:00:00,2026-03-05 16:30:00,COMPLETED,484.2,COD
6983,3871,114,,2026-03-05 12:01:00,2026-03-05 12:32:00,CANCELLED,352.54,COD
6984,4206,114,,2026-03-05 16:47:00,2026-03-05 17:21:00,CANCELLED,332.84,COD
6985,2774,104,,2026-03-05 18:46:00,2026-03-05 19:13:00,COMPLETED,315.18,CARD
6986,4516,88,,2026-03-05 20:04:00,2026-03-05 20:36:00,COMPLETED,298.68,COD
6987,2590,53,,2026-03-05 09:02:00,2026-03-05 09:30:00,COMPLETED,649.59,UPI
6988,3146,36,,2026-03-05 11:03:00,2026-03-05 11:32:00,CANCELLED,694.11,UPI
6989,4072,1,,2026-03-05 09:14:00,2026-03-05 09:48:00,CANCELLED,444.91,UPI
6990,4666,74,,2026-03-05 10:35:00,2026-03-05 11:05:00,CANCELLED,199.37,COD
6991,3094,40,,2026-03-05 18:49:00,2026-03-05 19:14:00,CANCELLED,201.87,UPI
6992,4061,6,,2026-03-05 20:28:00,2026-03-05 21:06:00,COMPLETED,268.73,UPI
6993,2715,76,,2026-03-05 08:06:00,2026-03-05 08:40:00,COMPLETED,564.14,UPI
6994,3703,43,,2026-03-05 12:28:00,2026-03-05 13:12:00,COMPLETED,482.22,CARD
6995,4723,106,,2026-03-05 18:39:00,2026-03-05 19:07:00,CANCELLED,729.29,COD
6996,1297,4,,2026-03-05 13:19:00,2026-03-05 13:52:00,CANCELLED,402.76,UPI
6997,2179,41,,2026-03-05 17:18:00,2026-03-05 18:00:00,CANCELLED,717.87,COD
6998,4723,10,,2026-03-05 22:28:00,2026-03-05 22:57:00,CANCELLED,376.94,COD
6999,1626,115,,2026-03-05 19:39:00,2026-03-05 20:12:00,COMPLETED,653.22,CARD
7000,2089,96,,2026-03-05 11:19:00,2026-03-05 11:55:00,CANCELLED,700.64,COD
7001,4277,9,,2026-03-05 15:51:00,2026-03-05 16:18:00,COMPLETED,596.56,COD
7002,2535,4,,2026-03-05 18:31:00,2026-03-05 19:12:00,COMPLETED,308.52,CARD
7003,3616,120,,2026-03-05 08:26:00,2026-03-05 09:02:00,COMPLETED,696.35,UPI
7004,2034,70,,2026-03-05 15:35:00,2026-03-05 16:03:00,CANCELLED,302.09,COD
7005,4179,16,,2026-03-05 19:12:00,2026-03-05 19:43:00,CANCELLED,646.57,UPI
7006,4114,41,,2026-03-05 15:46:00,2026-03-05 16:29:00,CANCELLED,316.05,COD
7007,4764,103,,2026-03-05 10:54:00,2026-03-05 11:37:00,COMPLETED,340.26,CARD
7008,1023,106,,2026-03-05 11:02:00,2026-03-05 11:32:00,COMPLETED,479.97,CARD
7009,2460,101,,2026-03-05 17:22:00,2026-03-05 17:49:00,COMPLETED,180.91,CARD
7010,1568,15,,2026-03-05 22:40:00,2026-03-05 23:16:00,CANCELLED,717.41,CARD
7011,4982,105,,2026-03-05 08:03:00,2026-03-05 08:31:00,COMPLETED,421.09,UPI
7012,4952,6,,2026-03-05 10:50:00,2026-03-05 11:25:00,CANCELLED,643.51,UPI
7013,3918,18,,2026-03-05 20:34:00,2026-03-05 21:06:00,CANCELLED,637.39,CARD
7014,4634,77,,2026-03-05 09:04:00,2026-03-05 09:36:00,CANCELLED,305.1,COD
7015,2496,6,,2026-03-05 21:57:00,2026-03-05 22:27:00,COMPLETED,466.12,CARD
7016,4228,31,,2026-03-05 14:46:00,2026-03-05 15:15:00,COMPLETED,478.79,UPI
7017,4107,117,,2026-03-05 13:02:00,2026-03-05 13:28:00,COMPLETED,463.19,UPI
7018,1862,77,,2026-03-05 14:03:00,2026-03-05 14:36:00,CANCELLED,250.33,CARD
7019,4020,68,,2026-03-05 17:35:00,2026-03-05 18:11:00,COMPLETED,274.2,COD
7020,3623,33,,2026-03-05 16:55:00,2026-03-05 17:33:00,COMPLETED,336.86,UPI
7021,4397,17,,2026-03-05 19:11:00,2026-03-05 19:43:00,COMPLETED,484.97,COD
7022,4088,107,,2026-03-05 13:40:00,2026-03-05 14:06:00,CANCELLED,759.28,CARD
7023,3706,14,,2026-03-05 22:35:00,2026-03-05 23:15:00,CANCELLED,529.96,UPI
7024,1513,117,,2026-03-05 10:00:00,2026-03-05 10:42:00,COMPLETED,453.31,COD
7025,3516,7,,2026-03-05 09:47:00,2026-03-05 10:13:00,CANCELLED,314.54,UPI
7026,3829,30,,2026-03-05 16:01:00,2026-03-05 16:44:00,COMPLETED,599.68,UPI
7027,4848,33,,2026-03-05 10:07:00,2026-03-05 10:47:00,COMPLETED,169.22,CARD
7028,2615,68,,2026-03-05 12:22:00,2026-03-05 12:58:00,CANCELLED,744.98,CARD
7029,3761,120,,2026-03-05 14:45:00,2026-03-05 15:20:00,CANCELLED,640.3,UPI
7030,3452,49,,2026-03-05 13:00:00,2026-03-05 13:33:00,CANCELLED,395.07,COD
7031,1897,51,,2026-03-05 15:33:00,2026-03-05 16:02:00,CANCELLED,624.25,UPI
7032,2078,14,,2026-03-05 22:31:00,2026-03-05 23:11:00,COMPLETED,154.34,COD
7033,1790,56,,2026-03-05 17:16:00,2026-03-05 17:41:00,COMPLETED,475.7,COD
7034,4237,69,,2026-03-05 14:04:00,2026-03-05 14:33:00,CANCELLED,153.09,COD
7035,4169,47,,2026-03-05 17:54:00,2026-03-05 18:26:00,COMPLETED,411.4,COD
7036,4170,91,,2026-03-05 14:45:00,2026-03-05 15:29:00,CANCELLED,464.05,UPI
7037,3825,118,,2026-03-05 14:22:00,2026-03-05 14:51:00,CANCELLED,422.18,UPI
7038,1888,86,,2026-03-05 17:32:00,2026-03-05 17:58:00,COMPLETED,427.78,UPI
7039,1284,59,,2026-03-05 16:01:00,2026-03-05 16:42:00,CANCELLED,247.16,CARD
7040,2017,44,,2026-03-05 17:26:00,2026-03-05 17:53:00,COMPLETED,466.87,UPI
7041,4399,113,,2026-03-05 10:40:00,2026-03-05 11:24:00,COMPLETED,641.31,COD
7042,4917,80,,2026-03-05 08:11:00,2026-03-05 08:42:00,CANCELLED,306.21,UPI
7043,1171,67,,2026-03-05 10:18:00,2026-03-05 10:55:00,CANCELLED,272.33,CARD
7044,4427,60,,2026-03-05 21:45:00,2026-03-05 22:27:00,COMPLETED,338.68,COD
7045,2040,80,,2026-03-05 09:35:00,2026-03-05 10:02:00,CANCELLED,693.25,UPI
7046,2115,94,,2026-03-05 15:46:00,2026-03-05 16:21:00,CANCELLED,281.11,CARD
7047,1151,36,,2026-03-05 15:40:00,2026-03-05 16:19:00,COMPLETED,524.35,UPI
7048,1277,78,,2026-03-05 15:49:00,2026-03-05 16:31:00,CANCELLED,386.99,UPI
7049,3355,62,,2026-03-05 22:40:00,2026-03-05 23:15:00,CANCELLED,301.46,UPI
7050,3716,26,,2026-03-05 09:36:00,2026-03-05 10:02:00,CANCELLED,163.8,UPI
7051,3217,116,,2026-03-05 11:30:00,2026-03-05 12:07:00,COMPLETED,749.63,CARD
7052,2201,104,,2026-03-05 22:46:00,2026-03-05 23:11:00,COMPLETED,608.75,UPI
7053,3559,82,,2026-03-05 13:21:00,2026-03-05 13:59:00,CANCELLED,728.76,COD
7054,4297,14,,2026-03-05 16:05:00,2026-03-05 16:35:00,CANCELLED,580.14,COD
7055,4903,119,,2026-03-05 19:33:00,2026-03-05 20:11:00,COMPLETED,401.68,CARD
7056,1948,53,,2026-03-05 15:53:00,2026-03-05 16:23:00,COMPLETED,350.33,COD
7057,2080,69,,2026-03-05 10:01:00,2026-03-05 10:27:00,CANCELLED,435.77,CARD
7058,2840,120,,2026-03-05 20:11:00,2026-03-05 20:49:00,COMPLETED,761.58,UPI
7059,3843,21,,2026-03-05 13:35:00,2026-03-05 14:15:00,COMPLETED,509.6,COD
7060,4440,16,,2026-03-05 22:21:00,2026-03-05 23:04:00,COMPLETED,702.17,CARD
7061,4472,69,,2026-03-05 18:38:00,2026-03-05 19:23:00,CANCELLED,742.67,COD
7062,4912,87,,2026-03-05 12:24:00,2026-03-05 13:07:00,COMPLETED,555.94,UPI
7063,3170,38,,2026-03-05 08:26:00,2026-03-05 09:11:00,COMPLETED,617.38,UPI
7064,4188,43,,2026-03-05 19:33:00,2026-03-05 20:15:00,CANCELLED,275.65,CARD
7065,3892,102,,2026-03-05 11:52:00,2026-03-05 12:18:00,CANCELLED,289.43,UPI
7066,3169,42,,2026-03-05 11:28:00,2026-03-05 11:56:00,CANCELLED,517.57,UPI
7067,4365,16,,2026-03-05 08:22:00,2026-03-05 09:02:00,CANCELLED,638.39,UPI
7068,3908,119,,2026-03-05 12:21:00,2026-03-05 13:03:00,COMPLETED,326.14,UPI
7069,1242,96,,2026-03-05 08:02:00,2026-03-05 08:27:00,CANCELLED,173.54,UPI
7070,1184,20,,2026-03-05 14:18:00,2026-03-05 14:56:00,COMPLETED,653.25,COD
7071,2279,100,,2026-03-05 08:52:00,2026-03-05 09:30:00,COMPLETED,438.95,CARD
7072,3393,53,,2026-03-05 16:17:00,2026-03-05 16:47:00,COMPLETED,264.7,CARD
7073,4068,102,,2026-03-05 16:35:00,2026-03-05 17:10:00,CANCELLED,250.01,COD
7074,2059,76,,2026-03-05 20:40:00,2026-03-05 21:13:00,CANCELLED,524.22,CARD
7075,4670,111,,2026-03-05 18:13:00,2026-03-05 18:42:00,CANCELLED,224.69,CARD
7076,3824,25,,2026-03-05 18:10:00,2026-03-05 18:50:00,CANCELLED,415.11,UPI
7077,4001,47,,2026-03-05 12:42:00,2026-03-05 13:21:00,CANCELLED,693.6,CARD
7078,4910,86,,2026-03-05 19:23:00,2026-03-05 19:55:00,CANCELLED,741.36,COD
7079,1768,76,,2026-03-05 22:19:00,2026-03-05 22:54:00,COMPLETED,380.49,CARD
7080,4260,56,,2026-03-05 18:04:00,2026-03-05 18:30:00,CANCELLED,448.73,CARD
7081,3927,52,,2026-03-05 13:31:00,2026-03-05 14:02:00,COMPLETED,649.1,COD
7082,4802,29,,2026-03-05 16:06:00,2026-03-05 16:40:00,COMPLETED,317.17,COD
7083,4907,102,,2026-03-05 13:58:00,2026-03-05 14:35:00,COMPLETED,180.38,COD
7084,2675,88,,2026-03-05 11:25:00,2026-03-05 11:53:00,CANCELLED,700.37,UPI
7085,2967,100,,2026-03-05 14:00:00,2026-03-05 14:29:00,COMPLETED,434.58,COD
7086,3894,95,,2026-03-05 15:38:00,2026-03-05 16:21:00,CANCELLED,216.68,UPI
7087,1037,53,,2026-03-05 11:38:00,2026-03-05 12:13:00,CANCELLED,265.99,CARD
7088,3332,93,,2026-03-05 15:49:00,2026-03-05 16:19:00,COMPLETED,596.91,COD
7089,3576,13,,2026-03-05 16:44:00,2026-03-05 17:26:00,CANCELLED,740.49,UPI
7090,1554,120,,2026-03-05 15:52:00,2026-03-05 16:29:00,COMPLETED,701.32,UPI
7091,4023,45,,2026-03-05 08:35:00,2026-03-05 09:04:00,CANCELLED,310.27,COD
7092,1950,74,,2026-03-05 14:45:00,2026-03-05 15:30:00,COMPLETED,357.07,UPI
7093,4628,62,,2026-03-05 15:11:00,2026-03-05 15:44:00,COMPLETED,368.05,COD
7094,2572,104,,2026-03-05 22:05:00,2026-03-05 22:39:00,CANCELLED,792.74,CARD
7095,1183,88,,2026-03-05 10:41:00,2026-03-05 11:26:00,COMPLETED,433.29,COD
7096,2311,91,,2026-03-05 14:40:00,2026-03-05 15:08:00,CANCELLED,171.33,COD
7097,1973,33,,2026-03-05 14:42:00,2026-03-05 15:09:00,COMPLETED,606.02,UPI
7098,4543,18,,2026-03-05 11:51:00,2026-03-05 12:18:00,COMPLETED,665.43,CARD
7099,2572,57,,2026-03-05 08:56:00,2026-03-05 09:34:00,CANCELLED,413.86,UPI
7100,1017,42,,2026-03-05 12:53:00,2026-03-05 13:38:00,COMPLETED,628.32,COD
7101,3569,84,,2026-03-05 12:44:00,2026-03-05 13:14:00,COMPLETED,599.54,UPI
7102,1906,43,,2026-03-05 17:38:00,2026-03-05 18:11:00,COMPLETED,605.83,CARD
7103,4741,10,,2026-03-05 20:43:00,2026-03-05 21:21:00,CANCELLED,507.6,COD
7104,4643,9,,2026-03-05 14:14:00,2026-03-05 14:56:00,COMPLETED,784.4,CARD
7105,2855,29,,2026-03-05 08:32:00,2026-03-05 09:07:00,COMPLETED,225.23,UPI
7106,4511,72,,2026-03-05 21:14:00,2026-03-05 21:53:00,CANCELLED,342.8,UPI
7107,1546,53,,2026-03-05 22:12:00,2026-03-05 22:48:00,COMPLETED,354.95,COD
7108,4010,45,,2026-03-05 15:31:00,2026-03-05 15:56:00,CANCELLED,788.16,COD
7109,3551,48,,2026-03-05 14:12:00,2026-03-05 14:42:00,COMPLETED,515.38,CARD
7110,2184,12,,2026-03-05 16:24:00,2026-03-05 16:57:00,COMPLETED,652.09,UPI
7111,3386,108,,2026-03-05 19:29:00,2026-03-05 20:12:00,CANCELLED,576.27,UPI
7112,3444,20,,2026-03-05 17:34:00,2026-03-05 18:11:00,CANCELLED,310.23,UPI
7113,2568,83,,2026-03-05 08:25:00,2026-03-05 08:51:00,COMPLETED,367.57,UPI
7114,1357,62,,2026-03-05 09:04:00,2026-03-05 09:40:00,CANCELLED,601.61,UPI
7115,1822,61,,2026-03-05 09:17:00,2026-03-05 10:00:00,CANCELLED,532.18,COD
7116,2860,103,,2026-03-05 09:08:00,2026-03-05 09:38:00,COMPLETED,323.63,UPI
7117,3170,83,,2026-03-05 21:46:00,2026-03-05 22:21:00,COMPLETED,584.87,CARD
7118,3816,21,,2026-03-05 16:24:00,2026-03-05 17:02:00,COMPLETED,278.28,UPI
7119,2624,36,,2026-03-05 15:06:00,2026-03-05 15:33:00,CANCELLED,200.01,COD
7120,4154,43,,2026-03-05 19:56:00,2026-03-05 20:34:00,COMPLETED,248.26,COD
7121,4698,113,,2026-03-05 10:10:00,2026-03-05 10:43:00,CANCELLED,175.43,CARD
7122,1009,14,,2026-03-05 16:42:00,2026-03-05 17:10:00,CANCELLED,493.22,COD
7123,3951,57,,2026-03-05 10:51:00,2026-03-05 11:34:00,COMPLETED,550.03,CARD
7124,4171,108,,2026-03-05 12:39:00,2026-03-05 13:05:00,CANCELLED,310.07,UPI
7125,3979,105,,2026-03-06 19:22:00,2026-03-06 20:07:00,COMPLETED,676.17,UPI
7126,2996,97,,2026-03-06 16:47:00,2026-03-06 17:15:00,COMPLETED,155.39,COD
7127,2325,66,,2026-03-06 16:53:00,2026-03-06 17:18:00,COMPLETED,364.31,CARD
7128,3238,16,,2026-03-06 16:40:00,2026-03-06 17:06:00,CANCELLED,160.45,COD
7129,2392,5,,2026-03-06 12:49:00,2026-03-06 13:14:00,COMPLETED,601.67,COD
7130,4886,91,,2026-03-06 13:47:00,2026-03-06 14:24:00,COMPLETED,371.83,CARD
7131,4319,103,,2026-03-06 16:50:00,2026-03-06 17:28:00,COMPLETED,562.6,COD
7132,1280,13,,2026-03-06 21:16:00,2026-03-06 21:48:00,CANCELLED,606.08,CARD
7133,1090,114,,2026-03-06 13:10:00,2026-03-06 13:48:00,COMPLETED,774.52,COD
7134,4709,56,,2026-03-06 10:44:00,2026-03-06 11:18:00,CANCELLED,689.15,UPI
7135,1470,20,,2026-03-06 10:27:00,2026-03-06 11:08:00,CANCELLED,517.89,COD
7136,1211,59,,2026-03-06 14:46:00,2026-03-06 15:16:00,CANCELLED,554.23,CARD
7137,3395,116,,2026-03-06 21:22:00,2026-03-06 21:55:00,CANCELLED,539.23,COD
7138,4530,75,,2026-03-06 14:38:00,2026-03-06 15:03:00,COMPLETED,150.32,COD
7139,4051,56,,2026-03-06 09:20:00,2026-03-06 09:53:00,CANCELLED,421.21,CARD
7140,3930,116,,2026-03-06 14:02:00,2026-03-06 14:42:00,COMPLETED,643.36,UPI
7141,4484,111,,2026-03-06 14:02:00,2026-03-06 14:42:00,COMPLETED,287.2,UPI
7142,2414,109,,2026-03-06 17:48:00,2026-03-06 18:32:00,COMPLETED,347.08,CARD
7143,2190,84,,2026-03-06 17:43:00,2026-03-06 18:20:00,COMPLETED,408.66,UPI
7144,2579,19,,2026-03-06 08:40:00,2026-03-06 09:21:00,CANCELLED,273.52,COD
7145,4469,29,,2026-03-06 21:07:00,2026-03-06 21:36:00,COMPLETED,456.65,COD
7146,4757,63,,2026-03-06 12:37:00,2026-03-06 13:19:00,CANCELLED,315.54,COD
7147,4656,28,,2026-03-06 15:03:00,2026-03-06 15:31:00,CANCELLED,679.58,UPI
7148,2313,70,,2026-03-06 16:21:00,2026-03-06 16:54:00,CANCELLED,227.07,CARD
7149,4503,65,,2026-03-06 08:13:00,2026-03-06 08:48:00,COMPLETED,524.8,UPI
7150,1898,48,,2026-03-06 08:37:00,2026-03-06 09:18:00,CANCELLED,561.77,UPI
7151,3766,82,,2026-03-06 22:20:00,2026-03-06 22:49:00,CANCELLED,484.72,UPI
7152,4800,66,,2026-03-06 17:38:00,2026-03-06 18:20:00,COMPLETED,533.18,COD
7153,2569,48,,2026-03-06 15:23:00,2026-03-06 16:07:00,CANCELLED,548.6,COD
7154,2698,104,,2026-03-06 14:19:00,2026-03-06 15:03:00,COMPLETED,768.72,UPI
7155,1568,31,,2026-03-06 19:44:00,2026-03-06 20:14:00,CANCELLED,500.27,COD
7156,2925,44,,2026-03-06 21:45:00,2026-03-06 22:15:00,COMPLETED,738.75,COD
7157,3510,95,,2026-03-06 17:05:00,2026-03-06 17:36:00,CANCELLED,777.41,CARD
7158,4363,96,,2026-03-06 16:01:00,2026-03-06 16:43:00,COMPLETED,254.65,COD
7159,1360,111,,2026-03-06 16:46:00,2026-03-06 17:11:00,CANCELLED,473.14,CARD
7160,1532,73,,2026-03-06 08:27:00,2026-03-06 09:05:00,CANCELLED,385.86,COD
7161,3705,98,,2026-03-06 10:16:00,2026-03-06 10:53:00,CANCELLED,323.85,COD
7162,3731,28,,2026-03-06 21:15:00,2026-03-06 21:51:00,CANCELLED,212.06,CARD
7163,3544,10,,2026-03-06 12:48:00,2026-03-06 13:20:00,COMPLETED,632.94,COD
7164,4387,68,,2026-03-06 12:04:00,2026-03-06 12:32:00,CANCELLED,694.69,CARD
7165,4509,74,,2026-03-06 15:17:00,2026-03-06 15:56:00,COMPLETED,727.48,UPI
7166,4930,96,,2026-03-06 18:55:00,2026-03-06 19:35:00,CANCELLED,455.95,CARD
7167,4076,7,,2026-03-06 18:49:00,2026-03-06 19:18:00,COMPLETED,201.66,COD
7168,3258,30,,2026-03-06 13:02:00,2026-03-06 13:27:00,CANCELLED,310.48,UPI
7169,1710,51,,2026-03-06 22:26:00,2026-03-06 23:08:00,COMPLETED,665.03,CARD
7170,2920,92,,2026-03-06 17:19:00,2026-03-06 17:58:00,CANCELLED,660.8,UPI
7171,1771,111,,2026-03-06 18:59:00,2026-03-06 19:31:00,CANCELLED,242.6,UPI
7172,1925,79,,2026-03-06 11:36:00,2026-03-06 12:19:00,COMPLETED,237.06,COD
7173,2953,58,,2026-03-06 14:08:00,2026-03-06 14:48:00,COMPLETED,446.39,UPI
7174,3762,44,,2026-03-06 14:10:00,2026-03-06 14:49:00,COMPLETED,257.16,COD
7175,3152,113,,2026-03-06 19:14:00,2026-03-06 19:55:00,CANCELLED,271.36,COD
7176,2265,56,,2026-03-06 12:48:00,2026-03-06 13:29:00,COMPLETED,297.73,UPI
7177,1943,75,,2026-03-06 11:14:00,2026-03-06 11:55:00,CANCELLED,612.48,CARD
7178,4408,65,,2026-03-06 16:20:00,2026-03-06 17:02:00,CANCELLED,264.62,COD
7179,2892,43,,2026-03-06 20:56:00,2026-03-06 21:30:00,COMPLETED,389.53,CARD
7180,2274,58,,2026-03-06 21:30:00,2026-03-06 22:14:00,CANCELLED,186.39,UPI
7181,3795,76,,2026-03-06 17:50:00,2026-03-06 18:22:00,COMPLETED,492.05,COD
7182,3617,7,,2026-03-06 10:13:00,2026-03-06 10:58:00,COMPLETED,794.01,UPI
7183,1332,110,,2026-03-06 13:17:00,2026-03-06 13:55:00,CANCELLED,613.25,CARD
7184,3425,38,,2026-03-06 19:00:00,2026-03-06 19:40:00,CANCELLED,634.98,UPI
7185,3151,86,,2026-03-06 19:00:00,2026-03-06 19:39:00,COMPLETED,487.88,CARD
7186,1881,92,,2026-03-06 16:49:00,2026-03-06 17:27:00,CANCELLED,635.09,COD
7187,4562,74,,2026-03-06 22:54:00,2026-03-06 23:26:00,CANCELLED,551.96,UPI
7188,2343,101,,2026-03-06 21:18:00,2026-03-06 22:03:00,COMPLETED,607.77,COD
7189,2373,96,,2026-03-06 09:57:00,2026-03-06 10:39:00,CANCELLED,262.4,CARD
7190,1211,12,,2026-03-06 13:40:00,2026-03-06 14:25:00,CANCELLED,449.41,UPI
7191,2730,18,,2026-03-06 16:19:00,2026-03-06 17:02:00,CANCELLED,588.54,CARD
7192,2552,114,,2026-03-06 21:20:00,2026-03-06 22:03:00,CANCELLED,339.84,CARD
7193,3781,60,,2026-03-06 18:37:00,2026-03-06 19:17:00,COMPLETED,610.2,CARD
7194,1629,104,,2026-03-06 18:42:00,2026-03-06 19:27:00,COMPLETED,163.21,CARD
7195,1505,3,,2026-03-06 20:15:00,2026-03-06 21:00:00,COMPLETED,213.32,UPI
7196,4346,53,,2026-03-06 11:02:00,2026-03-06 11:43:00,CANCELLED,537.5,UPI
7197,1351,42,,2026-03-06 11:06:00,2026-03-06 11:41:00,CANCELLED,360.19,UPI
7198,4551,75,,2026-03-06 09:50:00,2026-03-06 10:23:00,COMPLETED,517.29,UPI
7199,3590,90,,2026-03-06 15:35:00,2026-03-06 16:03:00,COMPLETED,581.47,COD
7200,3585,46,,2026-03-06 08:01:00,2026-03-06 08:34:00,CANCELLED,735.14,UPI
7201,2981,110,,2026-03-06 10:40:00,2026-03-06 11:10:00,CANCELLED,719.77,CARD
7202,4926,51,,2026-03-06 19:48:00,2026-03-06 20:31:00,CANCELLED,377.22,CARD
7203,2218,105,,2026-03-06 10:11:00,2026-03-06 10:55:00,COMPLETED,704.76,UPI
7204,1509,76,,2026-03-06 09:57:00,2026-03-06 10:36:00,CANCELLED,250.94,UPI
7205,3672,28,,2026-03-06 09:05:00,2026-03-06 09:35:00,CANCELLED,283.69,COD
7206,4868,56,,2026-03-06 13:35:00,2026-03-06 14:07:00,CANCELLED,392.54,UPI
7207,3038,57,,2026-03-06 19:36:00,2026-03-06 20:16:00,COMPLETED,312.95,CARD
7208,2589,103,,2026-03-06 21:25:00,2026-03-06 21:54:00,CANCELLED,495.82,UPI
7209,1847,86,,2026-03-06 13:30:00,2026-03-06 13:56:00,COMPLETED,155.9,CARD
7210,2792,77,,2026-03-06 19:02:00,2026-03-06 19:45:00,COMPLETED,316.89,UPI
7211,3578,115,,2026-03-06 16:08:00,2026-03-06 16:35:00,COMPLETED,713.84,COD
7212,1349,85,,2026-03-06 21:27:00,2026-03-06 22:05:00,COMPLETED,462.89,UPI
7213,4634,91,,2026-03-06 14:43:00,2026-03-06 15:20:00,CANCELLED,542.76,UPI
7214,2943,20,,2026-03-06 22:12:00,2026-03-06 22:45:00,COMPLETED,448.65,COD
7215,2508,50,,2026-03-06 12:56:00,2026-03-06 13:28:00,CANCELLED,475.29,COD
7216,1893,20,,2026-03-06 21:21:00,2026-03-06 21:47:00,CANCELLED,642.16,UPI
7217,2522,92,,2026-03-06 22:27:00,2026-03-06 23:10:00,COMPLETED,724.33,UPI
7218,3980,95,,2026-03-06 17:04:00,2026-03-06 17:43:00,CANCELLED,468.25,UPI
7219,2943,72,,2026-03-06 20:26:00,2026-03-06 20:51:00,COMPLETED,634.98,CARD
7220,3140,89,,2026-03-06 16:31:00,2026-03-06 17:01:00,COMPLETED,574.1,UPI
7221,4445,50,,2026-03-06 21:51:00,2026-03-06 22:30:00,CANCELLED,765.74,UPI
7222,1751,88,,2026-03-06 20:47:00,2026-03-06 21:14:00,CANCELLED,207.31,CARD
7223,4230,78,,2026-03-06 19:54:00,2026-03-06 20:39:00,COMPLETED,576.57,CARD
7224,4157,74,,2026-03-06 12:02:00,2026-03-06 12:30:00,CANCELLED,264.44,UPI
7225,3859,39,,2026-03-06 13:41:00,2026-03-06 14:18:00,CANCELLED,294.93,COD
7226,1260,81,,2026-03-06 17:57:00,2026-03-06 18:32:00,CANCELLED,405.61,UPI
7227,1252,84,,2026-03-06 11:42:00,2026-03-06 12:07:00,CANCELLED,280.55,COD
7228,4246,7,,2026-03-06 20:08:00,2026-03-06 20:36:00,CANCELLED,591.23,UPI
7229,2824,66,,2026-03-06 12:25:00,2026-03-06 12:51:00,CANCELLED,715.58,CARD
7230,1227,112,,2026-03-06 22:27:00,2026-03-06 23:12:00,CANCELLED,695.53,CARD
7231,1837,95,,2026-03-06 09:50:00,2026-03-06 10:17:00,CANCELLED,647.35,COD
7232,4066,81,,2026-03-06 22:54:00,2026-03-06 23:34:00,COMPLETED,542.83,UPI
7233,4776,81,,2026-03-06 10:43:00,2026-03-06 11:23:00,COMPLETED,647.52,CARD
7234,4069,70,,2026-03-06 13:24:00,2026-03-06 14:07:00,CANCELLED,436.43,UPI
7235,2370,47,,2026-03-06 19:53:00,2026-03-06 20:19:00,CANCELLED,485.94,CARD
7236,2942,12,,2026-03-06 20:11:00,2026-03-06 20:37:00,COMPLETED,600.71,CARD
7237,4135,77,,2026-03-06 14:33:00,2026-03-06 15:17:00,COMPLETED,361.68,CARD
7238,4989,106,,2026-03-06 17:22:00,2026-03-06 17:52:00,CANCELLED,156.15,CARD
7239,2012,28,,2026-03-06 10:10:00,2026-03-06 10:53:00,COMPLETED,287.89,COD
7240,3342,25,,2026-03-06 14:40:00,2026-03-06 15:21:00,CANCELLED,679.99,UPI
7241,1263,32,,2026-03-06 08:20:00,2026-03-06 08:50:00,CANCELLED,642.6,CARD
7242,2473,64,,2026-03-06 12:54:00,2026-03-06 13:21:00,CANCELLED,204.33,COD
7243,1276,68,,2026-03-06 20:39:00,2026-03-06 21:23:00,CANCELLED,262.31,CARD
7244,1258,93,,2026-03-06 19:01:00,2026-03-06 19:37:00,CANCELLED,667.72,COD
7245,3729,117,,2026-03-06 16:04:00,2026-03-06 16:42:00,CANCELLED,368.4,CARD
7246,1901,89,,2026-03-06 10:40:00,2026-03-06 11:09:00,CANCELLED,385.0,COD
7247,2323,72,,2026-03-06 19:47:00,2026-03-06 20:29:00,CANCELLED,584.32,UPI
7248,4210,86,,2026-03-06 11:19:00,2026-03-06 11:44:00,COMPLETED,649.06,CARD
7249,3491,119,,2026-03-06 21:16:00,2026-03-06 21:46:00,COMPLETED,668.3,UPI
7250,4497,57,,2026-03-06 10:27:00,2026-03-06 11:09:00,CANCELLED,217.52,CARD
7251,4288,116,,2026-03-06 11:18:00,2026-03-06 11:54:00,CANCELLED,345.21,COD
7252,3720,40,,2026-03-06 15:00:00,2026-03-06 15:41:00,CANCELLED,322.95,UPI
7253,2314,5,,2026-03-06 19:32:00,2026-03-06 20:08:00,CANCELLED,594.89,CARD
7254,4105,2,,2026-03-06 12:11:00,2026-03-06 12:39:00,COMPLETED,799.16,UPI
7255,3155,70,,2026-03-06 20:23:00,2026-03-06 20:49:00,COMPLETED,757.51,UPI
7256,4031,40,,2026-03-06 13:23:00,2026-03-06 14:00:00,CANCELLED,637.61,CARD
7257,3223,15,,2026-03-06 19:33:00,2026-03-06 20:08:00,COMPLETED,358.04,COD
7258,3302,116,,2026-03-06 09:51:00,2026-03-06 10:16:00,CANCELLED,466.21,UPI
7259,2038,64,,2026-03-06 21:43:00,2026-03-06 22:16:00,CANCELLED,201.6,COD
7260,4323,99,,2026-03-06 15:37:00,2026-03-06 16:19:00,CANCELLED,395.0,UPI
7261,2211,50,,2026-03-06 21:24:00,2026-03-06 22:09:00,CANCELLED,307.45,COD
7262,4347,57,,2026-03-06 11:59:00,2026-03-06 12:33:00,CANCELLED,329.73,CARD
7263,1813,62,,2026-03-06 14:58:00,2026-03-06 15:30:00,COMPLETED,251.54,CARD
7264,3056,15,,2026-03-06 15:20:00,2026-03-06 15:50:00,COMPLETED,374.2,COD
7265,2188,27,,2026-03-06 11:43:00,2026-03-06 12:23:00,CANCELLED,309.17,UPI
7266,4947,22,,2026-03-06 08:51:00,2026-03-06 09:26:00,COMPLETED,540.19,COD
7267,1015,33,,2026-03-06 13:27:00,2026-03-06 14:12:00,CANCELLED,234.87,UPI
7268,2958,111,,2026-03-06 08:27:00,2026-03-06 09:11:00,CANCELLED,256.5,COD
7269,4889,76,,2026-03-06 12:36:00,2026-03-06 13:12:00,CANCELLED,443.08,UPI
7270,3343,69,,2026-03-06 14:26:00,2026-03-06 14:51:00,CANCELLED,527.39,CARD
7271,2798,97,,2026-03-06 17:30:00,2026-03-06 17:57:00,CANCELLED,465.05,CARD
7272,2785,47,,2026-03-06 11:57:00,2026-03-06 12:34:00,COMPLETED,549.1,CARD
7273,2433,68,,2026-03-06 17:01:00,2026-03-06 17:42:00,CANCELLED,674.06,CARD
7274,3797,88,,2026-03-06 20:45:00,2026-03-06 21:29:00,CANCELLED,737.05,UPI
7275,2002,15,,2026-03-06 15:43:00,2026-03-06 16:11:00,CANCELLED,773.47,UPI
7276,4820,50,,2026-03-06 21:31:00,2026-03-06 22:15:00,COMPLETED,747.23,COD
7277,2311,24,,2026-03-06 22:24:00,2026-03-06 23:07:00,CANCELLED,461.28,UPI
7278,2137,31,,2026-03-06 16:08:00,2026-03-06 16:48:00,CANCELLED,566.14,COD
7279,3079,36,,2026-03-06 10:25:00,2026-03-06 10:57:00,CANCELLED,438.84,UPI
7280,4217,110,,2026-03-06 21:54:00,2026-03-06 22:21:00,COMPLETED,753.05,CARD
7281,2921,43,,2026-03-06 22:12:00,2026-03-06 22:53:00,CANCELLED,470.3,CARD
7282,1519,94,,2026-03-06 17:10:00,2026-03-06 17:42:00,COMPLETED,679.08,COD
7283,4760,8,,2026-03-06 18:54:00,2026-03-06 19:19:00,CANCELLED,532.98,UPI
7284,4028,15,,2026-03-06 12:53:00,2026-03-06 13:29:00,CANCELLED,299.57,UPI
7285,2164,5,,2026-03-06 17:23:00,2026-03-06 17:59:00,CANCELLED,624.08,COD
7286,2135,39,,2026-03-06 17:45:00,2026-03-06 18:17:00,COMPLETED,338.79,COD
7287,1422,18,,2026-03-06 22:40:00,2026-03-06 23:20:00,COMPLETED,546.54,COD
7288,2377,31,,2026-03-06 08:56:00,2026-03-06 09:34:00,COMPLETED,391.71,COD
7289,3508,61,,2026-03-06 22:57:00,2026-03-06 23:33:00,CANCELLED,756.26,CARD
7290,1082,74,,2026-03-06 19:26:00,2026-03-06 20:08:00,CANCELLED,798.4,COD
7291,3991,91,,2026-03-06 16:35:00,2026-03-06 17:05:00,COMPLETED,536.37,COD
7292,3294,63,,2026-03-06 16:57:00,2026-03-06 17:37:00,CANCELLED,561.38,CARD
7293,1599,100,,2026-03-06 19:07:00,2026-03-06 19:49:00,CANCELLED,789.75,UPI
7294,2013,7,,2026-03-06 22:32:00,2026-03-06 23:10:00,CANCELLED,446.18,CARD
7295,3968,32,,2026-03-06 18:56:00,2026-03-06 19:37:00,CANCELLED,699.6,UPI
7296,3046,85,,2026-03-06 08:27:00,2026-03-06 09:10:00,CANCELLED,477.11,UPI
7297,4239,113,,2026-03-06 13:43:00,2026-03-06 14:08:00,COMPLETED,595.98,UPI
7298,3710,6,,2026-03-06 12:44:00,2026-03-06 13:20:00,CANCELLED,607.77,CARD
7299,4871,79,,2026-03-06 14:49:00,2026-03-06 15:19:00,COMPLETED,596.07,COD
7300,1947,91,,2026-03-06 15:32:00,2026-03-06 16:16:00,COMPLETED,598.33,COD
7301,1605,58,,2026-03-06 14:54:00,2026-03-06 15:30:00,COMPLETED,374.66,UPI
7302,2362,80,,2026-03-06 12:03:00,2026-03-06 12:28:00,CANCELLED,585.96,CARD
7303,3047,16,,2026-03-06 13:59:00,2026-03-06 14:37:00,COMPLETED,448.23,UPI
7304,3257,108,,2026-03-06 11:28:00,2026-03-06 12:11:00,CANCELLED,256.98,CARD
7305,1370,92,,2026-03-06 13:23:00,2026-03-06 14:05:00,CANCELLED,585.89,CARD
7306,2245,1,,2026-03-06 19:27:00,2026-03-06 20:08:00,CANCELLED,364.07,UPI
7307,3829,71,,2026-03-06 21:03:00,2026-03-06 21:34:00,COMPLETED,386.97,CARD
7308,3533,81,,2026-03-06 14:41:00,2026-03-06 15:16:00,CANCELLED,242.26,CARD
7309,4872,48,,2026-03-06 11:42:00,2026-03-06 12:26:00,COMPLETED,650.13,CARD
7310,2430,11,,2026-03-06 19:54:00,2026-03-06 20:19:00,COMPLETED,703.84,UPI
7311,2836,24,,2026-03-06 18:20:00,2026-03-06 18:58:00,COMPLETED,656.66,CARD
7312,2589,71,,2026-03-06 09:49:00,2026-03-06 10:24:00,COMPLETED,509.31,COD
7313,2980,111,,2026-03-06 22:07:00,2026-03-06 22:37:00,CANCELLED,295.86,CARD
7314,4157,20,,2026-03-06 22:58:00,2026-03-06 23:40:00,COMPLETED,337.71,CARD
7315,1345,29,,2026-03-07 10:54:00,2026-03-07 11:28:00,CANCELLED,217.23,COD
7316,3820,25,,2026-03-07 08:02:00,2026-03-07 08:40:00,COMPLETED,688.77,CARD
7317,1883,5,,2026-03-07 14:20:00,2026-03-07 15:01:00,CANCELLED,513.52,CARD
7318,4524,55,,2026-03-07 16:33:00,2026-03-07 17:04:00,COMPLETED,425.2,COD
7319,2616,55,,2026-03-07 11:23:00,2026-03-07 12:05:00,CANCELLED,583.36,COD
7320,2969,48,,2026-03-07 14:48:00,2026-03-07 15:28:00,CANCELLED,516.68,UPI
7321,4010,117,,2026-03-07 21:23:00,2026-03-07 21:55:00,CANCELLED,338.9,COD
7322,3740,114,,2026-03-07 13:26:00,2026-03-07 14:11:00,CANCELLED,462.9,CARD
7323,1048,38,,2026-03-07 10:13:00,2026-03-07 10:49:00,COMPLETED,266.24,CARD
7324,3666,79,,2026-03-07 22:04:00,2026-03-07 22:46:00,COMPLETED,166.76,CARD
7325,3165,58,,2026-03-07 13:27:00,2026-03-07 14:02:00,COMPLETED,287.3,UPI
7326,4096,47,,2026-03-07 16:35:00,2026-03-07 17:09:00,CANCELLED,559.03,COD
7327,1626,37,,2026-03-07 16:59:00,2026-03-07 17:24:00,COMPLETED,160.67,UPI
7328,1242,102,,2026-03-07 09:27:00,2026-03-07 10:03:00,CANCELLED,627.84,UPI
7329,1478,52,,2026-03-07 17:53:00,2026-03-07 18:25:00,CANCELLED,158.96,CARD
7330,4139,88,,2026-03-07 10:01:00,2026-03-07 10:39:00,COMPLETED,205.89,CARD
7331,2566,56,,2026-03-07 14:15:00,2026-03-07 15:00:00,COMPLETED,300.12,UPI
7332,2804,85,,2026-03-07 08:17:00,2026-03-07 08:50:00,CANCELLED,179.28,COD
7333,2375,71,,2026-03-07 22:52:00,2026-03-07 23:26:00,CANCELLED,172.05,CARD
7334,1564,17,,2026-03-07 17:27:00,2026-03-07 18:10:00,CANCELLED,165.02,CARD
7335,4796,84,,2026-03-07 18:37:00,2026-03-07 19:03:00,CANCELLED,351.61,UPI
7336,2360,56,,2026-03-07 18:38:00,2026-03-07 19:10:00,CANCELLED,630.42,CARD
7337,4872,6,,2026-03-07 22:04:00,2026-03-07 22:45:00,COMPLETED,662.53,UPI
7338,1891,52,,2026-03-07 11:36:00,2026-03-07 12:18:00,CANCELLED,466.71,COD
7339,2332,99,,2026-03-07 13:11:00,2026-03-07 13:47:00,COMPLETED,464.93,CARD
7340,1965,45,,2026-03-07 20:27:00,2026-03-07 20:59:00,COMPLETED,658.53,UPI
7341,3735,24,,2026-03-07 22:52:00,2026-03-07 23:37:00,CANCELLED,326.9,CARD
7342,3583,107,,2026-03-07 22:52:00,2026-03-07 23:36:00,CANCELLED,410.9,COD
7343,1144,99,,2026-03-07 19:27:00,2026-03-07 20:11:00,COMPLETED,624.26,UPI
7344,3423,117,,2026-03-07 14:05:00,2026-03-07 14:36:00,COMPLETED,327.6,CARD
7345,4272,95,,2026-03-07 17:23:00,2026-03-07 18:05:00,CANCELLED,472.28,COD
7346,1427,39,,2026-03-07 22:22:00,2026-03-07 22:57:00,COMPLETED,596.83,UPI
7347,1208,73,,2026-03-07 09:52:00,2026-03-07 10:31:00,CANCELLED,286.99,UPI
7348,4901,76,,2026-03-07 22:04:00,2026-03-07 22:29:00,COMPLETED,726.9,UPI
7349,1420,29,,2026-03-07 17:06:00,2026-03-07 17:48:00,COMPLETED,299.38,CARD
7350,2555,78,,2026-03-07 17:18:00,2026-03-07 17:52:00,COMPLETED,591.59,CARD
7351,1223,13,,2026-03-07 09:38:00,2026-03-07 10:14:00,CANCELLED,314.05,UPI
7352,1628,48,,2026-03-07 14:58:00,2026-03-07 15:35:00,CANCELLED,300.56,COD
7353,1897,54,,2026-03-07 22:46:00,2026-03-07 23:22:00,COMPLETED,232.7,UPI
7354,2853,51,,2026-03-07 18:07:00,2026-03-07 18:48:00,COMPLETED,650.68,COD
7355,2452,119,,2026-03-07 21:25:00,2026-03-07 22:08:00,CANCELLED,664.66,CARD
7356,3000,36,,2026-03-07 17:58:00,2026-03-07 18:32:00,CANCELLED,174.13,COD
7357,3652,65,,2026-03-07 18:46:00,2026-03-07 19:29:00,CANCELLED,227.83,COD
7358,1366,98,,2026-03-07 19:07:00,2026-03-07 19:39:00,CANCELLED,653.1,COD
7359,4661,36,,2026-03-07 15:14:00,2026-03-07 15:40:00,COMPLETED,398.73,COD
7360,2834,12,,2026-03-07 12:31:00,2026-03-07 13:04:00,CANCELLED,366.43,UPI
7361,2515,24,,2026-03-07 12:28:00,2026-03-07 12:56:00,CANCELLED,319.8,UPI
7362,4030,82,,2026-03-07 19:38:00,2026-03-07 20:19:00,COMPLETED,539.74,UPI
7363,2170,94,,2026-03-07 20:36:00,2026-03-07 21:20:00,CANCELLED,317.02,CARD
7364,4269,114,,2026-03-07 19:29:00,2026-03-07 20:12:00,COMPLETED,692.9,CARD
7365,3284,6,,2026-03-07 21:57:00,2026-03-07 22:36:00,CANCELLED,536.71,UPI
7366,1553,3,,2026-03-07 22:08:00,2026-03-07 22:46:00,COMPLETED,676.88,COD
7367,3433,51,,2026-03-07 15:34:00,2026-03-07 16:06:00,CANCELLED,628.36,UPI
7368,3744,54,,2026-03-07 10:57:00,2026-03-07 11:37:00,COMPLETED,608.27,UPI
7369,2273,56,,2026-03-07 12:48:00,2026-03-07 13:16:00,CANCELLED,699.16,UPI
7370,2783,89,,2026-03-07 08:03:00,2026-03-07 08:33:00,COMPLETED,273.72,COD
7371,2333,46,,2026-03-07 12:49:00,2026-03-07 13:18:00,CANCELLED,400.5,CARD
7372,4347,56,,2026-03-07 11:22:00,2026-03-07 11:51:00,COMPLETED,690.23,COD
7373,4845,16,,2026-03-07 17:06:00,2026-03-07 17:39:00,CANCELLED,374.04,COD
7374,2118,120,,2026-03-07 17:49:00,2026-03-07 18:25:00,COMPLETED,715.98,CARD
7375,4548,62,,2026-03-07 14:10:00,2026-03-07 14:39:00,CANCELLED,154.31,UPI
7376,3615,8,,2026-03-07 17:14:00,2026-03-07 17:55:00,CANCELLED,570.7,CARD
7377,2796,21,,2026-03-07 10:56:00,2026-03-07 11:21:00,CANCELLED,196.68,UPI
7378,2256,5,,2026-03-07 11:12:00,2026-03-07 11:43:00,COMPLETED,576.77,COD
7379,4835,14,,2026-03-07 16:20:00,2026-03-07 17:01:00,COMPLETED,248.44,UPI
7380,2013,32,,2026-03-07 10:42:00,2026-03-07 11:21:00,COMPLETED,720.96,COD
7381,4751,93,,2026-03-07 15:39:00,2026-03-07 16:18:00,CANCELLED,435.33,UPI
7382,4733,65,,2026-03-07 18:29:00,2026-03-07 19:04:00,COMPLETED,527.41,UPI
7383,3201,58,,2026-03-07 21:00:00,2026-03-07 21:37:00,CANCELLED,639.17,CARD
7384,4996,74,,2026-03-07 19:42:00,2026-03-07 20:11:00,CANCELLED,324.52,CARD
7385,1824,54,,2026-03-07 11:18:00,2026-03-07 11:45:00,CANCELLED,375.28,UPI
7386,2674,65,,2026-03-07 10:40:00,2026-03-07 11:17:00,CANCELLED,611.06,CARD
7387,4726,88,,2026-03-07 22:57:00,2026-03-07 23:22:00,CANCELLED,299.44,CARD
7388,3646,65,,2026-03-07 15:12:00,2026-03-07 15:51:00,COMPLETED,646.12,COD
7389,2625,16,,2026-03-07 11:15:00,2026-03-07 11:42:00,COMPLETED,718.29,UPI
7390,1060,44,,2026-03-07 15:40:00,2026-03-07 16:24:00,COMPLETED,346.56,COD
7391,1907,25,,2026-03-07 17:27:00,2026-03-07 18:09:00,COMPLETED,216.18,UPI
7392,3097,3,,2026-03-07 21:34:00,2026-03-07 22:02:00,COMPLETED,408.71,UPI
7393,1645,32,,2026-03-07 17:13:00,2026-03-07 17:38:00,CANCELLED,237.86,COD
7394,4568,77,,2026-03-07 22:49:00,2026-03-07 23:17:00,COMPLETED,475.48,CARD
7395,3639,112,,2026-03-07 20:35:00,2026-03-07 21:19:00,CANCELLED,770.77,COD
7396,2130,100,,2026-03-07 09:52:00,2026-03-07 10:28:00,COMPLETED,516.19,CARD
7397,2985,32,,2026-03-07 09:36:00,2026-03-07 10:12:00,CANCELLED,675.93,UPI
7398,1088,87,,2026-03-07 17:53:00,2026-03-07 18:20:00,CANCELLED,653.69,COD
7399,4465,24,,2026-03-07 16:32:00,2026-03-07 17:10:00,COMPLETED,615.22,UPI
7400,2626,5,,2026-03-07 09:01:00,2026-03-07 09:35:00,COMPLETED,416.76,CARD
7401,2273,111,,2026-03-07 10:58:00,2026-03-07 11:27:00,CANCELLED,508.93,CARD
7402,4821,119,,2026-03-07 10:14:00,2026-03-07 10:43:00,CANCELLED,218.1,CARD
7403,4558,115,,2026-03-07 19:53:00,2026-03-07 20:22:00,CANCELLED,775.08,COD
7404,2381,6,,2026-03-07 21:31:00,2026-03-07 22:03:00,CANCELLED,231.49,COD
7405,1135,10,,2026-03-07 17:02:00,2026-03-07 17:36:00,CANCELLED,713.19,CARD
7406,4781,84,,2026-03-07 17:55:00,2026-03-07 18:35:00,COMPLETED,406.54,CARD
7407,1263,5,,2026-03-07 18:29:00,2026-03-07 19:10:00,CANCELLED,567.67,COD
7408,3174,51,,2026-03-07 22:48:00,2026-03-07 23:26:00,CANCELLED,756.31,COD
7409,2715,71,,2026-03-07 17:06:00,2026-03-07 17:37:00,COMPLETED,645.82,CARD
7410,1465,38,,2026-03-07 21:48:00,2026-03-07 22:18:00,COMPLETED,437.64,COD
7411,1220,68,,2026-03-07 16:02:00,2026-03-07 16:33:00,CANCELLED,203.79,UPI
7412,3369,3,,2026-03-07 20:52:00,2026-03-07 21:23:00,COMPLETED,552.43,CARD
7413,4741,7,,2026-03-07 10:38:00,2026-03-07 11:03:00,CANCELLED,699.59,CARD
7414,1725,51,,2026-03-07 19:20:00,2026-03-07 19:57:00,COMPLETED,463.54,CARD
7415,4832,37,,2026-03-07 11:01:00,2026-03-07 11:46:00,CANCELLED,335.52,UPI
7416,3554,67,,2026-03-07 19:08:00,2026-03-07 19:47:00,COMPLETED,191.02,COD
7417,3182,16,,2026-03-07 15:52:00,2026-03-07 16:24:00,CANCELLED,760.54,COD
7418,1708,18,,2026-03-07 18:10:00,2026-03-07 18:41:00,CANCELLED,585.9,COD
7419,2048,5,,2026-03-07 21:09:00,2026-03-07 21:44:00,COMPLETED,342.86,CARD
7420,3255,88,,2026-03-07 22:33:00,2026-03-07 23:05:00,CANCELLED,468.05,UPI
7421,3625,11,,2026-03-07 12:58:00,2026-03-07 13:30:00,CANCELLED,661.82,UPI
7422,2861,70,,2026-03-07 18:14:00,2026-03-07 18:47:00,COMPLETED,187.33,CARD
7423,1711,95,,2026-03-07 22:11:00,2026-03-07 22:54:00,CANCELLED,639.79,COD
7424,3452,107,,2026-03-07 14:49:00,2026-03-07 15:27:00,COMPLETED,460.73,UPI
7425,3660,47,,2026-03-07 14:08:00,2026-03-07 14:53:00,COMPLETED,332.09,UPI
7426,3210,64,,2026-03-07 17:17:00,2026-03-07 17:49:00,CANCELLED,175.15,CARD
7427,4970,5,,2026-03-07 16:31:00,2026-03-07 17:10:00,COMPLETED,625.63,COD
7428,1389,81,,2026-03-07 15:34:00,2026-03-07 16:03:00,COMPLETED,665.84,UPI
7429,1009,37,,2026-03-07 18:01:00,2026-03-07 18:42:00,COMPLETED,286.16,COD
7430,3757,54,,2026-03-07 21:45:00,2026-03-07 22:21:00,CANCELLED,322.02,COD
7431,2279,52,,2026-03-07 08:49:00,2026-03-07 09:16:00,COMPLETED,208.91,CARD
7432,4773,118,,2026-03-07 19:33:00,2026-03-07 20:04:00,COMPLETED,362.47,COD
7433,1681,23,,2026-03-07 22:29:00,2026-03-07 23:07:00,CANCELLED,185.46,CARD
7434,2588,96,,2026-03-07 11:32:00,2026-03-07 11:59:00,CANCELLED,234.79,UPI
7435,1946,15,,2026-03-07 14:48:00,2026-03-07 15:20:00,CANCELLED,211.42,COD
7436,1779,14,,2026-03-07 17:22:00,2026-03-07 17:51:00,COMPLETED,191.47,COD
7437,1495,78,,2026-03-07 19:47:00,2026-03-07 20:26:00,CANCELLED,355.68,CARD
7438,2369,98,,2026-03-07 12:16:00,2026-03-07 12:42:00,COMPLETED,542.42,CARD
7439,1118,71,,2026-03-07 17:46:00,2026-03-07 18:22:00,COMPLETED,538.71,CARD
7440,4446,107,,2026-03-07 08:11:00,2026-03-07 08:36:00,CANCELLED,418.5,UPI
7441,3611,46,,2026-03-07 21:37:00,2026-03-07 22:09:00,COMPLETED,671.67,COD
7442,2511,12,,2026-03-07 14:13:00,2026-03-07 14:57:00,CANCELLED,669.85,COD
7443,2080,15,,2026-03-07 14:10:00,2026-03-07 14:40:00,COMPLETED,573.9,COD
7444,4302,119,,2026-03-07 10:33:00,2026-03-07 11:03:00,CANCELLED,461.31,COD
7445,2696,42,,2026-03-07 08:55:00,2026-03-07 09:32:00,CANCELLED,164.11,UPI
7446,4960,25,,2026-03-07 17:55:00,2026-03-07 18:25:00,CANCELLED,724.35,UPI
7447,1332,86,,2026-03-07 15:34:00,2026-03-07 16:08:00,CANCELLED,526.98,UPI
7448,3041,44,,2026-03-07 16:02:00,2026-03-07 16:29:00,COMPLETED,248.25,CARD
7449,4809,80,,2026-03-07 16:27:00,2026-03-07 17:11:00,CANCELLED,601.16,CARD
7450,1668,51,,2026-03-07 21:06:00,2026-03-07 21:42:00,COMPLETED,355.34,UPI
7451,3880,117,,2026-03-07 16:55:00,2026-03-07 17:39:00,COMPLETED,410.68,CARD
7452,1404,62,,2026-03-07 17:27:00,2026-03-07 17:59:00,COMPLETED,356.21,COD
7453,2057,21,,2026-03-07 09:35:00,2026-03-07 10:02:00,CANCELLED,225.41,UPI
7454,2276,47,,2026-03-07 19:58:00,2026-03-07 20:39:00,CANCELLED,778.0,UPI
7455,4749,87,,2026-03-07 11:42:00,2026-03-07 12:09:00,COMPLETED,438.38,CARD
7456,1378,74,,2026-03-07 16:01:00,2026-03-07 16:34:00,COMPLETED,593.56,UPI
7457,2270,116,,2026-03-07 18:11:00,2026-03-07 18:46:00,CANCELLED,575.53,CARD
7458,4032,105,,2026-03-07 14:00:00,2026-03-07 14:40:00,COMPLETED,274.84,COD
7459,4256,12,,2026-03-07 10:05:00,2026-03-07 10:50:00,CANCELLED,412.16,COD
7460,2584,14,,2026-03-07 15:52:00,2026-03-07 16:17:00,COMPLETED,572.66,COD
7461,3752,17,,2026-03-07 09:56:00,2026-03-07 10:24:00,CANCELLED,288.59,COD
7462,3722,67,,2026-03-07 22:37:00,2026-03-07 23:04:00,COMPLETED,445.8,COD
7463,2925,76,,2026-03-07 12:10:00,2026-03-07 12:45:00,CANCELLED,382.48,UPI
7464,1125,9,,2026-03-07 12:25:00,2026-03-07 12:50:00,COMPLETED,582.71,CARD
7465,2190,110,,2026-03-07 20:33:00,2026-03-07 21:08:00,COMPLETED,657.75,CARD
7466,3264,105,,2026-03-07 08:58:00,2026-03-07 09:37:00,COMPLETED,703.67,COD
7467,4563,36,,2026-03-07 10:05:00,2026-03-07 10:43:00,COMPLETED,326.3,CARD
7468,4933,85,,2026-03-07 10:56:00,2026-03-07 11:30:00,COMPLETED,693.54,UPI
7469,2298,113,,2026-03-07 22:59:00,2026-03-07 23:39:00,CANCELLED,578.27,UPI
7470,4725,97,,2026-03-07 10:27:00,2026-03-07 11:00:00,COMPLETED,232.5,COD
7471,4664,113,,2026-03-07 18:59:00,2026-03-07 19:37:00,CANCELLED,232.09,COD
7472,2731,118,,2026-03-07 21:35:00,2026-03-07 22:02:00,CANCELLED,410.22,COD
7473,4313,45,,2026-03-07 16:50:00,2026-03-07 17:34:00,COMPLETED,558.14,UPI
7474,1975,36,,2026-03-07 18:28:00,2026-03-07 18:57:00,CANCELLED,404.09,COD
7475,2174,55,,2026-03-07 09:06:00,2026-03-07 09:46:00,CANCELLED,361.09,COD
7476,4080,111,,2026-03-07 09:40:00,2026-03-07 10:18:00,CANCELLED,527.32,UPI
7477,1138,100,,2026-03-07 08:09:00,2026-03-07 08:47:00,CANCELLED,569.62,UPI
7478,3830,113,,2026-03-07 09:45:00,2026-03-07 10:13:00,COMPLETED,459.27,CARD
7479,3629,87,,2026-03-07 09:46:00,2026-03-07 10:18:00,CANCELLED,566.5,CARD
7480,3591,14,,2026-03-07 21:28:00,2026-03-07 22:00:00,COMPLETED,765.21,CARD
7481,3617,62,,2026-03-07 18:12:00,2026-03-07 18:38:00,CANCELLED,524.79,CARD
7482,2854,96,,2026-03-07 20:47:00,2026-03-07 21:22:00,CANCELLED,184.78,CARD
7483,1931,2,,2026-03-07 21:39:00,2026-03-07 22:20:00,CANCELLED,219.21,CARD
7484,4517,36,,2026-03-07 13:30:00,2026-03-07 14:15:00,CANCELLED,467.49,UPI
7485,2095,90,,2026-03-07 12:06:00,2026-03-07 12:38:00,COMPLETED,391.23,CARD
7486,4508,78,,2026-03-07 22:09:00,2026-03-07 22:54:00,CANCELLED,311.6,CARD
7487,1384,86,,2026-03-07 16:09:00,2026-03-07 16:35:00,CANCELLED,476.28,UPI
7488,4427,31,,2026-03-07 10:39:00,2026-03-07 11:15:00,COMPLETED,582.74,CARD
7489,1199,33,,2026-03-07 16:15:00,2026-03-07 16:50:00,COMPLETED,666.86,COD
7490,1338,117,,2026-03-07 16:05:00,2026-03-07 16:30:00,COMPLETED,486.92,CARD
7491,3344,90,,2026-03-07 14:47:00,2026-03-07 15:29:00,CANCELLED,324.63,COD
7492,2468,22,,2026-03-07 20:35:00,2026-03-07 21:19:00,COMPLETED,362.91,CARD
7493,3453,45,,2026-03-07 14:02:00,2026-03-07 14:28:00,CANCELLED,749.11,COD
7494,3173,35,,2026-03-07 16:34:00,2026-03-07 17:01:00,CANCELLED,624.45,UPI
7495,1203,51,,2026-03-07 14:47:00,2026-03-07 15:28:00,COMPLETED,631.66,CARD
7496,4652,23,,2026-03-07 18:20:00,2026-03-07 19:05:00,CANCELLED,200.03,CARD
7497,3444,45,,2026-03-07 09:37:00,2026-03-07 10:04:00,CANCELLED,172.9,CARD
7498,4396,120,,2026-03-07 20:18:00,2026-03-07 21:03:00,CANCELLED,265.38,UPI
7499,4653,115,,2026-03-07 16:45:00,2026-03-07 17:30:00,COMPLETED,481.84,CARD
7500,1220,51,,2026-03-07 20:33:00,2026-03-07 21:18:00,COMPLETED,207.87,COD
7501,2885,120,,2026-03-07 10:33:00,2026-03-07 11:01:00,CANCELLED,541.74,CARD
7502,1858,31,,2026-03-07 10:32:00,2026-03-07 11:02:00,COMPLETED,270.5,UPI
7503,1561,45,,2026-03-07 16:17:00,2026-03-07 16:57:00,COMPLETED,685.97,CARD
7504,3126,109,,2026-03-07 22:13:00,2026-03-07 22:44:00,CANCELLED,762.87,UPI
7505,1716,89,,2026-03-07 10:06:00,2026-03-07 10:44:00,CANCELLED,604.55,UPI
7506,2143,102,,2026-03-07 09:34:00,2026-03-07 10:05:00,COMPLETED,472.92,CARD
7507,1589,26,,2026-03-07 16:26:00,2026-03-07 16:57:00,CANCELLED,572.86,COD
7508,1736,117,,2026-03-08 16:21:00,2026-03-08 16:54:00,COMPLETED,589.55,UPI
7509,1048,78,,2026-03-08 20:19:00,2026-03-08 20:48:00,CANCELLED,270.34,UPI
7510,4671,62,,2026-03-08 18:08:00,2026-03-08 18:40:00,CANCELLED,222.76,CARD
7511,1268,80,,2026-03-08 16:40:00,2026-03-08 17:19:00,CANCELLED,243.26,COD
7512,3320,18,,2026-03-08 22:40:00,2026-03-08 23:15:00,CANCELLED,297.05,CARD
7513,4536,99,,2026-03-08 21:46:00,2026-03-08 22:11:00,CANCELLED,383.28,CARD
7514,3013,64,,2026-03-08 19:40:00,2026-03-08 20:22:00,COMPLETED,407.0,CARD
7515,3001,27,,2026-03-08 21:22:00,2026-03-08 21:52:00,CANCELLED,530.23,UPI
7516,3132,93,,2026-03-08 10:32:00,2026-03-08 11:04:00,COMPLETED,424.48,CARD
7517,1522,75,,2026-03-08 21:23:00,2026-03-08 21:50:00,COMPLETED,205.29,UPI
7518,3702,114,,2026-03-08 09:46:00,2026-03-08 10:14:00,COMPLETED,305.6,COD
7519,1120,61,,2026-03-08 08:51:00,2026-03-08 09:19:00,CANCELLED,272.02,CARD
7520,4557,34,,2026-03-08 08:45:00,2026-03-08 09:15:00,CANCELLED,783.32,UPI
7521,3914,94,,2026-03-08 16:57:00,2026-03-08 17:31:00,COMPLETED,260.84,COD
7522,1742,30,,2026-03-08 22:02:00,2026-03-08 22:31:00,COMPLETED,739.13,CARD
7523,3145,97,,2026-03-08 16:15:00,2026-03-08 16:47:00,CANCELLED,726.21,UPI
7524,2246,27,,2026-03-08 09:00:00,2026-03-08 09:43:00,COMPLETED,311.56,COD
7525,3301,113,,2026-03-08 16:59:00,2026-03-08 17:35:00,CANCELLED,773.21,COD
7526,1694,16,,2026-03-08 16:11:00,2026-03-08 16:55:00,COMPLETED,767.41,COD
7527,1761,18,,2026-03-08 15:14:00,2026-03-08 15:56:00,CANCELLED,572.18,CARD
7528,4316,77,,2026-03-08 08:06:00,2026-03-08 08:50:00,COMPLETED,440.14,UPI
7529,1949,10,,2026-03-08 09:49:00,2026-03-08 10:33:00,CANCELLED,697.59,UPI
7530,3230,72,,2026-03-08 12:36:00,2026-03-08 13:20:00,COMPLETED,501.2,COD
7531,2139,84,,2026-03-08 15:34:00,2026-03-08 16:19:00,CANCELLED,727.13,COD
7532,1392,29,,2026-03-08 17:16:00,2026-03-08 17:44:00,COMPLETED,439.5,CARD
7533,2091,51,,2026-03-08 12:16:00,2026-03-08 12:59:00,COMPLETED,349.03,UPI
7534,1127,57,,2026-03-08 13:20:00,2026-03-08 13:54:00,CANCELLED,723.52,COD
7535,4742,30,,2026-03-08 08:15:00,2026-03-08 08:50:00,CANCELLED,359.24,CARD
7536,4498,27,,2026-03-08 16:51:00,2026-03-08 17:20:00,CANCELLED,508.65,COD
7537,4191,66,,2026-03-08 19:23:00,2026-03-08 19:51:00,COMPLETED,584.04,COD
7538,4055,30,,2026-03-08 17:38:00,2026-03-08 18:23:00,CANCELLED,187.67,COD
7539,2148,63,,2026-03-08 20:26:00,2026-03-08 21:08:00,CANCELLED,534.51,CARD
7540,4938,44,,2026-03-08 21:02:00,2026-03-08 21:32:00,CANCELLED,628.61,COD
7541,2520,55,,2026-03-08 15:55:00,2026-03-08 16:22:00,CANCELLED,215.2,COD
7542,2827,99,,2026-03-08 11:41:00,2026-03-08 12:07:00,COMPLETED,397.86,UPI
7543,1249,83,,2026-03-08 19:37:00,2026-03-08 20:17:00,CANCELLED,288.56,COD
7544,3347,101,,2026-03-08 09:32:00,2026-03-08 10:00:00,COMPLETED,617.11,CARD
7545,4944,76,,2026-03-08 09:35:00,2026-03-08 10:03:00,CANCELLED,369.02,COD
7546,2003,63,,2026-03-08 08:26:00,2026-03-08 09:10:00,COMPLETED,622.16,COD
7547,1943,63,,2026-03-08 12:21:00,2026-03-08 12:47:00,CANCELLED,554.8,UPI
7548,2989,74,,2026-03-08 08:08:00,2026-03-08 08:39:00,COMPLETED,167.86,COD
7549,3378,18,,2026-03-08 21:50:00,2026-03-08 22:32:00,COMPLETED,732.5,UPI
7550,1530,6,,2026-03-08 14:19:00,2026-03-08 15:00:00,CANCELLED,243.52,COD
7551,4392,35,,2026-03-08 14:40:00,2026-03-08 15:10:00,CANCELLED,782.95,UPI
7552,2767,72,,2026-03-08 10:10:00,2026-03-08 10:44:00,CANCELLED,755.59,COD
7553,4600,102,,2026-03-08 10:30:00,2026-03-08 11:06:00,CANCELLED,189.4,UPI
7554,3357,85,,2026-03-08 13:36:00,2026-03-08 14:05:00,COMPLETED,367.94,COD
7555,3557,82,,2026-03-08 14:33:00,2026-03-08 15:12:00,COMPLETED,234.1,UPI
7556,3545,45,,2026-03-08 10:42:00,2026-03-08 11:08:00,CANCELLED,506.68,CARD
7557,4469,30,,2026-03-08 18:19:00,2026-03-08 18:44:00,CANCELLED,601.96,CARD
7558,4769,69,,2026-03-08 13:28:00,2026-03-08 13:53:00,COMPLETED,519.44,UPI
7559,2137,42,,2026-03-08 17:12:00,2026-03-08 17:45:00,CANCELLED,362.32,CARD
7560,4194,11,,2026-03-08 15:37:00,2026-03-08 16:19:00,CANCELLED,321.3,COD
7561,2066,8,,2026-03-08 08:34:00,2026-03-08 09:09:00,CANCELLED,737.72,UPI
7562,2719,62,,2026-03-08 19:47:00,2026-03-08 20:22:00,CANCELLED,156.25,COD
7563,3987,51,,2026-03-08 08:49:00,2026-03-08 09:17:00,CANCELLED,669.28,CARD
7564,3783,32,,2026-03-08 20:33:00,2026-03-08 21:17:00,COMPLETED,751.09,COD
7565,4621,33,,2026-03-08 09:13:00,2026-03-08 09:45:00,COMPLETED,347.09,COD
7566,3207,7,,2026-03-08 13:57:00,2026-03-08 14:42:00,CANCELLED,559.55,COD
7567,4452,33,,2026-03-08 17:44:00,2026-03-08 18:11:00,CANCELLED,769.73,UPI
7568,2054,1,,2026-03-08 13:16:00,2026-03-08 13:57:00,COMPLETED,158.81,UPI
7569,2199,92,,2026-03-08 08:38:00,2026-03-08 09:03:00,CANCELLED,315.67,UPI
7570,2892,50,,2026-03-08 12:17:00,2026-03-08 13:01:00,COMPLETED,342.2,CARD
7571,2437,22,,2026-03-08 21:49:00,2026-03-08 22:28:00,CANCELLED,414.09,UPI
7572,3478,19,,2026-03-08 17:24:00,2026-03-08 18:07:00,CANCELLED,407.61,COD
7573,2728,8,,2026-03-08 13:23:00,2026-03-08 14:02:00,COMPLETED,778.02,CARD
7574,3467,43,,2026-03-08 08:40:00,2026-03-08 09:20:00,COMPLETED,207.96,CARD
7575,3734,115,,2026-03-08 09:54:00,2026-03-08 10:24:00,COMPLETED,665.2,UPI
7576,3790,85,,2026-03-08 14:01:00,2026-03-08 14:31:00,CANCELLED,188.92,CARD
7577,3318,43,,2026-03-08 10:00:00,2026-03-08 10:36:00,COMPLETED,350.38,COD
7578,2798,112,,2026-03-08 13:46:00,2026-03-08 14:11:00,COMPLETED,654.32,UPI
7579,2772,88,,2026-03-08 09:12:00,2026-03-08 09:57:00,CANCELLED,462.67,UPI
7580,4596,25,,2026-03-08 22:37:00,2026-03-08 23:14:00,COMPLETED,556.8,CARD
7581,3869,32,,2026-03-08 11:54:00,2026-03-08 12:24:00,COMPLETED,529.56,UPI
7582,1664,47,,2026-03-08 16:03:00,2026-03-08 16:29:00,CANCELLED,776.22,COD
7583,2040,118,,2026-03-08 15:03:00,2026-03-08 15:44:00,CANCELLED,330.74,CARD
7584,2496,98,,2026-03-08 15:09:00,2026-03-08 15:43:00,COMPLETED,313.34,UPI
7585,1933,24,,2026-03-08 09:26:00,2026-03-08 10:08:00,COMPLETED,713.43,COD
7586,3591,17,,2026-03-08 22:44:00,2026-03-08 23:23:00,CANCELLED,762.12,CARD
7587,4143,64,,2026-03-08 19:37:00,2026-03-08 20:10:00,COMPLETED,657.74,UPI
7588,3353,12,,2026-03-08 20:46:00,2026-03-08 21:21:00,CANCELLED,745.04,UPI
7589,2252,3,,2026-03-08 17:02:00,2026-03-08 17:45:00,COMPLETED,523.38,UPI
7590,4484,98,,2026-03-08 14:33:00,2026-03-08 15:08:00,CANCELLED,733.08,COD
7591,1633,83,,2026-03-08 21:34:00,2026-03-08 22:17:00,CANCELLED,514.23,CARD
7592,1074,83,,2026-03-08 16:26:00,2026-03-08 17:08:00,CANCELLED,638.76,UPI
7593,3758,104,,2026-03-08 14:46:00,2026-03-08 15:31:00,CANCELLED,421.74,UPI
7594,2925,119,,2026-03-08 22:34:00,2026-03-08 23:17:00,COMPLETED,444.3,COD
7595,2123,110,,2026-03-08 13:29:00,2026-03-08 14:01:00,COMPLETED,377.9,CARD
7596,2861,16,,2026-03-08 09:42:00,2026-03-08 10:24:00,CANCELLED,232.42,CARD
7597,2255,57,,2026-03-08 17:45:00,2026-03-08 18:24:00,CANCELLED,674.38,UPI
7598,4086,8,,2026-03-08 15:15:00,2026-03-08 15:52:00,COMPLETED,532.41,CARD
7599,1670,49,,2026-03-08 11:14:00,2026-03-08 11:50:00,CANCELLED,232.02,CARD
7600,3503,27,,2026-03-08 19:13:00,2026-03-08 19:58:00,COMPLETED,441.41,CARD
7601,3174,102,,2026-03-08 16:28:00,2026-03-08 16:53:00,CANCELLED,423.3,UPI
7602,1478,4,,2026-03-08 13:26:00,2026-03-08 14:09:00,CANCELLED,699.71,UPI
7603,4262,115,,2026-03-08 20:31:00,2026-03-08 21:02:00,CANCELLED,465.21,CARD
7604,4215,58,,2026-03-08 13:10:00,2026-03-08 13:43:00,CANCELLED,777.88,COD
7605,2455,104,,2026-03-08 12:38:00,2026-03-08 13:04:00,CANCELLED,699.82,UPI
7606,4970,47,,2026-03-08 08:56:00,2026-03-08 09:25:00,COMPLETED,603.19,UPI
7607,2048,80,,2026-03-08 14:17:00,2026-03-08 14:51:00,CANCELLED,173.26,CARD
7608,4596,69,,2026-03-08 19:48:00,2026-03-08 20:32:00,CANCELLED,447.89,UPI
7609,2595,81,,2026-03-08 10:15:00,2026-03-08 10:51:00,COMPLETED,468.9,UPI
7610,2102,46,,2026-03-08 20:44:00,2026-03-08 21:26:00,CANCELLED,626.17,CARD
7611,2939,50,,2026-03-08 19:25:00,2026-03-08 20:10:00,CANCELLED,286.84,UPI
7612,4979,24,,2026-03-08 19:46:00,2026-03-08 20:19:00,COMPLETED,610.58,UPI
7613,4680,44,,2026-03-08 08:27:00,2026-03-08 09:10:00,COMPLETED,657.23,CARD
7614,2926,119,,2026-03-08 15:40:00,2026-03-08 16:10:00,CANCELLED,234.98,CARD
7615,2944,50,,2026-03-08 20:03:00,2026-03-08 20:32:00,CANCELLED,586.96,CARD
7616,4877,92,,2026-03-08 16:29:00,2026-03-08 16:55:00,CANCELLED,696.97,COD
7617,2746,105,,2026-03-08 20:33:00,2026-03-08 21:18:00,CANCELLED,164.85,UPI
7618,3213,4,,2026-03-08 15:13:00,2026-03-08 15:57:00,COMPLETED,655.61,UPI
7619,2082,70,,2026-03-08 19:37:00,2026-03-08 20:11:00,COMPLETED,566.93,CARD
7620,1805,89,,2026-03-08 22:03:00,2026-03-08 22:37:00,CANCELLED,180.02,UPI
7621,4284,14,,2026-03-08 18:17:00,2026-03-08 18:54:00,CANCELLED,380.68,UPI
7622,3788,68,,2026-03-08 16:27:00,2026-03-08 17:06:00,CANCELLED,240.72,UPI
7623,2179,73,,2026-03-08 09:48:00,2026-03-08 10:26:00,COMPLETED,531.17,UPI
7624,3383,43,,2026-03-08 11:17:00,2026-03-08 11:55:00,COMPLETED,705.44,CARD
7625,2405,78,,2026-03-08 16:02:00,2026-03-08 16:32:00,COMPLETED,373.77,COD
7626,1302,45,,2026-03-08 14:37:00,2026-03-08 15:21:00,CANCELLED,548.48,CARD
7627,3559,66,,2026-03-08 09:03:00,2026-03-08 09:43:00,COMPLETED,285.3,UPI
7628,1086,68,,2026-03-08 19:25:00,2026-03-08 19:51:00,COMPLETED,277.84,CARD
7629,1075,19,,2026-03-08 13:15:00,2026-03-08 13:58:00,COMPLETED,765.51,UPI
7630,1728,107,,2026-03-08 13:06:00,2026-03-08 13:38:00,CANCELLED,523.24,CARD
7631,3553,37,,2026-03-08 10:59:00,2026-03-08 11:32:00,COMPLETED,508.93,COD
7632,3755,74,,2026-03-08 19:53:00,2026-03-08 20:30:00,CANCELLED,739.96,CARD
7633,3641,89,,2026-03-08 10:00:00,2026-03-08 10:28:00,COMPLETED,522.04,UPI
7634,1161,32,,2026-03-08 15:10:00,2026-03-08 15:43:00,COMPLETED,794.1,CARD
7635,2892,77,,2026-03-08 10:39:00,2026-03-08 11:21:00,COMPLETED,321.06,UPI
7636,1392,11,,2026-03-08 18:04:00,2026-03-08 18:40:00,COMPLETED,167.87,COD
7637,3305,105,,2026-03-08 22:06:00,2026-03-08 22:38:00,COMPLETED,795.31,CARD
7638,3785,56,,2026-03-08 14:34:00,2026-03-08 15:12:00,CANCELLED,250.22,CARD
7639,3284,87,,2026-03-08 12:57:00,2026-03-08 13:28:00,COMPLETED,618.66,UPI
7640,4631,21,,2026-03-08 22:42:00,2026-03-08 23:16:00,CANCELLED,400.19,UPI
7641,1988,40,,2026-03-08 20:16:00,2026-03-08 20:56:00,CANCELLED,184.91,COD
7642,4580,58,,2026-03-08 08:09:00,2026-03-08 08:39:00,CANCELLED,663.72,CARD
7643,2859,74,,2026-03-08 21:31:00,2026-03-08 21:58:00,COMPLETED,679.11,UPI
7644,1190,108,,2026-03-08 10:42:00,2026-03-08 11:18:00,CANCELLED,379.13,COD
7645,3528,78,,2026-03-08 15:14:00,2026-03-08 15:53:00,COMPLETED,330.65,CARD
7646,3767,100,,2026-03-08 18:48:00,2026-03-08 19:22:00,COMPLETED,599.13,COD
7647,3943,60,,2026-03-08 14:44:00,2026-03-08 15:26:00,CANCELLED,532.97,COD
7648,4603,86,,2026-03-08 20:31:00,2026-03-08 21:12:00,CANCELLED,709.4,COD
7649,4502,68,,2026-03-08 21:40:00,2026-03-08 22:10:00,CANCELLED,437.59,CARD
7650,2053,64,,2026-03-08 16:19:00,2026-03-08 16:59:00,CANCELLED,747.56,COD
7651,1073,57,,2026-03-08 08:53:00,2026-03-08 09:27:00,CANCELLED,608.22,COD
7652,4547,80,,2026-03-08 18:11:00,2026-03-08 18:48:00,CANCELLED,353.77,CARD
7653,4046,41,,2026-03-08 12:48:00,2026-03-08 13:16:00,CANCELLED,293.26,CARD
7654,1576,3,,2026-03-08 16:46:00,2026-03-08 17:12:00,CANCELLED,163.12,COD
7655,2884,104,,2026-03-08 20:01:00,2026-03-08 20:26:00,COMPLETED,518.41,COD
7656,2021,101,,2026-03-08 18:09:00,2026-03-08 18:42:00,COMPLETED,446.65,COD
7657,2793,68,,2026-03-08 15:12:00,2026-03-08 15:48:00,COMPLETED,339.22,UPI
7658,2301,4,,2026-03-08 11:47:00,2026-03-08 12:23:00,COMPLETED,528.59,UPI
7659,3710,11,,2026-03-08 11:34:00,2026-03-08 12:01:00,COMPLETED,723.47,CARD
7660,2237,48,,2026-03-08 13:31:00,2026-03-08 14:12:00,CANCELLED,437.9,COD
7661,4328,29,,2026-03-08 22:56:00,2026-03-08 23:23:00,CANCELLED,187.4,COD
7662,3720,89,,2026-03-08 20:21:00,2026-03-08 20:48:00,CANCELLED,328.9,COD
7663,2472,54,,2026-03-08 09:34:00,2026-03-08 10:13:00,COMPLETED,671.24,COD
7664,4865,14,,2026-03-08 08:06:00,2026-03-08 08:36:00,CANCELLED,288.52,COD
7665,2970,104,,2026-03-08 12:01:00,2026-03-08 12:45:00,COMPLETED,204.23,COD
7666,3317,22,,2026-03-08 09:40:00,2026-03-08 10:14:00,CANCELLED,251.72,CARD
7667,4765,111,,2026-03-08 18:31:00,2026-03-08 19:01:00,COMPLETED,767.04,CARD
7668,1000,54,,2026-03-08 12:27:00,2026-03-08 12:52:00,COMPLETED,285.67,UPI
7669,4467,89,,2026-03-08 13:42:00,2026-03-08 14:15:00,CANCELLED,752.25,COD
7670,2282,110,,2026-03-08 10:55:00,2026-03-08 11:40:00,COMPLETED,784.3,UPI
7671,3222,93,,2026-03-08 12:15:00,2026-03-08 12:50:00,COMPLETED,692.45,UPI
7672,4399,72,,2026-03-08 09:25:00,2026-03-08 09:52:00,COMPLETED,796.04,COD
7673,1215,11,,2026-03-08 13:10:00,2026-03-08 13:45:00,CANCELLED,635.13,COD
7674,3343,42,,2026-03-08 20:04:00,2026-03-08 20:32:00,CANCELLED,187.78,COD
7675,3459,100,,2026-03-08 16:13:00,2026-03-08 16:50:00,COMPLETED,669.24,CARD
7676,4263,119,,2026-03-08 22:43:00,2026-03-08 23:16:00,CANCELLED,797.85,CARD
7677,1203,109,,2026-03-08 15:27:00,2026-03-08 16:05:00,CANCELLED,316.83,CARD
7678,2540,20,,2026-03-08 22:22:00,2026-03-08 22:57:00,CANCELLED,456.93,COD
7679,1692,23,,2026-03-08 22:17:00,2026-03-08 22:50:00,CANCELLED,410.46,UPI
7680,2584,76,,2026-03-08 20:55:00,2026-03-08 21:21:00,CANCELLED,580.9,CARD
7681,4100,15,,2026-03-08 16:32:00,2026-03-08 17:10:00,CANCELLED,369.38,UPI
7682,4025,67,,2026-03-08 23:00:00,2026-03-08 23:28:00,COMPLETED,474.12,UPI
7683,2229,72,,2026-03-08 09:51:00,2026-03-08 10:19:00,COMPLETED,398.74,UPI
7684,4879,10,,2026-03-08 17:29:00,2026-03-08 17:54:00,CANCELLED,586.26,UPI
7685,1172,72,,2026-03-08 14:02:00,2026-03-08 14:42:00,COMPLETED,410.97,CARD
7686,4482,42,,2026-03-08 17:21:00,2026-03-08 17:58:00,COMPLETED,320.72,CARD
7687,4695,39,,2026-03-08 12:56:00,2026-03-08 13:23:00,CANCELLED,635.29,CARD
7688,4066,52,,2026-03-08 12:26:00,2026-03-08 12:55:00,CANCELLED,664.13,COD
7689,1248,90,,2026-03-08 17:02:00,2026-03-08 17:44:00,CANCELLED,701.23,COD
7690,1931,57,,2026-03-08 13:36:00,2026-03-08 14:04:00,CANCELLED,786.64,COD
7691,2032,113,,2026-03-08 15:00:00,2026-03-08 15:41:00,CANCELLED,177.95,COD
7692,2683,93,,2026-03-08 12:20:00,2026-03-08 12:47:00,COMPLETED,341.63,COD
7693,3701,69,,2026-03-08 15:35:00,2026-03-08 16:12:00,COMPLETED,435.44,COD
7694,3190,10,,2026-03-08 08:45:00,2026-03-08 09:23:00,CANCELLED,292.98,UPI
7695,1631,86,,2026-03-08 17:50:00,2026-03-08 18:30:00,COMPLETED,537.38,CARD
7696,2603,53,,2026-03-08 21:25:00,2026-03-08 22:04:00,COMPLETED,594.06,UPI
7697,4545,59,,2026-03-08 12:17:00,2026-03-08 12:45:00,COMPLETED,359.59,COD
7698,2771,2,,2026-03-08 21:35:00,2026-03-08 22:15:00,COMPLETED,597.08,UPI
7699,3909,96,,2026-03-08 13:56:00,2026-03-08 14:24:00,COMPLETED,153.54,UPI
7700,2025,23,,2026-03-08 16:04:00,2026-03-08 16:46:00,CANCELLED,783.05,UPI
7701,1420,68,,2026-03-08 15:47:00,2026-03-08 16:25:00,CANCELLED,748.64,UPI
7702,2775,55,,2026-03-08 21:38:00,2026-03-08 22:04:00,CANCELLED,235.3,COD
7703,4270,106,,2026-03-08 18:18:00,2026-03-08 18:48:00,COMPLETED,509.6,COD
7704,4539,16,,2026-03-08 13:06:00,2026-03-08 13:49:00,CANCELLED,283.45,CARD
7705,1453,47,,2026-03-08 18:06:00,2026-03-08 18:35:00,COMPLETED,444.11,COD
7706,3548,63,,2026-03-08 20:43:00,2026-03-08 21:19:00,COMPLETED,277.58,UPI
7707,4667,68,,2026-03-08 12:47:00,2026-03-08 13:13:00,COMPLETED,260.88,COD
7708,3392,104,,2026-03-08 13:53:00,2026-03-08 14:36:00,CANCELLED,675.29,CARD
7709,4597,99,,2026-03-08 15:56:00,2026-03-08 16:41:00,CANCELLED,534.08,CARD
7710,1119,12,,2026-03-08 22:41:00,2026-03-08 23:23:00,COMPLETED,586.26,COD
7711,4266,17,,2026-03-08 13:50:00,2026-03-08 14:27:00,COMPLETED,495.88,UPI
7712,4521,72,,2026-03-08 09:38:00,2026-03-08 10:03:00,COMPLETED,246.67,UPI
7713,4244,9,,2026-03-08 22:03:00,2026-03-08 22:29:00,CANCELLED,718.75,COD
7714,4011,84,,2026-03-08 20:14:00,2026-03-08 20:40:00,CANCELLED,616.88,UPI
7715,4692,48,,2026-03-08 09:03:00,2026-03-08 09:35:00,CANCELLED,552.39,CARD
7716,1504,51,,2026-03-08 09:48:00,2026-03-08 10:23:00,CANCELLED,734.36,COD
7717,1621,74,,2026-03-09 20:02:00,2026-03-09 20:40:00,CANCELLED,719.37,UPI
7718,4783,112,,2026-03-09 17:14:00,2026-03-09 17:51:00,COMPLETED,400.74,COD
7719,1997,111,,2026-03-09 10:15:00,2026-03-09 10:51:00,CANCELLED,483.73,COD
7720,3534,19,,2026-03-09 10:27:00,2026-03-09 10:53:00,COMPLETED,362.05,UPI
7721,4297,71,,2026-03-09 14:08:00,2026-03-09 14:34:00,COMPLETED,401.69,UPI
7722,2798,72,,2026-03-09 08:18:00,2026-03-09 09:02:00,CANCELLED,682.6,CARD
7723,3039,117,,2026-03-09 22:42:00,2026-03-09 23:24:00,COMPLETED,681.2,CARD
7724,4640,37,,2026-03-09 11:24:00,2026-03-09 12:09:00,COMPLETED,640.53,COD
7725,2790,50,,2026-03-09 18:55:00,2026-03-09 19:20:00,CANCELLED,500.94,CARD
7726,4488,92,,2026-03-09 12:54:00,2026-03-09 13:26:00,COMPLETED,770.53,COD
7727,1253,29,,2026-03-09 12:43:00,2026-03-09 13:21:00,CANCELLED,693.75,CARD
7728,3903,69,,2026-03-09 15:04:00,2026-03-09 15:29:00,CANCELLED,726.93,UPI
7729,4531,109,,2026-03-09 12:42:00,2026-03-09 13:25:00,COMPLETED,455.7,CARD
7730,2165,37,,2026-03-09 21:35:00,2026-03-09 22:00:00,CANCELLED,724.33,COD
7731,4062,71,,2026-03-09 18:50:00,2026-03-09 19:25:00,COMPLETED,187.5,UPI
7732,3001,84,,2026-03-09 08:15:00,2026-03-09 08:44:00,COMPLETED,253.87,UPI
7733,2508,15,,2026-03-09 15:15:00,2026-03-09 15:48:00,COMPLETED,152.85,COD
7734,4256,7,,2026-03-09 13:28:00,2026-03-09 14:13:00,COMPLETED,731.77,CARD
7735,2345,39,,2026-03-09 13:35:00,2026-03-09 14:15:00,CANCELLED,286.34,CARD
7736,3219,37,,2026-03-09 16:40:00,2026-03-09 17:05:00,COMPLETED,465.06,COD
7737,3091,22,,2026-03-09 14:31:00,2026-03-09 15:01:00,CANCELLED,659.64,UPI
7738,2289,29,,2026-03-09 10:47:00,2026-03-09 11:23:00,COMPLETED,158.55,CARD
7739,2477,10,,2026-03-09 10:23:00,2026-03-09 11:05:00,CANCELLED,697.44,COD
7740,2349,21,,2026-03-09 09:59:00,2026-03-09 10:30:00,CANCELLED,454.27,COD
7741,3264,66,,2026-03-09 21:40:00,2026-03-09 22:19:00,CANCELLED,587.12,UPI
7742,1500,27,,2026-03-09 08:13:00,2026-03-09 08:49:00,COMPLETED,720.21,CARD
7743,3100,4,,2026-03-09 12:33:00,2026-03-09 13:00:00,CANCELLED,636.63,UPI
7744,1090,92,,2026-03-09 09:44:00,2026-03-09 10:13:00,COMPLETED,470.2,CARD
7745,4010,48,,2026-03-09 08:42:00,2026-03-09 09:15:00,COMPLETED,365.29,CARD
7746,1885,103,,2026-03-09 18:18:00,2026-03-09 18:49:00,COMPLETED,457.33,CARD
7747,4213,100,,2026-03-09 18:39:00,2026-03-09 19:08:00,CANCELLED,515.14,CARD
7748,1926,66,,2026-03-09 12:31:00,2026-03-09 13:10:00,CANCELLED,694.29,COD
7749,4832,20,,2026-03-09 08:43:00,2026-03-09 09:26:00,CANCELLED,265.81,COD
7750,2537,7,,2026-03-09 18:17:00,2026-03-09 18:43:00,CANCELLED,418.3,UPI
7751,2797,11,,2026-03-09 21:50:00,2026-03-09 22:16:00,COMPLETED,346.09,COD
7752,1840,79,,2026-03-09 11:28:00,2026-03-09 12:08:00,CANCELLED,550.17,COD
7753,3192,105,,2026-03-09 19:00:00,2026-03-09 19:35:00,COMPLETED,518.87,UPI
7754,2176,112,,2026-03-09 14:38:00,2026-03-09 15:21:00,COMPLETED,429.94,COD
7755,3777,89,,2026-03-09 15:17:00,2026-03-09 15:53:00,COMPLETED,204.62,UPI
7756,3838,77,,2026-03-09 20:36:00,2026-03-09 21:11:00,CANCELLED,392.34,UPI
7757,2507,5,,2026-03-09 17:25:00,2026-03-09 17:53:00,CANCELLED,794.95,UPI
7758,4234,84,,2026-03-09 14:30:00,2026-03-09 15:02:00,COMPLETED,497.17,CARD
7759,2961,113,,2026-03-09 17:23:00,2026-03-09 18:06:00,CANCELLED,657.69,COD
7760,1527,26,,2026-03-09 19:29:00,2026-03-09 19:55:00,COMPLETED,332.77,COD
7761,3832,67,,2026-03-09 12:06:00,2026-03-09 12:38:00,COMPLETED,217.37,CARD
7762,4147,19,,2026-03-09 14:35:00,2026-03-09 15:00:00,CANCELLED,167.61,CARD
7763,3030,3,,2026-03-09 20:10:00,2026-03-09 20:39:00,CANCELLED,153.75,UPI
7764,4755,56,,2026-03-09 12:11:00,2026-03-09 12:53:00,CANCELLED,428.68,UPI
7765,4325,64,,2026-03-09 15:58:00,2026-03-09 16:24:00,COMPLETED,402.65,CARD
7766,2288,62,,2026-03-09 10:44:00,2026-03-09 11:23:00,CANCELLED,769.04,COD
7767,1118,46,,2026-03-09 15:03:00,2026-03-09 15:44:00,COMPLETED,781.13,UPI
7768,1237,108,,2026-03-09 11:18:00,2026-03-09 11:59:00,COMPLETED,280.81,COD
7769,1121,12,,2026-03-09 17:37:00,2026-03-09 18:16:00,COMPLETED,341.49,UPI
7770,3815,60,,2026-03-09 08:51:00,2026-03-09 09:36:00,CANCELLED,214.53,CARD
7771,1427,1,,2026-03-09 14:45:00,2026-03-09 15:14:00,CANCELLED,695.67,UPI
7772,4827,88,,2026-03-09 15:51:00,2026-03-09 16:32:00,COMPLETED,478.57,CARD
7773,3230,74,,2026-03-09 09:09:00,2026-03-09 09:47:00,CANCELLED,157.33,UPI
7774,4496,102,,2026-03-09 21:13:00,2026-03-09 21:50:00,COMPLETED,718.91,COD
7775,1192,40,,2026-03-09 16:18:00,2026-03-09 17:01:00,COMPLETED,390.17,CARD
7776,2545,42,,2026-03-09 19:28:00,2026-03-09 20:01:00,COMPLETED,424.49,COD
7777,3444,18,,2026-03-09 19:33:00,2026-03-09 20:12:00,COMPLETED,560.34,COD
7778,3497,101,,2026-03-09 19:21:00,2026-03-09 20:05:00,CANCELLED,795.71,UPI
7779,1505,6,,2026-03-09 08:08:00,2026-03-09 08:39:00,COMPLETED,495.26,UPI
7780,3530,70,,2026-03-09 17:32:00,2026-03-09 17:57:00,CANCELLED,725.27,UPI
7781,2867,71,,2026-03-09 12:23:00,2026-03-09 13:04:00,COMPLETED,763.68,UPI
7782,1788,33,,2026-03-09 17:06:00,2026-03-09 17:38:00,CANCELLED,735.05,UPI
7783,4759,89,,2026-03-09 17:12:00,2026-03-09 17:49:00,CANCELLED,745.39,CARD
7784,1245,24,,2026-03-09 10:18:00,2026-03-09 10:55:00,COMPLETED,290.76,CARD
7785,2729,91,,2026-03-09 16:36:00,2026-03-09 17:01:00,CANCELLED,636.0,UPI
7786,2311,119,,2026-03-09 13:04:00,2026-03-09 13:30:00,CANCELLED,563.02,UPI
7787,1099,68,,2026-03-09 11:47:00,2026-03-09 12:32:00,CANCELLED,621.12,COD
7788,2823,68,,2026-03-09 22:22:00,2026-03-09 22:53:00,COMPLETED,749.53,CARD
7789,3891,119,,2026-03-09 21:14:00,2026-03-09 21:49:00,COMPLETED,435.23,COD
7790,3160,64,,2026-03-09 15:08:00,2026-03-09 15:49:00,COMPLETED,336.77,COD
7791,2993,70,,2026-03-09 13:41:00,2026-03-09 14:16:00,COMPLETED,302.71,CARD
7792,3926,10,,2026-03-09 15:30:00,2026-03-09 16:01:00,CANCELLED,682.06,COD
7793,3738,44,,2026-03-09 22:20:00,2026-03-09 23:00:00,CANCELLED,788.42,UPI
7794,3466,36,,2026-03-09 16:12:00,2026-03-09 16:56:00,CANCELLED,310.06,COD
7795,1651,58,,2026-03-09 16:28:00,2026-03-09 17:10:00,COMPLETED,619.57,COD
7796,4539,79,,2026-03-09 14:00:00,2026-03-09 14:45:00,CANCELLED,415.53,COD
7797,2265,106,,2026-03-09 08:32:00,2026-03-09 09:13:00,COMPLETED,749.03,UPI
7798,3928,118,,2026-03-09 16:53:00,2026-03-09 17:26:00,CANCELLED,314.49,COD
7799,2360,57,,2026-03-09 21:02:00,2026-03-09 21:30:00,CANCELLED,341.3,UPI
7800,3457,79,,2026-03-09 10:22:00,2026-03-09 10:50:00,CANCELLED,482.15,UPI
7801,2404,81,,2026-03-09 22:22:00,2026-03-09 23:00:00,COMPLETED,355.46,UPI
7802,1613,34,,2026-03-09 19:19:00,2026-03-09 19:53:00,CANCELLED,515.44,UPI
7803,1714,79,,2026-03-09 14:51:00,2026-03-09 15:30:00,COMPLETED,522.16,COD
7804,1554,92,,2026-03-09 15:54:00,2026-03-09 16:24:00,CANCELLED,456.92,UPI
7805,3728,4,,2026-03-09 08:44:00,2026-03-09 09:22:00,COMPLETED,354.38,UPI
7806,3116,21,,2026-03-09 09:46:00,2026-03-09 10:18:00,CANCELLED,616.23,COD
7807,3748,69,,2026-03-09 17:30:00,2026-03-09 18:08:00,COMPLETED,792.86,CARD
7808,4417,69,,2026-03-09 10:18:00,2026-03-09 10:49:00,CANCELLED,239.59,UPI
7809,2733,84,,2026-03-09 19:02:00,2026-03-09 19:35:00,CANCELLED,271.37,UPI
7810,1247,30,,2026-03-09 15:21:00,2026-03-09 15:48:00,CANCELLED,410.94,UPI
7811,3271,7,,2026-03-09 12:35:00,2026-03-09 13:20:00,CANCELLED,280.5,CARD
7812,4409,99,,2026-03-09 09:21:00,2026-03-09 09:55:00,COMPLETED,416.77,UPI
7813,2497,1,,2026-03-09 11:57:00,2026-03-09 12:42:00,CANCELLED,170.45,CARD
7814,4366,55,,2026-03-09 09:19:00,2026-03-09 09:48:00,CANCELLED,710.15,UPI
7815,3398,103,,2026-03-09 18:51:00,2026-03-09 19:17:00,CANCELLED,199.05,CARD
7816,3320,117,,2026-03-09 21:21:00,2026-03-09 21:47:00,COMPLETED,154.13,CARD
7817,2606,46,,2026-03-09 09:48:00,2026-03-09 10:26:00,CANCELLED,350.79,UPI
7818,1158,7,,2026-03-09 20:17:00,2026-03-09 20:49:00,COMPLETED,458.47,CARD
7819,4498,52,,2026-03-09 22:50:00,2026-03-09 23:23:00,COMPLETED,575.44,UPI
7820,4531,98,,2026-03-09 20:24:00,2026-03-09 20:58:00,COMPLETED,672.86,COD
7821,1740,106,,2026-03-09 19:02:00,2026-03-09 19:37:00,COMPLETED,370.92,CARD
7822,3074,120,,2026-03-09 17:23:00,2026-03-09 18:06:00,CANCELLED,596.24,COD
7823,4169,26,,2026-03-09 08:57:00,2026-03-09 09:37:00,COMPLETED,220.85,UPI
7824,3332,114,,2026-03-09 14:22:00,2026-03-09 14:59:00,COMPLETED,179.8,UPI
7825,3179,87,,2026-03-09 09:00:00,2026-03-09 09:45:00,CANCELLED,638.15,COD
7826,4333,64,,2026-03-09 22:45:00,2026-03-09 23:13:00,COMPLETED,288.71,UPI
7827,1601,46,,2026-03-09 08:00:00,2026-03-09 08:45:00,COMPLETED,767.81,UPI
7828,1604,59,,2026-03-09 12:36:00,2026-03-09 13:06:00,CANCELLED,740.3,UPI
7829,4408,74,,2026-03-09 12:11:00,2026-03-09 12:45:00,CANCELLED,645.81,UPI
7830,4758,56,,2026-03-09 13:46:00,2026-03-09 14:15:00,CANCELLED,189.57,UPI
7831,3044,114,,2026-03-09 11:17:00,2026-03-09 11:51:00,CANCELLED,586.74,UPI
7832,2684,2,,2026-03-09 09:21:00,2026-03-09 09:48:00,COMPLETED,480.42,CARD
7833,1787,92,,2026-03-09 17:46:00,2026-03-09 18:22:00,CANCELLED,373.19,CARD
7834,3021,119,,2026-03-09 18:54:00,2026-03-09 19:36:00,CANCELLED,516.46,CARD
7835,2066,93,,2026-03-09 11:11:00,2026-03-09 11:37:00,COMPLETED,587.52,UPI
7836,4021,101,,2026-03-09 10:47:00,2026-03-09 11:28:00,COMPLETED,645.76,COD
7837,2635,119,,2026-03-09 21:45:00,2026-03-09 22:13:00,CANCELLED,623.55,COD
7838,3568,18,,2026-03-09 19:14:00,2026-03-09 19:46:00,CANCELLED,447.69,UPI
7839,4172,37,,2026-03-09 13:01:00,2026-03-09 13:46:00,COMPLETED,298.14,CARD
7840,3876,40,,2026-03-09 10:28:00,2026-03-09 11:11:00,CANCELLED,591.42,CARD
7841,3839,83,,2026-03-09 15:18:00,2026-03-09 15:58:00,CANCELLED,720.8,COD
7842,4862,59,,2026-03-09 13:02:00,2026-03-09 13:42:00,COMPLETED,320.19,CARD
7843,3946,36,,2026-03-09 21:02:00,2026-03-09 21:39:00,CANCELLED,247.72,CARD
7844,1864,85,,2026-03-09 21:44:00,2026-03-09 22:25:00,CANCELLED,216.8,COD
7845,3571,115,,2026-03-09 14:59:00,2026-03-09 15:38:00,COMPLETED,164.16,CARD
7846,3289,38,,2026-03-09 17:46:00,2026-03-09 18:25:00,CANCELLED,789.79,CARD
7847,3371,73,,2026-03-09 16:40:00,2026-03-09 17:10:00,COMPLETED,192.92,CARD
7848,1496,17,,2026-03-09 12:25:00,2026-03-09 12:54:00,COMPLETED,425.39,CARD
7849,2924,100,,2026-03-09 13:57:00,2026-03-09 14:41:00,COMPLETED,778.88,COD
7850,3425,10,,2026-03-09 12:51:00,2026-03-09 13:32:00,COMPLETED,372.55,UPI
7851,3346,73,,2026-03-09 16:00:00,2026-03-09 16:43:00,COMPLETED,385.08,CARD
7852,1936,34,,2026-03-09 20:41:00,2026-03-09 21:14:00,CANCELLED,729.95,UPI
7853,1603,99,,2026-03-09 09:59:00,2026-03-09 10:44:00,COMPLETED,336.43,UPI
7854,3935,112,,2026-03-09 12:41:00,2026-03-09 13:07:00,CANCELLED,599.65,CARD
7855,2697,110,,2026-03-09 21:10:00,2026-03-09 21:35:00,COMPLETED,196.23,CARD
7856,2346,79,,2026-03-09 12:05:00,2026-03-09 12:48:00,CANCELLED,305.12,UPI
7857,4753,35,,2026-03-09 17:12:00,2026-03-09 17:57:00,CANCELLED,552.6,CARD
7858,3830,94,,2026-03-09 16:03:00,2026-03-09 16:34:00,COMPLETED,251.43,COD
7859,1412,102,,2026-03-09 09:15:00,2026-03-09 10:00:00,COMPLETED,268.62,UPI
7860,1387,85,,2026-03-09 18:52:00,2026-03-09 19:21:00,COMPLETED,357.57,UPI
7861,4992,71,,2026-03-09 21:06:00,2026-03-09 21:46:00,COMPLETED,648.69,CARD
7862,2997,8,,2026-03-09 15:46:00,2026-03-09 16:12:00,CANCELLED,706.23,UPI
7863,2519,83,,2026-03-09 08:25:00,2026-03-09 09:09:00,COMPLETED,565.0,COD
7864,1759,57,,2026-03-09 14:34:00,2026-03-09 15:05:00,CANCELLED,266.55,UPI
7865,1532,55,,2026-03-09 20:10:00,2026-03-09 20:41:00,CANCELLED,444.45,COD
7866,3483,68,,2026-03-09 21:07:00,2026-03-09 21:47:00,COMPLETED,315.97,UPI
7867,3102,80,,2026-03-09 08:41:00,2026-03-09 09:21:00,COMPLETED,436.6,CARD
7868,3717,43,,2026-03-09 16:30:00,2026-03-09 17:10:00,COMPLETED,605.24,CARD
7869,3412,80,,2026-03-09 11:15:00,2026-03-09 11:59:00,CANCELLED,693.27,COD
7870,4299,14,,2026-03-09 14:38:00,2026-03-09 15:21:00,CANCELLED,385.27,UPI
7871,3233,87,,2026-03-09 09:50:00,2026-03-09 10:33:00,COMPLETED,788.17,UPI
7872,1629,68,,2026-03-09 15:43:00,2026-03-09 16:26:00,COMPLETED,409.85,COD
7873,1073,13,,2026-03-09 20:40:00,2026-03-09 21:24:00,CANCELLED,672.13,UPI
7874,3471,93,,2026-03-09 09:47:00,2026-03-09 10:22:00,CANCELLED,257.87,UPI
7875,4404,95,,2026-03-09 15:37:00,2026-03-09 16:19:00,CANCELLED,772.53,UPI
7876,4008,29,,2026-03-09 18:58:00,2026-03-09 19:33:00,COMPLETED,774.77,COD
7877,3351,100,,2026-03-09 19:03:00,2026-03-09 19:42:00,COMPLETED,196.3,CARD
7878,2223,105,,2026-03-09 11:38:00,2026-03-09 12:23:00,CANCELLED,364.15,UPI
7879,3524,107,,2026-03-09 23:00:00,2026-03-09 23:27:00,CANCELLED,637.14,UPI
7880,3582,7,,2026-03-09 14:28:00,2026-03-09 15:04:00,COMPLETED,223.16,COD
7881,4219,6,,2026-03-09 21:41:00,2026-03-09 22:06:00,COMPLETED,474.16,UPI
7882,4158,73,,2026-03-09 13:15:00,2026-03-09 13:59:00,CANCELLED,727.07,CARD
7883,1231,99,,2026-03-09 19:26:00,2026-03-09 20:05:00,COMPLETED,378.17,CARD
7884,1931,66,,2026-03-09 10:08:00,2026-03-09 10:43:00,COMPLETED,718.48,UPI
7885,3515,90,,2026-03-09 11:17:00,2026-03-09 11:45:00,COMPLETED,365.09,COD
7886,3449,27,,2026-03-09 16:27:00,2026-03-09 17:04:00,COMPLETED,624.62,UPI
7887,4714,106,,2026-03-09 18:48:00,2026-03-09 19:31:00,COMPLETED,610.8,UPI
7888,4173,24,,2026-03-09 12:53:00,2026-03-09 13:30:00,COMPLETED,406.89,CARD
7889,2948,41,,2026-03-09 19:32:00,2026-03-09 20:16:00,COMPLETED,207.75,CARD
7890,3737,34,,2026-03-09 13:56:00,2026-03-09 14:26:00,COMPLETED,500.39,COD
7891,2820,42,,2026-03-09 22:39:00,2026-03-09 23:04:00,CANCELLED,541.68,CARD
7892,2227,33,,2026-03-10 13:17:00,2026-03-10 14:02:00,CANCELLED,675.99,COD
7893,2538,85,,2026-03-10 18:07:00,2026-03-10 18:50:00,CANCELLED,355.12,CARD
7894,2574,23,,2026-03-10 17:48:00,2026-03-10 18:33:00,CANCELLED,584.94,CARD
7895,4956,74,,2026-03-10 12:44:00,2026-03-10 13:09:00,COMPLETED,648.5,UPI
7896,4456,46,,2026-03-10 19:20:00,2026-03-10 19:47:00,CANCELLED,704.92,COD
7897,2695,68,,2026-03-10 19:21:00,2026-03-10 20:06:00,CANCELLED,153.6,UPI
7898,3760,15,,2026-03-10 09:00:00,2026-03-10 09:35:00,COMPLETED,377.22,CARD
7899,4840,25,,2026-03-10 10:01:00,2026-03-10 10:26:00,COMPLETED,574.47,UPI
7900,1077,62,,2026-03-10 15:43:00,2026-03-10 16:12:00,CANCELLED,526.38,UPI
7901,2696,55,,2026-03-10 12:44:00,2026-03-10 13:20:00,COMPLETED,552.51,UPI
7902,3811,49,,2026-03-10 20:25:00,2026-03-10 21:04:00,COMPLETED,779.61,CARD
7903,3934,35,,2026-03-10 13:40:00,2026-03-10 14:06:00,COMPLETED,326.87,COD
7904,1004,24,,2026-03-10 21:07:00,2026-03-10 21:34:00,CANCELLED,575.13,UPI
7905,3844,39,,2026-03-10 15:44:00,2026-03-10 16:21:00,CANCELLED,390.59,CARD
7906,2485,96,,2026-03-10 22:26:00,2026-03-10 23:03:00,CANCELLED,723.56,CARD
7907,3633,62,,2026-03-10 10:22:00,2026-03-10 11:05:00,CANCELLED,783.2,COD
7908,2382,1,,2026-03-10 21:02:00,2026-03-10 21:28:00,CANCELLED,487.77,CARD
7909,1988,32,,2026-03-10 08:21:00,2026-03-10 08:50:00,COMPLETED,547.77,UPI
7910,4116,90,,2026-03-10 22:53:00,2026-03-10 23:31:00,COMPLETED,226.23,CARD
7911,1095,111,,2026-03-10 16:16:00,2026-03-10 17:01:00,CANCELLED,694.61,UPI
7912,1902,109,,2026-03-10 22:13:00,2026-03-10 22:48:00,CANCELLED,292.82,COD
7913,4178,113,,2026-03-10 13:29:00,2026-03-10 14:00:00,CANCELLED,257.2,CARD
7914,3905,68,,2026-03-10 08:00:00,2026-03-10 08:40:00,COMPLETED,562.71,UPI
7915,1829,8,,2026-03-10 10:32:00,2026-03-10 11:15:00,CANCELLED,222.43,COD
7916,4516,108,,2026-03-10 16:10:00,2026-03-10 16:38:00,COMPLETED,430.69,COD
7917,1223,29,,2026-03-10 14:46:00,2026-03-10 15:30:00,CANCELLED,700.79,UPI
7918,3360,8,,2026-03-10 08:59:00,2026-03-10 09:34:00,CANCELLED,226.97,UPI
7919,3620,110,,2026-03-10 19:12:00,2026-03-10 19:55:00,CANCELLED,437.99,UPI
7920,1425,77,,2026-03-10 19:30:00,2026-03-10 20:01:00,CANCELLED,418.07,COD
7921,2586,87,,2026-03-10 17:41:00,2026-03-10 18:25:00,COMPLETED,507.18,UPI
7922,4389,9,,2026-03-10 18:30:00,2026-03-10 19:08:00,COMPLETED,247.22,CARD
7923,3101,86,,2026-03-10 11:44:00,2026-03-10 12:09:00,CANCELLED,501.69,UPI
7924,2852,109,,2026-03-10 20:09:00,2026-03-10 20:49:00,COMPLETED,316.38,COD
7925,3546,52,,2026-03-10 15:46:00,2026-03-10 16:22:00,CANCELLED,499.63,UPI
7926,2038,118,,2026-03-10 11:01:00,2026-03-10 11:40:00,COMPLETED,760.23,COD
7927,3334,92,,2026-03-10 08:12:00,2026-03-10 08:38:00,CANCELLED,192.12,UPI
7928,4335,43,,2026-03-10 12:23:00,2026-03-10 13:03:00,CANCELLED,160.37,COD
7929,2575,58,,2026-03-10 22:32:00,2026-03-10 23:03:00,COMPLETED,622.44,COD
7930,2564,58,,2026-03-10 09:07:00,2026-03-10 09:42:00,COMPLETED,330.07,CARD
7931,1747,38,,2026-03-10 10:43:00,2026-03-10 11:25:00,CANCELLED,350.58,CARD
7932,3624,31,,2026-03-10 18:57:00,2026-03-10 19:25:00,CANCELLED,201.82,UPI
7933,2140,86,,2026-03-10 08:57:00,2026-03-10 09:40:00,COMPLETED,581.54,COD
7934,2530,117,,2026-03-10 19:16:00,2026-03-10 19:44:00,CANCELLED,565.15,UPI
7935,4261,29,,2026-03-10 17:11:00,2026-03-10 17:38:00,COMPLETED,723.29,CARD
7936,1435,66,,2026-03-10 09:04:00,2026-03-10 09:40:00,COMPLETED,610.96,UPI
7937,4290,3,,2026-03-10 21:46:00,2026-03-10 22:29:00,COMPLETED,329.25,UPI
7938,2244,56,,2026-03-10 18:08:00,2026-03-10 18:34:00,CANCELLED,332.92,UPI
7939,3794,104,,2026-03-10 09:01:00,2026-03-10 09:37:00,COMPLETED,363.6,CARD
7940,3524,33,,2026-03-10 20:58:00,2026-03-10 21:30:00,COMPLETED,471.43,CARD
7941,1297,80,,2026-03-10 09:35:00,2026-03-10 10:20:00,COMPLETED,432.11,CARD
7942,1086,80,,2026-03-10 18:10:00,2026-03-10 18:36:00,CANCELLED,772.19,COD
7943,4386,119,,2026-03-10 18:55:00,2026-03-10 19:33:00,COMPLETED,730.15,UPI
7944,2756,115,,2026-03-10 13:15:00,2026-03-10 13:42:00,CANCELLED,716.21,UPI
7945,2953,98,,2026-03-10 09:38:00,2026-03-10 10:06:00,CANCELLED,595.14,CARD
7946,4974,1,,2026-03-10 12:44:00,2026-03-10 13:14:00,CANCELLED,727.57,UPI
7947,4969,4,,2026-03-10 08:51:00,2026-03-10 09:33:00,CANCELLED,631.25,CARD
7948,1629,36,,2026-03-10 13:52:00,2026-03-10 14:34:00,COMPLETED,315.71,CARD
7949,3915,88,,2026-03-10 16:11:00,2026-03-10 16:51:00,CANCELLED,606.08,COD
7950,1137,30,,2026-03-10 12:51:00,2026-03-10 13:16:00,COMPLETED,278.24,UPI
7951,4542,53,,2026-03-10 09:06:00,2026-03-10 09:47:00,COMPLETED,440.76,CARD
7952,2782,23,,2026-03-10 17:31:00,2026-03-10 18:15:00,COMPLETED,596.07,CARD
7953,4808,60,,2026-03-10 13:11:00,2026-03-10 13:56:00,CANCELLED,321.58,COD
7954,3415,108,,2026-03-10 18:24:00,2026-03-10 18:57:00,CANCELLED,711.5,COD
7955,1308,77,,2026-03-10 11:05:00,2026-03-10 11:41:00,COMPLETED,203.79,COD
7956,1951,28,,2026-03-10 22:41:00,2026-03-10 23:18:00,CANCELLED,755.97,COD
7957,4765,97,,2026-03-10 10:28:00,2026-03-10 11:07:00,CANCELLED,603.28,UPI
7958,2340,74,,2026-03-10 08:56:00,2026-03-10 09:38:00,CANCELLED,702.72,COD
7959,1705,31,,2026-03-10 15:12:00,2026-03-10 15:53:00,CANCELLED,631.91,UPI
7960,2048,69,,2026-03-10 11:23:00,2026-03-10 11:56:00,COMPLETED,209.41,CARD
7961,1480,16,,2026-03-10 18:48:00,2026-03-10 19:13:00,CANCELLED,571.17,UPI
7962,3465,36,,2026-03-10 16:08:00,2026-03-10 16:45:00,COMPLETED,586.93,UPI
7963,1863,80,,2026-03-10 22:50:00,2026-03-10 23:18:00,CANCELLED,788.74,COD
7964,2927,47,,2026-03-10 10:40:00,2026-03-10 11:11:00,COMPLETED,477.76,COD
7965,1992,16,,2026-03-10 18:24:00,2026-03-10 19:04:00,CANCELLED,357.75,COD
7966,1612,88,,2026-03-10 21:55:00,2026-03-10 22:30:00,COMPLETED,245.68,COD
7967,1393,95,,2026-03-10 12:17:00,2026-03-10 12:46:00,COMPLETED,519.81,CARD
7968,4628,56,,2026-03-10 16:14:00,2026-03-10 16:57:00,CANCELLED,763.04,COD
7969,3010,26,,2026-03-10 17:24:00,2026-03-10 17:49:00,COMPLETED,392.96,COD
7970,4508,89,,2026-03-10 15:10:00,2026-03-10 15:43:00,CANCELLED,651.34,CARD
7971,4658,40,,2026-03-10 16:55:00,2026-03-10 17:21:00,COMPLETED,548.52,UPI
7972,4514,87,,2026-03-10 08:42:00,2026-03-10 09:22:00,COMPLETED,487.6,COD
7973,3136,57,,2026-03-10 14:14:00,2026-03-10 14:50:00,COMPLETED,524.75,CARD
7974,1095,99,,2026-03-10 20:47:00,2026-03-10 21:26:00,CANCELLED,719.82,COD
7975,2479,112,,2026-03-10 18:45:00,2026-03-10 19:30:00,CANCELLED,620.57,UPI
7976,1247,48,,2026-03-10 08:19:00,2026-03-10 09:00:00,CANCELLED,500.02,CARD
7977,1588,97,,2026-03-10 10:19:00,2026-03-10 10:57:00,COMPLETED,759.1,CARD
7978,2884,48,,2026-03-10 09:24:00,2026-03-10 10:02:00,COMPLETED,191.29,UPI
7979,3604,58,,2026-03-10 11:22:00,2026-03-10 11:51:00,COMPLETED,792.33,COD
7980,4141,13,,2026-03-10 22:15:00,2026-03-10 22:49:00,CANCELLED,759.19,UPI
7981,4101,49,,2026-03-10 16:08:00,2026-03-10 16:43:00,CANCELLED,287.5,UPI
7982,2800,76,,2026-03-10 09:31:00,2026-03-10 10:03:00,CANCELLED,155.14,COD
7983,2016,65,,2026-03-10 22:42:00,2026-03-10 23:17:00,COMPLETED,500.76,CARD
7984,4268,23,,2026-03-10 17:23:00,2026-03-10 17:50:00,COMPLETED,575.57,COD
7985,2598,103,,2026-03-10 19:14:00,2026-03-10 19:58:00,CANCELLED,444.39,CARD
7986,4110,83,,2026-03-10 14:12:00,2026-03-10 14:43:00,CANCELLED,664.87,UPI
7987,2360,15,,2026-03-10 12:36:00,2026-03-10 13:10:00,COMPLETED,557.07,UPI
7988,1627,2,,2026-03-10 10:38:00,2026-03-10 11:08:00,COMPLETED,660.2,UPI
7989,3771,35,,2026-03-10 22:11:00,2026-03-10 22:44:00,COMPLETED,532.26,CARD
7990,1499,27,,2026-03-10 20:31:00,2026-03-10 21:08:00,COMPLETED,440.92,CARD
7991,1181,118,,2026-03-10 19:34:00,2026-03-10 20:11:00,CANCELLED,520.7,CARD
7992,3452,34,,2026-03-10 11:27:00,2026-03-10 12:11:00,CANCELLED,198.26,UPI
7993,1817,67,,2026-03-10 19:13:00,2026-03-10 19:54:00,COMPLETED,550.63,COD
7994,4990,75,,2026-03-10 14:30:00,2026-03-10 14:59:00,CANCELLED,159.56,CARD
7995,3076,48,,2026-03-10 11:09:00,2026-03-10 11:49:00,CANCELLED,666.75,COD
7996,2005,54,,2026-03-10 20:48:00,2026-03-10 21:14:00,COMPLETED,562.09,UPI
7997,2364,84,,2026-03-10 14:25:00,2026-03-10 15:09:00,CANCELLED,743.4,UPI
7998,3812,75,,2026-03-10 18:41:00,2026-03-10 19:07:00,CANCELLED,548.78,COD
7999,2307,22,,2026-03-10 10:23:00,2026-03-10 10:54:00,COMPLETED,590.28,CARD
8000,4833,50,,2026-03-10 16:46:00,2026-03-10 17:27:00,COMPLETED,491.44,COD
8001,1407,37,,2026-03-10 08:03:00,2026-03-10 08:42:00,COMPLETED,744.16,COD
8002,1105,32,,2026-03-10 20:00:00,2026-03-10 20:37:00,CANCELLED,482.37,CARD
8003,3287,85,,2026-03-10 19:05:00,2026-03-10 19:40:00,CANCELLED,319.7,UPI
8004,1550,100,,2026-03-10 11:34:00,2026-03-10 12:14:00,COMPLETED,696.27,COD
8005,3030,110,,2026-03-10 15:21:00,2026-03-10 16:01:00,CANCELLED,288.07,CARD
8006,4177,10,,2026-03-10 21:20:00,2026-03-10 21:52:00,COMPLETED,594.57,CARD
8007,1954,66,,2026-03-10 08:56:00,2026-03-10 09:30:00,CANCELLED,603.98,COD
8008,2920,73,,2026-03-10 21:09:00,2026-03-10 21:52:00,CANCELLED,364.14,UPI
8009,1723,16,,2026-03-10 16:44:00,2026-03-10 17:17:00,COMPLETED,511.49,COD
8010,4474,96,,2026-03-10 09:07:00,2026-03-10 09:48:00,CANCELLED,331.53,COD
8011,3922,89,,2026-03-10 18:12:00,2026-03-10 18:39:00,COMPLETED,218.12,COD
8012,3535,89,,2026-03-10 14:35:00,2026-03-10 15:11:00,CANCELLED,350.96,COD
8013,1537,88,,2026-03-10 11:42:00,2026-03-10 12:08:00,COMPLETED,219.48,COD
8014,1464,58,,2026-03-10 16:21:00,2026-03-10 17:02:00,COMPLETED,350.47,CARD
8015,3023,110,,2026-03-10 12:10:00,2026-03-10 12:39:00,CANCELLED,491.82,CARD
8016,3183,41,,2026-03-10 09:34:00,2026-03-10 10:01:00,COMPLETED,165.71,COD
8017,1476,49,,2026-03-10 08:24:00,2026-03-10 08:57:00,CANCELLED,234.69,UPI
8018,1366,71,,2026-03-10 10:51:00,2026-03-10 11:28:00,COMPLETED,156.29,UPI
8019,4826,6,,2026-03-10 11:50:00,2026-03-10 12:18:00,COMPLETED,782.82,COD
8020,3698,108,,2026-03-10 15:50:00,2026-03-10 16:34:00,COMPLETED,642.53,COD
8021,4553,82,,2026-03-10 11:50:00,2026-03-10 12:27:00,COMPLETED,251.47,CARD
8022,1307,28,,2026-03-10 19:07:00,2026-03-10 19:32:00,CANCELLED,770.74,COD
8023,3673,114,,2026-03-10 08:30:00,2026-03-10 09:13:00,COMPLETED,691.14,UPI
8024,2589,79,,2026-03-11 09:16:00,2026-03-11 09:49:00,CANCELLED,203.54,CARD
8025,1146,120,,2026-03-11 12:01:00,2026-03-11 12:38:00,CANCELLED,471.97,UPI
8026,3591,96,,2026-03-11 10:40:00,2026-03-11 11:06:00,CANCELLED,386.9,CARD
8027,4915,71,,2026-03-11 20:10:00,2026-03-11 20:53:00,COMPLETED,432.04,COD
8028,1936,31,,2026-03-11 19:46:00,2026-03-11 20:22:00,COMPLETED,385.57,COD
8029,2725,17,,2026-03-11 14:51:00,2026-03-11 15:21:00,CANCELLED,783.19,COD
8030,2114,49,,2026-03-11 13:19:00,2026-03-11 14:02:00,COMPLETED,465.48,COD
8031,3726,10,,2026-03-11 22:59:00,2026-03-11 23:35:00,CANCELLED,215.32,COD
8032,1120,76,,2026-03-11 19:13:00,2026-03-11 19:42:00,CANCELLED,438.03,COD
8033,4419,120,,2026-03-11 22:45:00,2026-03-11 23:28:00,COMPLETED,340.72,COD
8034,1382,82,,2026-03-11 16:09:00,2026-03-11 16:43:00,COMPLETED,369.68,CARD
8035,2699,44,,2026-03-11 19:36:00,2026-03-11 20:14:00,COMPLETED,303.73,COD
8036,1922,85,,2026-03-11 11:47:00,2026-03-11 12:24:00,CANCELLED,462.33,COD
8037,1414,76,,2026-03-11 11:46:00,2026-03-11 12:30:00,CANCELLED,717.84,COD
8038,1113,102,,2026-03-11 19:59:00,2026-03-11 20:24:00,CANCELLED,216.28,COD
8039,2999,47,,2026-03-11 19:38:00,2026-03-11 20:15:00,COMPLETED,210.14,UPI
8040,1987,83,,2026-03-11 15:20:00,2026-03-11 16:01:00,COMPLETED,324.19,UPI
8041,1922,74,,2026-03-11 08:05:00,2026-03-11 08:30:00,CANCELLED,649.55,UPI
8042,3092,92,,2026-03-11 22:48:00,2026-03-11 23:24:00,CANCELLED,402.53,CARD
8043,1660,8,,2026-03-11 12:54:00,2026-03-11 13:39:00,COMPLETED,476.3,CARD
8044,1575,28,,2026-03-11 18:12:00,2026-03-11 18:37:00,COMPLETED,151.42,UPI
8045,3457,67,,2026-03-11 13:56:00,2026-03-11 14:24:00,COMPLETED,413.88,COD
8046,1459,110,,2026-03-11 22:23:00,2026-03-11 23:07:00,CANCELLED,647.66,COD
8047,1491,118,,2026-03-11 15:47:00,2026-03-11 16:22:00,COMPLETED,403.42,UPI
8048,2451,103,,2026-03-11 16:04:00,2026-03-11 16:49:00,COMPLETED,332.37,COD
8049,1653,85,,2026-03-11 14:40:00,2026-03-11 15:25:00,COMPLETED,587.87,CARD
8050,1803,94,,2026-03-11 18:42:00,2026-03-11 19:16:00,CANCELLED,374.75,CARD
8051,3285,107,,2026-03-11 23:00:00,2026-03-11 23:45:00,CANCELLED,659.98,COD
8052,4638,1,,2026-03-11 08:10:00,2026-03-11 08:39:00,CANCELLED,699.46,CARD
8053,4644,4,,2026-03-11 16:17:00,2026-03-11 16:44:00,COMPLETED,399.24,CARD
8054,2164,63,,2026-03-11 13:47:00,2026-03-11 14:19:00,CANCELLED,638.85,COD
8055,4216,19,,2026-03-11 12:18:00,2026-03-11 12:52:00,CANCELLED,224.75,CARD
8056,2380,28,,2026-03-11 15:28:00,2026-03-11 16:02:00,COMPLETED,711.36,UPI
8057,2454,2,,2026-03-11 17:54:00,2026-03-11 18:30:00,COMPLETED,182.33,CARD
8058,2747,93,,2026-03-11 18:32:00,2026-03-11 18:57:00,CANCELLED,348.26,COD
8059,4732,118,,2026-03-11 13:22:00,2026-03-11 14:00:00,CANCELLED,237.9,UPI
8060,3430,33,,2026-03-11 19:44:00,2026-03-11 20:13:00,COMPLETED,418.34,COD
8061,1101,73,,2026-03-11 08:38:00,2026-03-11 09:22:00,COMPLETED,319.7,COD
8062,1476,34,,2026-03-11 19:00:00,2026-03-11 19:41:00,CANCELLED,582.26,UPI
8063,4424,26,,2026-03-11 08:42:00,2026-03-11 09:11:00,CANCELLED,153.92,UPI
8064,1242,101,,2026-03-11 09:55:00,2026-03-11 10:35:00,CANCELLED,158.29,COD
8065,2374,42,,2026-03-11 14:11:00,2026-03-11 14:41:00,COMPLETED,579.48,COD
8066,4043,12,,2026-03-11 11:12:00,2026-03-11 11:45:00,CANCELLED,423.82,COD
8067,4717,74,,2026-03-11 17:19:00,2026-03-11 17:44:00,CANCELLED,344.46,COD
8068,2089,87,,2026-03-11 16:23:00,2026-03-11 16:59:00,COMPLETED,212.54,COD
8069,1148,45,,2026-03-11 15:39:00,2026-03-11 16:23:00,CANCELLED,510.4,CARD
8070,1769,79,,2026-03-11 09:56:00,2026-03-11 10:35:00,COMPLETED,287.34,CARD
8071,3533,81,,2026-03-11 20:40:00,2026-03-11 21:17:00,COMPLETED,167.1,CARD
8072,2733,84,,2026-03-11 10:47:00,2026-03-11 11:30:00,CANCELLED,432.14,COD
8073,4200,108,,2026-03-11 10:19:00,2026-03-11 10:45:00,CANCELLED,335.18,UPI
8074,4427,62,,2026-03-11 20:18:00,2026-03-11 20:56:00,CANCELLED,318.81,CARD
8075,2566,22,,2026-03-11 21:56:00,2026-03-11 22:32:00,CANCELLED,734.32,CARD
8076,1237,96,,2026-03-11 12:27:00,2026-03-11 13:03:00,COMPLETED,571.7,UPI
8077,3377,73,,2026-03-11 12:13:00,2026-03-11 12:56:00,COMPLETED,381.52,COD
8078,4621,22,,2026-03-11 17:54:00,2026-03-11 18:37:00,CANCELLED,227.87,COD
8079,3574,43,,2026-03-11 16:53:00,2026-03-11 17:29:00,COMPLETED,313.07,CARD
8080,2320,88,,2026-03-11 19:32:00,2026-03-11 20:01:00,CANCELLED,241.62,COD
8081,4118,53,,2026-03-11 11:10:00,2026-03-11 11:52:00,CANCELLED,691.37,COD
8082,4527,108,,2026-03-11 17:09:00,2026-03-11 17:37:00,COMPLETED,656.32,COD
8083,4314,78,,2026-03-11 17:02:00,2026-03-11 17:33:00,COMPLETED,702.63,UPI
8084,4976,56,,2026-03-11 11:19:00,2026-03-11 11:44:00,CANCELLED,292.55,COD
8085,1921,104,,2026-03-11 20:31:00,2026-03-11 21:13:00,COMPLETED,297.55,CARD
8086,1428,95,,2026-03-11 12:56:00,2026-03-11 13:21:00,CANCELLED,564.28,UPI
8087,3426,19,,2026-03-11 21:30:00,2026-03-11 22:07:00,COMPLETED,528.09,CARD
8088,2345,2,,2026-03-11 10:05:00,2026-03-11 10:30:00,CANCELLED,722.75,CARD
8089,3465,46,,2026-03-11 15:49:00,2026-03-11 16:15:00,CANCELLED,340.6,UPI
8090,1100,109,,2026-03-11 13:56:00,2026-03-11 14:29:00,CANCELLED,534.21,COD
8091,3088,59,,2026-03-11 13:16:00,2026-03-11 13:48:00,CANCELLED,456.04,CARD
8092,2006,15,,2026-03-11 18:58:00,2026-03-11 19:32:00,CANCELLED,634.32,UPI
8093,2739,78,,2026-03-11 15:03:00,2026-03-11 15:43:00,CANCELLED,539.65,UPI
8094,3306,49,,2026-03-11 18:39:00,2026-03-11 19:09:00,COMPLETED,628.96,COD
8095,1894,22,,2026-03-11 10:48:00,2026-03-11 11:28:00,CANCELLED,766.05,UPI
8096,1780,87,,2026-03-11 20:54:00,2026-03-11 21:20:00,COMPLETED,521.13,COD
8097,2660,98,,2026-03-11 13:34:00,2026-03-11 14:12:00,CANCELLED,594.1,COD
8098,3806,30,,2026-03-11 12:31:00,2026-03-11 12:58:00,CANCELLED,274.28,UPI
8099,3670,110,,2026-03-11 14:46:00,2026-03-11 15:27:00,COMPLETED,247.7,CARD
8100,2818,50,,2026-03-11 21:18:00,2026-03-11 21:59:00,COMPLETED,566.61,CARD
8101,4819,46,,2026-03-11 15:21:00,2026-03-11 15:47:00,COMPLETED,528.96,UPI
8102,1655,88,,2026-03-11 21:31:00,2026-03-11 21:56:00,CANCELLED,270.96,COD
8103,2808,33,,2026-03-11 15:18:00,2026-03-11 15:50:00,COMPLETED,450.62,CARD
8104,1892,10,,2026-03-11 08:46:00,2026-03-11 09:13:00,CANCELLED,275.31,COD
8105,4520,87,,2026-03-11 11:12:00,2026-03-11 11:48:00,CANCELLED,615.24,UPI
8106,1585,53,,2026-03-11 20:47:00,2026-03-11 21:29:00,COMPLETED,192.5,CARD
8107,2563,119,,2026-03-11 12:53:00,2026-03-11 13:32:00,COMPLETED,166.36,COD
8108,3206,62,,2026-03-11 12:21:00,2026-03-11 13:00:00,COMPLETED,626.44,UPI
8109,4378,42,,2026-03-11 10:03:00,2026-03-11 10:36:00,CANCELLED,665.78,UPI
8110,2851,116,,2026-03-11 22:51:00,2026-03-11 23:25:00,COMPLETED,191.74,COD
8111,3096,69,,2026-03-11 21:17:00,2026-03-11 21:54:00,CANCELLED,535.09,UPI
8112,2939,82,,2026-03-11 14:52:00,2026-03-11 15:24:00,COMPLETED,158.97,CARD
8113,2099,29,,2026-03-11 16:55:00,2026-03-11 17:39:00,COMPLETED,179.48,UPI
8114,2941,65,,2026-03-11 17:20:00,2026-03-11 17:56:00,COMPLETED,412.99,UPI
8115,3168,7,,2026-03-11 08:10:00,2026-03-11 08:51:00,CANCELLED,733.09,CARD
8116,1154,97,,2026-03-11 19:40:00,2026-03-11 20:24:00,COMPLETED,332.85,UPI
8117,3276,68,,2026-03-11 21:45:00,2026-03-11 22:15:00,COMPLETED,430.95,UPI
8118,3836,49,,2026-03-11 11:30:00,2026-03-11 12:03:00,COMPLETED,752.88,CARD
8119,4129,104,,2026-03-11 15:48:00,2026-03-11 16:19:00,CANCELLED,692.42,COD
8120,1799,89,,2026-03-11 12:28:00,2026-03-11 13:11:00,COMPLETED,485.58,COD
8121,4125,20,,2026-03-11 15:42:00,2026-03-11 16:11:00,COMPLETED,488.06,COD
8122,1027,84,,2026-03-11 13:12:00,2026-03-11 13:47:00,COMPLETED,152.14,CARD
8123,2135,73,,2026-03-11 16:57:00,2026-03-11 17:29:00,COMPLETED,575.45,UPI
8124,2689,33,,2026-03-11 12:53:00,2026-03-11 13:33:00,COMPLETED,621.48,COD
8125,3273,104,,2026-03-11 17:34:00,2026-03-11 18:12:00,COMPLETED,282.25,COD
8126,3658,17,,2026-03-11 20:25:00,2026-03-11 21:05:00,COMPLETED,563.17,CARD
8127,1422,72,,2026-03-11 21:19:00,2026-03-11 22:01:00,COMPLETED,386.46,COD
8128,1759,47,,2026-03-11 19:14:00,2026-03-11 19:57:00,COMPLETED,172.22,COD
8129,2628,63,,2026-03-11 09:30:00,2026-03-11 10:01:00,COMPLETED,415.26,CARD
8130,3062,40,,2026-03-11 12:04:00,2026-03-11 12:36:00,COMPLETED,744.02,UPI
8131,2863,52,,2026-03-11 20:57:00,2026-03-11 21:38:00,COMPLETED,250.45,UPI
8132,1058,61,,2026-03-11 13:17:00,2026-03-11 14:01:00,COMPLETED,418.86,CARD
8133,3173,66,,2026-03-11 19:42:00,2026-03-11 20:15:00,COMPLETED,152.47,CARD
8134,3407,12,,2026-03-11 08:31:00,2026-03-11 09:03:00,CANCELLED,462.5,COD
8135,3091,86,,2026-03-11 10:57:00,2026-03-11 11:38:00,COMPLETED,438.75,CARD
8136,3654,70,,2026-03-11 11:46:00,2026-03-11 12:30:00,CANCELLED,738.71,CARD
8137,4182,72,,2026-03-11 11:48:00,2026-03-11 12:14:00,COMPLETED,777.6,COD
8138,3647,67,,2026-03-11 21:26:00,2026-03-11 22:05:00,COMPLETED,328.03,CARD
8139,3431,41,,2026-03-11 13:56:00,2026-03-11 14:28:00,COMPLETED,687.9,UPI
8140,3986,20,,2026-03-11 18:04:00,2026-03-11 18:45:00,COMPLETED,765.17,COD
8141,1685,81,,2026-03-11 08:43:00,2026-03-11 09:22:00,CANCELLED,679.24,UPI
8142,2395,56,,2026-03-11 09:41:00,2026-03-11 10:08:00,COMPLETED,300.28,COD
8143,3041,71,,2026-03-11 21:57:00,2026-03-11 22:34:00,COMPLETED,191.94,CARD
8144,1153,11,,2026-03-12 14:34:00,2026-03-12 15:14:00,CANCELLED,607.44,COD
8145,3299,114,,2026-03-12 22:29:00,2026-03-12 22:58:00,COMPLETED,315.96,UPI
8146,1152,72,,2026-03-12 09:47:00,2026-03-12 10:17:00,COMPLETED,642.23,COD
8147,2828,40,,2026-03-12 12:51:00,2026-03-12 13:33:00,CANCELLED,411.75,COD
8148,3230,83,,2026-03-12 21:55:00,2026-03-12 22:34:00,CANCELLED,606.71,UPI
8149,4267,58,,2026-03-12 11:46:00,2026-03-12 12:15:00,CANCELLED,779.76,COD
8150,4990,98,,2026-03-12 20:00:00,2026-03-12 20:38:00,COMPLETED,547.29,CARD
8151,3623,9,,2026-03-12 19:43:00,2026-03-12 20:18:00,COMPLETED,414.97,CARD
8152,1201,55,,2026-03-12 22:40:00,2026-03-12 23:23:00,CANCELLED,652.19,UPI
8153,3431,71,,2026-03-12 09:16:00,2026-03-12 09:54:00,CANCELLED,568.87,UPI
8154,3766,32,,2026-03-12 14:54:00,2026-03-12 15:26:00,CANCELLED,631.87,UPI
8155,4711,111,,2026-03-12 15:06:00,2026-03-12 15:33:00,CANCELLED,379.8,UPI
8156,2972,92,,2026-03-12 16:13:00,2026-03-12 16:52:00,CANCELLED,727.98,UPI
8157,3818,79,,2026-03-12 17:36:00,2026-03-12 18:05:00,CANCELLED,776.95,CARD
8158,1301,69,,2026-03-12 11:59:00,2026-03-12 12:37:00,COMPLETED,435.88,UPI
8159,4702,22,,2026-03-12 17:14:00,2026-03-12 17:57:00,COMPLETED,643.08,UPI
8160,1534,35,,2026-03-12 08:38:00,2026-03-12 09:12:00,CANCELLED,360.86,COD
8161,3033,82,,2026-03-12 13:59:00,2026-03-12 14:36:00,COMPLETED,251.01,UPI
8162,1708,80,,2026-03-12 21:51:00,2026-03-12 22:32:00,CANCELLED,663.16,CARD
8163,4739,10,,2026-03-12 17:28:00,2026-03-12 18:10:00,CANCELLED,643.37,CARD
8164,2794,93,,2026-03-12 08:03:00,2026-03-12 08:35:00,CANCELLED,285.41,COD
8165,1010,29,,2026-03-12 18:03:00,2026-03-12 18:37:00,COMPLETED,347.61,UPI
8166,3560,21,,2026-03-12 12:21:00,2026-03-12 12:48:00,CANCELLED,547.11,CARD
8167,3994,49,,2026-03-12 08:09:00,2026-03-12 08:50:00,CANCELLED,357.36,COD
8168,2692,100,,2026-03-12 08:15:00,2026-03-12 08:56:00,COMPLETED,549.57,CARD
8169,4549,64,,2026-03-12 15:53:00,2026-03-12 16:18:00,COMPLETED,556.02,COD
8170,1962,17,,2026-03-12 19:34:00,2026-03-12 20:01:00,CANCELLED,170.98,CARD
8171,3408,38,,2026-03-12 16:02:00,2026-03-12 16:38:00,COMPLETED,383.33,COD
8172,2529,58,,2026-03-12 09:07:00,2026-03-12 09:44:00,CANCELLED,387.18,UPI
8173,2548,28,,2026-03-12 13:08:00,2026-03-12 13:49:00,COMPLETED,510.91,COD
8174,3742,96,,2026-03-12 19:41:00,2026-03-12 20:21:00,COMPLETED,659.74,UPI
8175,2288,62,,2026-03-12 09:00:00,2026-03-12 09:35:00,COMPLETED,490.19,CARD
8176,1474,7,,2026-03-12 21:01:00,2026-03-12 21:35:00,CANCELLED,154.31,COD
8177,4801,49,,2026-03-12 20:44:00,2026-03-12 21:22:00,COMPLETED,415.21,CARD
8178,3703,44,,2026-03-12 22:42:00,2026-03-12 23:09:00,COMPLETED,789.23,UPI
8179,1085,103,,2026-03-12 14:27:00,2026-03-12 15:04:00,COMPLETED,340.63,CARD
8180,3460,60,,2026-03-12 14:23:00,2026-03-12 15:00:00,COMPLETED,481.67,UPI
8181,4109,89,,2026-03-12 11:38:00,2026-03-12 12:10:00,CANCELLED,713.43,UPI
8182,2361,109,,2026-03-12 13:36:00,2026-03-12 14:15:00,CANCELLED,320.86,COD
8183,1780,35,,2026-03-12 14:33:00,2026-03-12 15:15:00,COMPLETED,421.65,UPI
8184,4567,68,,2026-03-12 11:19:00,2026-03-12 11:51:00,COMPLETED,678.37,UPI
8185,4901,56,,2026-03-12 18:22:00,2026-03-12 19:05:00,CANCELLED,395.16,COD
8186,3104,60,,2026-03-12 17:19:00,2026-03-12 17:47:00,CANCELLED,486.39,COD
8187,2184,82,,2026-03-12 12:55:00,2026-03-12 13:23:00,COMPLETED,275.43,COD
8188,2822,34,,2026-03-12 13:13:00,2026-03-12 13:54:00,CANCELLED,218.44,CARD
8189,4718,73,,2026-03-12 14:39:00,2026-03-12 15:07:00,COMPLETED,713.28,CARD
8190,1647,84,,2026-03-12 08:57:00,2026-03-12 09:27:00,COMPLETED,721.46,CARD
8191,2205,28,,2026-03-12 19:02:00,2026-03-12 19:36:00,COMPLETED,596.23,COD
8192,2125,109,,2026-03-12 21:30:00,2026-03-12 22:01:00,CANCELLED,364.73,UPI
8193,3443,4,,2026-03-12 18:21:00,2026-03-12 19:05:00,COMPLETED,459.05,UPI
8194,4201,110,,2026-03-12 14:50:00,2026-03-12 15:27:00,CANCELLED,235.23,COD
8195,3624,27,,2026-03-12 08:58:00,2026-03-12 09:35:00,CANCELLED,376.5,CARD
8196,3858,10,,2026-03-12 11:22:00,2026-03-12 12:01:00,CANCELLED,220.95,COD
8197,1967,52,,2026-03-12 12:51:00,2026-03-12 13:19:00,CANCELLED,446.03,UPI
8198,2479,103,,2026-03-12 16:18:00,2026-03-12 17:02:00,COMPLETED,633.2,CARD
8199,4564,77,,2026-03-12 10:15:00,2026-03-12 10:48:00,CANCELLED,461.64,UPI
8200,2727,61,,2026-03-12 09:21:00,2026-03-12 10:04:00,CANCELLED,363.48,UPI
8201,4313,17,,2026-03-12 17:56:00,2026-03-12 18:24:00,COMPLETED,694.37,UPI
8202,3744,4,,2026-03-12 13:42:00,2026-03-12 14:15:00,COMPLETED,499.76,CARD
8203,4695,39,,2026-03-12 19:44:00,2026-03-12 20:17:00,COMPLETED,513.88,CARD
8204,2544,108,,2026-03-12 17:01:00,2026-03-12 17:30:00,CANCELLED,412.39,UPI
8205,3765,50,,2026-03-12 10:03:00,2026-03-12 10:35:00,CANCELLED,466.49,CARD
8206,4445,65,,2026-03-12 16:53:00,2026-03-12 17:31:00,CANCELLED,541.64,COD
8207,3122,55,,2026-03-12 16:51:00,2026-03-12 17:31:00,COMPLETED,517.15,COD
8208,3208,89,,2026-03-12 13:04:00,2026-03-12 13:32:00,COMPLETED,360.31,COD
8209,2168,79,,2026-03-12 20:43:00,2026-03-12 21:27:00,COMPLETED,596.55,UPI
8210,2142,24,,2026-03-12 12:26:00,2026-03-12 13:05:00,CANCELLED,184.64,COD
8211,2116,44,,2026-03-12 14:10:00,2026-03-12 14:44:00,COMPLETED,462.27,UPI
8212,3464,43,,2026-03-12 09:05:00,2026-03-12 09:31:00,CANCELLED,449.04,CARD
8213,2946,36,,2026-03-12 10:47:00,2026-03-12 11:29:00,COMPLETED,446.64,COD
8214,2006,79,,2026-03-12 22:53:00,2026-03-12 23:37:00,COMPLETED,755.53,UPI
8215,1979,58,,2026-03-12 21:36:00,2026-03-12 22:01:00,COMPLETED,788.03,COD
8216,2695,67,,2026-03-12 11:53:00,2026-03-12 12:28:00,COMPLETED,589.38,COD
8217,3649,48,,2026-03-12 17:33:00,2026-03-12 18:18:00,CANCELLED,462.2,COD
8218,2467,4,,2026-03-12 20:16:00,2026-03-12 20:56:00,COMPLETED,274.4,CARD
8219,1882,108,,2026-03-12 19:28:00,2026-03-12 20:12:00,COMPLETED,790.33,UPI
8220,4810,62,,2026-03-12 15:42:00,2026-03-12 16:26:00,CANCELLED,652.58,UPI
8221,1376,98,,2026-03-12 21:54:00,2026-03-12 22:26:00,CANCELLED,655.51,COD
8222,1742,53,,2026-03-12 16:51:00,2026-03-12 17:28:00,CANCELLED,625.23,CARD
8223,2684,9,,2026-03-12 21:03:00,2026-03-12 21:44:00,CANCELLED,736.32,COD
8224,2606,27,,2026-03-12 21:03:00,2026-03-12 21:45:00,COMPLETED,307.16,COD
8225,1531,39,,2026-03-12 10:25:00,2026-03-12 11:03:00,CANCELLED,347.05,CARD
8226,2624,47,,2026-03-12 12:18:00,2026-03-12 12:55:00,CANCELLED,518.56,UPI
8227,1921,51,,2026-03-12 08:31:00,2026-03-12 09:06:00,CANCELLED,324.87,COD
8228,4955,73,,2026-03-12 21:56:00,2026-03-12 22:29:00,CANCELLED,336.72,COD
8229,2904,49,,2026-03-12 09:51:00,2026-03-12 10:36:00,COMPLETED,181.46,CARD
8230,4472,10,,2026-03-12 19:07:00,2026-03-12 19:33:00,COMPLETED,711.62,CARD
8231,4759,65,,2026-03-12 12:15:00,2026-03-12 12:48:00,COMPLETED,496.21,COD
8232,1667,106,,2026-03-12 21:28:00,2026-03-12 22:11:00,COMPLETED,380.98,UPI
8233,2183,82,,2026-03-12 13:29:00,2026-03-12 13:54:00,CANCELLED,409.6,UPI
8234,3452,6,,2026-03-12 18:33:00,2026-03-12 19:11:00,COMPLETED,752.8,CARD
8235,1770,12,,2026-03-12 10:53:00,2026-03-12 11:24:00,CANCELLED,236.47,UPI
8236,4655,16,,2026-03-12 08:14:00,2026-03-12 08:47:00,CANCELLED,564.22,UPI
8237,3847,103,,2026-03-12 16:46:00,2026-03-12 17:19:00,COMPLETED,450.41,CARD
8238,3669,104,,2026-03-12 15:07:00,2026-03-12 15:34:00,COMPLETED,462.24,CARD
8239,4042,109,,2026-03-12 22:22:00,2026-03-12 23:05:00,COMPLETED,672.81,COD
8240,2785,108,,2026-03-12 12:04:00,2026-03-12 12:39:00,CANCELLED,737.93,COD
8241,2096,33,,2026-03-12 09:35:00,2026-03-12 10:17:00,CANCELLED,441.04,UPI
8242,4558,106,,2026-03-12 09:25:00,2026-03-12 10:03:00,COMPLETED,724.75,CARD
8243,1217,94,,2026-03-12 21:09:00,2026-03-12 21:45:00,CANCELLED,332.87,COD
8244,3189,40,,2026-03-12 11:38:00,2026-03-12 12:05:00,COMPLETED,563.61,UPI
8245,3615,53,,2026-03-12 12:11:00,2026-03-12 12:41:00,CANCELLED,687.15,COD
8246,2753,48,,2026-03-12 12:21:00,2026-03-12 13:06:00,CANCELLED,332.94,CARD
8247,4351,85,,2026-03-12 09:05:00,2026-03-12 09:34:00,COMPLETED,293.25,CARD
8248,2863,87,,2026-03-12 12:47:00,2026-03-12 13:25:00,COMPLETED,433.14,UPI
8249,1311,112,,2026-03-12 19:31:00,2026-03-12 19:57:00,COMPLETED,608.48,CARD
8250,4656,39,,2026-03-12 18:16:00,2026-03-12 18:44:00,COMPLETED,687.78,COD
8251,2073,106,,2026-03-12 13:47:00,2026-03-12 14:32:00,COMPLETED,372.85,CARD
8252,1513,107,,2026-03-12 21:58:00,2026-03-12 22:36:00,CANCELLED,673.97,CARD
8253,3840,66,,2026-03-12 08:02:00,2026-03-12 08:42:00,COMPLETED,693.2,COD
8254,2162,92,,2026-03-12 21:20:00,2026-03-12 22:01:00,CANCELLED,666.81,COD
8255,4172,6,,2026-03-12 12:10:00,2026-03-12 12:43:00,CANCELLED,587.23,CARD
8256,4561,95,,2026-03-12 09:30:00,2026-03-12 10:11:00,CANCELLED,162.0,CARD
8257,4623,18,,2026-03-12 22:57:00,2026-03-12 23:39:00,CANCELLED,183.66,UPI
8258,4149,35,,2026-03-12 19:27:00,2026-03-12 20:02:00,CANCELLED,613.07,COD
8259,2644,79,,2026-03-12 10:14:00,2026-03-12 10:40:00,COMPLETED,580.22,CARD
8260,1392,80,,2026-03-12 15:21:00,2026-03-12 15:49:00,CANCELLED,651.34,UPI
8261,2800,20,,2026-03-12 11:43:00,2026-03-12 12:28:00,CANCELLED,304.96,COD
8262,2292,69,,2026-03-12 11:57:00,2026-03-12 12:25:00,CANCELLED,396.08,COD
8263,4205,33,,2026-03-12 21:02:00,2026-03-12 21:46:00,CANCELLED,729.82,COD
8264,3817,42,,2026-03-12 17:20:00,2026-03-12 17:45:00,CANCELLED,587.29,COD
8265,4193,117,,2026-03-12 17:58:00,2026-03-12 18:28:00,COMPLETED,219.85,UPI
8266,3294,64,,2026-03-12 08:48:00,2026-03-12 09:28:00,COMPLETED,159.81,UPI
8267,3383,4,,2026-03-12 19:40:00,2026-03-12 20:11:00,COMPLETED,305.93,UPI
8268,1856,24,,2026-03-12 18:49:00,2026-03-12 19:34:00,COMPLETED,721.96,COD
8269,3790,47,,2026-03-12 08:25:00,2026-03-12 09:00:00,CANCELLED,609.46,CARD
8270,4637,65,,2026-03-12 14:31:00,2026-03-12 15:00:00,CANCELLED,544.55,UPI
8271,4003,119,,2026-03-12 14:33:00,2026-03-12 15:09:00,CANCELLED,505.14,COD
8272,3434,32,,2026-03-12 22:14:00,2026-03-12 22:46:00,CANCELLED,284.89,COD
8273,1325,70,,2026-03-12 17:52:00,2026-03-12 18:28:00,CANCELLED,645.21,CARD
8274,4772,24,,2026-03-12 15:30:00,2026-03-12 16:11:00,COMPLETED,591.25,CARD
8275,1737,93,,2026-03-12 13:48:00,2026-03-12 14:28:00,COMPLETED,542.6,CARD
8276,3793,110,,2026-03-12 11:23:00,2026-03-12 11:48:00,COMPLETED,514.56,CARD
8277,3585,83,,2026-03-12 15:22:00,2026-03-12 15:58:00,CANCELLED,412.74,CARD
8278,4410,58,,2026-03-12 19:48:00,2026-03-12 20:13:00,CANCELLED,371.96,UPI
8279,3780,96,,2026-03-12 10:41:00,2026-03-12 11:16:00,CANCELLED,566.21,COD
8280,2832,13,,2026-03-12 11:34:00,2026-03-12 12:04:00,CANCELLED,381.84,UPI
8281,1218,102,,2026-03-12 22:02:00,2026-03-12 22:37:00,COMPLETED,581.95,COD
8282,4629,85,,2026-03-12 16:17:00,2026-03-12 16:52:00,COMPLETED,179.67,UPI
8283,4732,7,,2026-03-12 21:32:00,2026-03-12 22:15:00,CANCELLED,787.57,COD
8284,3591,52,,2026-03-12 17:54:00,2026-03-12 18:19:00,CANCELLED,747.74,UPI
8285,1778,79,,2026-03-12 16:11:00,2026-03-12 16:51:00,COMPLETED,176.93,UPI
8286,4377,115,,2026-03-12 18:44:00,2026-03-12 19:17:00,CANCELLED,158.47,UPI
8287,1414,74,,2026-03-12 12:01:00,2026-03-12 12:46:00,CANCELLED,202.46,CARD
8288,4067,87,,2026-03-12 19:08:00,2026-03-12 19:52:00,COMPLETED,228.52,COD
8289,4101,51,,2026-03-12 08:59:00,2026-03-12 09:30:00,CANCELLED,741.36,CARD
8290,1294,95,,2026-03-12 19:37:00,2026-03-12 20:22:00,CANCELLED,551.95,CARD
8291,4658,56,,2026-03-12 12:18:00,2026-03-12 12:47:00,COMPLETED,786.22,UPI
8292,2124,62,,2026-03-12 15:05:00,2026-03-12 15:43:00,COMPLETED,794.16,UPI
8293,1900,45,,2026-03-12 19:51:00,2026-03-12 20:34:00,COMPLETED,437.93,UPI
8294,3871,91,,2026-03-12 14:15:00,2026-03-12 14:44:00,COMPLETED,503.41,COD
8295,1046,84,,2026-03-12 19:41:00,2026-03-12 20:12:00,COMPLETED,198.9,UPI
8296,4546,68,,2026-03-12 09:21:00,2026-03-12 10:06:00,COMPLETED,266.01,UPI
8297,4829,6,,2026-03-12 10:42:00,2026-03-12 11:25:00,COMPLETED,695.43,UPI
8298,4306,95,,2026-03-12 13:02:00,2026-03-12 13:29:00,CANCELLED,719.58,CARD
8299,4888,5,,2026-03-13 12:34:00,2026-03-13 13:05:00,CANCELLED,165.73,UPI
8300,4511,85,,2026-03-13 10:31:00,2026-03-13 11:13:00,COMPLETED,212.67,UPI
8301,1535,109,,2026-03-13 10:23:00,2026-03-13 10:54:00,CANCELLED,398.29,CARD
8302,2942,15,,2026-03-13 12:18:00,2026-03-13 12:51:00,COMPLETED,397.51,UPI
8303,2860,83,,2026-03-13 09:02:00,2026-03-13 09:40:00,COMPLETED,469.44,UPI
8304,4627,80,,2026-03-13 17:01:00,2026-03-13 17:43:00,COMPLETED,197.06,COD
8305,1161,8,,2026-03-13 17:16:00,2026-03-13 17:44:00,CANCELLED,254.61,CARD
8306,3706,33,,2026-03-13 08:26:00,2026-03-13 09:07:00,CANCELLED,553.42,CARD
8307,3975,14,,2026-03-13 20:17:00,2026-03-13 20:43:00,COMPLETED,446.47,CARD
8308,2111,60,,2026-03-13 13:53:00,2026-03-13 14:30:00,CANCELLED,631.13,CARD
8309,2861,97,,2026-03-13 18:44:00,2026-03-13 19:20:00,CANCELLED,442.41,COD
8310,2632,81,,2026-03-13 11:50:00,2026-03-13 12:22:00,CANCELLED,715.94,UPI
8311,4073,94,,2026-03-13 18:48:00,2026-03-13 19:31:00,CANCELLED,649.34,CARD
8312,4351,75,,2026-03-13 09:25:00,2026-03-13 09:50:00,COMPLETED,632.48,UPI
8313,3211,92,,2026-03-13 17:01:00,2026-03-13 17:35:00,CANCELLED,354.42,COD
8314,3203,1,,2026-03-13 21:09:00,2026-03-13 21:35:00,CANCELLED,355.28,COD
8315,4592,28,,2026-03-13 11:18:00,2026-03-13 11:51:00,COMPLETED,321.43,CARD
8316,4225,60,,2026-03-13 10:58:00,2026-03-13 11:23:00,COMPLETED,151.39,COD
8317,2431,44,,2026-03-13 14:42:00,2026-03-13 15:21:00,CANCELLED,440.34,COD
8318,2778,104,,2026-03-13 21:51:00,2026-03-13 22:35:00,CANCELLED,663.44,COD
8319,3166,18,,2026-03-13 15:14:00,2026-03-13 15:45:00,CANCELLED,202.43,UPI
8320,4359,82,,2026-03-13 22:34:00,2026-03-13 23:03:00,COMPLETED,184.25,UPI
8321,1367,61,,2026-03-13 16:39:00,2026-03-13 17:09:00,COMPLETED,788.2,COD
8322,4545,4,,2026-03-13 19:41:00,2026-03-13 20:13:00,COMPLETED,658.8,CARD
8323,4822,108,,2026-03-13 12:24:00,2026-03-13 13:06:00,COMPLETED,497.92,CARD
8324,4606,89,,2026-03-13 16:47:00,2026-03-13 17:25:00,COMPLETED,219.75,UPI
8325,2239,39,,2026-03-13 16:34:00,2026-03-13 16:59:00,COMPLETED,189.05,UPI
8326,4778,62,,2026-03-13 19:37:00,2026-03-13 20:16:00,COMPLETED,210.29,COD
8327,3876,52,,2026-03-13 15:35:00,2026-03-13 16:03:00,COMPLETED,150.51,CARD
8328,2702,116,,2026-03-13 09:37:00,2026-03-13 10:16:00,CANCELLED,783.21,UPI
8329,2367,20,,2026-03-13 10:11:00,2026-03-13 10:38:00,CANCELLED,464.6,CARD
8330,1297,2,,2026-03-13 15:42:00,2026-03-13 16:10:00,CANCELLED,647.14,UPI
8331,3154,83,,2026-03-13 17:06:00,2026-03-13 17:44:00,CANCELLED,328.16,CARD
8332,1413,38,,2026-03-13 22:11:00,2026-03-13 22:45:00,CANCELLED,726.14,UPI
8333,4440,40,,2026-03-13 22:55:00,2026-03-13 23:39:00,CANCELLED,507.02,UPI
8334,2911,38,,2026-03-13 11:16:00,2026-03-13 12:01:00,COMPLETED,372.81,UPI
8335,4790,49,,2026-03-13 15:50:00,2026-03-13 16:29:00,CANCELLED,616.34,COD
8336,2531,12,,2026-03-13 19:36:00,2026-03-13 20:19:00,CANCELLED,557.22,UPI
8337,3970,21,,2026-03-13 08:34:00,2026-03-13 09:06:00,COMPLETED,576.78,CARD
8338,1408,34,,2026-03-13 22:08:00,2026-03-13 22:33:00,COMPLETED,723.2,UPI
8339,4957,8,,2026-03-13 20:09:00,2026-03-13 20:54:00,CANCELLED,667.41,COD
8340,4144,13,,2026-03-13 13:59:00,2026-03-13 14:44:00,CANCELLED,623.46,CARD
8341,1576,29,,2026-03-13 20:35:00,2026-03-13 21:07:00,COMPLETED,572.83,UPI
8342,2379,92,,2026-03-13 16:23:00,2026-03-13 16:52:00,CANCELLED,198.95,COD
8343,4950,83,,2026-03-13 14:10:00,2026-03-13 14:55:00,CANCELLED,596.35,CARD
8344,1942,103,,2026-03-13 22:39:00,2026-03-13 23:11:00,CANCELLED,209.56,COD
8345,3799,117,,2026-03-13 20:54:00,2026-03-13 21:37:00,COMPLETED,432.37,CARD
8346,1356,42,,2026-03-13 20:32:00,2026-03-13 21:13:00,CANCELLED,408.44,CARD
8347,1109,120,,2026-03-13 22:08:00,2026-03-13 22:39:00,COMPLETED,378.38,COD
8348,1882,34,,2026-03-13 18:54:00,2026-03-13 19:35:00,COMPLETED,328.17,CARD
8349,2022,42,,2026-03-13 11:29:00,2026-03-13 12:07:00,CANCELLED,492.84,CARD
8350,2814,79,,2026-03-13 16:54:00,2026-03-13 17:34:00,COMPLETED,334.84,COD
8351,1385,91,,2026-03-13 13:01:00,2026-03-13 13:34:00,CANCELLED,451.45,COD
8352,3010,96,,2026-03-13 09:36:00,2026-03-13 10:18:00,CANCELLED,306.92,CARD
8353,3047,39,,2026-03-13 14:56:00,2026-03-13 15:30:00,COMPLETED,541.76,COD
8354,3163,31,,2026-03-13 10:23:00,2026-03-13 11:00:00,CANCELLED,489.62,COD
8355,1705,75,,2026-03-13 18:18:00,2026-03-13 19:03:00,CANCELLED,217.76,CARD
8356,3906,76,,2026-03-13 10:52:00,2026-03-13 11:34:00,COMPLETED,511.72,UPI
8357,4234,20,,2026-03-13 12:31:00,2026-03-13 13:12:00,CANCELLED,240.91,UPI
8358,1418,111,,2026-03-13 11:30:00,2026-03-13 12:02:00,COMPLETED,369.45,COD
8359,4733,60,,2026-03-13 10:13:00,2026-03-13 10:55:00,CANCELLED,788.82,COD
8360,2049,103,,2026-03-13 12:32:00,2026-03-13 12:57:00,COMPLETED,554.87,CARD
8361,4768,60,,2026-03-13 12:18:00,2026-03-13 12:51:00,CANCELLED,371.7,COD
8362,2242,52,,2026-03-13 22:30:00,2026-03-13 22:59:00,CANCELLED,485.43,UPI
8363,2688,76,,2026-03-13 21:00:00,2026-03-13 21:28:00,COMPLETED,193.25,UPI
8364,1427,32,,2026-03-13 09:13:00,2026-03-13 09:52:00,CANCELLED,596.99,COD
8365,2216,42,,2026-03-13 18:44:00,2026-03-13 19:26:00,CANCELLED,567.56,COD
8366,4416,42,,2026-03-13 20:08:00,2026-03-13 20:53:00,COMPLETED,556.65,UPI
8367,2064,88,,2026-03-13 21:44:00,2026-03-13 22:23:00,CANCELLED,611.0,COD
8368,2718,40,,2026-03-13 16:16:00,2026-03-13 16:54:00,CANCELLED,486.48,COD
8369,3729,32,,2026-03-13 11:51:00,2026-03-13 12:33:00,COMPLETED,266.22,UPI
8370,3194,99,,2026-03-13 08:47:00,2026-03-13 09:27:00,COMPLETED,277.73,CARD
8371,1722,82,,2026-03-13 12:53:00,2026-03-13 13:35:00,COMPLETED,748.11,UPI
8372,4383,103,,2026-03-13 10:09:00,2026-03-13 10:43:00,COMPLETED,401.49,COD
8373,4604,47,,2026-03-13 19:19:00,2026-03-13 19:50:00,COMPLETED,350.99,UPI
8374,2275,53,,2026-03-13 15:14:00,2026-03-13 15:50:00,COMPLETED,674.82,COD
8375,4136,75,,2026-03-13 09:45:00,2026-03-13 10:30:00,COMPLETED,171.19,COD
8376,4540,29,,2026-03-13 12:59:00,2026-03-13 13:38:00,COMPLETED,559.08,CARD
8377,1963,104,,2026-03-13 16:38:00,2026-03-13 17:23:00,CANCELLED,487.86,UPI
8378,3761,13,,2026-03-13 17:33:00,2026-03-13 17:58:00,COMPLETED,448.15,COD
8379,3006,90,,2026-03-13 10:18:00,2026-03-13 10:57:00,COMPLETED,744.44,UPI
8380,2384,25,,2026-03-13 19:02:00,2026-03-13 19:43:00,COMPLETED,691.49,COD
8381,2154,35,,2026-03-13 19:37:00,2026-03-13 20:16:00,CANCELLED,520.45,UPI
8382,1008,85,,2026-03-13 08:14:00,2026-03-13 08:55:00,COMPLETED,168.72,CARD
8383,1682,73,,2026-03-13 18:09:00,2026-03-13 18:39:00,COMPLETED,710.44,UPI
8384,3478,80,,2026-03-13 22:07:00,2026-03-13 22:35:00,CANCELLED,361.77,CARD
8385,1633,89,,2026-03-13 13:02:00,2026-03-13 13:28:00,COMPLETED,451.98,UPI
8386,4364,54,,2026-03-13 13:29:00,2026-03-13 13:58:00,CANCELLED,510.81,COD
8387,4804,22,,2026-03-13 16:57:00,2026-03-13 17:22:00,COMPLETED,507.59,UPI
8388,1730,53,,2026-03-13 13:27:00,2026-03-13 14:05:00,COMPLETED,791.91,CARD
8389,3374,70,,2026-03-13 08:08:00,2026-03-13 08:44:00,COMPLETED,584.93,COD
8390,4147,71,,2026-03-13 22:43:00,2026-03-13 23:24:00,COMPLETED,154.5,COD
8391,2360,119,,2026-03-13 08:00:00,2026-03-13 08:25:00,COMPLETED,446.44,COD
8392,4544,68,,2026-03-13 17:19:00,2026-03-13 17:56:00,CANCELLED,559.26,CARD
8393,1633,7,,2026-03-13 19:11:00,2026-03-13 19:56:00,COMPLETED,156.55,COD
8394,1256,116,,2026-03-13 09:02:00,2026-03-13 09:44:00,CANCELLED,521.22,COD
8395,4576,91,,2026-03-13 10:50:00,2026-03-13 11:21:00,CANCELLED,396.0,CARD
8396,1462,47,,2026-03-13 14:40:00,2026-03-13 15:10:00,CANCELLED,194.91,CARD
8397,3299,8,,2026-03-13 09:09:00,2026-03-13 09:52:00,CANCELLED,151.7,CARD
8398,4005,18,,2026-03-13 10:09:00,2026-03-13 10:48:00,COMPLETED,690.68,CARD
8399,4477,106,,2026-03-13 18:08:00,2026-03-13 18:42:00,COMPLETED,580.43,UPI
8400,3203,99,,2026-03-13 11:41:00,2026-03-13 12:16:00,COMPLETED,349.13,COD
8401,1820,72,,2026-03-13 20:00:00,2026-03-13 20:37:00,CANCELLED,569.16,UPI
8402,2438,78,,2026-03-13 18:30:00,2026-03-13 19:05:00,COMPLETED,184.46,COD
8403,4850,31,,2026-03-13 21:09:00,2026-03-13 21:41:00,CANCELLED,386.11,CARD
8404,2865,109,,2026-03-13 16:36:00,2026-03-13 17:12:00,COMPLETED,729.95,CARD
8405,2638,84,,2026-03-13 11:46:00,2026-03-13 12:19:00,COMPLETED,570.97,CARD
8406,1334,85,,2026-03-13 09:39:00,2026-03-13 10:17:00,COMPLETED,377.59,CARD
8407,1851,3,,2026-03-13 16:19:00,2026-03-13 16:55:00,COMPLETED,531.56,COD
8408,3463,86,,2026-03-13 12:38:00,2026-03-13 13:21:00,COMPLETED,787.46,CARD
8409,2219,9,,2026-03-13 22:38:00,2026-03-13 23:22:00,CANCELLED,454.21,UPI
8410,3670,6,,2026-03-13 18:42:00,2026-03-13 19:12:00,COMPLETED,451.73,CARD
8411,2125,43,,2026-03-13 18:29:00,2026-03-13 18:57:00,CANCELLED,749.39,COD
8412,3303,79,,2026-03-13 21:49:00,2026-03-13 22:16:00,COMPLETED,457.58,COD
8413,2381,101,,2026-03-13 16:45:00,2026-03-13 17:18:00,CANCELLED,498.42,UPI
8414,2054,6,,2026-03-13 12:36:00,2026-03-13 13:19:00,COMPLETED,524.61,COD
8415,3263,117,,2026-03-13 15:10:00,2026-03-13 15:40:00,CANCELLED,375.29,CARD
8416,4626,64,,2026-03-13 22:20:00,2026-03-13 22:45:00,COMPLETED,791.74,COD
8417,3711,3,,2026-03-13 17:30:00,2026-03-13 18:15:00,CANCELLED,446.94,COD
8418,4700,64,,2026-03-13 09:22:00,2026-03-13 10:05:00,CANCELLED,711.64,CARD
8419,2828,42,,2026-03-13 19:20:00,2026-03-13 19:55:00,COMPLETED,577.44,CARD
8420,2408,105,,2026-03-13 10:11:00,2026-03-13 10:46:00,CANCELLED,717.61,UPI
8421,3876,89,,2026-03-13 16:32:00,2026-03-13 16:57:00,CANCELLED,425.83,CARD
8422,1005,14,,2026-03-13 20:26:00,2026-03-13 20:51:00,CANCELLED,601.47,CARD
8423,4196,28,,2026-03-13 09:53:00,2026-03-13 10:22:00,CANCELLED,707.17,UPI
8424,2201,80,,2026-03-13 20:00:00,2026-03-13 20:30:00,CANCELLED,660.07,CARD
8425,1554,117,,2026-03-13 08:38:00,2026-03-13 09:03:00,CANCELLED,225.46,CARD
8426,4671,84,,2026-03-13 08:40:00,2026-03-13 09:17:00,CANCELLED,737.7,UPI
8427,4199,55,,2026-03-13 19:51:00,2026-03-13 20:24:00,COMPLETED,553.97,UPI
8428,3822,63,,2026-03-13 21:48:00,2026-03-13 22:28:00,COMPLETED,694.46,CARD
8429,2183,59,,2026-03-13 16:10:00,2026-03-13 16:50:00,CANCELLED,307.83,COD
8430,1870,43,,2026-03-13 19:42:00,2026-03-13 20:24:00,CANCELLED,235.82,CARD
8431,4869,80,,2026-03-13 18:17:00,2026-03-13 18:42:00,COMPLETED,708.13,CARD
8432,3933,89,,2026-03-13 08:58:00,2026-03-13 09:24:00,CANCELLED,312.4,CARD
8433,3570,99,,2026-03-13 15:51:00,2026-03-13 16:25:00,COMPLETED,478.18,UPI
8434,1186,87,,2026-03-13 21:13:00,2026-03-13 21:42:00,COMPLETED,251.98,COD
8435,2952,113,,2026-03-13 13:23:00,2026-03-13 14:06:00,CANCELLED,446.85,COD
8436,3274,100,,2026-03-13 21:15:00,2026-03-13 21:53:00,COMPLETED,755.0,UPI
8437,4922,58,,2026-03-13 14:27:00,2026-03-13 15:03:00,CANCELLED,622.98,UPI
8438,3084,53,,2026-03-13 10:22:00,2026-03-13 10:57:00,CANCELLED,761.47,CARD
8439,3968,55,,2026-03-13 14:08:00,2026-03-13 14:33:00,CANCELLED,323.79,CARD
8440,1687,85,,2026-03-13 16:08:00,2026-03-13 16:49:00,CANCELLED,351.42,CARD
8441,1918,6,,2026-03-13 16:04:00,2026-03-13 16:32:00,COMPLETED,184.94,UPI
8442,2659,83,,2026-03-13 14:00:00,2026-03-13 14:33:00,CANCELLED,371.37,COD
8443,2821,80,,2026-03-13 12:04:00,2026-03-13 12:38:00,CANCELLED,238.55,UPI
8444,4996,66,,2026-03-13 18:50:00,2026-03-13 19:35:00,CANCELLED,337.09,COD
8445,3823,90,,2026-03-13 12:53:00,2026-03-13 13:21:00,CANCELLED,391.72,UPI
8446,1868,98,,2026-03-13 19:22:00,2026-03-13 19:59:00,COMPLETED,463.55,UPI
8447,3657,14,,2026-03-13 18:17:00,2026-03-13 18:52:00,COMPLETED,489.67,CARD
8448,1494,26,,2026-03-13 14:43:00,2026-03-13 15:28:00,CANCELLED,706.08,UPI
8449,2426,42,,2026-03-13 19:10:00,2026-03-13 19:54:00,CANCELLED,256.3,CARD
8450,3724,25,,2026-03-13 16:57:00,2026-03-13 17:25:00,COMPLETED,724.93,CARD
8451,1313,79,,2026-03-13 10:35:00,2026-03-13 11:09:00,CANCELLED,700.64,UPI
8452,1331,67,,2026-03-13 20:16:00,2026-03-13 20:43:00,COMPLETED,709.49,CARD
8453,2808,90,,2026-03-13 19:50:00,2026-03-13 20:27:00,CANCELLED,341.43,COD
8454,4398,34,,2026-03-13 14:28:00,2026-03-13 14:54:00,COMPLETED,712.94,CARD
8455,1635,57,,2026-03-13 13:39:00,2026-03-13 14:23:00,COMPLETED,796.6,COD
8456,3348,99,,2026-03-13 19:40:00,2026-03-13 20:18:00,CANCELLED,455.71,CARD
8457,2252,100,,2026-03-13 11:30:00,2026-03-13 12:15:00,CANCELLED,403.78,CARD
8458,1869,92,,2026-03-13 17:06:00,2026-03-13 17:49:00,CANCELLED,202.97,CARD
8459,3869,119,,2026-03-13 20:35:00,2026-03-13 21:02:00,CANCELLED,673.36,UPI
8460,3144,87,,2026-03-13 13:14:00,2026-03-13 13:49:00,COMPLETED,500.78,COD
8461,2696,82,,2026-03-13 09:23:00,2026-03-13 10:07:00,CANCELLED,255.67,COD
8462,4429,73,,2026-03-13 19:50:00,2026-03-13 20:29:00,COMPLETED,566.13,COD
8463,1793,85,,2026-03-13 22:40:00,2026-03-13 23:15:00,COMPLETED,237.21,UPI
8464,2304,90,,2026-03-13 08:20:00,2026-03-13 08:56:00,CANCELLED,344.47,COD
8465,4082,119,,2026-03-13 18:43:00,2026-03-13 19:25:00,CANCELLED,752.18,CARD
8466,4123,57,,2026-03-13 14:16:00,2026-03-13 14:58:00,CANCELLED,522.6,UPI
8467,3623,22,,2026-03-13 17:38:00,2026-03-13 18:06:00,CANCELLED,485.3,COD
8468,3123,31,,2026-03-13 08:35:00,2026-03-13 09:15:00,CANCELLED,713.43,COD
8469,3846,89,,2026-03-13 21:20:00,2026-03-13 22:01:00,COMPLETED,376.56,UPI
8470,4017,31,,2026-03-13 09:51:00,2026-03-13 10:21:00,CANCELLED,363.06,CARD
8471,1722,104,,2026-03-13 10:56:00,2026-03-13 11:27:00,CANCELLED,600.47,COD
8472,2183,45,,2026-03-13 20:47:00,2026-03-13 21:17:00,CANCELLED,693.85,COD
8473,1733,104,,2026-03-13 09:44:00,2026-03-13 10:21:00,CANCELLED,325.49,COD
8474,4729,101,,2026-03-13 13:40:00,2026-03-13 14:08:00,CANCELLED,538.0,CARD
8475,1823,18,,2026-03-13 22:01:00,2026-03-13 22:39:00,CANCELLED,605.54,COD
8476,2903,33,,2026-03-13 11:30:00,2026-03-13 11:58:00,COMPLETED,234.31,CARD
8477,4941,49,,2026-03-13 09:16:00,2026-03-13 09:42:00,COMPLETED,657.76,UPI
8478,4401,38,,2026-03-13 14:37:00,2026-03-13 15:09:00,CANCELLED,285.1,UPI
8479,1008,24,,2026-03-13 19:36:00,2026-03-13 20:14:00,CANCELLED,780.82,COD
8480,2630,36,,2026-03-13 12:11:00,2026-03-13 12:47:00,COMPLETED,611.73,CARD
8481,4296,71,,2026-03-13 11:03:00,2026-03-13 11:46:00,CANCELLED,174.52,COD
8482,1387,47,,2026-03-13 13:38:00,2026-03-13 14:07:00,COMPLETED,324.84,CARD
8483,4879,45,,2026-03-13 20:24:00,2026-03-13 20:56:00,COMPLETED,458.65,CARD
8484,4780,65,,2026-03-13 11:22:00,2026-03-13 11:59:00,CANCELLED,178.31,CARD
8485,3195,47,,2026-03-13 20:42:00,2026-03-13 21:16:00,COMPLETED,402.5,CARD
8486,4366,93,,2026-03-13 20:49:00,2026-03-13 21:18:00,COMPLETED,366.97,CARD
8487,4593,22,,2026-03-13 16:01:00,2026-03-13 16:30:00,CANCELLED,173.1,UPI
8488,4288,105,,2026-03-13 20:21:00,2026-03-13 20:57:00,COMPLETED,179.55,UPI
8489,1924,79,,2026-03-13 09:18:00,2026-03-13 09:46:00,COMPLETED,152.77,UPI
8490,4738,78,,2026-03-13 19:11:00,2026-03-13 19:52:00,COMPLETED,457.63,CARD
8491,2097,7,,2026-03-13 10:49:00,2026-03-13 11:20:00,CANCELLED,173.24,UPI
8492,4255,116,,2026-03-13 15:08:00,2026-03-13 15:50:00,COMPLETED,292.31,UPI
8493,1982,66,,2026-03-13 14:06:00,2026-03-13 14:43:00,CANCELLED,533.54,COD
8494,3279,34,,2026-03-13 16:58:00,2026-03-13 17:27:00,COMPLETED,548.14,UPI
8495,4236,50,,2026-03-13 13:04:00,2026-03-13 13:45:00,COMPLETED,178.47,UPI
8496,3000,92,,2026-03-13 20:13:00,2026-03-13 20:49:00,COMPLETED,686.65,COD
8497,2887,80,,2026-03-13 16:57:00,2026-03-13 17:22:00,COMPLETED,413.94,UPI
8498,3759,37,,2026-03-13 08:00:00,2026-03-13 08:43:00,COMPLETED,347.59,UPI
8499,1420,59,,2026-03-13 14:19:00,2026-03-13 14:44:00,CANCELLED,160.09,UPI
8500,2421,101,,2026-03-13 19:35:00,2026-03-13 20:12:00,CANCELLED,485.29,CARD
8501,3644,51,,2026-03-13 18:49:00,2026-03-13 19:15:00,CANCELLED,497.69,UPI
8502,3035,111,,2026-03-13 22:48:00,2026-03-13 23:31:00,COMPLETED,256.47,COD
8503,1172,33,,2026-03-13 12:56:00,2026-03-13 13:26:00,COMPLETED,161.79,UPI
8504,3351,14,,2026-03-13 12:04:00,2026-03-13 12:31:00,COMPLETED,687.3,CARD
8505,4026,109,,2026-03-13 16:00:00,2026-03-13 16:28:00,COMPLETED,398.17,COD
8506,1321,98,,2026-03-13 13:48:00,2026-03-13 14:31:00,COMPLETED,699.34,CARD
8507,4997,108,,2026-03-13 10:30:00,2026-03-13 10:56:00,COMPLETED,505.93,COD
8508,1885,21,,2026-03-14 21:55:00,2026-03-14 22:24:00,CANCELLED,591.56,COD
8509,3931,99,,2026-03-14 12:36:00,2026-03-14 13:01:00,COMPLETED,563.41,UPI
8510,1596,34,,2026-03-14 13:05:00,2026-03-14 13:34:00,COMPLETED,261.03,COD
8511,1947,89,,2026-03-14 08:22:00,2026-03-14 08:51:00,COMPLETED,653.1,COD
8512,1395,25,,2026-03-14 08:15:00,2026-03-14 08:40:00,COMPLETED,440.93,CARD
8513,3700,87,,2026-03-14 10:55:00,2026-03-14 11:37:00,COMPLETED,322.09,COD
8514,3624,76,,2026-03-14 13:40:00,2026-03-14 14:06:00,CANCELLED,518.66,CARD
8515,1943,98,,2026-03-14 11:58:00,2026-03-14 12:33:00,COMPLETED,542.71,UPI
8516,4854,63,,2026-03-14 09:59:00,2026-03-14 10:44:00,CANCELLED,269.47,UPI
8517,2125,53,,2026-03-14 20:34:00,2026-03-14 21:15:00,CANCELLED,669.9,UPI
8518,4086,115,,2026-03-14 08:57:00,2026-03-14 09:39:00,CANCELLED,447.94,UPI
8519,1283,116,,2026-03-14 11:40:00,2026-03-14 12:17:00,CANCELLED,152.26,COD
8520,2904,6,,2026-03-14 08:00:00,2026-03-14 08:45:00,COMPLETED,404.87,COD
8521,1527,63,,2026-03-14 14:25:00,2026-03-14 14:51:00,COMPLETED,741.43,CARD
8522,2924,108,,2026-03-14 13:42:00,2026-03-14 14:20:00,COMPLETED,423.91,UPI
8523,2758,24,,2026-03-14 20:43:00,2026-03-14 21:14:00,COMPLETED,339.46,CARD
8524,3343,61,,2026-03-14 19:24:00,2026-03-14 20:06:00,CANCELLED,712.22,COD
8525,3831,39,,2026-03-14 17:16:00,2026-03-14 17:46:00,COMPLETED,765.12,COD
8526,2770,22,,2026-03-14 09:05:00,2026-03-14 09:38:00,COMPLETED,257.74,COD
8527,1806,67,,2026-03-14 17:02:00,2026-03-14 17:34:00,COMPLETED,277.95,UPI
8528,1890,44,,2026-03-14 11:00:00,2026-03-14 11:30:00,COMPLETED,400.11,UPI
8529,4159,75,,2026-03-14 19:37:00,2026-03-14 20:02:00,CANCELLED,747.59,COD
8530,2138,39,,2026-03-14 22:58:00,2026-03-14 23:26:00,COMPLETED,261.65,UPI
8531,3417,20,,2026-03-14 10:44:00,2026-03-14 11:14:00,CANCELLED,677.13,UPI
8532,3139,86,,2026-03-14 15:33:00,2026-03-14 15:58:00,COMPLETED,523.93,COD
8533,2427,5,,2026-03-14 22:55:00,2026-03-14 23:40:00,CANCELLED,419.74,COD
8534,3832,25,,2026-03-14 19:50:00,2026-03-14 20:34:00,COMPLETED,567.77,UPI
8535,2443,119,,2026-03-14 12:45:00,2026-03-14 13:13:00,COMPLETED,708.39,CARD
8536,1848,92,,2026-03-14 21:58:00,2026-03-14 22:30:00,CANCELLED,480.5,CARD
8537,1326,94,,2026-03-14 14:13:00,2026-03-14 14:57:00,COMPLETED,371.22,COD
8538,4049,35,,2026-03-14 17:53:00,2026-03-14 18:38:00,CANCELLED,514.91,UPI
8539,1242,66,,2026-03-14 17:44:00,2026-03-14 18:20:00,COMPLETED,374.49,UPI
8540,1745,95,,2026-03-14 10:12:00,2026-03-14 10:44:00,COMPLETED,159.11,UPI
8541,2725,112,,2026-03-14 08:04:00,2026-03-14 08:46:00,COMPLETED,512.41,CARD
8542,3060,106,,2026-03-14 21:52:00,2026-03-14 22:26:00,CANCELLED,405.98,UPI
8543,3945,81,,2026-03-14 12:51:00,2026-03-14 13:30:00,CANCELLED,259.32,CARD
8544,3243,32,,2026-03-14 09:40:00,2026-03-14 10:13:00,CANCELLED,770.19,UPI
8545,1169,72,,2026-03-14 22:50:00,2026-03-14 23:26:00,CANCELLED,521.39,CARD
8546,2876,109,,2026-03-14 22:18:00,2026-03-14 22:47:00,COMPLETED,635.08,UPI
8547,3774,88,,2026-03-14 21:58:00,2026-03-14 22:27:00,CANCELLED,671.85,CARD
8548,4654,81,,2026-03-14 19:24:00,2026-03-14 19:57:00,COMPLETED,667.39,CARD
8549,4654,97,,2026-03-14 19:23:00,2026-03-14 19:49:00,CANCELLED,380.81,UPI
8550,2242,10,,2026-03-14 11:02:00,2026-03-14 11:47:00,COMPLETED,424.83,UPI
8551,4671,83,,2026-03-14 15:36:00,2026-03-14 16:14:00,COMPLETED,660.87,CARD
8552,4889,7,,2026-03-14 22:07:00,2026-03-14 22:40:00,CANCELLED,519.48,UPI
8553,2017,26,,2026-03-14 16:15:00,2026-03-14 16:41:00,CANCELLED,683.97,COD
8554,4450,99,,2026-03-14 22:21:00,2026-03-14 22:55:00,CANCELLED,643.82,CARD
8555,2761,41,,2026-03-14 10:39:00,2026-03-14 11:04:00,CANCELLED,702.72,CARD
8556,2671,82,,2026-03-14 11:50:00,2026-03-14 12:19:00,COMPLETED,341.71,COD
8557,3848,86,,2026-03-14 13:05:00,2026-03-14 13:31:00,COMPLETED,461.0,UPI
8558,1778,102,,2026-03-14 10:32:00,2026-03-14 11:05:00,COMPLETED,177.96,COD
8559,3185,32,,2026-03-14 13:43:00,2026-03-14 14:21:00,COMPLETED,552.41,CARD
8560,3976,10,,2026-03-14 14:13:00,2026-03-14 14:45:00,COMPLETED,256.3,UPI
8561,2129,76,,2026-03-14 10:47:00,2026-03-14 11:24:00,CANCELLED,333.12,CARD
8562,2781,57,,2026-03-14 15:54:00,2026-03-14 16:20:00,CANCELLED,338.81,COD
8563,3569,120,,2026-03-14 16:38:00,2026-03-14 17:16:00,COMPLETED,174.06,CARD
8564,2884,68,,2026-03-14 20:34:00,2026-03-14 20:59:00,COMPLETED,627.45,CARD
8565,1447,18,,2026-03-14 09:10:00,2026-03-14 09:36:00,CANCELLED,799.7,UPI
8566,2523,51,,2026-03-14 16:56:00,2026-03-14 17:21:00,CANCELLED,762.59,COD
8567,2975,40,,2026-03-14 09:55:00,2026-03-14 10:36:00,COMPLETED,166.59,UPI
8568,4385,7,,2026-03-14 17:58:00,2026-03-14 18:25:00,COMPLETED,435.56,CARD
8569,3998,108,,2026-03-14 11:16:00,2026-03-14 11:43:00,CANCELLED,746.39,COD
8570,3328,77,,2026-03-14 08:31:00,2026-03-14 09:05:00,COMPLETED,160.58,UPI
8571,4637,34,,2026-03-14 12:56:00,2026-03-14 13:22:00,COMPLETED,234.56,COD
8572,3749,109,,2026-03-14 15:49:00,2026-03-14 16:15:00,CANCELLED,595.29,COD
8573,4279,45,,2026-03-14 09:16:00,2026-03-14 09:41:00,CANCELLED,660.8,COD
8574,3981,67,,2026-03-14 09:30:00,2026-03-14 10:06:00,CANCELLED,507.26,COD
8575,1063,99,,2026-03-14 14:36:00,2026-03-14 15:14:00,CANCELLED,439.17,UPI
8576,2094,15,,2026-03-14 19:03:00,2026-03-14 19:31:00,CANCELLED,489.55,UPI
8577,2651,3,,2026-03-14 09:13:00,2026-03-14 09:48:00,CANCELLED,228.29,CARD
8578,2942,7,,2026-03-14 10:14:00,2026-03-14 10:53:00,COMPLETED,192.28,COD
8579,1470,14,,2026-03-14 17:12:00,2026-03-14 17:49:00,CANCELLED,229.41,COD
8580,1713,111,,2026-03-14 20:06:00,2026-03-14 20:44:00,CANCELLED,699.95,UPI
8581,3524,25,,2026-03-14 11:32:00,2026-03-14 12:08:00,CANCELLED,222.71,UPI
8582,4510,54,,2026-03-14 09:47:00,2026-03-14 10:32:00,CANCELLED,156.77,UPI
8583,1765,41,,2026-03-14 19:54:00,2026-03-14 20:34:00,CANCELLED,290.04,CARD
8584,1819,64,,2026-03-14 08:36:00,2026-03-14 09:16:00,COMPLETED,271.48,COD
8585,2318,94,,2026-03-14 15:29:00,2026-03-14 15:58:00,COMPLETED,504.73,UPI
8586,2231,119,,2026-03-14 13:28:00,2026-03-14 13:58:00,COMPLETED,506.72,UPI
8587,4029,79,,2026-03-14 20:16:00,2026-03-14 20:42:00,CANCELLED,588.26,COD
8588,4328,31,,2026-03-14 13:25:00,2026-03-14 13:57:00,CANCELLED,175.33,CARD
8589,4012,84,,2026-03-14 08:15:00,2026-03-14 08:58:00,COMPLETED,658.39,CARD
8590,4164,8,,2026-03-14 09:40:00,2026-03-14 10:13:00,COMPLETED,677.37,CARD
8591,1468,22,,2026-03-14 19:39:00,2026-03-14 20:20:00,CANCELLED,761.97,COD
8592,1555,85,,2026-03-14 21:30:00,2026-03-14 22:13:00,COMPLETED,485.63,UPI
8593,4002,10,,2026-03-14 22:38:00,2026-03-14 23:12:00,CANCELLED,611.49,UPI
8594,4278,46,,2026-03-14 18:37:00,2026-03-14 19:06:00,CANCELLED,563.35,UPI
8595,4362,6,,2026-03-14 20:04:00,2026-03-14 20:39:00,COMPLETED,413.36,UPI
8596,2962,32,,2026-03-14 19:00:00,2026-03-14 19:30:00,CANCELLED,556.48,UPI
8597,4662,36,,2026-03-14 22:20:00,2026-03-14 22:58:00,COMPLETED,721.17,COD
8598,4900,99,,2026-03-14 13:42:00,2026-03-14 14:09:00,COMPLETED,517.59,CARD
8599,1607,105,,2026-03-14 10:18:00,2026-03-14 10:57:00,CANCELLED,272.87,CARD
8600,2928,64,,2026-03-14 15:16:00,2026-03-14 15:56:00,COMPLETED,581.09,UPI
8601,1272,2,,2026-03-14 15:49:00,2026-03-14 16:30:00,CANCELLED,151.98,CARD
8602,4934,7,,2026-03-14 10:17:00,2026-03-14 10:50:00,COMPLETED,561.48,COD
8603,1782,96,,2026-03-14 20:13:00,2026-03-14 20:45:00,COMPLETED,795.69,UPI
8604,1224,72,,2026-03-14 17:50:00,2026-03-14 18:20:00,COMPLETED,586.69,UPI
8605,4394,91,,2026-03-14 14:34:00,2026-03-14 15:01:00,CANCELLED,567.91,COD
8606,4384,118,,2026-03-14 09:24:00,2026-03-14 10:03:00,COMPLETED,533.26,UPI
8607,3782,18,,2026-03-14 20:31:00,2026-03-14 20:59:00,CANCELLED,568.87,UPI
8608,4752,111,,2026-03-14 08:59:00,2026-03-14 09:41:00,CANCELLED,768.22,UPI
8609,1358,109,,2026-03-14 21:14:00,2026-03-14 21:42:00,COMPLETED,510.54,COD
8610,3559,4,,2026-03-14 19:29:00,2026-03-14 20:01:00,COMPLETED,577.89,CARD
8611,4678,62,,2026-03-14 16:08:00,2026-03-14 16:45:00,COMPLETED,642.32,COD
8612,2709,30,,2026-03-14 21:13:00,2026-03-14 21:54:00,COMPLETED,292.05,CARD
8613,4973,45,,2026-03-14 18:09:00,2026-03-14 18:54:00,COMPLETED,404.23,CARD
8614,3020,55,,2026-03-14 14:54:00,2026-03-14 15:39:00,COMPLETED,664.83,UPI
8615,3155,83,,2026-03-14 14:02:00,2026-03-14 14:27:00,COMPLETED,571.59,UPI
8616,3780,78,,2026-03-14 22:11:00,2026-03-14 22:37:00,COMPLETED,506.46,COD
8617,3547,24,,2026-03-14 15:06:00,2026-03-14 15:51:00,CANCELLED,181.17,CARD
8618,4397,5,,2026-03-14 18:04:00,2026-03-14 18:45:00,CANCELLED,789.3,UPI
8619,2276,103,,2026-03-14 15:21:00,2026-03-14 15:55:00,COMPLETED,530.28,CARD
8620,4457,17,,2026-03-14 12:54:00,2026-03-14 13:21:00,CANCELLED,287.27,COD
8621,2522,2,,2026-03-14 14:41:00,2026-03-14 15:07:00,COMPLETED,537.55,CARD
8622,2803,52,,2026-03-14 18:24:00,2026-03-14 18:50:00,COMPLETED,527.82,CARD
8623,4039,115,,2026-03-14 16:36:00,2026-03-14 17:04:00,CANCELLED,547.34,CARD
8624,3020,67,,2026-03-14 11:35:00,2026-03-14 12:13:00,CANCELLED,546.44,COD
8625,2842,57,,2026-03-14 10:17:00,2026-03-14 10:44:00,CANCELLED,516.27,CARD
8626,4140,62,,2026-03-14 09:35:00,2026-03-14 10:03:00,CANCELLED,435.28,UPI
8627,2143,25,,2026-03-14 08:23:00,2026-03-14 08:49:00,CANCELLED,370.34,COD
8628,2361,105,,2026-03-14 20:35:00,2026-03-14 21:03:00,CANCELLED,380.37,CARD
8629,4658,23,,2026-03-14 22:40:00,2026-03-14 23:09:00,CANCELLED,184.08,CARD
8630,2612,5,,2026-03-14 12:13:00,2026-03-14 12:55:00,COMPLETED,765.44,COD
8631,3030,38,,2026-03-14 11:38:00,2026-03-14 12:16:00,CANCELLED,437.37,UPI
8632,4897,48,,2026-03-14 14:45:00,2026-03-14 15:25:00,COMPLETED,651.81,UPI
8633,2017,34,,2026-03-14 09:16:00,2026-03-14 09:51:00,CANCELLED,334.9,CARD
8634,1004,67,,2026-03-14 10:19:00,2026-03-14 10:59:00,COMPLETED,261.01,UPI
8635,4123,106,,2026-03-14 17:18:00,2026-03-14 17:44:00,COMPLETED,284.87,CARD
8636,1473,1,,2026-03-14 09:31:00,2026-03-14 09:56:00,COMPLETED,562.11,COD
8637,4469,31,,2026-03-14 16:34:00,2026-03-14 17:03:00,CANCELLED,739.31,UPI
8638,3807,79,,2026-03-14 08:09:00,2026-03-14 08:53:00,COMPLETED,524.92,UPI
8639,3190,104,,2026-03-14 16:20:00,2026-03-14 17:01:00,CANCELLED,223.95,UPI
8640,3304,3,,2026-03-14 14:48:00,2026-03-14 15:15:00,CANCELLED,722.03,UPI
8641,4669,77,,2026-03-14 13:19:00,2026-03-14 13:52:00,COMPLETED,332.45,CARD
8642,3938,10,,2026-03-14 12:55:00,2026-03-14 13:32:00,CANCELLED,773.1,COD
8643,2909,89,,2026-03-14 10:08:00,2026-03-14 10:38:00,CANCELLED,235.95,COD
8644,2100,100,,2026-03-14 08:19:00,2026-03-14 08:54:00,COMPLETED,260.09,UPI
8645,3143,84,,2026-03-15 20:43:00,2026-03-15 21:13:00,CANCELLED,703.43,UPI
8646,3395,19,,2026-03-15 14:04:00,2026-03-15 14:39:00,COMPLETED,609.74,CARD
8647,3215,65,,2026-03-15 13:24:00,2026-03-15 14:01:00,CANCELLED,737.1,CARD
8648,4480,25,,2026-03-15 17:49:00,2026-03-15 18:20:00,CANCELLED,786.5,UPI
8649,4946,9,,2026-03-15 11:14:00,2026-03-15 11:58:00,COMPLETED,264.55,CARD
8650,2805,53,,2026-03-15 13:01:00,2026-03-15 13:43:00,COMPLETED,660.18,UPI
8651,1916,94,,2026-03-15 13:10:00,2026-03-15 13:43:00,COMPLETED,585.26,UPI
8652,4158,83,,2026-03-15 11:57:00,2026-03-15 12:34:00,COMPLETED,553.31,COD
8653,2795,44,,2026-03-15 16:44:00,2026-03-15 17:19:00,COMPLETED,655.64,UPI
8654,2813,51,,2026-03-15 18:17:00,2026-03-15 18:51:00,COMPLETED,218.05,CARD
8655,2044,24,,2026-03-15 11:43:00,2026-03-15 12:28:00,COMPLETED,158.47,UPI
8656,3630,63,,2026-03-15 18:07:00,2026-03-15 18:37:00,CANCELLED,252.1,COD
8657,3967,85,,2026-03-15 13:02:00,2026-03-15 13:39:00,COMPLETED,356.27,COD
8658,3014,52,,2026-03-15 09:54:00,2026-03-15 10:32:00,COMPLETED,683.39,CARD
8659,1363,3,,2026-03-15 14:58:00,2026-03-15 15:24:00,CANCELLED,764.53,UPI
8660,3071,114,,2026-03-15 22:54:00,2026-03-15 23:29:00,CANCELLED,476.32,COD
8661,1530,95,,2026-03-15 20:02:00,2026-03-15 20:36:00,CANCELLED,700.9,UPI
8662,4094,74,,2026-03-15 17:25:00,2026-03-15 17:54:00,COMPLETED,511.91,UPI
8663,4754,6,,2026-03-15 12:16:00,2026-03-15 13:01:00,CANCELLED,619.23,CARD
8664,3823,30,,2026-03-15 13:44:00,2026-03-15 14:09:00,CANCELLED,275.87,COD
8665,2544,50,,2026-03-15 20:44:00,2026-03-15 21:17:00,COMPLETED,490.06,UPI
8666,3175,51,,2026-03-15 13:01:00,2026-03-15 13:45:00,COMPLETED,239.34,CARD
8667,1922,24,,2026-03-15 14:54:00,2026-03-15 15:29:00,COMPLETED,712.76,UPI
8668,1090,62,,2026-03-15 19:18:00,2026-03-15 19:49:00,COMPLETED,453.09,CARD
8669,3531,6,,2026-03-15 21:37:00,2026-03-15 22:05:00,CANCELLED,608.55,CARD
8670,2740,3,,2026-03-15 16:28:00,2026-03-15 17:09:00,COMPLETED,383.29,CARD
8671,4283,29,,2026-03-15 20:07:00,2026-03-15 20:52:00,COMPLETED,754.44,UPI
8672,1288,23,,2026-03-15 21:48:00,2026-03-15 22:23:00,COMPLETED,541.88,CARD
8673,2421,35,,2026-03-15 20:41:00,2026-03-15 21:14:00,COMPLETED,480.17,COD
8674,3294,67,,2026-03-15 21:17:00,2026-03-15 21:57:00,COMPLETED,347.81,UPI
8675,1592,114,,2026-03-15 20:50:00,2026-03-15 21:24:00,CANCELLED,165.36,UPI
8676,4457,18,,2026-03-15 11:47:00,2026-03-15 12:28:00,COMPLETED,683.51,CARD
8677,3663,92,,2026-03-15 14:04:00,2026-03-15 14:30:00,COMPLETED,438.13,UPI
8678,4551,43,,2026-03-15 15:37:00,2026-03-15 16:16:00,CANCELLED,150.38,UPI
8679,2983,102,,2026-03-15 11:14:00,2026-03-15 11:49:00,CANCELLED,613.44,CARD
8680,4516,58,,2026-03-15 11:45:00,2026-03-15 12:22:00,COMPLETED,291.23,UPI
8681,1740,33,,2026-03-15 09:09:00,2026-03-15 09:42:00,CANCELLED,332.55,UPI
8682,4403,56,,2026-03-15 21:02:00,2026-03-15 21:29:00,COMPLETED,247.39,UPI
8683,3903,9,,2026-03-15 15:27:00,2026-03-15 16:05:00,CANCELLED,480.4,CARD
8684,3672,31,,2026-03-15 10:40:00,2026-03-15 11:13:00,CANCELLED,346.13,UPI
8685,3160,21,,2026-03-15 09:16:00,2026-03-15 09:55:00,CANCELLED,592.77,CARD
8686,1831,8,,2026-03-15 16:27:00,2026-03-15 17:07:00,CANCELLED,194.4,UPI
8687,3017,86,,2026-03-15 08:30:00,2026-03-15 08:57:00,CANCELLED,647.83,CARD
8688,1105,115,,2026-03-15 14:26:00,2026-03-15 15:00:00,COMPLETED,189.91,CARD
8689,2341,53,,2026-03-15 18:02:00,2026-03-15 18:31:00,COMPLETED,738.2,CARD
8690,3681,118,,2026-03-15 13:37:00,2026-03-15 14:21:00,CANCELLED,688.84,UPI
8691,3563,104,,2026-03-15 16:52:00,2026-03-15 17:24:00,CANCELLED,460.43,UPI
8692,1000,18,,2026-03-15 13:36:00,2026-03-15 14:09:00,COMPLETED,343.48,UPI
8693,2159,45,,2026-03-15 21:00:00,2026-03-15 21:28:00,COMPLETED,725.87,UPI
8694,4193,17,,2026-03-15 12:39:00,2026-03-15 13:04:00,COMPLETED,421.8,UPI
8695,4160,56,,2026-03-15 21:36:00,2026-03-15 22:21:00,CANCELLED,267.55,COD
8696,2960,47,,2026-03-15 19:23:00,2026-03-15 20:00:00,CANCELLED,266.18,UPI
8697,2396,87,,2026-03-15 20:59:00,2026-03-15 21:32:00,CANCELLED,159.02,UPI
8698,4967,66,,2026-03-15 17:58:00,2026-03-15 18:43:00,COMPLETED,543.29,UPI
8699,2348,31,,2026-03-15 18:35:00,2026-03-15 19:11:00,CANCELLED,576.86,CARD
8700,3809,7,,2026-03-15 10:53:00,2026-03-15 11:23:00,CANCELLED,434.72,UPI
8701,3027,111,,2026-03-15 12:23:00,2026-03-15 12:56:00,CANCELLED,382.73,CARD
8702,3499,85,,2026-03-15 19:55:00,2026-03-15 20:26:00,COMPLETED,194.24,CARD
8703,2918,50,,2026-03-15 20:26:00,2026-03-15 21:11:00,COMPLETED,692.63,COD
8704,3094,70,,2026-03-15 12:39:00,2026-03-15 13:11:00,CANCELLED,738.06,COD
8705,2846,9,,2026-03-15 22:46:00,2026-03-15 23:27:00,CANCELLED,650.05,CARD
8706,3668,84,,2026-03-15 11:58:00,2026-03-15 12:31:00,CANCELLED,296.06,COD
8707,3539,89,,2026-03-15 22:02:00,2026-03-15 22:45:00,CANCELLED,734.08,COD
8708,2272,35,,2026-03-15 17:22:00,2026-03-15 17:57:00,COMPLETED,672.03,COD
8709,4674,99,,2026-03-15 10:39:00,2026-03-15 11:23:00,CANCELLED,683.08,CARD
8710,2235,90,,2026-03-15 21:03:00,2026-03-15 21:28:00,CANCELLED,485.12,UPI
8711,3539,92,,2026-03-15 19:59:00,2026-03-15 20:44:00,COMPLETED,500.52,UPI
8712,4638,115,,2026-03-15 14:50:00,2026-03-15 15:21:00,CANCELLED,759.76,COD
8713,2258,57,,2026-03-15 16:19:00,2026-03-15 16:49:00,CANCELLED,217.34,UPI
8714,2868,25,,2026-03-15 15:36:00,2026-03-15 16:18:00,CANCELLED,658.33,CARD
8715,4642,53,,2026-03-15 09:27:00,2026-03-15 10:02:00,COMPLETED,695.28,UPI
8716,4033,63,,2026-03-15 10:40:00,2026-03-15 11:07:00,COMPLETED,395.76,UPI
8717,1960,95,,2026-03-15 22:25:00,2026-03-15 22:52:00,CANCELLED,278.37,UPI
8718,1882,116,,2026-03-15 08:20:00,2026-03-15 09:05:00,COMPLETED,519.96,COD
8719,2701,111,,2026-03-15 14:47:00,2026-03-15 15:25:00,COMPLETED,425.73,UPI
8720,3528,93,,2026-03-15 20:44:00,2026-03-15 21:21:00,CANCELLED,461.69,UPI
8721,3057,18,,2026-03-15 10:56:00,2026-03-15 11:23:00,COMPLETED,352.81,CARD
8722,1742,17,,2026-03-15 18:44:00,2026-03-15 19:29:00,CANCELLED,471.12,CARD
8723,2802,6,,2026-03-15 17:25:00,2026-03-15 18:03:00,CANCELLED,216.63,UPI
8724,2096,67,,2026-03-15 09:34:00,2026-03-15 10:19:00,CANCELLED,449.17,COD
8725,3198,48,,2026-03-15 13:41:00,2026-03-15 14:20:00,COMPLETED,274.98,UPI
8726,3059,8,,2026-03-15 10:34:00,2026-03-15 11:18:00,COMPLETED,660.35,COD
8727,1912,100,,2026-03-15 12:59:00,2026-03-15 13:26:00,CANCELLED,305.46,UPI
8728,2171,62,,2026-03-15 12:35:00,2026-03-15 13:04:00,COMPLETED,776.65,UPI
8729,3121,24,,2026-03-15 22:56:00,2026-03-15 23:31:00,COMPLETED,766.61,CARD
8730,2364,11,,2026-03-15 09:55:00,2026-03-15 10:38:00,CANCELLED,209.85,CARD
8731,4370,4,,2026-03-15 08:01:00,2026-03-15 08:40:00,CANCELLED,446.54,CARD
8732,1808,106,,2026-03-15 15:17:00,2026-03-15 16:01:00,COMPLETED,286.2,UPI
8733,2280,32,,2026-03-15 22:44:00,2026-03-15 23:18:00,COMPLETED,275.56,UPI
8734,2320,2,,2026-03-15 10:45:00,2026-03-15 11:21:00,COMPLETED,774.65,COD
8735,4339,94,,2026-03-15 12:08:00,2026-03-15 12:38:00,COMPLETED,171.49,COD
8736,3859,52,,2026-03-15 13:45:00,2026-03-15 14:19:00,CANCELLED,362.88,CARD
8737,3372,76,,2026-03-15 09:10:00,2026-03-15 09:44:00,CANCELLED,701.9,UPI
8738,1952,13,,2026-03-15 16:02:00,2026-03-15 16:28:00,CANCELLED,151.21,UPI
8739,2514,71,,2026-03-15 17:05:00,2026-03-15 17:34:00,COMPLETED,271.3,COD
8740,2350,40,,2026-03-15 12:32:00,2026-03-15 13:03:00,CANCELLED,402.43,COD
8741,4583,61,,2026-03-15 21:24:00,2026-03-15 22:01:00,COMPLETED,434.02,UPI
8742,3591,110,,2026-03-15 12:00:00,2026-03-15 12:38:00,CANCELLED,788.93,UPI
8743,4677,75,,2026-03-15 20:16:00,2026-03-15 20:50:00,COMPLETED,169.73,UPI
8744,4211,53,,2026-03-15 11:18:00,2026-03-15 11:47:00,CANCELLED,644.88,CARD
8745,1111,49,,2026-03-15 10:22:00,2026-03-15 11:07:00,COMPLETED,328.59,CARD
8746,3523,79,,2026-03-15 13:01:00,2026-03-15 13:30:00,COMPLETED,641.63,COD
8747,2090,58,,2026-03-15 18:28:00,2026-03-15 18:58:00,CANCELLED,772.06,CARD
8748,2397,7,,2026-03-15 20:59:00,2026-03-15 21:44:00,CANCELLED,541.33,UPI
8749,1244,74,,2026-03-15 17:14:00,2026-03-15 17:44:00,COMPLETED,476.72,COD
8750,1386,18,,2026-03-15 22:55:00,2026-03-15 23:23:00,COMPLETED,290.09,COD
8751,3519,65,,2026-03-15 20:20:00,2026-03-15 21:03:00,COMPLETED,531.89,CARD
8752,1429,48,,2026-03-15 22:14:00,2026-03-15 22:40:00,COMPLETED,657.65,CARD
8753,2431,39,,2026-03-15 14:16:00,2026-03-15 15:00:00,CANCELLED,789.77,COD
8754,4080,8,,2026-03-15 15:25:00,2026-03-15 16:07:00,CANCELLED,483.36,COD
8755,3979,110,,2026-03-15 08:39:00,2026-03-15 09:13:00,COMPLETED,153.99,UPI
8756,4564,54,,2026-03-15 19:38:00,2026-03-15 20:11:00,COMPLETED,201.51,CARD
8757,1485,105,,2026-03-15 21:07:00,2026-03-15 21:38:00,CANCELLED,287.3,COD
8758,4750,46,,2026-03-15 15:06:00,2026-03-15 15:31:00,CANCELLED,320.29,COD
8759,1490,117,,2026-03-15 09:44:00,2026-03-15 10:12:00,CANCELLED,322.94,UPI
8760,4027,84,,2026-03-15 18:34:00,2026-03-15 19:19:00,COMPLETED,525.65,CARD
8761,4012,14,,2026-03-15 16:05:00,2026-03-15 16:49:00,CANCELLED,697.59,CARD
8762,3466,111,,2026-03-15 21:38:00,2026-03-15 22:04:00,COMPLETED,302.71,UPI
8763,3635,54,,2026-03-15 09:07:00,2026-03-15 09:47:00,CANCELLED,770.27,CARD
8764,4722,108,,2026-03-15 10:11:00,2026-03-15 10:36:00,CANCELLED,785.88,UPI
8765,1835,101,,2026-03-15 17:15:00,2026-03-15 18:00:00,CANCELLED,166.29,CARD
8766,2722,106,,2026-03-15 08:27:00,2026-03-15 08:54:00,COMPLETED,219.82,COD
8767,4038,54,,2026-03-16 22:03:00,2026-03-16 22:34:00,COMPLETED,555.64,UPI
8768,2226,47,,2026-03-16 11:35:00,2026-03-16 12:19:00,COMPLETED,575.89,CARD
8769,1516,8,,2026-03-16 16:24:00,2026-03-16 16:55:00,COMPLETED,702.66,UPI
8770,2522,26,,2026-03-16 08:34:00,2026-03-16 09:02:00,CANCELLED,280.95,CARD
8771,2469,29,,2026-03-16 21:30:00,2026-03-16 21:55:00,COMPLETED,666.35,UPI
8772,4797,40,,2026-03-16 15:22:00,2026-03-16 15:52:00,COMPLETED,711.7,UPI
8773,1176,34,,2026-03-16 18:10:00,2026-03-16 18:50:00,CANCELLED,329.58,CARD
8774,2459,13,,2026-03-16 13:38:00,2026-03-16 14:13:00,CANCELLED,520.61,COD
8775,1129,108,,2026-03-16 10:46:00,2026-03-16 11:20:00,CANCELLED,729.97,CARD
8776,1408,11,,2026-03-16 15:41:00,2026-03-16 16:15:00,COMPLETED,390.24,CARD
8777,1006,31,,2026-03-16 09:40:00,2026-03-16 10:25:00,COMPLETED,600.85,UPI
8778,3814,4,,2026-03-16 16:29:00,2026-03-16 17:08:00,CANCELLED,250.86,CARD
8779,3770,65,,2026-03-16 22:12:00,2026-03-16 22:47:00,CANCELLED,494.92,CARD
8780,3846,25,,2026-03-16 08:43:00,2026-03-16 09:16:00,CANCELLED,243.86,COD
8781,3772,85,,2026-03-16 08:33:00,2026-03-16 09:14:00,COMPLETED,362.27,CARD
8782,2328,62,,2026-03-16 22:08:00,2026-03-16 22:53:00,COMPLETED,545.68,CARD
8783,2958,4,,2026-03-16 08:46:00,2026-03-16 09:17:00,COMPLETED,443.93,COD
8784,1628,7,,2026-03-16 20:49:00,2026-03-16 21:16:00,CANCELLED,778.66,CARD
8785,3631,89,,2026-03-16 14:59:00,2026-03-16 15:42:00,CANCELLED,487.59,COD
8786,2871,33,,2026-03-16 19:48:00,2026-03-16 20:14:00,CANCELLED,765.78,COD
8787,2049,3,,2026-03-16 21:43:00,2026-03-16 22:14:00,CANCELLED,599.38,COD
8788,2308,8,,2026-03-16 12:40:00,2026-03-16 13:05:00,COMPLETED,509.81,COD
8789,1307,64,,2026-03-16 20:07:00,2026-03-16 20:44:00,COMPLETED,151.53,UPI
8790,2246,94,,2026-03-16 16:47:00,2026-03-16 17:23:00,COMPLETED,620.43,CARD
8791,3725,33,,2026-03-16 10:18:00,2026-03-16 10:49:00,COMPLETED,155.46,CARD
8792,3778,42,,2026-03-16 17:56:00,2026-03-16 18:30:00,COMPLETED,356.91,COD
8793,2577,19,,2026-03-16 19:56:00,2026-03-16 20:39:00,CANCELLED,697.21,UPI
8794,2101,13,,2026-03-16 09:20:00,2026-03-16 09:53:00,COMPLETED,581.06,CARD
8795,3220,58,,2026-03-16 21:01:00,2026-03-16 21:44:00,COMPLETED,190.73,COD
8796,3708,17,,2026-03-16 18:26:00,2026-03-16 18:57:00,COMPLETED,366.66,CARD
8797,3032,104,,2026-03-16 12:21:00,2026-03-16 12:49:00,CANCELLED,221.23,COD
8798,3109,30,,2026-03-16 22:31:00,2026-03-16 23:05:00,COMPLETED,312.82,CARD
8799,2663,96,,2026-03-16 08:38:00,2026-03-16 09:22:00,CANCELLED,753.25,COD
8800,4331,10,,2026-03-16 19:33:00,2026-03-16 20:11:00,COMPLETED,230.24,UPI
8801,2222,67,,2026-03-16 20:11:00,2026-03-16 20:54:00,COMPLETED,745.96,CARD
8802,1315,9,,2026-03-16 09:01:00,2026-03-16 09:26:00,COMPLETED,611.25,COD
8803,1502,54,,2026-03-16 19:52:00,2026-03-16 20:17:00,CANCELLED,526.81,UPI
8804,3562,50,,2026-03-16 13:45:00,2026-03-16 14:21:00,CANCELLED,738.69,COD
8805,3977,83,,2026-03-16 11:46:00,2026-03-16 12:28:00,COMPLETED,402.35,UPI
8806,1986,40,,2026-03-16 09:41:00,2026-03-16 10:15:00,CANCELLED,405.5,COD
8807,1092,96,,2026-03-16 10:59:00,2026-03-16 11:40:00,CANCELLED,321.5,CARD
8808,2285,26,,2026-03-16 18:58:00,2026-03-16 19:24:00,COMPLETED,372.78,CARD
8809,3518,98,,2026-03-16 14:16:00,2026-03-16 14:41:00,CANCELLED,255.18,CARD
8810,3225,30,,2026-03-16 09:10:00,2026-03-16 09:48:00,CANCELLED,249.06,UPI
8811,1351,4,,2026-03-16 16:23:00,2026-03-16 16:53:00,CANCELLED,270.27,UPI
8812,4410,48,,2026-03-16 10:05:00,2026-03-16 10:31:00,COMPLETED,745.63,UPI
8813,4707,112,,2026-03-16 20:38:00,2026-03-16 21:17:00,COMPLETED,392.53,UPI
8814,2277,76,,2026-03-16 09:33:00,2026-03-16 10:15:00,CANCELLED,616.82,UPI
8815,2737,33,,2026-03-16 10:51:00,2026-03-16 11:35:00,COMPLETED,557.5,COD
8816,2982,26,,2026-03-16 10:21:00,2026-03-16 10:49:00,COMPLETED,508.6,COD
8817,2964,119,,2026-03-16 12:30:00,2026-03-16 13:11:00,COMPLETED,518.24,COD
8818,1092,115,,2026-03-16 19:19:00,2026-03-16 19:49:00,COMPLETED,551.19,CARD
8819,2572,41,,2026-03-16 15:49:00,2026-03-16 16:19:00,COMPLETED,574.95,COD
8820,1596,5,,2026-03-16 20:16:00,2026-03-16 20:49:00,CANCELLED,556.33,UPI
8821,2000,14,,2026-03-16 16:48:00,2026-03-16 17:16:00,CANCELLED,385.88,UPI
8822,1930,8,,2026-03-16 10:20:00,2026-03-16 10:56:00,COMPLETED,189.3,COD
8823,1899,3,,2026-03-16 12:47:00,2026-03-16 13:14:00,COMPLETED,225.12,COD
8824,2737,39,,2026-03-16 09:07:00,2026-03-16 09:41:00,CANCELLED,270.19,UPI
8825,3630,62,,2026-03-16 12:14:00,2026-03-16 12:53:00,COMPLETED,776.94,UPI
8826,1565,95,,2026-03-16 13:43:00,2026-03-16 14:27:00,COMPLETED,729.52,UPI
8827,2750,7,,2026-03-16 08:24:00,2026-03-16 08:53:00,CANCELLED,516.19,UPI
8828,2937,79,,2026-03-16 18:37:00,2026-03-16 19:22:00,CANCELLED,602.29,UPI
8829,2786,83,,2026-03-16 14:52:00,2026-03-16 15:35:00,CANCELLED,200.61,COD
8830,4498,58,,2026-03-16 13:56:00,2026-03-16 14:21:00,CANCELLED,661.07,CARD
8831,2850,22,,2026-03-16 18:37:00,2026-03-16 19:14:00,CANCELLED,609.26,COD
8832,2682,65,,2026-03-16 11:42:00,2026-03-16 12:25:00,COMPLETED,764.62,UPI
8833,3522,111,,2026-03-16 09:55:00,2026-03-16 10:23:00,CANCELLED,474.42,COD
8834,3600,24,,2026-03-16 19:13:00,2026-03-16 19:49:00,COMPLETED,179.56,COD
8835,4336,104,,2026-03-16 10:27:00,2026-03-16 11:07:00,COMPLETED,625.94,COD
8836,4817,73,,2026-03-16 10:11:00,2026-03-16 10:47:00,COMPLETED,303.06,CARD
8837,4129,71,,2026-03-16 10:21:00,2026-03-16 10:52:00,COMPLETED,675.33,COD
8838,2664,115,,2026-03-16 11:37:00,2026-03-16 12:05:00,COMPLETED,430.4,UPI
8839,4603,86,,2026-03-16 20:36:00,2026-03-16 21:20:00,CANCELLED,349.81,UPI
8840,3384,63,,2026-03-16 22:58:00,2026-03-16 23:36:00,COMPLETED,467.03,COD
8841,4305,92,,2026-03-16 18:18:00,2026-03-16 18:59:00,CANCELLED,733.39,COD
8842,3023,70,,2026-03-16 10:00:00,2026-03-16 10:36:00,CANCELLED,233.45,CARD
8843,3026,16,,2026-03-16 09:01:00,2026-03-16 09:32:00,CANCELLED,570.67,CARD
8844,1744,52,,2026-03-16 14:50:00,2026-03-16 15:15:00,CANCELLED,234.65,UPI
8845,3965,108,,2026-03-16 22:50:00,2026-03-16 23:20:00,CANCELLED,370.3,CARD
8846,3913,49,,2026-03-16 17:10:00,2026-03-16 17:44:00,COMPLETED,439.89,UPI
8847,3258,64,,2026-03-16 15:52:00,2026-03-16 16:37:00,CANCELLED,711.8,CARD
8848,2462,83,,2026-03-16 19:26:00,2026-03-16 19:51:00,CANCELLED,557.6,COD
8849,3165,34,,2026-03-16 21:58:00,2026-03-16 22:38:00,CANCELLED,331.41,COD
8850,4380,34,,2026-03-16 10:39:00,2026-03-16 11:19:00,CANCELLED,260.49,UPI
8851,3488,106,,2026-03-16 11:56:00,2026-03-16 12:35:00,COMPLETED,413.91,UPI
8852,2267,69,,2026-03-16 08:53:00,2026-03-16 09:27:00,CANCELLED,660.78,CARD
8853,1489,69,,2026-03-16 15:49:00,2026-03-16 16:17:00,COMPLETED,414.63,CARD
8854,3936,57,,2026-03-16 10:52:00,2026-03-16 11:32:00,COMPLETED,342.3,UPI
8855,3408,54,,2026-03-16 15:54:00,2026-03-16 16:28:00,CANCELLED,782.05,CARD
8856,3868,17,,2026-03-16 12:58:00,2026-03-16 13:34:00,CANCELLED,732.39,CARD
8857,3596,82,,2026-03-16 12:08:00,2026-03-16 12:53:00,COMPLETED,566.38,CARD
8858,2701,64,,2026-03-16 09:47:00,2026-03-16 10:22:00,CANCELLED,705.73,COD
8859,4240,43,,2026-03-16 21:59:00,2026-03-16 22:30:00,CANCELLED,558.12,CARD
8860,3711,57,,2026-03-16 14:00:00,2026-03-16 14:35:00,CANCELLED,563.9,COD
8861,3462,101,,2026-03-16 20:21:00,2026-03-16 21:00:00,COMPLETED,459.52,UPI
8862,4409,40,,2026-03-16 18:57:00,2026-03-16 19:23:00,CANCELLED,369.3,COD
8863,1291,63,,2026-03-16 08:27:00,2026-03-16 08:52:00,COMPLETED,217.52,UPI
8864,2928,23,,2026-03-16 09:46:00,2026-03-16 10:15:00,CANCELLED,532.04,COD
8865,3353,81,,2026-03-16 18:53:00,2026-03-16 19:23:00,CANCELLED,398.23,CARD
8866,1214,47,,2026-03-16 10:10:00,2026-03-16 10:43:00,CANCELLED,372.25,CARD
8867,2337,109,,2026-03-16 18:41:00,2026-03-16 19:11:00,COMPLETED,473.74,UPI
8868,2454,56,,2026-03-16 18:49:00,2026-03-16 19:31:00,CANCELLED,251.41,CARD
8869,4737,20,,2026-03-16 14:53:00,2026-03-16 15:27:00,CANCELLED,290.42,UPI
8870,4049,18,,2026-03-16 10:38:00,2026-03-16 11:19:00,COMPLETED,165.39,COD
8871,1298,1,,2026-03-16 08:52:00,2026-03-16 09:25:00,CANCELLED,340.17,CARD
8872,2874,21,,2026-03-16 14:55:00,2026-03-16 15:21:00,CANCELLED,371.3,CARD
8873,3966,36,,2026-03-16 09:03:00,2026-03-16 09:31:00,CANCELLED,422.59,CARD
8874,4893,30,,2026-03-16 15:01:00,2026-03-16 15:40:00,CANCELLED,260.66,COD
8875,1977,21,,2026-03-16 08:56:00,2026-03-16 09:39:00,COMPLETED,627.6,UPI
8876,1799,102,,2026-03-16 14:39:00,2026-03-16 15:23:00,COMPLETED,188.49,CARD
8877,3983,45,,2026-03-16 08:01:00,2026-03-16 08:39:00,COMPLETED,408.02,CARD
8878,1464,87,,2026-03-16 14:37:00,2026-03-16 15:22:00,CANCELLED,744.93,CARD
8879,3742,45,,2026-03-16 12:19:00,2026-03-16 12:52:00,COMPLETED,291.32,UPI
8880,1295,14,,2026-03-16 17:54:00,2026-03-16 18:27:00,COMPLETED,670.25,CARD
8881,3202,73,,2026-03-16 10:54:00,2026-03-16 11:20:00,CANCELLED,469.59,CARD
8882,1239,102,,2026-03-16 08:34:00,2026-03-16 09:08:00,CANCELLED,243.46,COD
8883,1490,90,,2026-03-16 09:38:00,2026-03-16 10:14:00,CANCELLED,354.78,CARD
8884,3417,102,,2026-03-16 14:25:00,2026-03-16 15:05:00,COMPLETED,728.87,UPI
8885,3142,56,,2026-03-16 08:28:00,2026-03-16 09:03:00,CANCELLED,302.33,UPI
8886,2107,116,,2026-03-16 19:35:00,2026-03-16 20:06:00,COMPLETED,266.67,UPI
8887,4694,37,,2026-03-16 22:06:00,2026-03-16 22:32:00,COMPLETED,201.14,CARD
8888,2873,22,,2026-03-16 08:46:00,2026-03-16 09:25:00,COMPLETED,243.22,UPI
8889,4814,77,,2026-03-16 12:19:00,2026-03-16 13:03:00,CANCELLED,743.15,CARD
8890,2993,120,,2026-03-16 11:17:00,2026-03-16 11:54:00,CANCELLED,256.86,CARD
8891,1336,63,,2026-03-16 14:47:00,2026-03-16 15:13:00,CANCELLED,789.91,CARD
8892,3734,111,,2026-03-16 18:56:00,2026-03-16 19:36:00,CANCELLED,771.02,CARD
8893,1234,16,,2026-03-16 21:01:00,2026-03-16 21:42:00,COMPLETED,191.43,COD
8894,2433,23,,2026-03-16 08:33:00,2026-03-16 09:18:00,COMPLETED,764.24,CARD
8895,4784,22,,2026-03-16 11:47:00,2026-03-16 12:23:00,COMPLETED,286.74,UPI
8896,2104,37,,2026-03-16 13:43:00,2026-03-16 14:09:00,COMPLETED,408.4,COD
8897,2081,36,,2026-03-16 18:44:00,2026-03-16 19:14:00,CANCELLED,506.78,UPI
8898,4457,15,,2026-03-16 08:35:00,2026-03-16 09:08:00,COMPLETED,421.78,UPI
8899,2330,81,,2026-03-16 20:21:00,2026-03-16 20:57:00,CANCELLED,234.37,CARD
8900,3697,76,,2026-03-16 12:13:00,2026-03-16 12:44:00,CANCELLED,186.2,COD
8901,1317,95,,2026-03-16 13:04:00,2026-03-16 13:41:00,CANCELLED,548.23,CARD
8902,2277,61,,2026-03-16 20:56:00,2026-03-16 21:22:00,CANCELLED,197.36,COD
8903,3711,98,,2026-03-16 18:25:00,2026-03-16 19:03:00,CANCELLED,321.3,COD
8904,4103,102,,2026-03-16 18:01:00,2026-03-16 18:27:00,CANCELLED,278.97,UPI
8905,1683,80,,2026-03-16 22:47:00,2026-03-16 23:13:00,CANCELLED,447.96,COD
8906,1842,42,,2026-03-16 13:38:00,2026-03-16 14:03:00,CANCELLED,656.04,COD
8907,4348,24,,2026-03-16 12:03:00,2026-03-16 12:42:00,CANCELLED,408.04,UPI
8908,4311,51,,2026-03-16 21:10:00,2026-03-16 21:45:00,COMPLETED,341.17,UPI
8909,1348,75,,2026-03-16 22:53:00,2026-03-16 23:20:00,COMPLETED,742.42,UPI
8910,3998,31,,2026-03-16 20:50:00,2026-03-16 21:27:00,COMPLETED,709.96,CARD
8911,3478,10,,2026-03-16 14:53:00,2026-03-16 15:33:00,COMPLETED,200.01,UPI
8912,1467,24,,2026-03-16 16:40:00,2026-03-16 17:15:00,CANCELLED,541.81,COD
8913,1731,102,,2026-03-16 19:37:00,2026-03-16 20:16:00,COMPLETED,413.52,UPI
8914,1535,113,,2026-03-16 10:22:00,2026-03-16 10:51:00,COMPLETED,750.63,COD
8915,1289,71,,2026-03-16 17:19:00,2026-03-16 17:52:00,CANCELLED,364.73,UPI
8916,3006,52,,2026-03-16 14:39:00,2026-03-16 15:06:00,CANCELLED,591.76,COD
8917,4534,117,,2026-03-16 10:43:00,2026-03-16 11:16:00,CANCELLED,696.42,CARD
8918,2785,56,,2026-03-16 22:43:00,2026-03-16 23:15:00,COMPLETED,474.77,CARD
8919,3715,37,,2026-03-16 11:41:00,2026-03-16 12:13:00,COMPLETED,483.95,CARD
8920,2932,66,,2026-03-16 21:53:00,2026-03-16 22:24:00,COMPLETED,405.04,CARD
8921,4412,82,,2026-03-16 09:55:00,2026-03-16 10:31:00,COMPLETED,703.73,UPI
8922,2566,83,,2026-03-16 16:54:00,2026-03-16 17:31:00,COMPLETED,502.36,COD
8923,2512,54,,2026-03-16 16:12:00,2026-03-16 16:55:00,CANCELLED,305.08,COD
8924,4324,19,,2026-03-16 08:50:00,2026-03-16 09:20:00,CANCELLED,799.2,COD
8925,3834,53,,2026-03-16 18:30:00,2026-03-16 19:01:00,COMPLETED,332.59,COD
8926,3295,5,,2026-03-16 18:33:00,2026-03-16 19:02:00,COMPLETED,731.61,UPI
8927,2084,19,,2026-03-16 21:40:00,2026-03-16 22:07:00,COMPLETED,290.35,UPI
8928,4375,23,,2026-03-16 12:55:00,2026-03-16 13:34:00,CANCELLED,688.09,COD
8929,3584,19,,2026-03-16 17:52:00,2026-03-16 18:22:00,CANCELLED,793.08,CARD
8930,4580,74,,2026-03-17 18:37:00,2026-03-17 19:10:00,CANCELLED,319.02,UPI
8931,4036,113,,2026-03-17 22:02:00,2026-03-17 22:40:00,COMPLETED,546.98,CARD
8932,4849,51,,2026-03-17 20:26:00,2026-03-17 20:58:00,COMPLETED,241.85,UPI
8933,1712,103,,2026-03-17 08:30:00,2026-03-17 09:10:00,COMPLETED,658.29,CARD
8934,3505,65,,2026-03-17 22:08:00,2026-03-17 22:44:00,COMPLETED,559.91,CARD
8935,3722,65,,2026-03-17 15:06:00,2026-03-17 15:33:00,COMPLETED,533.19,CARD
8936,3456,69,,2026-03-17 21:58:00,2026-03-17 22:23:00,COMPLETED,320.8,CARD
8937,2613,93,,2026-03-17 11:32:00,2026-03-17 12:04:00,COMPLETED,434.43,UPI
8938,2348,107,,2026-03-17 21:16:00,2026-03-17 21:50:00,COMPLETED,270.69,UPI
8939,1557,50,,2026-03-17 18:16:00,2026-03-17 18:49:00,CANCELLED,301.17,COD
8940,1735,24,,2026-03-17 19:46:00,2026-03-17 20:26:00,COMPLETED,216.24,UPI
8941,1598,41,,2026-03-17 13:56:00,2026-03-17 14:28:00,COMPLETED,655.14,UPI
8942,1768,100,,2026-03-17 18:33:00,2026-03-17 19:16:00,COMPLETED,518.35,UPI
8943,1395,11,,2026-03-17 12:19:00,2026-03-17 12:55:00,CANCELLED,369.86,CARD
8944,2728,1,,2026-03-17 21:19:00,2026-03-17 21:46:00,CANCELLED,262.77,UPI
8945,4208,42,,2026-03-17 22:13:00,2026-03-17 22:56:00,COMPLETED,296.08,CARD
8946,4331,93,,2026-03-17 15:15:00,2026-03-17 15:53:00,COMPLETED,767.07,UPI
8947,2325,109,,2026-03-17 22:07:00,2026-03-17 22:46:00,COMPLETED,566.92,UPI
8948,4714,62,,2026-03-17 14:44:00,2026-03-17 15:18:00,COMPLETED,784.51,COD
8949,1869,117,,2026-03-17 16:44:00,2026-03-17 17:11:00,COMPLETED,577.93,UPI
8950,4018,74,,2026-03-17 10:38:00,2026-03-17 11:09:00,COMPLETED,528.92,COD
8951,4986,52,,2026-03-17 17:10:00,2026-03-17 17:43:00,CANCELLED,752.18,COD
8952,4839,28,,2026-03-17 21:13:00,2026-03-17 21:51:00,CANCELLED,527.19,CARD
8953,2393,116,,2026-03-17 22:38:00,2026-03-17 23:19:00,COMPLETED,780.46,UPI
8954,3657,112,,2026-03-17 20:35:00,2026-03-17 21:13:00,CANCELLED,380.88,CARD
8955,1308,77,,2026-03-17 20:50:00,2026-03-17 21:33:00,CANCELLED,798.82,UPI
8956,2662,8,,2026-03-17 17:59:00,2026-03-17 18:38:00,COMPLETED,239.64,UPI
8957,3343,91,,2026-03-17 12:41:00,2026-03-17 13:15:00,CANCELLED,596.08,UPI
8958,3730,1,,2026-03-17 12:00:00,2026-03-17 12:39:00,CANCELLED,278.12,CARD
8959,2215,78,,2026-03-17 12:17:00,2026-03-17 12:46:00,COMPLETED,703.52,COD
8960,1490,64,,2026-03-17 15:20:00,2026-03-17 15:51:00,CANCELLED,455.09,UPI
8961,1605,24,,2026-03-17 20:05:00,2026-03-17 20:38:00,COMPLETED,214.2,COD
8962,1537,83,,2026-03-17 19:36:00,2026-03-17 20:10:00,COMPLETED,676.55,CARD
8963,1785,66,,2026-03-17 22:21:00,2026-03-17 23:01:00,COMPLETED,584.3,CARD
8964,4755,30,,2026-03-17 17:50:00,2026-03-17 18:15:00,CANCELLED,438.44,COD
8965,1413,5,,2026-03-17 15:44:00,2026-03-17 16:19:00,COMPLETED,534.1,UPI
8966,3984,72,,2026-03-17 17:13:00,2026-03-17 17:45:00,CANCELLED,159.58,CARD
8967,1689,61,,2026-03-17 11:30:00,2026-03-17 12:02:00,COMPLETED,165.86,UPI
8968,1358,28,,2026-03-17 11:32:00,2026-03-17 12:07:00,CANCELLED,572.62,CARD
8969,1922,9,,2026-03-17 11:26:00,2026-03-17 12:00:00,CANCELLED,775.97,CARD
8970,4957,9,,2026-03-17 19:29:00,2026-03-17 20:14:00,CANCELLED,299.65,COD
8971,2069,58,,2026-03-17 20:57:00,2026-03-17 21:33:00,COMPLETED,606.02,UPI
8972,1995,120,,2026-03-17 22:46:00,2026-03-17 23:17:00,COMPLETED,360.37,COD
8973,3230,74,,2026-03-17 16:16:00,2026-03-17 16:54:00,COMPLETED,598.07,COD
8974,4780,70,,2026-03-17 08:33:00,2026-03-17 09:10:00,COMPLETED,520.25,CARD
8975,2396,99,,2026-03-17 18:06:00,2026-03-17 18:39:00,COMPLETED,262.92,CARD
8976,2887,16,,2026-03-17 13:10:00,2026-03-17 13:46:00,CANCELLED,522.39,CARD
8977,3718,83,,2026-03-17 09:42:00,2026-03-17 10:25:00,COMPLETED,427.69,COD
8978,3444,78,,2026-03-17 14:18:00,2026-03-17 14:52:00,COMPLETED,219.41,UPI
8979,3988,54,,2026-03-17 13:29:00,2026-03-17 14:01:00,CANCELLED,214.88,COD
8980,1454,101,,2026-03-17 16:49:00,2026-03-17 17:27:00,COMPLETED,419.28,CARD
8981,1334,56,,2026-03-17 12:57:00,2026-03-17 13:34:00,COMPLETED,429.08,COD
8982,1987,29,,2026-03-17 13:26:00,2026-03-17 13:59:00,CANCELLED,593.27,UPI
8983,2566,61,,2026-03-17 20:50:00,2026-03-17 21:22:00,COMPLETED,232.58,CARD
8984,1016,54,,2026-03-17 12:25:00,2026-03-17 13:05:00,CANCELLED,776.12,COD
8985,2857,102,,2026-03-17 10:58:00,2026-03-17 11:26:00,CANCELLED,706.57,CARD
8986,3546,99,,2026-03-17 19:43:00,2026-03-17 20:20:00,CANCELLED,241.28,CARD
8987,1576,110,,2026-03-17 15:16:00,2026-03-17 15:55:00,COMPLETED,327.35,CARD
8988,3510,26,,2026-03-17 15:20:00,2026-03-17 15:50:00,COMPLETED,550.31,COD
8989,4640,57,,2026-03-17 19:00:00,2026-03-17 19:37:00,CANCELLED,353.79,CARD
8990,3827,34,,2026-03-17 17:31:00,2026-03-17 18:08:00,CANCELLED,776.97,COD
8991,3488,106,,2026-03-17 21:17:00,2026-03-17 21:45:00,COMPLETED,564.82,UPI
8992,2855,43,,2026-03-17 12:12:00,2026-03-17 12:40:00,CANCELLED,669.52,UPI
8993,2779,15,,2026-03-17 14:40:00,2026-03-17 15:08:00,CANCELLED,608.9,CARD
8994,1200,30,,2026-03-17 22:25:00,2026-03-17 22:58:00,CANCELLED,231.71,UPI
8995,2152,45,,2026-03-17 16:08:00,2026-03-17 16:43:00,CANCELLED,421.81,CARD
8996,3383,38,,2026-03-17 18:47:00,2026-03-17 19:13:00,COMPLETED,317.7,UPI
8997,3525,46,,2026-03-17 19:15:00,2026-03-17 19:41:00,CANCELLED,277.8,CARD
8998,1893,66,,2026-03-17 20:28:00,2026-03-17 20:54:00,CANCELLED,570.11,COD
8999,1762,25,,2026-03-17 16:39:00,2026-03-17 17:20:00,COMPLETED,761.36,COD
9000,2751,63,,2026-03-17 18:32:00,2026-03-17 19:16:00,COMPLETED,731.13,UPI
9001,3194,90,,2026-03-17 11:27:00,2026-03-17 12:03:00,CANCELLED,551.44,COD
9002,2897,113,,2026-03-17 22:52:00,2026-03-17 23:36:00,CANCELLED,416.04,CARD
9003,4814,51,,2026-03-17 14:10:00,2026-03-17 14:51:00,COMPLETED,242.14,CARD
9004,1928,63,,2026-03-17 19:02:00,2026-03-17 19:35:00,CANCELLED,277.5,UPI
9005,3037,13,,2026-03-17 11:00:00,2026-03-17 11:41:00,COMPLETED,449.95,COD
9006,2519,111,,2026-03-17 21:47:00,2026-03-17 22:25:00,COMPLETED,777.38,UPI
9007,2421,25,,2026-03-17 18:11:00,2026-03-17 18:46:00,CANCELLED,751.41,COD
9008,3135,79,,2026-03-17 15:15:00,2026-03-17 15:58:00,CANCELLED,476.66,CARD
9009,2079,69,,2026-03-17 10:11:00,2026-03-17 10:55:00,CANCELLED,303.06,COD
9010,3994,60,,2026-03-17 18:21:00,2026-03-17 19:04:00,COMPLETED,488.33,UPI
9011,2133,16,,2026-03-17 19:51:00,2026-03-17 20:36:00,CANCELLED,527.25,CARD
9012,2225,117,,2026-03-17 22:12:00,2026-03-17 22:56:00,COMPLETED,205.35,CARD
9013,2078,21,,2026-03-17 20:01:00,2026-03-17 20:29:00,COMPLETED,381.54,UPI
9014,3374,52,,2026-03-17 20:19:00,2026-03-17 20:45:00,CANCELLED,697.71,COD
9015,3253,47,,2026-03-17 13:18:00,2026-03-17 13:47:00,CANCELLED,320.11,UPI
9016,1650,96,,2026-03-17 08:23:00,2026-03-17 08:59:00,CANCELLED,563.8,UPI
9017,1823,48,,2026-03-17 21:29:00,2026-03-17 21:54:00,CANCELLED,748.59,UPI
9018,1204,58,,2026-03-17 14:29:00,2026-03-17 15:01:00,CANCELLED,520.72,CARD
9019,1315,86,,2026-03-17 16:20:00,2026-03-17 16:55:00,COMPLETED,528.81,UPI
9020,2448,99,,2026-03-17 20:00:00,2026-03-17 20:45:00,COMPLETED,553.95,UPI
9021,1694,106,,2026-03-17 08:23:00,2026-03-17 09:03:00,COMPLETED,332.32,UPI
9022,3975,6,,2026-03-17 09:45:00,2026-03-17 10:21:00,CANCELLED,226.92,CARD
9023,1204,66,,2026-03-17 09:04:00,2026-03-17 09:44:00,COMPLETED,516.33,COD
9024,1587,106,,2026-03-17 08:53:00,2026-03-17 09:36:00,CANCELLED,207.23,CARD
9025,1116,1,,2026-03-17 11:35:00,2026-03-17 12:19:00,COMPLETED,530.34,UPI
9026,4207,95,,2026-03-17 08:45:00,2026-03-17 09:12:00,COMPLETED,347.5,UPI
9027,1722,79,,2026-03-17 19:30:00,2026-03-17 20:09:00,COMPLETED,610.39,UPI
9028,1985,62,,2026-03-17 13:29:00,2026-03-17 13:58:00,COMPLETED,601.25,COD
9029,4932,118,,2026-03-17 12:18:00,2026-03-17 13:02:00,CANCELLED,374.21,CARD
9030,2283,49,,2026-03-17 21:08:00,2026-03-17 21:42:00,CANCELLED,334.31,UPI
9031,1863,106,,2026-03-17 11:57:00,2026-03-17 12:28:00,COMPLETED,654.95,CARD
9032,4652,40,,2026-03-17 17:31:00,2026-03-17 18:13:00,CANCELLED,372.72,CARD
9033,3920,38,,2026-03-17 08:43:00,2026-03-17 09:14:00,COMPLETED,664.79,CARD
9034,1365,27,,2026-03-17 10:21:00,2026-03-17 10:55:00,COMPLETED,226.38,COD
9035,3709,110,,2026-03-17 14:55:00,2026-03-17 15:28:00,CANCELLED,672.95,COD
9036,3616,96,,2026-03-17 11:26:00,2026-03-17 12:02:00,COMPLETED,718.38,UPI
9037,3796,62,,2026-03-17 10:01:00,2026-03-17 10:41:00,COMPLETED,282.53,CARD
9038,1957,120,,2026-03-17 19:43:00,2026-03-17 20:28:00,COMPLETED,772.13,CARD
9039,1454,71,,2026-03-17 22:14:00,2026-03-17 22:53:00,COMPLETED,690.78,COD
9040,1653,12,,2026-03-17 18:40:00,2026-03-17 19:22:00,CANCELLED,585.85,UPI
9041,3330,22,,2026-03-17 19:21:00,2026-03-17 19:52:00,COMPLETED,193.57,UPI
9042,3727,67,,2026-03-17 15:52:00,2026-03-17 16:37:00,COMPLETED,588.85,CARD
9043,3228,103,,2026-03-17 21:44:00,2026-03-17 22:09:00,COMPLETED,250.26,COD
9044,1987,114,,2026-03-17 17:14:00,2026-03-17 17:56:00,CANCELLED,798.2,CARD
9045,4155,87,,2026-03-17 16:11:00,2026-03-17 16:36:00,COMPLETED,668.54,CARD
9046,2842,78,,2026-03-17 21:32:00,2026-03-17 22:08:00,CANCELLED,305.85,UPI
9047,2107,85,,2026-03-17 15:13:00,2026-03-17 15:47:00,COMPLETED,737.29,CARD
9048,2428,38,,2026-03-17 19:11:00,2026-03-17 19:42:00,CANCELLED,601.08,CARD
9049,3424,73,,2026-03-17 14:40:00,2026-03-17 15:12:00,CANCELLED,255.65,COD
9050,1948,65,,2026-03-17 19:19:00,2026-03-17 19:49:00,CANCELLED,779.1,COD
9051,1288,61,,2026-03-17 08:58:00,2026-03-17 09:30:00,CANCELLED,554.98,UPI
9052,3487,6,,2026-03-17 13:28:00,2026-03-17 13:53:00,COMPLETED,575.68,CARD
9053,4142,62,,2026-03-17 19:31:00,2026-03-17 20:07:00,COMPLETED,488.78,UPI
9054,3518,44,,2026-03-17 18:30:00,2026-03-17 19:02:00,COMPLETED,524.61,CARD
9055,1100,50,,2026-03-17 21:20:00,2026-03-17 21:47:00,CANCELLED,297.21,COD
9056,2821,50,,2026-03-17 16:52:00,2026-03-17 17:22:00,CANCELLED,683.02,UPI
9057,4518,23,,2026-03-17 17:13:00,2026-03-17 17:39:00,CANCELLED,524.71,UPI
9058,3354,91,,2026-03-17 16:53:00,2026-03-17 17:37:00,COMPLETED,303.06,CARD
9059,2413,93,,2026-03-17 14:10:00,2026-03-17 14:52:00,CANCELLED,630.4,COD
9060,3785,119,,2026-03-17 09:15:00,2026-03-17 09:40:00,COMPLETED,788.3,CARD
9061,3779,40,,2026-03-17 19:49:00,2026-03-17 20:25:00,CANCELLED,652.96,CARD
9062,3012,77,,2026-03-17 22:29:00,2026-03-17 23:03:00,COMPLETED,152.54,UPI
9063,1429,103,,2026-03-17 08:58:00,2026-03-17 09:34:00,CANCELLED,159.05,COD
9064,1696,14,,2026-03-17 19:34:00,2026-03-17 20:03:00,CANCELLED,446.57,CARD
9065,1548,45,,2026-03-17 18:26:00,2026-03-17 18:52:00,CANCELLED,636.34,CARD
9066,1987,74,,2026-03-17 18:11:00,2026-03-17 18:52:00,COMPLETED,166.93,COD
9067,3830,36,,2026-03-17 11:00:00,2026-03-17 11:25:00,COMPLETED,620.02,COD
9068,1537,66,,2026-03-17 18:55:00,2026-03-17 19:35:00,COMPLETED,185.61,COD
9069,2859,23,,2026-03-17 20:50:00,2026-03-17 21:34:00,CANCELLED,681.41,UPI
9070,4623,15,,2026-03-17 13:34:00,2026-03-17 14:10:00,COMPLETED,430.36,UPI
9071,1228,64,,2026-03-17 08:57:00,2026-03-17 09:42:00,CANCELLED,650.58,CARD
9072,1851,90,,2026-03-17 20:42:00,2026-03-17 21:13:00,COMPLETED,667.89,COD
9073,2912,50,,2026-03-17 13:57:00,2026-03-17 14:25:00,CANCELLED,433.99,CARD
9074,1713,16,,2026-03-17 18:37:00,2026-03-17 19:21:00,COMPLETED,467.92,UPI
9075,4495,27,,2026-03-17 10:44:00,2026-03-17 11:12:00,COMPLETED,346.88,CARD
9076,3300,23,,2026-03-17 20:14:00,2026-03-17 20:50:00,CANCELLED,775.27,UPI
9077,1261,75,,2026-03-17 14:47:00,2026-03-17 15:17:00,COMPLETED,538.65,CARD
9078,1134,75,,2026-03-17 13:33:00,2026-03-17 14:17:00,CANCELLED,718.63,COD
9079,3041,47,,2026-03-17 20:48:00,2026-03-17 21:22:00,COMPLETED,644.65,UPI
9080,4093,58,,2026-03-17 22:26:00,2026-03-17 22:57:00,COMPLETED,376.75,UPI
9081,2449,70,,2026-03-17 12:59:00,2026-03-17 13:40:00,CANCELLED,741.34,UPI
9082,3390,46,,2026-03-17 15:27:00,2026-03-17 16:05:00,CANCELLED,590.04,UPI
9083,2317,16,,2026-03-17 20:20:00,2026-03-17 20:45:00,CANCELLED,710.02,COD
9084,3453,94,,2026-03-17 14:45:00,2026-03-17 15:24:00,CANCELLED,750.2,UPI
9085,2532,75,,2026-03-17 09:08:00,2026-03-17 09:36:00,COMPLETED,353.46,COD
9086,2690,65,,2026-03-17 22:54:00,2026-03-17 23:29:00,CANCELLED,151.81,COD
9087,2547,79,,2026-03-17 15:14:00,2026-03-17 15:47:00,CANCELLED,551.26,COD
9088,1192,101,,2026-03-17 22:28:00,2026-03-17 23:10:00,CANCELLED,597.62,UPI
9089,3836,81,,2026-03-17 22:19:00,2026-03-17 22:44:00,CANCELLED,293.24,CARD
9090,3066,48,,2026-03-17 21:20:00,2026-03-17 21:50:00,COMPLETED,615.42,COD
9091,4125,60,,2026-03-17 15:07:00,2026-03-17 15:36:00,CANCELLED,150.04,CARD
9092,1113,82,,2026-03-17 18:54:00,2026-03-17 19:24:00,COMPLETED,267.33,COD
9093,4137,100,,2026-03-17 09:52:00,2026-03-17 10:22:00,COMPLETED,514.7,COD
9094,2087,90,,2026-03-17 17:54:00,2026-03-17 18:28:00,CANCELLED,786.39,COD
9095,1997,42,,2026-03-17 16:24:00,2026-03-17 17:01:00,COMPLETED,726.46,UPI
9096,2079,76,,2026-03-17 16:43:00,2026-03-17 17:22:00,CANCELLED,559.53,UPI
9097,1538,87,,2026-03-17 19:26:00,2026-03-17 19:54:00,CANCELLED,329.27,CARD
9098,3990,70,,2026-03-17 18:12:00,2026-03-17 18:44:00,CANCELLED,295.34,CARD
9099,2357,65,,2026-03-17 22:46:00,2026-03-17 23:18:00,CANCELLED,520.81,CARD
9100,3795,79,,2026-03-17 22:16:00,2026-03-17 23:00:00,COMPLETED,431.62,UPI
9101,4777,98,,2026-03-17 11:48:00,2026-03-17 12:24:00,CANCELLED,243.05,CARD
9102,3671,87,,2026-03-17 20:12:00,2026-03-17 20:52:00,CANCELLED,201.46,COD
9103,1269,71,,2026-03-17 17:45:00,2026-03-17 18:11:00,COMPLETED,472.75,UPI
9104,2873,32,,2026-03-17 20:52:00,2026-03-17 21:35:00,COMPLETED,229.63,UPI
9105,1978,27,,2026-03-17 18:21:00,2026-03-17 18:59:00,CANCELLED,702.9,CARD
9106,3940,13,,2026-03-17 17:15:00,2026-03-17 17:59:00,COMPLETED,354.43,COD
9107,3478,97,,2026-03-17 12:48:00,2026-03-17 13:23:00,CANCELLED,562.82,COD
9108,2852,116,,2026-03-17 18:33:00,2026-03-17 19:18:00,CANCELLED,190.04,CARD
9109,3010,47,,2026-03-17 14:10:00,2026-03-17 14:54:00,COMPLETED,320.12,CARD
9110,3459,95,,2026-03-17 12:57:00,2026-03-17 13:33:00,CANCELLED,259.22,COD
9111,1667,3,,2026-03-17 20:13:00,2026-03-17 20:47:00,CANCELLED,678.87,CARD
9112,3568,119,,2026-03-17 11:11:00,2026-03-17 11:53:00,CANCELLED,358.35,CARD
9113,3241,57,,2026-03-17 08:36:00,2026-03-17 09:15:00,COMPLETED,360.88,COD
9114,1489,43,,2026-03-18 14:22:00,2026-03-18 14:56:00,COMPLETED,544.04,CARD
9115,2514,107,,2026-03-18 11:29:00,2026-03-18 12:08:00,CANCELLED,643.43,COD
9116,4393,101,,2026-03-18 22:16:00,2026-03-18 22:55:00,CANCELLED,577.29,COD
9117,1379,117,,2026-03-18 22:38:00,2026-03-18 23:15:00,CANCELLED,531.52,COD
9118,4343,13,,2026-03-18 11:36:00,2026-03-18 12:12:00,COMPLETED,681.14,UPI
9119,1839,49,,2026-03-18 21:27:00,2026-03-18 22:09:00,CANCELLED,785.87,UPI
9120,3204,21,,2026-03-18 18:02:00,2026-03-18 18:38:00,CANCELLED,450.96,COD
9121,3388,80,,2026-03-18 19:49:00,2026-03-18 20:27:00,COMPLETED,726.03,UPI
9122,4361,48,,2026-03-18 18:13:00,2026-03-18 18:41:00,CANCELLED,516.18,CARD
9123,1117,56,,2026-03-18 12:17:00,2026-03-18 13:01:00,COMPLETED,703.1,CARD
9124,2739,16,,2026-03-18 11:02:00,2026-03-18 11:42:00,COMPLETED,157.0,CARD
9125,4335,10,,2026-03-18 11:50:00,2026-03-18 12:26:00,COMPLETED,167.63,CARD
9126,2496,76,,2026-03-18 21:01:00,2026-03-18 21:34:00,CANCELLED,529.3,UPI
9127,1841,91,,2026-03-18 21:19:00,2026-03-18 21:59:00,CANCELLED,540.59,COD
9128,4798,82,,2026-03-18 17:35:00,2026-03-18 18:11:00,CANCELLED,280.28,UPI
9129,4549,66,,2026-03-18 14:07:00,2026-03-18 14:50:00,CANCELLED,534.97,COD
9130,4012,61,,2026-03-18 12:08:00,2026-03-18 12:50:00,CANCELLED,715.96,COD
9131,1362,81,,2026-03-18 17:34:00,2026-03-18 18:15:00,COMPLETED,227.99,COD
9132,3498,42,,2026-03-18 11:59:00,2026-03-18 12:39:00,COMPLETED,285.5,COD
9133,1681,36,,2026-03-18 12:32:00,2026-03-18 13:04:00,COMPLETED,559.17,UPI
9134,4597,98,,2026-03-18 08:12:00,2026-03-18 08:51:00,COMPLETED,243.96,CARD
9135,2704,31,,2026-03-18 16:16:00,2026-03-18 17:00:00,COMPLETED,634.69,UPI
9136,3645,6,,2026-03-18 20:57:00,2026-03-18 21:41:00,COMPLETED,274.79,COD
9137,4401,65,,2026-03-18 10:56:00,2026-03-18 11:22:00,COMPLETED,267.68,COD
9138,3126,38,,2026-03-18 13:12:00,2026-03-18 13:46:00,COMPLETED,709.99,COD
9139,3109,100,,2026-03-18 18:18:00,2026-03-18 18:58:00,COMPLETED,420.0,UPI
9140,2948,15,,2026-03-18 18:00:00,2026-03-18 18:36:00,COMPLETED,670.79,COD
9141,3548,76,,2026-03-18 19:24:00,2026-03-18 19:59:00,COMPLETED,159.66,CARD
9142,2206,22,,2026-03-18 11:10:00,2026-03-18 11:51:00,COMPLETED,328.75,COD
9143,3893,16,,2026-03-18 16:30:00,2026-03-18 16:56:00,COMPLETED,703.7,COD
9144,3016,87,,2026-03-18 12:04:00,2026-03-18 12:44:00,CANCELLED,286.25,COD
9145,4439,44,,2026-03-18 11:49:00,2026-03-18 12:15:00,CANCELLED,523.08,UPI
9146,1372,64,,2026-03-18 20:04:00,2026-03-18 20:49:00,COMPLETED,294.93,UPI
9147,1952,53,,2026-03-18 16:53:00,2026-03-18 17:21:00,COMPLETED,644.04,COD
9148,4598,43,,2026-03-18 09:23:00,2026-03-18 10:08:00,COMPLETED,548.58,CARD
9149,2713,71,,2026-03-18 16:18:00,2026-03-18 17:02:00,CANCELLED,799.54,UPI
9150,1378,50,,2026-03-18 10:59:00,2026-03-18 11:26:00,CANCELLED,155.65,COD
9151,1178,66,,2026-03-18 15:07:00,2026-03-18 15:37:00,COMPLETED,764.26,COD
9152,2872,108,,2026-03-18 12:34:00,2026-03-18 12:59:00,CANCELLED,431.26,CARD
9153,2383,86,,2026-03-18 18:51:00,2026-03-18 19:36:00,COMPLETED,402.77,CARD
9154,4098,90,,2026-03-18 10:10:00,2026-03-18 10:38:00,COMPLETED,727.61,UPI
9155,4496,13,,2026-03-18 08:44:00,2026-03-18 09:29:00,COMPLETED,305.88,UPI
9156,3219,118,,2026-03-18 18:20:00,2026-03-18 18:57:00,CANCELLED,167.59,COD
9157,1338,108,,2026-03-18 21:59:00,2026-03-18 22:42:00,CANCELLED,480.68,CARD
9158,2458,35,,2026-03-18 18:07:00,2026-03-18 18:40:00,CANCELLED,627.94,UPI
9159,2207,60,,2026-03-18 10:24:00,2026-03-18 11:00:00,COMPLETED,578.16,COD
9160,2026,101,,2026-03-18 12:55:00,2026-03-18 13:35:00,CANCELLED,794.56,CARD
9161,4426,47,,2026-03-18 09:50:00,2026-03-18 10:29:00,CANCELLED,300.11,UPI
9162,4855,34,,2026-03-18 18:00:00,2026-03-18 18:25:00,CANCELLED,361.62,UPI
9163,2249,54,,2026-03-18 13:08:00,2026-03-18 13:41:00,CANCELLED,465.24,CARD
9164,4027,41,,2026-03-18 09:09:00,2026-03-18 09:43:00,COMPLETED,356.1,CARD
9165,3187,86,,2026-03-18 16:43:00,2026-03-18 17:24:00,CANCELLED,343.69,UPI
9166,4624,72,,2026-03-18 22:45:00,2026-03-18 23:10:00,COMPLETED,731.79,UPI
9167,2948,119,,2026-03-18 12:03:00,2026-03-18 12:30:00,CANCELLED,250.92,COD
9168,1916,100,,2026-03-18 18:10:00,2026-03-18 18:38:00,CANCELLED,606.89,CARD
9169,2067,68,,2026-03-18 16:31:00,2026-03-18 17:06:00,COMPLETED,549.91,UPI
9170,4667,17,,2026-03-18 16:16:00,2026-03-18 16:56:00,CANCELLED,629.58,UPI
9171,1668,33,,2026-03-18 12:17:00,2026-03-18 12:46:00,COMPLETED,256.71,UPI
9172,3935,27,,2026-03-18 21:00:00,2026-03-18 21:25:00,COMPLETED,328.79,COD
9173,2944,18,,2026-03-18 11:10:00,2026-03-18 11:44:00,COMPLETED,299.23,UPI
9174,2820,39,,2026-03-18 10:29:00,2026-03-18 10:55:00,COMPLETED,539.48,UPI
9175,1201,87,,2026-03-18 11:41:00,2026-03-18 12:21:00,COMPLETED,706.33,COD
9176,3440,118,,2026-03-18 10:45:00,2026-03-18 11:17:00,CANCELLED,759.7,COD
9177,1652,13,,2026-03-18 11:51:00,2026-03-18 12:27:00,COMPLETED,495.14,CARD
9178,2884,47,,2026-03-18 11:13:00,2026-03-18 11:58:00,CANCELLED,593.55,CARD
9179,4970,54,,2026-03-18 21:24:00,2026-03-18 21:54:00,COMPLETED,253.43,COD
9180,2151,103,,2026-03-18 17:00:00,2026-03-18 17:44:00,CANCELLED,721.36,CARD
9181,3143,45,,2026-03-18 09:02:00,2026-03-18 09:44:00,COMPLETED,493.05,COD
9182,3540,35,,2026-03-18 21:38:00,2026-03-18 22:22:00,COMPLETED,514.89,UPI
9183,1963,37,,2026-03-18 21:57:00,2026-03-18 22:39:00,COMPLETED,657.02,COD
9184,1777,26,,2026-03-18 15:01:00,2026-03-18 15:34:00,CANCELLED,370.61,UPI
9185,2162,73,,2026-03-18 11:20:00,2026-03-18 11:51:00,CANCELLED,612.99,CARD
9186,3561,2,,2026-03-18 15:35:00,2026-03-18 16:04:00,CANCELLED,182.82,CARD
9187,1758,38,,2026-03-18 19:31:00,2026-03-18 20:02:00,COMPLETED,330.07,COD
9188,4977,99,,2026-03-18 22:07:00,2026-03-18 22:52:00,COMPLETED,712.84,CARD
9189,3788,95,,2026-03-18 19:00:00,2026-03-18 19:27:00,CANCELLED,296.23,UPI
9190,1547,38,,2026-03-18 11:17:00,2026-03-18 11:49:00,COMPLETED,152.47,CARD
9191,4133,22,,2026-03-18 19:11:00,2026-03-18 19:51:00,CANCELLED,315.42,CARD
9192,4017,4,,2026-03-18 12:04:00,2026-03-18 12:47:00,CANCELLED,227.24,COD
9193,2498,64,,2026-03-18 09:25:00,2026-03-18 09:55:00,CANCELLED,757.45,COD
9194,2242,109,,2026-03-18 08:51:00,2026-03-18 09:20:00,COMPLETED,519.79,CARD
9195,2928,98,,2026-03-18 22:16:00,2026-03-18 22:46:00,COMPLETED,797.65,UPI
9196,2474,23,,2026-03-18 19:07:00,2026-03-18 19:51:00,COMPLETED,436.42,CARD
9197,4336,10,,2026-03-18 17:56:00,2026-03-18 18:41:00,CANCELLED,243.17,CARD
9198,1368,120,,2026-03-18 11:35:00,2026-03-18 12:02:00,CANCELLED,470.45,CARD
9199,2745,52,,2026-03-18 14:05:00,2026-03-18 14:33:00,CANCELLED,705.41,COD
9200,1197,7,,2026-03-18 09:49:00,2026-03-18 10:31:00,CANCELLED,329.43,COD
9201,2911,57,,2026-03-18 20:49:00,2026-03-18 21:18:00,CANCELLED,188.41,CARD
9202,1910,13,,2026-03-18 22:46:00,2026-03-18 23:15:00,CANCELLED,239.45,UPI
9203,1100,5,,2026-03-18 14:16:00,2026-03-18 14:43:00,COMPLETED,290.14,UPI
9204,2428,61,,2026-03-18 20:48:00,2026-03-18 21:30:00,CANCELLED,305.45,UPI
9205,3247,35,,2026-03-18 18:58:00,2026-03-18 19:30:00,CANCELLED,781.5,COD
9206,2103,103,,2026-03-18 20:42:00,2026-03-18 21:24:00,CANCELLED,476.9,UPI
9207,4792,23,,2026-03-18 11:52:00,2026-03-18 12:18:00,COMPLETED,263.12,COD
9208,1786,53,,2026-03-18 17:08:00,2026-03-18 17:38:00,COMPLETED,788.51,UPI
9209,4380,15,,2026-03-18 10:17:00,2026-03-18 10:52:00,COMPLETED,240.58,CARD
9210,4047,112,,2026-03-18 16:53:00,2026-03-18 17:19:00,COMPLETED,770.77,CARD
9211,1631,49,,2026-03-18 09:28:00,2026-03-18 09:54:00,COMPLETED,301.11,COD
9212,2571,101,,2026-03-18 14:11:00,2026-03-18 14:37:00,CANCELLED,587.71,CARD
9213,3770,45,,2026-03-18 20:20:00,2026-03-18 20:50:00,COMPLETED,711.45,COD
9214,2335,37,,2026-03-18 17:49:00,2026-03-18 18:19:00,CANCELLED,368.83,CARD
9215,3024,49,,2026-03-18 19:28:00,2026-03-18 20:01:00,COMPLETED,677.63,UPI
9216,2216,48,,2026-03-18 18:16:00,2026-03-18 18:43:00,CANCELLED,734.6,COD
9217,2385,29,,2026-03-18 11:31:00,2026-03-18 12:08:00,CANCELLED,799.38,UPI
9218,2806,21,,2026-03-18 10:42:00,2026-03-18 11:13:00,CANCELLED,434.04,UPI
9219,4052,109,,2026-03-18 22:47:00,2026-03-18 23:24:00,COMPLETED,258.79,CARD
9220,1302,64,,2026-03-18 16:13:00,2026-03-18 16:50:00,CANCELLED,568.61,CARD
9221,4296,46,,2026-03-18 08:12:00,2026-03-18 08:45:00,CANCELLED,760.8,COD
9222,3834,6,,2026-03-18 13:01:00,2026-03-18 13:31:00,CANCELLED,538.29,UPI
9223,2500,37,,2026-03-18 12:26:00,2026-03-18 12:55:00,CANCELLED,496.06,UPI
9224,2975,11,,2026-03-18 12:38:00,2026-03-18 13:10:00,CANCELLED,176.0,CARD
9225,4483,97,,2026-03-18 11:13:00,2026-03-18 11:47:00,CANCELLED,743.15,COD
9226,2753,6,,2026-03-18 09:10:00,2026-03-18 09:38:00,COMPLETED,376.19,UPI
9227,3469,48,,2026-03-18 12:00:00,2026-03-18 12:43:00,COMPLETED,752.54,COD
9228,3994,88,,2026-03-18 21:10:00,2026-03-18 21:55:00,CANCELLED,331.97,COD
9229,1382,45,,2026-03-18 12:21:00,2026-03-18 12:46:00,COMPLETED,589.78,UPI
9230,2905,79,,2026-03-18 11:38:00,2026-03-18 12:23:00,COMPLETED,607.44,UPI
9231,1109,68,,2026-03-18 22:17:00,2026-03-18 22:59:00,COMPLETED,369.96,CARD
9232,4655,46,,2026-03-18 20:46:00,2026-03-18 21:22:00,COMPLETED,427.65,UPI
9233,3301,58,,2026-03-18 12:29:00,2026-03-18 13:14:00,CANCELLED,647.59,UPI
9234,4161,98,,2026-03-18 17:48:00,2026-03-18 18:31:00,CANCELLED,318.96,UPI
9235,4776,21,,2026-03-18 20:31:00,2026-03-18 21:05:00,COMPLETED,625.29,UPI
9236,3171,22,,2026-03-18 11:38:00,2026-03-18 12:15:00,CANCELLED,362.3,CARD
9237,3026,114,,2026-03-18 12:21:00,2026-03-18 13:04:00,CANCELLED,190.13,CARD
9238,4530,83,,2026-03-18 15:43:00,2026-03-18 16:24:00,CANCELLED,739.81,UPI
9239,1952,8,,2026-03-18 11:05:00,2026-03-18 11:40:00,COMPLETED,366.81,COD
9240,4946,57,,2026-03-18 17:16:00,2026-03-18 17:53:00,CANCELLED,392.54,COD
9241,4698,29,,2026-03-18 22:26:00,2026-03-18 23:10:00,COMPLETED,672.25,UPI
9242,3644,92,,2026-03-18 16:13:00,2026-03-18 16:40:00,COMPLETED,451.7,COD
9243,4685,14,,2026-03-18 11:41:00,2026-03-18 12:20:00,COMPLETED,720.05,CARD
9244,4937,102,,2026-03-18 10:30:00,2026-03-18 11:14:00,CANCELLED,714.5,CARD
9245,2303,10,,2026-03-18 14:34:00,2026-03-18 15:05:00,CANCELLED,378.06,COD
9246,4336,24,,2026-03-18 14:15:00,2026-03-18 14:46:00,COMPLETED,515.76,COD
9247,1906,88,,2026-03-18 14:25:00,2026-03-18 14:52:00,COMPLETED,192.32,UPI
9248,2120,102,,2026-03-18 21:46:00,2026-03-18 22:24:00,COMPLETED,554.16,UPI
9249,4404,85,,2026-03-18 10:41:00,2026-03-18 11:24:00,CANCELLED,196.14,COD
9250,3019,42,,2026-03-18 11:36:00,2026-03-18 12:14:00,COMPLETED,401.94,CARD
9251,3904,94,,2026-03-18 11:47:00,2026-03-18 12:16:00,CANCELLED,175.87,COD
9252,4409,25,,2026-03-18 15:47:00,2026-03-18 16:14:00,COMPLETED,637.77,CARD
9253,3535,59,,2026-03-18 16:16:00,2026-03-18 16:41:00,COMPLETED,493.87,UPI
9254,3420,8,,2026-03-18 22:13:00,2026-03-18 22:52:00,CANCELLED,459.46,CARD
9255,1885,82,,2026-03-18 11:59:00,2026-03-18 12:39:00,COMPLETED,783.56,CARD
9256,2832,45,,2026-03-18 21:33:00,2026-03-18 22:02:00,COMPLETED,468.72,UPI
9257,1176,3,,2026-03-18 08:48:00,2026-03-18 09:15:00,CANCELLED,564.22,CARD
9258,2927,38,,2026-03-18 21:54:00,2026-03-18 22:33:00,COMPLETED,151.05,CARD
9259,1258,66,,2026-03-18 15:53:00,2026-03-18 16:19:00,COMPLETED,235.97,CARD
9260,2561,96,,2026-03-18 19:31:00,2026-03-18 20:08:00,COMPLETED,503.72,UPI
9261,3157,117,,2026-03-18 09:36:00,2026-03-18 10:01:00,CANCELLED,661.19,UPI
9262,3046,8,,2026-03-18 08:41:00,2026-03-18 09:06:00,COMPLETED,215.15,COD
9263,1542,93,,2026-03-18 20:48:00,2026-03-18 21:17:00,COMPLETED,260.03,UPI
9264,4579,79,,2026-03-18 17:33:00,2026-03-18 18:04:00,COMPLETED,357.11,CARD
9265,4779,107,,2026-03-18 08:36:00,2026-03-18 09:04:00,COMPLETED,644.89,CARD
9266,3319,26,,2026-03-18 09:09:00,2026-03-18 09:46:00,CANCELLED,622.08,COD
9267,4751,60,,2026-03-18 08:05:00,2026-03-18 08:42:00,CANCELLED,550.4,UPI
9268,1162,108,,2026-03-18 22:23:00,2026-03-18 22:50:00,COMPLETED,333.05,UPI
9269,4241,103,,2026-03-18 09:21:00,2026-03-18 09:48:00,CANCELLED,299.09,COD
9270,4046,20,,2026-03-18 17:32:00,2026-03-18 18:01:00,CANCELLED,222.85,UPI
9271,4735,118,,2026-03-18 12:23:00,2026-03-18 12:52:00,CANCELLED,479.47,UPI
9272,2827,19,,2026-03-18 10:04:00,2026-03-18 10:42:00,COMPLETED,190.89,UPI
9273,4328,42,,2026-03-18 08:20:00,2026-03-18 08:49:00,CANCELLED,704.97,CARD
9274,2338,5,,2026-03-18 14:39:00,2026-03-18 15:14:00,COMPLETED,608.97,CARD
9275,4459,67,,2026-03-18 10:40:00,2026-03-18 11:07:00,COMPLETED,745.36,UPI
9276,1206,43,,2026-03-18 18:51:00,2026-03-18 19:32:00,CANCELLED,765.89,CARD
9277,1008,113,,2026-03-18 22:17:00,2026-03-18 22:52:00,COMPLETED,341.36,UPI
9278,2715,28,,2026-03-18 19:06:00,2026-03-18 19:35:00,COMPLETED,777.15,COD
9279,3701,60,,2026-03-18 11:52:00,2026-03-18 12:20:00,CANCELLED,336.86,UPI
9280,4456,88,,2026-03-18 16:29:00,2026-03-18 16:57:00,COMPLETED,249.86,COD
9281,1369,89,,2026-03-18 08:17:00,2026-03-18 08:54:00,COMPLETED,550.15,CARD
9282,1962,14,,2026-03-18 10:13:00,2026-03-18 10:38:00,CANCELLED,442.25,CARD
9283,2147,40,,2026-03-18 21:24:00,2026-03-18 22:03:00,COMPLETED,265.63,CARD
9284,1044,64,,2026-03-18 16:20:00,2026-03-18 17:02:00,COMPLETED,549.71,COD
9285,3507,56,,2026-03-18 22:14:00,2026-03-18 22:48:00,COMPLETED,170.34,CARD
9286,2603,111,,2026-03-18 14:35:00,2026-03-18 15:13:00,CANCELLED,642.47,UPI
9287,2549,5,,2026-03-18 10:58:00,2026-03-18 11:41:00,COMPLETED,765.76,CARD
9288,4872,84,,2026-03-18 18:23:00,2026-03-18 19:01:00,CANCELLED,698.82,CARD
9289,1170,33,,2026-03-18 09:11:00,2026-03-18 09:56:00,CANCELLED,229.96,UPI
9290,2342,111,,2026-03-18 13:04:00,2026-03-18 13:48:00,CANCELLED,791.83,UPI
9291,4476,34,,2026-03-18 18:53:00,2026-03-18 19:34:00,CANCELLED,741.04,UPI
9292,3936,16,,2026-03-18 15:59:00,2026-03-18 16:38:00,COMPLETED,597.11,CARD
9293,2411,26,,2026-03-18 15:41:00,2026-03-18 16:09:00,CANCELLED,258.75,CARD
9294,1867,82,,2026-03-18 20:44:00,2026-03-18 21:27:00,COMPLETED,488.73,UPI
9295,1598,120,,2026-03-18 21:08:00,2026-03-18 21:39:00,COMPLETED,673.79,UPI
9296,2052,97,,2026-03-18 15:16:00,2026-03-18 15:51:00,CANCELLED,233.26,UPI
9297,4155,103,,2026-03-18 21:06:00,2026-03-18 21:50:00,CANCELLED,787.51,CARD
9298,3572,36,,2026-03-18 13:12:00,2026-03-18 13:47:00,COMPLETED,272.92,CARD
9299,1636,83,,2026-03-18 08:30:00,2026-03-18 08:55:00,COMPLETED,702.36,COD
9300,2336,97,,2026-03-18 14:33:00,2026-03-18 15:11:00,CANCELLED,383.42,COD
9301,1705,28,,2026-03-18 17:27:00,2026-03-18 18:09:00,COMPLETED,787.14,UPI
9302,3962,32,,2026-03-18 21:28:00,2026-03-18 22:03:00,COMPLETED,376.92,UPI
9303,1542,100,,2026-03-18 16:47:00,2026-03-18 17:17:00,CANCELLED,680.38,UPI
9304,2242,78,,2026-03-18 19:26:00,2026-03-18 20:02:00,COMPLETED,581.95,COD
9305,3241,1,,2026-03-18 22:21:00,2026-03-18 23:05:00,COMPLETED,281.19,CARD
9306,2624,10,,2026-03-18 15:57:00,2026-03-18 16:42:00,COMPLETED,735.13,CARD
9307,4976,2,,2026-03-18 15:47:00,2026-03-18 16:27:00,COMPLETED,744.25,COD
9308,2458,96,,2026-03-18 09:57:00,2026-03-18 10:24:00,COMPLETED,563.86,COD
9309,2448,32,,2026-03-18 11:36:00,2026-03-18 12:03:00,CANCELLED,254.3,COD
9310,3233,60,,2026-03-18 09:55:00,2026-03-18 10:31:00,CANCELLED,369.62,CARD
9311,2541,26,,2026-03-18 21:14:00,2026-03-18 21:41:00,CANCELLED,722.32,UPI
9312,4633,57,,2026-03-18 08:23:00,2026-03-18 08:59:00,COMPLETED,228.5,UPI
9313,3685,78,,2026-03-18 09:05:00,2026-03-18 09:31:00,COMPLETED,190.38,CARD
9314,2207,29,,2026-03-18 17:52:00,2026-03-18 18:25:00,COMPLETED,173.07,UPI
9315,1566,97,,2026-03-18 16:19:00,2026-03-18 16:51:00,COMPLETED,590.27,UPI
9316,2184,19,,2026-03-18 14:46:00,2026-03-18 15:29:00,CANCELLED,568.11,CARD
9317,1034,107,,2026-03-18 11:13:00,2026-03-18 11:55:00,COMPLETED,398.72,COD
9318,4317,57,,2026-03-18 10:48:00,2026-03-18 11:25:00,CANCELLED,628.78,CARD
9319,1359,40,,2026-03-18 18:56:00,2026-03-18 19:24:00,COMPLETED,201.45,COD
9320,1936,111,,2026-03-18 15:49:00,2026-03-18 16:24:00,CANCELLED,795.13,UPI
9321,4483,24,,2026-03-18 09:51:00,2026-03-18 10:24:00,CANCELLED,618.78,UPI
9322,1904,4,,2026-03-18 10:17:00,2026-03-18 11:00:00,CANCELLED,585.67,UPI
9323,4639,15,,2026-03-18 20:28:00,2026-03-18 21:05:00,CANCELLED,761.32,CARD
9324,4572,96,,2026-03-19 11:26:00,2026-03-19 12:07:00,COMPLETED,418.47,UPI
9325,3828,70,,2026-03-19 20:05:00,2026-03-19 20:34:00,CANCELLED,740.38,COD
9326,2164,85,,2026-03-19 14:04:00,2026-03-19 14:46:00,CANCELLED,318.72,CARD
9327,2199,63,,2026-03-19 21:29:00,2026-03-19 22:12:00,CANCELLED,236.83,CARD
9328,4281,106,,2026-03-19 18:03:00,2026-03-19 18:43:00,COMPLETED,573.6,UPI
9329,2876,117,,2026-03-19 21:56:00,2026-03-19 22:40:00,COMPLETED,271.64,UPI
9330,3834,38,,2026-03-19 13:48:00,2026-03-19 14:24:00,COMPLETED,623.25,UPI
9331,1087,2,,2026-03-19 10:35:00,2026-03-19 11:03:00,COMPLETED,345.13,CARD
9332,1485,15,,2026-03-19 18:25:00,2026-03-19 19:02:00,CANCELLED,439.59,UPI
9333,2522,27,,2026-03-19 21:39:00,2026-03-19 22:12:00,COMPLETED,618.84,UPI
9334,3238,49,,2026-03-19 20:00:00,2026-03-19 20:44:00,CANCELLED,756.78,CARD
9335,1723,109,,2026-03-19 15:21:00,2026-03-19 16:05:00,COMPLETED,303.99,UPI
9336,4794,119,,2026-03-19 21:40:00,2026-03-19 22:12:00,COMPLETED,171.14,CARD
9337,3680,45,,2026-03-19 18:43:00,2026-03-19 19:12:00,CANCELLED,762.51,CARD
9338,4548,82,,2026-03-19 13:42:00,2026-03-19 14:12:00,CANCELLED,410.2,COD
9339,3736,96,,2026-03-19 15:45:00,2026-03-19 16:25:00,COMPLETED,218.58,UPI
9340,2483,68,,2026-03-19 10:41:00,2026-03-19 11:15:00,CANCELLED,674.36,COD
9341,4023,105,,2026-03-19 11:46:00,2026-03-19 12:14:00,COMPLETED,190.63,UPI
9342,1973,86,,2026-03-19 10:04:00,2026-03-19 10:44:00,COMPLETED,387.15,COD
9343,4652,38,,2026-03-19 15:01:00,2026-03-19 15:30:00,COMPLETED,230.82,COD
9344,3372,40,,2026-03-19 13:47:00,2026-03-19 14:25:00,CANCELLED,293.18,UPI
9345,1286,59,,2026-03-19 17:20:00,2026-03-19 18:00:00,COMPLETED,300.14,CARD
9346,2427,115,,2026-03-19 18:23:00,2026-03-19 18:54:00,COMPLETED,743.44,UPI
9347,3205,115,,2026-03-19 21:22:00,2026-03-19 21:55:00,COMPLETED,365.02,COD
9348,1872,79,,2026-03-19 20:18:00,2026-03-19 20:58:00,CANCELLED,660.93,COD
9349,4504,16,,2026-03-19 19:29:00,2026-03-19 20:00:00,CANCELLED,203.59,COD
9350,3455,79,,2026-03-19 08:00:00,2026-03-19 08:45:00,COMPLETED,756.67,UPI
9351,3708,93,,2026-03-19 19:16:00,2026-03-19 19:58:00,CANCELLED,512.93,COD
9352,2971,43,,2026-03-19 19:22:00,2026-03-19 20:02:00,COMPLETED,354.42,UPI
9353,4236,18,,2026-03-19 19:13:00,2026-03-19 19:52:00,COMPLETED,600.45,UPI
9354,1147,106,,2026-03-19 22:41:00,2026-03-19 23:17:00,CANCELLED,394.08,CARD
9355,1526,94,,2026-03-19 09:46:00,2026-03-19 10:31:00,CANCELLED,777.78,CARD
9356,2350,73,,2026-03-19 14:45:00,2026-03-19 15:26:00,CANCELLED,339.35,UPI
9357,1969,27,,2026-03-19 12:52:00,2026-03-19 13:35:00,COMPLETED,647.81,COD
9358,2562,97,,2026-03-19 09:29:00,2026-03-19 10:04:00,CANCELLED,352.91,COD
9359,4065,108,,2026-03-19 10:54:00,2026-03-19 11:31:00,COMPLETED,214.6,COD
9360,3931,32,,2026-03-19 14:42:00,2026-03-19 15:07:00,CANCELLED,312.38,COD
9361,4029,16,,2026-03-19 19:41:00,2026-03-19 20:17:00,CANCELLED,713.53,COD
9362,2751,105,,2026-03-19 18:08:00,2026-03-19 18:35:00,CANCELLED,409.33,COD
9363,4426,57,,2026-03-19 19:51:00,2026-03-19 20:17:00,COMPLETED,669.68,CARD
9364,3654,86,,2026-03-19 15:28:00,2026-03-19 15:55:00,CANCELLED,482.26,CARD
9365,2261,119,,2026-03-19 13:29:00,2026-03-19 14:02:00,COMPLETED,169.28,UPI
9366,4205,44,,2026-03-19 19:01:00,2026-03-19 19:35:00,CANCELLED,629.76,UPI
9367,3655,114,,2026-03-19 12:57:00,2026-03-19 13:25:00,CANCELLED,734.15,CARD
9368,4554,13,,2026-03-19 22:04:00,2026-03-19 22:40:00,COMPLETED,213.11,COD
9369,4627,47,,2026-03-19 11:25:00,2026-03-19 11:55:00,COMPLETED,708.59,COD
9370,1806,6,,2026-03-19 20:02:00,2026-03-19 20:40:00,CANCELLED,446.89,UPI
9371,4332,49,,2026-03-19 15:54:00,2026-03-19 16:35:00,CANCELLED,718.59,UPI
9372,4388,117,,2026-03-19 08:59:00,2026-03-19 09:29:00,CANCELLED,165.1,CARD
9373,2747,6,,2026-03-19 14:30:00,2026-03-19 15:08:00,CANCELLED,524.13,CARD
9374,3111,120,,2026-03-19 14:05:00,2026-03-19 14:30:00,CANCELLED,612.69,UPI
9375,2723,66,,2026-03-19 09:23:00,2026-03-19 09:49:00,CANCELLED,392.09,CARD
9376,2578,98,,2026-03-19 11:34:00,2026-03-19 12:03:00,CANCELLED,472.69,COD
9377,1262,24,,2026-03-19 19:04:00,2026-03-19 19:37:00,CANCELLED,159.1,UPI
9378,2785,67,,2026-03-19 11:20:00,2026-03-19 12:03:00,CANCELLED,484.62,COD
9379,4225,99,,2026-03-19 13:25:00,2026-03-19 14:08:00,CANCELLED,182.55,COD
9380,3703,88,,2026-03-19 09:08:00,2026-03-19 09:50:00,COMPLETED,155.02,CARD
9381,2587,81,,2026-03-19 16:19:00,2026-03-19 16:47:00,COMPLETED,495.26,CARD
9382,1882,91,,2026-03-19 10:04:00,2026-03-19 10:47:00,COMPLETED,459.89,CARD
9383,3426,74,,2026-03-19 09:37:00,2026-03-19 10:18:00,COMPLETED,513.37,COD
9384,2957,113,,2026-03-19 18:25:00,2026-03-19 19:07:00,COMPLETED,212.61,UPI
9385,4472,68,,2026-03-19 08:02:00,2026-03-19 08:30:00,COMPLETED,452.48,UPI
9386,4049,2,,2026-03-19 15:47:00,2026-03-19 16:25:00,COMPLETED,482.42,CARD
9387,3800,108,,2026-03-19 15:21:00,2026-03-19 16:00:00,CANCELLED,637.11,COD
9388,2254,77,,2026-03-19 15:01:00,2026-03-19 15:30:00,COMPLETED,366.96,CARD
9389,1920,22,,2026-03-19 16:50:00,2026-03-19 17:34:00,COMPLETED,739.54,UPI
9390,2380,102,,2026-03-19 22:53:00,2026-03-19 23:31:00,COMPLETED,466.87,UPI
9391,1844,11,,2026-03-19 11:25:00,2026-03-19 11:52:00,CANCELLED,735.57,CARD
9392,1980,42,,2026-03-19 12:11:00,2026-03-19 12:39:00,COMPLETED,613.58,CARD
9393,4277,24,,2026-03-19 16:20:00,2026-03-19 16:58:00,CANCELLED,372.75,COD
9394,3700,48,,2026-03-19 16:23:00,2026-03-19 17:01:00,COMPLETED,210.34,CARD
9395,2312,56,,2026-03-19 22:59:00,2026-03-19 23:28:00,CANCELLED,556.93,UPI
9396,1878,77,,2026-03-19 09:52:00,2026-03-19 10:29:00,COMPLETED,446.24,UPI
9397,2031,69,,2026-03-19 09:37:00,2026-03-19 10:12:00,COMPLETED,418.72,CARD
9398,2176,16,,2026-03-19 09:35:00,2026-03-19 10:06:00,COMPLETED,659.74,COD
9399,2160,52,,2026-03-19 11:12:00,2026-03-19 11:43:00,COMPLETED,613.84,UPI
9400,4463,82,,2026-03-19 18:06:00,2026-03-19 18:44:00,CANCELLED,361.75,UPI
9401,2752,90,,2026-03-19 19:01:00,2026-03-19 19:35:00,CANCELLED,347.97,UPI
9402,1470,66,,2026-03-19 17:11:00,2026-03-19 17:40:00,CANCELLED,291.49,CARD
9403,1433,98,,2026-03-19 19:15:00,2026-03-19 19:45:00,COMPLETED,731.29,UPI
9404,4847,63,,2026-03-19 16:42:00,2026-03-19 17:24:00,CANCELLED,331.67,COD
9405,1237,28,,2026-03-19 21:17:00,2026-03-19 21:53:00,COMPLETED,371.29,COD
9406,2529,7,,2026-03-19 13:17:00,2026-03-19 13:54:00,CANCELLED,360.09,UPI
9407,4767,55,,2026-03-19 18:34:00,2026-03-19 19:17:00,COMPLETED,504.58,UPI
9408,4623,63,,2026-03-19 13:00:00,2026-03-19 13:40:00,COMPLETED,298.51,COD
9409,4048,31,,2026-03-19 10:49:00,2026-03-19 11:24:00,COMPLETED,321.35,COD
9410,2509,100,,2026-03-19 08:26:00,2026-03-19 09:04:00,CANCELLED,687.56,COD
9411,4867,58,,2026-03-19 18:25:00,2026-03-19 19:09:00,CANCELLED,695.27,UPI
9412,4888,92,,2026-03-19 15:11:00,2026-03-19 15:41:00,COMPLETED,719.85,UPI
9413,4551,31,,2026-03-19 18:46:00,2026-03-19 19:12:00,COMPLETED,289.1,UPI
9414,2860,33,,2026-03-19 15:31:00,2026-03-19 16:11:00,CANCELLED,700.48,COD
9415,2031,26,,2026-03-19 22:43:00,2026-03-19 23:25:00,CANCELLED,736.31,CARD
9416,3128,24,,2026-03-19 21:10:00,2026-03-19 21:38:00,COMPLETED,736.37,COD
9417,1144,80,,2026-03-19 19:27:00,2026-03-19 20:00:00,COMPLETED,367.97,CARD
9418,4014,88,,2026-03-19 11:07:00,2026-03-19 11:47:00,COMPLETED,747.68,UPI
9419,4340,118,,2026-03-19 11:22:00,2026-03-19 11:51:00,COMPLETED,287.26,CARD
9420,2627,51,,2026-03-19 08:11:00,2026-03-19 08:49:00,CANCELLED,735.74,CARD
9421,4451,65,,2026-03-19 14:08:00,2026-03-19 14:36:00,CANCELLED,458.68,CARD
9422,3548,60,,2026-03-19 16:30:00,2026-03-19 17:15:00,CANCELLED,377.28,CARD
9423,3536,94,,2026-03-19 18:40:00,2026-03-19 19:20:00,CANCELLED,452.41,CARD
9424,1405,38,,2026-03-19 16:08:00,2026-03-19 16:35:00,COMPLETED,447.77,CARD
9425,2706,9,,2026-03-19 22:22:00,2026-03-19 22:56:00,COMPLETED,755.16,CARD
9426,4276,29,,2026-03-19 20:05:00,2026-03-19 20:35:00,CANCELLED,212.68,CARD
9427,4943,110,,2026-03-19 22:40:00,2026-03-19 23:25:00,COMPLETED,766.37,UPI
9428,4941,51,,2026-03-19 19:26:00,2026-03-19 20:07:00,CANCELLED,488.15,UPI
9429,3340,68,,2026-03-19 17:15:00,2026-03-19 17:59:00,CANCELLED,244.97,COD
9430,4858,50,,2026-03-19 11:54:00,2026-03-19 12:24:00,CANCELLED,189.31,COD
9431,4751,18,,2026-03-19 08:50:00,2026-03-19 09:25:00,CANCELLED,210.96,UPI
9432,1161,94,,2026-03-19 20:53:00,2026-03-19 21:23:00,CANCELLED,798.5,UPI
9433,4303,29,,2026-03-19 22:24:00,2026-03-19 22:52:00,COMPLETED,369.25,CARD
9434,2530,61,,2026-03-19 12:49:00,2026-03-19 13:33:00,CANCELLED,184.48,CARD
9435,2710,111,,2026-03-19 18:45:00,2026-03-19 19:28:00,COMPLETED,795.99,CARD
9436,3784,73,,2026-03-19 12:36:00,2026-03-19 13:21:00,COMPLETED,640.86,CARD
9437,2232,99,,2026-03-19 16:09:00,2026-03-19 16:35:00,CANCELLED,283.91,UPI
9438,2631,9,,2026-03-19 17:15:00,2026-03-19 17:54:00,COMPLETED,601.59,CARD
9439,3010,49,,2026-03-19 15:39:00,2026-03-19 16:17:00,COMPLETED,223.8,CARD
9440,2373,39,,2026-03-19 22:37:00,2026-03-19 23:08:00,CANCELLED,412.62,COD
9441,4484,16,,2026-03-19 12:47:00,2026-03-19 13:19:00,CANCELLED,631.67,CARD
9442,1783,88,,2026-03-19 16:44:00,2026-03-19 17:29:00,CANCELLED,513.01,CARD
9443,3921,111,,2026-03-19 17:50:00,2026-03-19 18:33:00,CANCELLED,309.27,COD
9444,1130,67,,2026-03-19 11:02:00,2026-03-19 11:28:00,CANCELLED,525.04,COD
9445,4982,100,,2026-03-19 13:19:00,2026-03-19 13:45:00,COMPLETED,713.97,UPI
9446,1131,28,,2026-03-19 09:46:00,2026-03-19 10:25:00,CANCELLED,615.65,COD
9447,3960,32,,2026-03-19 12:09:00,2026-03-19 12:49:00,COMPLETED,200.46,UPI
9448,1610,40,,2026-03-19 21:56:00,2026-03-19 22:41:00,COMPLETED,340.03,CARD
9449,4284,66,,2026-03-19 15:30:00,2026-03-19 15:58:00,CANCELLED,716.23,UPI
9450,4111,62,,2026-03-19 10:46:00,2026-03-19 11:13:00,CANCELLED,543.6,CARD
9451,3980,19,,2026-03-19 21:54:00,2026-03-19 22:28:00,COMPLETED,214.05,COD
9452,3030,115,,2026-03-19 16:26:00,2026-03-19 16:55:00,CANCELLED,502.29,COD
9453,4659,12,,2026-03-19 09:22:00,2026-03-19 09:57:00,CANCELLED,648.31,COD
9454,3801,73,,2026-03-19 20:29:00,2026-03-19 21:09:00,CANCELLED,303.36,COD
9455,3815,8,,2026-03-19 10:27:00,2026-03-19 11:00:00,CANCELLED,531.41,COD
9456,3863,83,,2026-03-19 18:37:00,2026-03-19 19:15:00,CANCELLED,209.84,UPI
9457,2971,12,,2026-03-19 14:41:00,2026-03-19 15:11:00,CANCELLED,378.09,COD
9458,4792,89,,2026-03-19 15:14:00,2026-03-19 15:49:00,CANCELLED,656.26,UPI
9459,2809,66,,2026-03-19 10:46:00,2026-03-19 11:17:00,CANCELLED,602.59,UPI
9460,3769,114,,2026-03-19 15:53:00,2026-03-19 16:21:00,CANCELLED,229.94,COD
9461,3337,25,,2026-03-19 17:49:00,2026-03-19 18:32:00,COMPLETED,470.23,CARD
9462,1004,86,,2026-03-19 20:40:00,2026-03-19 21:20:00,CANCELLED,564.01,COD
9463,3648,57,,2026-03-19 10:10:00,2026-03-19 10:40:00,CANCELLED,653.66,CARD
9464,2379,24,,2026-03-19 12:43:00,2026-03-19 13:17:00,CANCELLED,478.75,UPI
9465,3864,2,,2026-03-19 11:20:00,2026-03-19 11:45:00,COMPLETED,544.18,UPI
9466,4091,6,,2026-03-19 16:32:00,2026-03-19 17:17:00,CANCELLED,791.94,UPI
9467,4413,73,,2026-03-19 15:13:00,2026-03-19 15:48:00,CANCELLED,629.56,COD
9468,2698,70,,2026-03-19 19:14:00,2026-03-19 19:56:00,CANCELLED,540.68,CARD
9469,3466,91,,2026-03-19 16:18:00,2026-03-19 16:51:00,COMPLETED,604.21,COD
9470,1578,22,,2026-03-19 11:34:00,2026-03-19 12:17:00,CANCELLED,509.39,UPI
9471,1104,83,,2026-03-19 16:33:00,2026-03-19 17:13:00,COMPLETED,455.78,UPI
9472,3176,48,,2026-03-19 20:35:00,2026-03-19 21:15:00,CANCELLED,362.99,CARD
9473,4632,42,,2026-03-19 19:50:00,2026-03-19 20:27:00,COMPLETED,152.77,COD
9474,2179,27,,2026-03-19 12:26:00,2026-03-19 13:04:00,COMPLETED,742.16,COD
9475,1614,23,,2026-03-19 11:47:00,2026-03-19 12:16:00,CANCELLED,786.0,UPI
9476,1311,18,,2026-03-19 08:19:00,2026-03-19 08:52:00,COMPLETED,424.02,UPI
9477,3835,103,,2026-03-19 20:50:00,2026-03-19 21:22:00,CANCELLED,625.1,COD
9478,4433,116,,2026-03-19 17:45:00,2026-03-19 18:18:00,CANCELLED,390.41,CARD
9479,2816,30,,2026-03-19 19:02:00,2026-03-19 19:47:00,COMPLETED,336.21,CARD
9480,2728,23,,2026-03-19 10:34:00,2026-03-19 11:12:00,COMPLETED,675.17,UPI
9481,2755,1,,2026-03-19 16:23:00,2026-03-19 17:02:00,COMPLETED,787.03,COD
9482,1243,62,,2026-03-19 21:44:00,2026-03-19 22:25:00,COMPLETED,189.56,COD
9483,3152,99,,2026-03-19 12:21:00,2026-03-19 12:56:00,CANCELLED,327.34,CARD
9484,3406,31,,2026-03-19 15:50:00,2026-03-19 16:35:00,CANCELLED,548.2,CARD
9485,1916,97,,2026-03-19 12:10:00,2026-03-19 12:55:00,COMPLETED,309.75,COD
9486,3158,58,,2026-03-19 20:21:00,2026-03-19 20:52:00,CANCELLED,510.05,COD
9487,3138,75,,2026-03-19 17:24:00,2026-03-19 18:01:00,COMPLETED,374.57,COD
9488,3282,112,,2026-03-19 15:38:00,2026-03-19 16:09:00,CANCELLED,778.4,COD
9489,1739,96,,2026-03-19 14:27:00,2026-03-19 15:03:00,COMPLETED,312.16,COD
9490,3470,107,,2026-03-19 16:22:00,2026-03-19 17:07:00,COMPLETED,461.95,UPI
9491,2474,18,,2026-03-19 11:58:00,2026-03-19 12:43:00,COMPLETED,526.85,CARD
9492,4858,67,,2026-03-19 08:25:00,2026-03-19 09:02:00,CANCELLED,750.33,CARD
9493,3731,26,,2026-03-19 14:53:00,2026-03-19 15:18:00,COMPLETED,753.96,COD
9494,3968,45,,2026-03-19 18:08:00,2026-03-19 18:52:00,COMPLETED,501.77,UPI
9495,2672,85,,2026-03-19 10:37:00,2026-03-19 11:06:00,CANCELLED,270.31,COD
9496,2655,57,,2026-03-19 08:57:00,2026-03-19 09:36:00,CANCELLED,631.65,UPI
9497,4495,53,,2026-03-19 21:45:00,2026-03-19 22:27:00,CANCELLED,585.95,COD
9498,2974,10,,2026-03-19 19:58:00,2026-03-19 20:42:00,COMPLETED,789.14,COD
9499,3360,57,,2026-03-19 14:07:00,2026-03-19 14:52:00,CANCELLED,739.8,CARD
9500,4664,73,,2026-03-19 21:26:00,2026-03-19 22:09:00,COMPLETED,291.19,UPI
9501,2149,6,,2026-03-19 11:40:00,2026-03-19 12:20:00,CANCELLED,252.59,UPI
9502,1480,8,,2026-03-19 10:23:00,2026-03-19 11:00:00,COMPLETED,307.05,UPI
9503,3040,25,,2026-03-19 17:29:00,2026-03-19 18:09:00,CANCELLED,377.62,CARD
9504,4194,78,,2026-03-19 17:09:00,2026-03-19 17:42:00,COMPLETED,549.17,UPI
9505,1332,28,,2026-03-19 20:52:00,2026-03-19 21:29:00,COMPLETED,527.21,COD
9506,4868,47,,2026-03-19 14:49:00,2026-03-19 15:21:00,CANCELLED,268.62,UPI
9507,3455,71,,2026-03-19 14:52:00,2026-03-19 15:23:00,CANCELLED,459.27,COD
9508,3705,90,,2026-03-19 21:47:00,2026-03-19 22:24:00,CANCELLED,172.44,UPI
9509,4804,87,,2026-03-19 10:23:00,2026-03-19 11:05:00,CANCELLED,698.27,CARD
9510,3149,100,,2026-03-19 19:03:00,2026-03-19 19:39:00,COMPLETED,167.56,CARD
9511,4739,66,,2026-03-19 21:51:00,2026-03-19 22:34:00,CANCELLED,431.9,CARD
9512,1659,101,,2026-03-19 19:56:00,2026-03-19 20:39:00,CANCELLED,569.17,UPI
9513,4808,42,,2026-03-19 19:46:00,2026-03-19 20:11:00,COMPLETED,716.3,CARD
9514,3061,97,,2026-03-19 08:29:00,2026-03-19 09:03:00,CANCELLED,635.97,UPI
9515,2997,48,,2026-03-19 20:18:00,2026-03-19 21:02:00,CANCELLED,296.69,UPI
9516,1961,49,,2026-03-19 21:33:00,2026-03-19 22:08:00,CANCELLED,552.1,UPI
9517,2996,64,,2026-03-19 09:42:00,2026-03-19 10:08:00,CANCELLED,446.74,COD
9518,3857,55,,2026-03-19 10:44:00,2026-03-19 11:13:00,CANCELLED,715.67,UPI
9519,4097,42,,2026-03-19 20:27:00,2026-03-19 20:54:00,COMPLETED,304.01,COD
9520,3034,2,,2026-03-19 08:10:00,2026-03-19 08:39:00,COMPLETED,449.14,UPI
9521,4506,109,,2026-03-19 20:39:00,2026-03-19 21:05:00,CANCELLED,697.54,CARD
9522,3841,73,,2026-03-19 16:01:00,2026-03-19 16:39:00,COMPLETED,706.65,CARD
9523,1443,33,,2026-03-19 08:39:00,2026-03-19 09:14:00,CANCELLED,306.21,CARD
9524,3434,87,,2026-03-19 14:26:00,2026-03-19 15:11:00,COMPLETED,226.06,UPI
9525,1634,98,,2026-03-19 16:48:00,2026-03-19 17:15:00,COMPLETED,473.67,COD
9526,2648,79,,2026-03-19 08:55:00,2026-03-19 09:20:00,COMPLETED,768.1,UPI
9527,4800,73,,2026-03-19 17:02:00,2026-03-19 17:38:00,COMPLETED,713.31,CARD
9528,4549,34,,2026-03-19 10:40:00,2026-03-19 11:09:00,CANCELLED,357.23,UPI
9529,1868,24,,2026-03-19 13:46:00,2026-03-19 14:16:00,COMPLETED,212.35,CARD
9530,2266,36,,2026-03-19 17:08:00,2026-03-19 17:52:00,COMPLETED,273.2,CARD
9531,3686,11,,2026-03-19 17:48:00,2026-03-19 18:24:00,CANCELLED,411.32,CARD
9532,4841,7,,2026-03-19 11:23:00,2026-03-19 11:54:00,COMPLETED,508.56,UPI
9533,2339,76,,2026-03-19 15:24:00,2026-03-19 16:07:00,COMPLETED,463.06,UPI
9534,3448,48,,2026-03-19 20:35:00,2026-03-19 21:13:00,COMPLETED,158.46,UPI
9535,2684,116,,2026-03-19 22:01:00,2026-03-19 22:32:00,COMPLETED,573.01,COD
9536,3125,110,,2026-03-19 21:47:00,2026-03-19 22:16:00,CANCELLED,339.32,CARD
9537,1261,59,,2026-03-20 19:03:00,2026-03-20 19:31:00,COMPLETED,787.98,CARD
9538,4255,77,,2026-03-20 14:24:00,2026-03-20 15:07:00,COMPLETED,691.33,COD
9539,2286,17,,2026-03-20 09:10:00,2026-03-20 09:43:00,CANCELLED,727.96,CARD
9540,4103,75,,2026-03-20 17:56:00,2026-03-20 18:40:00,CANCELLED,237.72,CARD
9541,4198,83,,2026-03-20 12:00:00,2026-03-20 12:25:00,COMPLETED,509.12,COD
9542,1306,65,,2026-03-20 14:09:00,2026-03-20 14:38:00,CANCELLED,180.77,UPI
9543,3292,120,,2026-03-20 22:45:00,2026-03-20 23:11:00,COMPLETED,633.63,CARD
9544,3673,53,,2026-03-20 09:38:00,2026-03-20 10:07:00,COMPLETED,320.74,CARD
9545,4048,68,,2026-03-20 17:19:00,2026-03-20 17:55:00,CANCELLED,361.87,CARD
9546,3244,35,,2026-03-20 17:24:00,2026-03-20 17:51:00,CANCELLED,774.87,CARD
9547,3226,107,,2026-03-20 22:54:00,2026-03-20 23:26:00,CANCELLED,379.59,UPI
9548,3548,99,,2026-03-20 15:50:00,2026-03-20 16:17:00,COMPLETED,737.91,CARD
9549,3815,48,,2026-03-20 22:24:00,2026-03-20 22:50:00,CANCELLED,481.73,UPI
9550,1151,44,,2026-03-20 17:02:00,2026-03-20 17:42:00,CANCELLED,397.37,COD
9551,4414,48,,2026-03-20 08:28:00,2026-03-20 08:54:00,CANCELLED,797.78,CARD
9552,2114,81,,2026-03-20 19:04:00,2026-03-20 19:38:00,CANCELLED,716.54,UPI
9553,1567,108,,2026-03-20 08:10:00,2026-03-20 08:38:00,COMPLETED,746.03,COD
9554,3573,48,,2026-03-20 15:07:00,2026-03-20 15:44:00,CANCELLED,431.3,COD
9555,1119,45,,2026-03-20 22:26:00,2026-03-20 23:02:00,COMPLETED,692.38,UPI
9556,3851,59,,2026-03-20 18:59:00,2026-03-20 19:35:00,CANCELLED,364.39,CARD
9557,4383,103,,2026-03-20 17:48:00,2026-03-20 18:19:00,CANCELLED,522.41,COD
9558,4795,78,,2026-03-20 17:57:00,2026-03-20 18:25:00,CANCELLED,466.88,COD
9559,4589,73,,2026-03-20 15:52:00,2026-03-20 16:21:00,COMPLETED,608.21,UPI
9560,1338,89,,2026-03-20 22:50:00,2026-03-20 23:19:00,CANCELLED,675.22,COD
9561,1110,18,,2026-03-20 18:06:00,2026-03-20 18:34:00,CANCELLED,424.68,UPI
9562,4724,98,,2026-03-20 16:29:00,2026-03-20 16:56:00,CANCELLED,271.74,CARD
9563,1689,11,,2026-03-20 19:07:00,2026-03-20 19:39:00,COMPLETED,198.28,CARD
9564,1535,56,,2026-03-20 17:54:00,2026-03-20 18:20:00,CANCELLED,645.24,COD
9565,2843,25,,2026-03-20 12:00:00,2026-03-20 12:40:00,COMPLETED,658.81,COD
9566,4711,69,,2026-03-20 08:07:00,2026-03-20 08:51:00,COMPLETED,213.53,UPI
9567,2023,63,,2026-03-20 14:18:00,2026-03-20 14:48:00,COMPLETED,284.74,UPI
9568,4022,113,,2026-03-20 11:42:00,2026-03-20 12:13:00,COMPLETED,484.73,UPI
9569,4289,47,,2026-03-20 18:48:00,2026-03-20 19:17:00,CANCELLED,357.93,CARD
9570,4114,69,,2026-03-20 14:42:00,2026-03-20 15:20:00,COMPLETED,636.15,UPI
9571,1128,7,,2026-03-20 17:27:00,2026-03-20 17:53:00,CANCELLED,739.82,CARD
9572,4771,113,,2026-03-20 19:13:00,2026-03-20 19:49:00,COMPLETED,503.91,UPI
9573,4543,115,,2026-03-20 16:00:00,2026-03-20 16:36:00,COMPLETED,743.36,UPI
9574,3804,70,,2026-03-20 12:36:00,2026-03-20 13:08:00,CANCELLED,445.14,COD
9575,1202,62,,2026-03-20 17:33:00,2026-03-20 18:18:00,CANCELLED,553.65,CARD
9576,3536,119,,2026-03-20 21:39:00,2026-03-20 22:12:00,COMPLETED,669.42,CARD
9577,2423,86,,2026-03-20 16:52:00,2026-03-20 17:20:00,COMPLETED,770.86,UPI
9578,1379,114,,2026-03-20 15:17:00,2026-03-20 15:55:00,CANCELLED,314.15,UPI
9579,1015,112,,2026-03-20 09:35:00,2026-03-20 10:01:00,CANCELLED,747.16,UPI
9580,4730,51,,2026-03-20 22:23:00,2026-03-20 22:52:00,CANCELLED,428.33,CARD
9581,4508,101,,2026-03-20 14:10:00,2026-03-20 14:44:00,CANCELLED,583.58,COD
9582,3805,52,,2026-03-20 21:15:00,2026-03-20 22:00:00,COMPLETED,473.46,UPI
9583,2476,78,,2026-03-20 15:15:00,2026-03-20 15:53:00,CANCELLED,551.88,COD
9584,2128,37,,2026-03-20 10:52:00,2026-03-20 11:24:00,COMPLETED,301.44,CARD
9585,1741,24,,2026-03-20 09:44:00,2026-03-20 10:22:00,CANCELLED,428.88,UPI
9586,3514,83,,2026-03-20 16:42:00,2026-03-20 17:16:00,COMPLETED,492.22,UPI
9587,2576,114,,2026-03-20 09:39:00,2026-03-20 10:13:00,COMPLETED,506.63,COD
9588,3917,43,,2026-03-20 14:53:00,2026-03-20 15:24:00,COMPLETED,578.48,COD
9589,3696,47,,2026-03-20 11:25:00,2026-03-20 11:52:00,COMPLETED,559.47,COD
9590,2415,56,,2026-03-20 19:33:00,2026-03-20 20:04:00,COMPLETED,679.9,UPI
9591,2987,65,,2026-03-20 08:04:00,2026-03-20 08:34:00,CANCELLED,458.63,UPI
9592,4401,74,,2026-03-20 13:14:00,2026-03-20 13:53:00,COMPLETED,439.65,CARD
9593,4153,80,,2026-03-20 10:59:00,2026-03-20 11:31:00,COMPLETED,463.68,UPI
9594,3862,112,,2026-03-20 09:17:00,2026-03-20 10:01:00,CANCELLED,512.42,COD
9595,3237,44,,2026-03-20 13:54:00,2026-03-20 14:35:00,CANCELLED,579.99,COD
9596,3888,97,,2026-03-20 11:40:00,2026-03-20 12:25:00,CANCELLED,602.54,CARD
9597,1061,68,,2026-03-20 16:27:00,2026-03-20 17:01:00,CANCELLED,349.84,UPI
9598,1799,79,,2026-03-20 08:28:00,2026-03-20 09:07:00,CANCELLED,248.46,CARD
9599,4055,63,,2026-03-20 15:09:00,2026-03-20 15:37:00,CANCELLED,414.76,UPI
9600,3341,104,,2026-03-20 16:16:00,2026-03-20 16:59:00,COMPLETED,400.16,CARD
9601,2075,20,,2026-03-20 12:08:00,2026-03-20 12:42:00,CANCELLED,230.81,CARD
9602,2295,34,,2026-03-20 08:38:00,2026-03-20 09:22:00,CANCELLED,353.6,CARD
9603,2185,14,,2026-03-20 19:18:00,2026-03-20 19:47:00,CANCELLED,749.23,CARD
9604,2274,71,,2026-03-20 15:22:00,2026-03-20 15:54:00,CANCELLED,153.94,UPI
9605,3747,58,,2026-03-20 22:25:00,2026-03-20 22:52:00,COMPLETED,728.99,CARD
9606,2031,78,,2026-03-20 19:23:00,2026-03-20 20:00:00,COMPLETED,347.79,UPI
9607,3016,89,,2026-03-20 11:37:00,2026-03-20 12:09:00,CANCELLED,698.05,COD
9608,2561,79,,2026-03-20 09:38:00,2026-03-20 10:14:00,COMPLETED,329.46,CARD
9609,3805,39,,2026-03-20 09:51:00,2026-03-20 10:28:00,COMPLETED,377.96,UPI
9610,2946,55,,2026-03-20 11:53:00,2026-03-20 12:24:00,CANCELLED,154.68,CARD
9611,2094,10,,2026-03-20 09:30:00,2026-03-20 10:01:00,CANCELLED,479.44,COD
9612,2994,15,,2026-03-20 18:33:00,2026-03-20 18:58:00,CANCELLED,463.25,COD
9613,4701,45,,2026-03-20 19:12:00,2026-03-20 19:46:00,COMPLETED,352.56,UPI
9614,3385,110,,2026-03-20 09:41:00,2026-03-20 10:14:00,CANCELLED,362.48,COD
9615,4512,28,,2026-03-20 17:15:00,2026-03-20 17:55:00,CANCELLED,506.88,UPI
9616,2614,55,,2026-03-20 10:59:00,2026-03-20 11:43:00,COMPLETED,699.19,CARD
9617,2053,31,,2026-03-20 08:50:00,2026-03-20 09:32:00,COMPLETED,398.7,CARD
9618,1573,110,,2026-03-20 13:18:00,2026-03-20 13:59:00,CANCELLED,613.79,COD
9619,4371,77,,2026-03-20 19:07:00,2026-03-20 19:32:00,COMPLETED,446.19,COD
9620,3963,120,,2026-03-20 21:26:00,2026-03-20 22:00:00,CANCELLED,329.06,UPI
9621,1089,85,,2026-03-20 08:03:00,2026-03-20 08:35:00,COMPLETED,395.48,COD
9622,3921,93,,2026-03-20 12:27:00,2026-03-20 13:03:00,COMPLETED,588.15,CARD
9623,1342,108,,2026-03-20 08:48:00,2026-03-20 09:29:00,CANCELLED,300.0,COD
9624,3019,82,,2026-03-20 08:29:00,2026-03-20 08:59:00,CANCELLED,305.45,COD
9625,1750,22,,2026-03-20 21:47:00,2026-03-20 22:26:00,COMPLETED,658.41,COD
9626,3511,110,,2026-03-20 22:12:00,2026-03-20 22:50:00,CANCELLED,188.51,COD
9627,2580,114,,2026-03-20 10:29:00,2026-03-20 11:14:00,COMPLETED,365.77,COD
9628,1957,46,,2026-03-20 12:26:00,2026-03-20 13:05:00,COMPLETED,362.79,COD
9629,4103,106,,2026-03-20 10:48:00,2026-03-20 11:26:00,CANCELLED,319.11,COD
9630,4527,27,,2026-03-20 08:53:00,2026-03-20 09:29:00,CANCELLED,727.61,UPI
9631,1395,25,,2026-03-20 22:23:00,2026-03-20 22:59:00,CANCELLED,676.08,CARD
9632,1594,54,,2026-03-20 15:24:00,2026-03-20 15:58:00,COMPLETED,561.75,COD
9633,3498,72,,2026-03-20 20:12:00,2026-03-20 20:37:00,CANCELLED,251.62,UPI
9634,1367,34,,2026-03-20 08:11:00,2026-03-20 08:46:00,COMPLETED,224.4,UPI
9635,4240,9,,2026-03-20 12:57:00,2026-03-20 13:24:00,COMPLETED,605.78,UPI
9636,2271,92,,2026-03-20 14:15:00,2026-03-20 14:53:00,COMPLETED,782.75,COD
9637,4785,37,,2026-03-20 19:54:00,2026-03-20 20:30:00,COMPLETED,428.21,COD
9638,3211,97,,2026-03-20 15:02:00,2026-03-20 15:31:00,COMPLETED,258.72,CARD
9639,2474,109,,2026-03-20 12:25:00,2026-03-20 12:56:00,CANCELLED,545.99,CARD
9640,3647,77,,2026-03-20 11:12:00,2026-03-20 11:54:00,CANCELLED,750.47,UPI
9641,3315,22,,2026-03-20 14:16:00,2026-03-20 14:58:00,COMPLETED,361.93,CARD
9642,4552,63,,2026-03-20 16:14:00,2026-03-20 16:47:00,CANCELLED,264.36,UPI
9643,2877,46,,2026-03-20 18:37:00,2026-03-20 19:16:00,CANCELLED,388.04,COD
9644,4465,100,,2026-03-20 10:46:00,2026-03-20 11:27:00,CANCELLED,796.91,COD
9645,2753,63,,2026-03-20 17:08:00,2026-03-20 17:39:00,CANCELLED,425.22,UPI
9646,1328,95,,2026-03-20 08:59:00,2026-03-20 09:30:00,COMPLETED,200.88,COD
9647,2005,29,,2026-03-20 18:42:00,2026-03-20 19:09:00,CANCELLED,381.68,COD
9648,1731,10,,2026-03-20 18:56:00,2026-03-20 19:29:00,CANCELLED,336.71,CARD
9649,2181,87,,2026-03-20 11:39:00,2026-03-20 12:14:00,CANCELLED,640.44,UPI
9650,3074,68,,2026-03-20 12:55:00,2026-03-20 13:38:00,COMPLETED,551.98,CARD
9651,3839,17,,2026-03-20 11:25:00,2026-03-20 12:07:00,CANCELLED,247.95,UPI
9652,3552,110,,2026-03-20 11:40:00,2026-03-20 12:06:00,COMPLETED,759.85,CARD
9653,1708,9,,2026-03-20 12:14:00,2026-03-20 12:49:00,CANCELLED,191.06,COD
9654,4234,49,,2026-03-20 19:36:00,2026-03-20 20:10:00,CANCELLED,764.61,COD
9655,4902,69,,2026-03-20 21:25:00,2026-03-20 22:03:00,COMPLETED,781.88,UPI
9656,4942,46,,2026-03-20 16:01:00,2026-03-20 16:29:00,CANCELLED,656.69,UPI
9657,3234,6,,2026-03-20 09:47:00,2026-03-20 10:12:00,COMPLETED,175.28,COD
9658,1664,23,,2026-03-20 21:58:00,2026-03-20 22:23:00,COMPLETED,615.23,COD
9659,4936,47,,2026-03-20 17:56:00,2026-03-20 18:31:00,COMPLETED,266.26,UPI
9660,1919,18,,2026-03-20 18:10:00,2026-03-20 18:51:00,COMPLETED,249.64,UPI
9661,2072,17,,2026-03-20 12:25:00,2026-03-20 12:53:00,COMPLETED,416.03,COD
9662,2689,96,,2026-03-20 18:42:00,2026-03-20 19:11:00,COMPLETED,223.96,UPI
9663,4721,61,,2026-03-20 13:27:00,2026-03-20 13:58:00,COMPLETED,368.45,COD
9664,1510,107,,2026-03-20 12:33:00,2026-03-20 13:08:00,CANCELLED,467.52,UPI
9665,3048,104,,2026-03-20 16:25:00,2026-03-20 17:07:00,COMPLETED,647.76,COD
9666,3616,46,,2026-03-20 19:35:00,2026-03-20 20:03:00,COMPLETED,285.24,UPI
9667,1762,26,,2026-03-20 17:09:00,2026-03-20 17:43:00,COMPLETED,609.07,UPI
9668,2455,102,,2026-03-20 11:14:00,2026-03-20 11:49:00,CANCELLED,419.44,CARD
9669,1787,92,,2026-03-20 08:41:00,2026-03-20 09:12:00,CANCELLED,684.59,CARD
9670,1354,5,,2026-03-20 20:02:00,2026-03-20 20:33:00,CANCELLED,438.88,CARD
9671,1720,26,,2026-03-20 15:45:00,2026-03-20 16:17:00,COMPLETED,380.1,UPI
9672,2859,72,,2026-03-20 13:46:00,2026-03-20 14:15:00,CANCELLED,434.08,COD
9673,1027,113,,2026-03-20 18:45:00,2026-03-20 19:22:00,COMPLETED,721.25,UPI
9674,1089,87,,2026-03-20 15:19:00,2026-03-20 15:53:00,COMPLETED,159.45,CARD
9675,3187,56,,2026-03-20 20:58:00,2026-03-20 21:42:00,COMPLETED,539.81,UPI
9676,3850,72,,2026-03-20 08:12:00,2026-03-20 08:52:00,CANCELLED,472.04,CARD
9677,3340,78,,2026-03-20 14:41:00,2026-03-20 15:24:00,COMPLETED,584.12,COD
9678,1505,114,,2026-03-20 17:43:00,2026-03-20 18:28:00,CANCELLED,515.27,CARD
9679,2592,16,,2026-03-20 15:51:00,2026-03-20 16:24:00,COMPLETED,302.41,CARD
9680,3850,85,,2026-03-20 09:25:00,2026-03-20 10:09:00,COMPLETED,173.48,UPI
9681,2379,15,,2026-03-20 09:33:00,2026-03-20 10:09:00,CANCELLED,701.26,UPI
9682,4711,28,,2026-03-20 16:52:00,2026-03-20 17:29:00,CANCELLED,286.98,COD
9683,4602,61,,2026-03-20 11:27:00,2026-03-20 11:57:00,COMPLETED,234.87,CARD
9684,2672,56,,2026-03-20 18:19:00,2026-03-20 18:56:00,CANCELLED,676.04,CARD
9685,4413,96,,2026-03-20 14:17:00,2026-03-20 14:59:00,CANCELLED,288.14,COD
9686,4742,9,,2026-03-20 14:34:00,2026-03-20 15:04:00,COMPLETED,613.05,CARD
9687,4535,109,,2026-03-20 14:54:00,2026-03-20 15:30:00,COMPLETED,348.05,CARD
9688,1846,101,,2026-03-20 12:19:00,2026-03-20 12:58:00,CANCELLED,627.14,CARD
9689,4068,26,,2026-03-20 21:29:00,2026-03-20 22:03:00,COMPLETED,161.83,UPI
9690,1271,85,,2026-03-20 15:29:00,2026-03-20 16:09:00,COMPLETED,755.96,CARD
9691,2888,43,,2026-03-20 08:56:00,2026-03-20 09:25:00,CANCELLED,176.97,CARD
9692,4126,43,,2026-03-20 17:18:00,2026-03-20 18:01:00,CANCELLED,546.39,CARD
9693,4553,67,,2026-03-20 11:13:00,2026-03-20 11:48:00,CANCELLED,282.48,COD
9694,2072,73,,2026-03-20 11:12:00,2026-03-20 11:40:00,CANCELLED,649.94,COD
9695,1691,45,,2026-03-20 20:39:00,2026-03-20 21:07:00,CANCELLED,179.49,COD
9696,4099,80,,2026-03-20 18:58:00,2026-03-20 19:23:00,COMPLETED,508.51,CARD
9697,3675,74,,2026-03-20 12:39:00,2026-03-20 13:05:00,COMPLETED,356.03,UPI
9698,2195,1,,2026-03-20 20:43:00,2026-03-20 21:11:00,CANCELLED,661.91,CARD
9699,3724,11,,2026-03-20 13:57:00,2026-03-20 14:22:00,COMPLETED,588.43,UPI
9700,3929,21,,2026-03-20 18:44:00,2026-03-20 19:17:00,CANCELLED,740.77,UPI
9701,4641,24,,2026-03-20 12:20:00,2026-03-20 12:47:00,COMPLETED,672.44,UPI
9702,2311,89,,2026-03-20 15:43:00,2026-03-20 16:12:00,CANCELLED,598.06,CARD
9703,2168,44,,2026-03-20 17:48:00,2026-03-20 18:18:00,COMPLETED,539.81,CARD
9704,4470,38,,2026-03-20 14:47:00,2026-03-20 15:12:00,COMPLETED,314.78,CARD
9705,2159,91,,2026-03-20 09:25:00,2026-03-20 10:04:00,CANCELLED,239.85,CARD
9706,3864,90,,2026-03-20 12:02:00,2026-03-20 12:45:00,CANCELLED,493.15,UPI
9707,1760,58,,2026-03-20 20:49:00,2026-03-20 21:34:00,CANCELLED,477.02,COD
9708,1400,71,,2026-03-20 08:19:00,2026-03-20 09:02:00,COMPLETED,257.55,UPI
9709,2596,16,,2026-03-20 21:22:00,2026-03-20 21:59:00,CANCELLED,724.42,CARD
9710,4294,63,,2026-03-20 08:40:00,2026-03-20 09:24:00,COMPLETED,254.91,CARD
9711,3404,91,,2026-03-20 21:00:00,2026-03-20 21:39:00,COMPLETED,544.81,CARD
9712,4550,117,,2026-03-20 12:12:00,2026-03-20 12:48:00,COMPLETED,690.16,CARD
9713,1317,10,,2026-03-20 13:25:00,2026-03-20 14:09:00,CANCELLED,372.02,COD
9714,2801,8,,2026-03-20 12:01:00,2026-03-20 12:29:00,COMPLETED,585.96,UPI
9715,3043,77,,2026-03-20 11:28:00,2026-03-20 12:00:00,CANCELLED,151.11,UPI
9716,4678,83,,2026-03-20 08:52:00,2026-03-20 09:26:00,COMPLETED,454.01,UPI
9717,2887,24,,2026-03-20 13:53:00,2026-03-20 14:35:00,CANCELLED,278.9,COD
9718,1145,88,,2026-03-20 16:24:00,2026-03-20 16:53:00,COMPLETED,360.16,COD
9719,1030,26,,2026-03-20 11:52:00,2026-03-20 12:17:00,COMPLETED,368.83,UPI
9720,2112,57,,2026-03-20 17:49:00,2026-03-20 18:27:00,CANCELLED,745.53,COD
9721,4780,13,,2026-03-21 12:01:00,2026-03-21 12:28:00,CANCELLED,209.44,UPI
9722,3499,38,,2026-03-21 16:35:00,2026-03-21 17:07:00,CANCELLED,252.62,UPI
9723,1808,12,,2026-03-21 19:11:00,2026-03-21 19:49:00,CANCELLED,346.71,COD
9724,4606,107,,2026-03-21 08:18:00,2026-03-21 09:01:00,COMPLETED,797.93,CARD
9725,3832,73,,2026-03-21 19:08:00,2026-03-21 19:42:00,COMPLETED,310.4,UPI
9726,3623,44,,2026-03-21 22:00:00,2026-03-21 22:37:00,COMPLETED,708.26,CARD
9727,3032,12,,2026-03-21 14:28:00,2026-03-21 15:06:00,COMPLETED,410.61,UPI
9728,2346,11,,2026-03-21 20:02:00,2026-03-21 20:33:00,CANCELLED,361.13,COD
9729,1555,28,,2026-03-21 16:47:00,2026-03-21 17:32:00,COMPLETED,722.88,CARD
9730,3095,85,,2026-03-21 11:41:00,2026-03-21 12:15:00,CANCELLED,621.37,CARD
9731,4122,79,,2026-03-21 18:09:00,2026-03-21 18:48:00,COMPLETED,612.82,CARD
9732,2455,57,,2026-03-21 22:29:00,2026-03-21 23:07:00,CANCELLED,354.93,COD
9733,2419,23,,2026-03-21 18:56:00,2026-03-21 19:28:00,COMPLETED,584.87,UPI
9734,2205,1,,2026-03-21 08:00:00,2026-03-21 08:37:00,CANCELLED,337.48,COD
9735,1312,42,,2026-03-21 11:20:00,2026-03-21 12:05:00,CANCELLED,176.59,UPI
9736,3060,27,,2026-03-21 12:27:00,2026-03-21 13:06:00,COMPLETED,724.29,UPI
9737,1438,52,,2026-03-21 13:42:00,2026-03-21 14:07:00,COMPLETED,242.13,CARD
9738,3665,35,,2026-03-21 08:21:00,2026-03-21 08:52:00,COMPLETED,314.25,COD
9739,1513,49,,2026-03-21 19:31:00,2026-03-21 20:07:00,CANCELLED,280.65,UPI
9740,2902,120,,2026-03-21 13:04:00,2026-03-21 13:34:00,COMPLETED,624.73,COD
9741,4879,34,,2026-03-21 22:54:00,2026-03-21 23:31:00,CANCELLED,761.74,COD
9742,2712,66,,2026-03-21 14:36:00,2026-03-21 15:16:00,CANCELLED,547.28,UPI
9743,2596,62,,2026-03-21 16:10:00,2026-03-21 16:44:00,COMPLETED,401.16,CARD
9744,1019,115,,2026-03-21 14:58:00,2026-03-21 15:29:00,COMPLETED,599.1,COD
9745,2999,79,,2026-03-21 11:45:00,2026-03-21 12:14:00,COMPLETED,677.66,UPI
9746,3625,54,,2026-03-21 08:01:00,2026-03-21 08:31:00,CANCELLED,228.41,CARD
9747,2214,110,,2026-03-21 14:34:00,2026-03-21 15:01:00,CANCELLED,555.01,CARD
9748,2262,95,,2026-03-21 14:00:00,2026-03-21 14:28:00,CANCELLED,380.55,COD
9749,4261,27,,2026-03-21 15:05:00,2026-03-21 15:31:00,CANCELLED,529.05,UPI
9750,2631,4,,2026-03-21 19:47:00,2026-03-21 20:16:00,CANCELLED,485.03,COD
9751,4975,65,,2026-03-21 22:20:00,2026-03-21 22:50:00,CANCELLED,518.1,CARD
9752,2256,100,,2026-03-21 14:53:00,2026-03-21 15:20:00,COMPLETED,639.66,CARD
9753,1286,87,,2026-03-21 14:29:00,2026-03-21 15:06:00,CANCELLED,549.76,CARD
9754,3997,44,,2026-03-21 11:14:00,2026-03-21 11:44:00,CANCELLED,493.09,COD
9755,2372,102,,2026-03-21 17:20:00,2026-03-21 18:01:00,COMPLETED,425.31,COD
9756,4333,91,,2026-03-21 11:15:00,2026-03-21 11:41:00,COMPLETED,335.64,CARD
9757,1320,24,,2026-03-21 16:14:00,2026-03-21 16:41:00,COMPLETED,239.26,COD
9758,1569,116,,2026-03-21 08:25:00,2026-03-21 09:10:00,COMPLETED,717.62,CARD
9759,3615,74,,2026-03-21 21:54:00,2026-03-21 22:30:00,CANCELLED,606.45,COD
9760,3427,81,,2026-03-21 19:50:00,2026-03-21 20:19:00,COMPLETED,788.01,COD
9761,1602,26,,2026-03-21 15:55:00,2026-03-21 16:24:00,COMPLETED,663.11,COD
9762,1614,29,,2026-03-21 14:20:00,2026-03-21 15:02:00,COMPLETED,524.62,CARD
9763,1276,14,,2026-03-21 19:31:00,2026-03-21 20:07:00,COMPLETED,772.25,CARD
9764,3386,64,,2026-03-21 21:02:00,2026-03-21 21:46:00,CANCELLED,747.58,COD
9765,3464,21,,2026-03-21 17:14:00,2026-03-21 17:53:00,CANCELLED,508.34,UPI
9766,4859,69,,2026-03-21 14:39:00,2026-03-21 15:18:00,COMPLETED,309.81,COD
9767,3925,38,,2026-03-21 18:50:00,2026-03-21 19:32:00,COMPLETED,234.65,UPI
9768,2347,14,,2026-03-21 21:49:00,2026-03-21 22:27:00,CANCELLED,316.23,UPI
9769,2543,44,,2026-03-21 21:35:00,2026-03-21 22:16:00,CANCELLED,325.99,COD
9770,4358,3,,2026-03-21 14:52:00,2026-03-21 15:21:00,CANCELLED,493.09,UPI
9771,3604,39,,2026-03-21 19:32:00,2026-03-21 20:14:00,COMPLETED,531.94,CARD
9772,1206,23,,2026-03-21 15:29:00,2026-03-21 15:58:00,COMPLETED,190.92,COD
9773,3120,35,,2026-03-21 20:57:00,2026-03-21 21:22:00,COMPLETED,749.36,COD
9774,2186,115,,2026-03-21 17:59:00,2026-03-21 18:27:00,COMPLETED,526.48,CARD
9775,3870,82,,2026-03-21 09:58:00,2026-03-21 10:25:00,CANCELLED,534.07,COD
9776,3562,44,,2026-03-21 11:19:00,2026-03-21 11:44:00,COMPLETED,799.14,UPI
9777,1216,112,,2026-03-21 17:45:00,2026-03-21 18:20:00,CANCELLED,333.87,COD
9778,4382,108,,2026-03-21 15:31:00,2026-03-21 15:59:00,COMPLETED,520.75,CARD
9779,3892,67,,2026-03-21 08:06:00,2026-03-21 08:35:00,CANCELLED,784.7,CARD
9780,4261,101,,2026-03-21 12:30:00,2026-03-21 12:58:00,CANCELLED,206.21,UPI
9781,3801,53,,2026-03-21 18:06:00,2026-03-21 18:37:00,COMPLETED,327.45,COD
9782,4140,43,,2026-03-21 16:52:00,2026-03-21 17:33:00,COMPLETED,763.89,CARD
9783,1952,17,,2026-03-21 19:07:00,2026-03-21 19:45:00,COMPLETED,478.86,COD
9784,4687,95,,2026-03-21 16:21:00,2026-03-21 16:46:00,CANCELLED,463.81,CARD
9785,1154,32,,2026-03-21 13:01:00,2026-03-21 13:28:00,CANCELLED,417.1,COD
9786,4493,94,,2026-03-21 10:59:00,2026-03-21 11:37:00,CANCELLED,540.64,COD
9787,1526,47,,2026-03-21 20:15:00,2026-03-21 20:50:00,COMPLETED,492.15,COD
9788,1959,41,,2026-03-21 21:41:00,2026-03-21 22:19:00,CANCELLED,486.06,COD
9789,4225,100,,2026-03-21 15:01:00,2026-03-21 15:35:00,CANCELLED,614.46,UPI
9790,2125,104,,2026-03-21 22:02:00,2026-03-21 22:43:00,CANCELLED,219.15,COD
9791,1240,102,,2026-03-21 10:54:00,2026-03-21 11:38:00,COMPLETED,654.43,COD
9792,3657,13,,2026-03-21 22:12:00,2026-03-21 22:56:00,CANCELLED,488.92,CARD
9793,3806,16,,2026-03-21 22:42:00,2026-03-21 23:17:00,COMPLETED,508.09,CARD
9794,4385,7,,2026-03-21 09:23:00,2026-03-21 09:51:00,COMPLETED,335.4,COD
9795,4137,96,,2026-03-21 10:14:00,2026-03-21 10:45:00,CANCELLED,312.49,UPI
9796,4979,51,,2026-03-21 18:49:00,2026-03-21 19:32:00,COMPLETED,481.66,COD
9797,4939,7,,2026-03-21 09:39:00,2026-03-21 10:12:00,COMPLETED,701.92,CARD
9798,2756,30,,2026-03-21 12:08:00,2026-03-21 12:43:00,COMPLETED,409.42,UPI
9799,1585,58,,2026-03-21 14:44:00,2026-03-21 15:10:00,COMPLETED,408.08,CARD
9800,3165,115,,2026-03-21 11:04:00,2026-03-21 11:43:00,CANCELLED,716.03,CARD
9801,4925,12,,2026-03-21 21:09:00,2026-03-21 21:48:00,COMPLETED,704.95,COD
9802,1940,40,,2026-03-21 22:24:00,2026-03-21 23:06:00,CANCELLED,585.17,UPI
9803,2425,12,,2026-03-21 20:45:00,2026-03-21 21:11:00,COMPLETED,571.46,CARD
9804,2942,30,,2026-03-21 20:13:00,2026-03-21 20:46:00,COMPLETED,793.41,CARD
9805,3118,22,,2026-03-21 08:31:00,2026-03-21 09:01:00,COMPLETED,290.12,CARD
9806,4434,66,,2026-03-21 09:20:00,2026-03-21 09:54:00,COMPLETED,352.18,COD
9807,4022,30,,2026-03-21 22:10:00,2026-03-21 22:44:00,COMPLETED,328.12,UPI
9808,3322,60,,2026-03-21 13:16:00,2026-03-21 13:53:00,CANCELLED,245.34,UPI
9809,1905,39,,2026-03-21 17:36:00,2026-03-21 18:14:00,COMPLETED,644.47,COD
9810,2719,68,,2026-03-21 18:04:00,2026-03-21 18:43:00,COMPLETED,310.38,UPI
9811,2058,14,,2026-03-21 08:07:00,2026-03-21 08:33:00,CANCELLED,208.04,COD
9812,1179,28,,2026-03-21 11:22:00,2026-03-21 12:07:00,COMPLETED,438.14,UPI
9813,1288,62,,2026-03-21 22:39:00,2026-03-21 23:16:00,COMPLETED,401.61,COD
9814,3278,94,,2026-03-21 14:37:00,2026-03-21 15:14:00,CANCELLED,705.62,UPI
9815,3762,117,,2026-03-21 21:35:00,2026-03-21 22:17:00,COMPLETED,667.34,COD
9816,3001,17,,2026-03-21 18:13:00,2026-03-21 18:54:00,CANCELLED,649.44,COD
9817,3189,50,,2026-03-21 16:44:00,2026-03-21 17:12:00,CANCELLED,542.84,COD
9818,2042,115,,2026-03-21 21:19:00,2026-03-21 21:52:00,CANCELLED,186.24,UPI
9819,4484,119,,2026-03-21 15:30:00,2026-03-21 15:59:00,CANCELLED,474.0,UPI
9820,4239,29,,2026-03-21 10:55:00,2026-03-21 11:22:00,CANCELLED,704.75,CARD
9821,1104,91,,2026-03-21 14:53:00,2026-03-21 15:22:00,COMPLETED,415.31,CARD
9822,3773,118,,2026-03-21 12:39:00,2026-03-21 13:22:00,CANCELLED,768.89,UPI
9823,4539,25,,2026-03-21 20:33:00,2026-03-21 21:03:00,COMPLETED,731.28,COD
9824,1228,90,,2026-03-21 09:04:00,2026-03-21 09:43:00,CANCELLED,425.26,CARD
9825,4349,57,,2026-03-21 14:24:00,2026-03-21 14:56:00,COMPLETED,214.92,CARD
9826,4222,72,,2026-03-21 21:32:00,2026-03-21 22:08:00,COMPLETED,697.5,CARD
9827,1208,104,,2026-03-21 12:16:00,2026-03-21 13:01:00,CANCELLED,462.93,UPI
9828,1361,106,,2026-03-21 19:50:00,2026-03-21 20:29:00,COMPLETED,690.61,UPI
9829,2573,110,,2026-03-21 14:37:00,2026-03-21 15:13:00,CANCELLED,215.54,UPI
9830,2596,54,,2026-03-21 13:23:00,2026-03-21 14:00:00,CANCELLED,211.83,UPI
9831,4977,11,,2026-03-21 21:11:00,2026-03-21 21:39:00,COMPLETED,241.23,UPI
9832,3139,89,,2026-03-21 08:18:00,2026-03-21 08:46:00,COMPLETED,600.18,CARD
9833,1785,98,,2026-03-21 16:59:00,2026-03-21 17:42:00,CANCELLED,520.29,UPI
9834,4310,24,,2026-03-21 18:46:00,2026-03-21 19:29:00,CANCELLED,268.57,CARD
9835,1562,45,,2026-03-21 22:52:00,2026-03-21 23:27:00,CANCELLED,423.67,UPI
9836,1768,45,,2026-03-21 08:28:00,2026-03-21 09:00:00,CANCELLED,498.08,CARD
9837,3064,56,,2026-03-21 15:07:00,2026-03-21 15:34:00,COMPLETED,638.7,UPI
9838,4906,19,,2026-03-21 11:29:00,2026-03-21 12:02:00,COMPLETED,535.23,CARD
9839,3212,48,,2026-03-21 22:21:00,2026-03-21 23:01:00,COMPLETED,235.01,COD
9840,1264,92,,2026-03-21 19:47:00,2026-03-21 20:12:00,COMPLETED,292.35,CARD
9841,4384,28,,2026-03-21 17:17:00,2026-03-21 18:00:00,COMPLETED,517.32,UPI
9842,2012,63,,2026-03-21 08:07:00,2026-03-21 08:33:00,CANCELLED,374.05,UPI
9843,3709,107,,2026-03-21 22:13:00,2026-03-21 22:56:00,COMPLETED,218.92,UPI
9844,2772,43,,2026-03-21 08:43:00,2026-03-21 09:18:00,COMPLETED,246.24,UPI
9845,3000,5,,2026-03-21 15:40:00,2026-03-21 16:22:00,COMPLETED,546.95,CARD
9846,3794,118,,2026-03-21 08:57:00,2026-03-21 09:26:00,CANCELLED,628.04,CARD
9847,2601,25,,2026-03-21 08:07:00,2026-03-21 08:40:00,CANCELLED,543.01,COD
9848,4124,74,,2026-03-21 21:16:00,2026-03-21 22:00:00,COMPLETED,485.62,COD
9849,2720,113,,2026-03-21 21:06:00,2026-03-21 21:47:00,CANCELLED,494.91,CARD
9850,1545,53,,2026-03-21 11:12:00,2026-03-21 11:49:00,CANCELLED,201.69,CARD
9851,4905,57,,2026-03-21 11:18:00,2026-03-21 11:55:00,CANCELLED,725.55,UPI
9852,2303,24,,2026-03-21 20:06:00,2026-03-21 20:45:00,CANCELLED,615.31,CARD
9853,4823,87,,2026-03-21 17:44:00,2026-03-21 18:18:00,COMPLETED,597.81,CARD
9854,4500,35,,2026-03-21 09:41:00,2026-03-21 10:17:00,CANCELLED,751.34,CARD
9855,3750,82,,2026-03-21 20:26:00,2026-03-21 20:53:00,CANCELLED,212.59,COD
9856,4409,21,,2026-03-21 12:24:00,2026-03-21 12:59:00,CANCELLED,638.96,UPI
9857,1156,102,,2026-03-21 08:36:00,2026-03-21 09:12:00,CANCELLED,369.6,UPI
9858,2761,21,,2026-03-21 08:41:00,2026-03-21 09:16:00,CANCELLED,341.94,CARD
9859,4042,103,,2026-03-21 09:22:00,2026-03-21 10:04:00,CANCELLED,437.24,CARD
9860,4538,4,,2026-03-21 20:12:00,2026-03-21 20:48:00,COMPLETED,296.73,CARD
9861,1822,68,,2026-03-21 09:55:00,2026-03-21 10:38:00,CANCELLED,190.45,UPI
9862,2223,113,,2026-03-21 22:18:00,2026-03-21 22:45:00,COMPLETED,164.27,COD
9863,4340,85,,2026-03-21 12:43:00,2026-03-21 13:27:00,CANCELLED,287.67,CARD
9864,3718,98,,2026-03-21 10:58:00,2026-03-21 11:40:00,COMPLETED,758.15,UPI
9865,1724,40,,2026-03-22 12:59:00,2026-03-22 13:36:00,CANCELLED,496.42,CARD
9866,4258,46,,2026-03-22 20:25:00,2026-03-22 20:56:00,CANCELLED,752.54,COD
9867,3716,21,,2026-03-22 11:40:00,2026-03-22 12:18:00,CANCELLED,745.19,COD
9868,3706,74,,2026-03-22 08:48:00,2026-03-22 09:29:00,COMPLETED,307.23,UPI
9869,2269,51,,2026-03-22 21:15:00,2026-03-22 21:49:00,CANCELLED,672.26,COD
9870,4420,9,,2026-03-22 20:59:00,2026-03-22 21:29:00,COMPLETED,712.43,CARD
9871,4925,77,,2026-03-22 13:29:00,2026-03-22 14:03:00,CANCELLED,515.38,COD
9872,4285,92,,2026-03-22 16:18:00,2026-03-22 16:57:00,COMPLETED,187.2,UPI
9873,3346,80,,2026-03-22 17:39:00,2026-03-22 18:04:00,COMPLETED,601.8,CARD
9874,3625,119,,2026-03-22 17:44:00,2026-03-22 18:28:00,CANCELLED,407.92,UPI
9875,1078,77,,2026-03-22 09:09:00,2026-03-22 09:48:00,CANCELLED,226.77,COD
9876,2654,94,,2026-03-22 11:40:00,2026-03-22 12:16:00,COMPLETED,357.03,CARD
9877,1282,8,,2026-03-22 14:47:00,2026-03-22 15:16:00,COMPLETED,242.62,COD
9878,4105,118,,2026-03-22 13:54:00,2026-03-22 14:33:00,CANCELLED,392.85,COD
9879,4134,33,,2026-03-22 21:43:00,2026-03-22 22:09:00,CANCELLED,328.22,UPI
9880,3784,31,,2026-03-22 15:16:00,2026-03-22 15:53:00,COMPLETED,764.32,UPI
9881,4669,21,,2026-03-22 20:24:00,2026-03-22 21:03:00,CANCELLED,392.42,COD
9882,1089,21,,2026-03-22 21:41:00,2026-03-22 22:11:00,COMPLETED,443.15,CARD
9883,4368,118,,2026-03-22 17:41:00,2026-03-22 18:11:00,COMPLETED,516.89,COD
9884,2882,4,,2026-03-22 13:28:00,2026-03-22 13:59:00,COMPLETED,633.78,CARD
9885,3877,95,,2026-03-22 16:09:00,2026-03-22 16:46:00,COMPLETED,778.31,CARD
9886,1019,86,,2026-03-22 15:47:00,2026-03-22 16:17:00,COMPLETED,249.23,CARD
9887,3489,25,,2026-03-22 12:45:00,2026-03-22 13:26:00,COMPLETED,297.83,UPI
9888,2722,63,,2026-03-22 16:13:00,2026-03-22 16:49:00,CANCELLED,547.37,UPI
9889,4544,70,,2026-03-22 14:24:00,2026-03-22 15:01:00,CANCELLED,282.93,COD
9890,4963,98,,2026-03-22 12:43:00,2026-03-22 13:11:00,CANCELLED,478.48,COD
9891,3300,78,,2026-03-22 15:08:00,2026-03-22 15:53:00,COMPLETED,726.88,UPI
9892,4556,82,,2026-03-22 14:07:00,2026-03-22 14:47:00,CANCELLED,434.19,UPI
9893,3771,96,,2026-03-22 17:02:00,2026-03-22 17:37:00,CANCELLED,506.94,UPI
9894,2501,12,,2026-03-22 22:01:00,2026-03-22 22:35:00,COMPLETED,330.07,UPI
9895,2086,50,,2026-03-22 17:41:00,2026-03-22 18:13:00,COMPLETED,700.85,CARD
9896,4902,47,,2026-03-22 19:24:00,2026-03-22 20:06:00,COMPLETED,409.03,COD
9897,3009,114,,2026-03-22 11:07:00,2026-03-22 11:48:00,COMPLETED,362.05,COD
9898,2968,68,,2026-03-22 17:23:00,2026-03-22 18:02:00,CANCELLED,306.35,CARD
9899,2165,72,,2026-03-22 09:09:00,2026-03-22 09:42:00,CANCELLED,582.34,UPI
9900,4853,53,,2026-03-22 13:07:00,2026-03-22 13:46:00,COMPLETED,529.72,CARD
9901,4907,3,,2026-03-22 20:18:00,2026-03-22 20:45:00,COMPLETED,193.75,CARD
9902,3036,63,,2026-03-22 15:29:00,2026-03-22 15:59:00,CANCELLED,779.61,UPI
9903,3070,102,,2026-03-22 19:23:00,2026-03-22 20:05:00,CANCELLED,434.76,CARD
9904,3991,118,,2026-03-22 21:21:00,2026-03-22 21:55:00,COMPLETED,768.56,UPI
9905,3722,106,,2026-03-22 19:42:00,2026-03-22 20:07:00,CANCELLED,455.93,UPI
9906,1590,106,,2026-03-22 14:53:00,2026-03-22 15:23:00,COMPLETED,413.41,UPI
9907,2353,12,,2026-03-22 21:10:00,2026-03-22 21:48:00,CANCELLED,707.41,COD
9908,1351,17,,2026-03-22 13:54:00,2026-03-22 14:26:00,COMPLETED,340.5,COD
9909,3917,67,,2026-03-22 19:32:00,2026-03-22 20:04:00,COMPLETED,558.61,CARD
9910,3553,7,,2026-03-22 18:57:00,2026-03-22 19:37:00,CANCELLED,579.61,UPI
9911,4771,82,,2026-03-22 13:22:00,2026-03-22 13:50:00,CANCELLED,433.86,UPI
9912,4208,101,,2026-03-22 21:47:00,2026-03-22 22:13:00,COMPLETED,471.19,CARD
9913,1970,79,,2026-03-22 13:58:00,2026-03-22 14:41:00,CANCELLED,451.02,COD
9914,2513,89,,2026-03-22 21:54:00,2026-03-22 22:29:00,COMPLETED,269.59,UPI
9915,2077,50,,2026-03-22 09:19:00,2026-03-22 09:48:00,CANCELLED,367.65,CARD
9916,2479,92,,2026-03-22 19:13:00,2026-03-22 19:57:00,CANCELLED,514.8,COD
9917,2553,70,,2026-03-22 13:24:00,2026-03-22 13:52:00,COMPLETED,240.72,COD
9918,3935,16,,2026-03-22 10:42:00,2026-03-22 11:21:00,COMPLETED,289.3,COD
9919,1245,19,,2026-03-22 16:32:00,2026-03-22 16:58:00,COMPLETED,635.37,CARD
9920,1130,93,,2026-03-22 16:51:00,2026-03-22 17:17:00,CANCELLED,437.85,CARD
9921,2474,58,,2026-03-22 13:22:00,2026-03-22 13:57:00,CANCELLED,310.29,CARD
9922,1613,72,,2026-03-22 19:00:00,2026-03-22 19:31:00,COMPLETED,298.78,CARD
9923,1521,85,,2026-03-22 09:09:00,2026-03-22 09:40:00,COMPLETED,507.37,CARD
9924,2598,75,,2026-03-22 12:06:00,2026-03-22 12:44:00,CANCELLED,555.39,COD
9925,3101,83,,2026-03-22 14:06:00,2026-03-22 14:49:00,COMPLETED,490.84,UPI
9926,4329,97,,2026-03-22 18:14:00,2026-03-22 18:55:00,CANCELLED,284.1,CARD
9927,4655,41,,2026-03-22 21:20:00,2026-03-22 21:59:00,CANCELLED,642.02,UPI
9928,1438,116,,2026-03-22 10:25:00,2026-03-22 11:05:00,COMPLETED,453.06,CARD
9929,4746,39,,2026-03-22 10:27:00,2026-03-22 11:00:00,CANCELLED,702.06,CARD
9930,3309,70,,2026-03-22 12:43:00,2026-03-22 13:19:00,COMPLETED,541.23,UPI
9931,3349,39,,2026-03-22 14:48:00,2026-03-22 15:13:00,CANCELLED,490.9,COD
9932,1602,119,,2026-03-22 21:55:00,2026-03-22 22:33:00,CANCELLED,339.16,CARD
9933,4668,69,,2026-03-22 13:39:00,2026-03-22 14:20:00,CANCELLED,265.34,UPI
9934,2592,117,,2026-03-22 12:34:00,2026-03-22 13:08:00,COMPLETED,203.37,CARD
9935,4263,18,,2026-03-22 17:02:00,2026-03-22 17:35:00,COMPLETED,526.49,COD
9936,3399,32,,2026-03-22 15:49:00,2026-03-22 16:23:00,COMPLETED,532.78,COD
9937,1586,18,,2026-03-22 19:41:00,2026-03-22 20:08:00,COMPLETED,268.08,COD
9938,1394,18,,2026-03-22 13:49:00,2026-03-22 14:34:00,CANCELLED,200.87,UPI
9939,1131,42,,2026-03-22 16:41:00,2026-03-22 17:14:00,CANCELLED,696.14,CARD
9940,1676,30,,2026-03-22 14:37:00,2026-03-22 15:12:00,CANCELLED,155.1,CARD
9941,3040,61,,2026-03-22 22:40:00,2026-03-22 23:19:00,CANCELLED,200.25,COD
9942,1842,23,,2026-03-22 20:48:00,2026-03-22 21:14:00,COMPLETED,776.59,UPI
9943,1990,37,,2026-03-22 08:27:00,2026-03-22 09:07:00,CANCELLED,481.16,UPI
9944,2745,60,,2026-03-22 12:05:00,2026-03-22 12:35:00,CANCELLED,722.43,UPI
9945,3604,29,,2026-03-22 15:12:00,2026-03-22 15:45:00,COMPLETED,654.69,COD
9946,1950,70,,2026-03-22 10:23:00,2026-03-22 10:54:00,CANCELLED,677.15,COD
9947,4926,114,,2026-03-22 15:37:00,2026-03-22 16:15:00,CANCELLED,303.48,CARD
9948,2404,69,,2026-03-22 14:04:00,2026-03-22 14:46:00,COMPLETED,200.15,UPI
9949,4121,44,,2026-03-22 20:41:00,2026-03-22 21:14:00,CANCELLED,504.59,COD
9950,1381,117,,2026-03-22 12:37:00,2026-03-22 13:08:00,COMPLETED,592.23,COD
9951,4902,47,,2026-03-22 10:32:00,2026-03-22 11:08:00,COMPLETED,628.04,COD
9952,1085,62,,2026-03-22 19:45:00,2026-03-22 20:16:00,COMPLETED,323.7,COD
9953,2914,3,,2026-03-22 21:14:00,2026-03-22 21:49:00,CANCELLED,442.85,COD
9954,4406,80,,2026-03-22 15:48:00,2026-03-22 16:28:00,COMPLETED,697.07,UPI
9955,2230,95,,2026-03-22 12:19:00,2026-03-22 12:54:00,CANCELLED,361.82,CARD
9956,1422,30,,2026-03-22 15:28:00,2026-03-22 15:55:00,COMPLETED,393.01,CARD
9957,4415,63,,2026-03-22 15:05:00,2026-03-22 15:46:00,COMPLETED,226.13,COD
9958,1644,50,,2026-03-22 10:13:00,2026-03-22 10:47:00,CANCELLED,356.24,CARD
9959,4629,30,,2026-03-22 21:41:00,2026-03-22 22:19:00,CANCELLED,778.16,CARD
9960,3103,28,,2026-03-22 12:53:00,2026-03-22 13:29:00,COMPLETED,674.85,CARD
9961,4509,45,,2026-03-22 08:14:00,2026-03-22 08:45:00,CANCELLED,477.23,UPI
9962,1779,88,,2026-03-22 10:18:00,2026-03-22 10:55:00,COMPLETED,601.79,UPI
9963,4434,24,,2026-03-22 13:58:00,2026-03-22 14:24:00,CANCELLED,562.0,CARD
9964,2252,24,,2026-03-22 10:38:00,2026-03-22 11:15:00,COMPLETED,634.84,COD
9965,4199,57,,2026-03-22 12:00:00,2026-03-22 12:42:00,COMPLETED,754.08,CARD
9966,1127,63,,2026-03-22 22:21:00,2026-03-22 23:03:00,COMPLETED,432.55,UPI
9967,2259,73,,2026-03-22 20:35:00,2026-03-22 21:20:00,CANCELLED,177.21,CARD
9968,3370,91,,2026-03-22 18:39:00,2026-03-22 19:14:00,COMPLETED,623.3,CARD
9969,3306,106,,2026-03-22 18:45:00,2026-03-22 19:13:00,CANCELLED,580.97,UPI
9970,2415,53,,2026-03-22 11:45:00,2026-03-22 12:17:00,COMPLETED,272.79,UPI
9971,1705,10,,2026-03-22 21:27:00,2026-03-22 21:52:00,COMPLETED,710.33,CARD
9972,3811,6,,2026-03-22 16:02:00,2026-03-22 16:27:00,COMPLETED,176.06,COD
9973,1225,46,,2026-03-22 11:03:00,2026-03-22 11:32:00,COMPLETED,235.32,COD
9974,3402,31,,2026-03-22 08:43:00,2026-03-22 09:25:00,CANCELLED,399.26,COD
9975,3164,4,,2026-03-22 17:01:00,2026-03-22 17:44:00,CANCELLED,426.03,COD
9976,1477,107,,2026-03-22 22:29:00,2026-03-22 23:08:00,COMPLETED,711.92,UPI
9977,1742,34,,2026-03-22 16:01:00,2026-03-22 16:43:00,CANCELLED,685.89,CARD
9978,4149,16,,2026-03-22 18:28:00,2026-03-22 18:56:00,CANCELLED,274.45,COD
9979,2715,42,,2026-03-22 21:29:00,2026-03-22 22:06:00,COMPLETED,628.54,CARD
9980,3980,65,,2026-03-22 17:03:00,2026-03-22 17:48:00,CANCELLED,450.33,UPI
9981,1748,60,,2026-03-22 21:17:00,2026-03-22 21:43:00,COMPLETED,228.73,COD
9982,1217,20,,2026-03-22 12:04:00,2026-03-22 12:40:00,CANCELLED,734.81,UPI
9983,4368,26,,2026-03-22 08:15:00,2026-03-22 08:52:00,COMPLETED,632.29,COD
9984,1632,109,,2026-03-22 19:47:00,2026-03-22 20:23:00,CANCELLED,744.68,CARD
9985,4332,33,,2026-03-22 15:17:00,2026-03-22 16:01:00,CANCELLED,430.33,UPI
9986,2702,49,,2026-03-22 14:30:00,2026-03-22 15:12:00,CANCELLED,407.76,CARD
9987,2686,79,,2026-03-23 20:29:00,2026-03-23 21:02:00,COMPLETED,330.73,CARD
9988,1034,3,,2026-03-23 16:37:00,2026-03-23 17:11:00,COMPLETED,757.46,COD
9989,1867,98,,2026-03-23 22:16:00,2026-03-23 22:44:00,CANCELLED,321.01,UPI
9990,3003,94,,2026-03-23 16:42:00,2026-03-23 17:15:00,COMPLETED,161.21,UPI
9991,4324,23,,2026-03-23 12:06:00,2026-03-23 12:47:00,COMPLETED,773.24,COD
9992,3825,29,,2026-03-23 13:32:00,2026-03-23 14:14:00,COMPLETED,462.57,COD
9993,4567,27,,2026-03-23 18:57:00,2026-03-23 19:26:00,COMPLETED,324.57,COD
9994,2130,16,,2026-03-23 09:58:00,2026-03-23 10:33:00,CANCELLED,470.98,UPI
9995,2726,105,,2026-03-23 15:52:00,2026-03-23 16:34:00,CANCELLED,201.03,CARD
9996,1146,3,,2026-03-23 19:07:00,2026-03-23 19:33:00,CANCELLED,539.0,COD
9997,1666,83,,2026-03-23 17:02:00,2026-03-23 17:39:00,CANCELLED,474.73,COD
9998,3562,27,,2026-03-23 18:38:00,2026-03-23 19:09:00,CANCELLED,480.33,CARD
9999,1229,17,,2026-03-23 09:27:00,2026-03-23 10:01:00,CANCELLED,780.84,CARD
10000,4947,118,,2026-03-23 19:31:00,2026-03-23 20:08:00,COMPLETED,206.03,UPI
10001,3594,45,,2026-03-23 19:56:00,2026-03-23 20:32:00,COMPLETED,571.52,CARD
10002,3040,99,,2026-03-23 16:12:00,2026-03-23 16:48:00,CANCELLED,449.6,COD
10003,1449,66,,2026-03-23 19:46:00,2026-03-23 20:17:00,COMPLETED,628.01,CARD
10004,3011,7,,2026-03-23 10:19:00,2026-03-23 10:50:00,CANCELLED,328.5,UPI
10005,2309,3,,2026-03-23 17:08:00,2026-03-23 17:53:00,COMPLETED,583.96,CARD
10006,2001,65,,2026-03-23 17:14:00,2026-03-23 17:41:00,CANCELLED,614.69,CARD
10007,3249,40,,2026-03-23 13:05:00,2026-03-23 13:33:00,COMPLETED,550.49,COD
10008,2323,59,,2026-03-23 14:52:00,2026-03-23 15:25:00,COMPLETED,192.72,UPI
10009,4444,112,,2026-03-23 12:15:00,2026-03-23 12:47:00,CANCELLED,579.72,COD
10010,2480,25,,2026-03-23 08:48:00,2026-03-23 09:26:00,CANCELLED,178.74,UPI
10011,2992,11,,2026-03-23 21:28:00,2026-03-23 22:11:00,COMPLETED,457.44,COD
10012,1155,69,,2026-03-23 09:20:00,2026-03-23 10:05:00,COMPLETED,720.97,COD
10013,2968,60,,2026-03-23 19:02:00,2026-03-23 19:47:00,CANCELLED,421.96,CARD
10014,3882,79,,2026-03-23 18:12:00,2026-03-23 18:56:00,COMPLETED,432.28,COD
10015,3070,56,,2026-03-23 13:07:00,2026-03-23 13:35:00,CANCELLED,156.95,UPI
10016,4538,108,,2026-03-23 14:33:00,2026-03-23 15:10:00,COMPLETED,205.21,CARD
10017,1765,71,,2026-03-23 22:40:00,2026-03-23 23:22:00,COMPLETED,711.3,CARD
10018,2282,65,,2026-03-23 08:17:00,2026-03-23 08:57:00,CANCELLED,347.74,UPI
10019,1091,75,,2026-03-23 17:35:00,2026-03-23 18:07:00,CANCELLED,359.15,COD
10020,1811,15,,2026-03-23 19:47:00,2026-03-23 20:24:00,CANCELLED,525.86,COD
10021,3423,53,,2026-03-23 16:33:00,2026-03-23 17:18:00,COMPLETED,485.41,UPI
10022,2309,83,,2026-03-23 10:02:00,2026-03-23 10:42:00,CANCELLED,504.56,COD
10023,3701,36,,2026-03-23 12:16:00,2026-03-23 12:51:00,CANCELLED,758.59,CARD
10024,1706,4,,2026-03-23 19:40:00,2026-03-23 20:10:00,CANCELLED,675.99,CARD
10025,3721,20,,2026-03-23 20:58:00,2026-03-23 21:41:00,CANCELLED,652.94,CARD
10026,1223,2,,2026-03-23 21:12:00,2026-03-23 21:44:00,COMPLETED,669.84,UPI
10027,3719,90,,2026-03-23 17:07:00,2026-03-23 17:33:00,CANCELLED,389.36,CARD
10028,4049,38,,2026-03-23 12:11:00,2026-03-23 12:44:00,COMPLETED,617.37,COD
10029,2425,108,,2026-03-23 16:39:00,2026-03-23 17:20:00,COMPLETED,338.67,CARD
10030,4773,11,,2026-03-23 17:19:00,2026-03-23 17:51:00,COMPLETED,436.42,COD
10031,3072,101,,2026-03-23 15:43:00,2026-03-23 16:22:00,COMPLETED,337.56,UPI
10032,4317,25,,2026-03-23 17:56:00,2026-03-23 18:41:00,COMPLETED,760.83,CARD
10033,1364,50,,2026-03-23 09:20:00,2026-03-23 10:02:00,CANCELLED,205.92,UPI
10034,1488,1,,2026-03-23 15:42:00,2026-03-23 16:10:00,COMPLETED,334.92,COD
10035,4570,29,,2026-03-23 08:54:00,2026-03-23 09:34:00,CANCELLED,192.93,UPI
10036,4100,34,,2026-03-23 13:27:00,2026-03-23 14:06:00,COMPLETED,457.92,CARD
10037,2114,82,,2026-03-23 09:07:00,2026-03-23 09:48:00,COMPLETED,161.68,COD
10038,4590,106,,2026-03-23 08:28:00,2026-03-23 08:53:00,COMPLETED,297.98,COD
10039,1690,93,,2026-03-23 22:13:00,2026-03-23 22:58:00,COMPLETED,329.59,CARD
10040,2045,118,,2026-03-23 18:02:00,2026-03-23 18:27:00,COMPLETED,201.8,CARD
10041,4418,101,,2026-03-23 22:00:00,2026-03-23 22:32:00,COMPLETED,220.81,CARD
10042,4540,93,,2026-03-23 18:51:00,2026-03-23 19:33:00,COMPLETED,527.14,UPI
10043,4846,19,,2026-03-23 21:06:00,2026-03-23 21:46:00,CANCELLED,337.58,CARD
10044,4893,37,,2026-03-23 15:39:00,2026-03-23 16:17:00,CANCELLED,395.32,CARD
10045,2746,72,,2026-03-23 20:28:00,2026-03-23 21:02:00,COMPLETED,392.65,CARD
10046,4048,107,,2026-03-23 18:50:00,2026-03-23 19:32:00,COMPLETED,284.13,UPI
10047,4113,57,,2026-03-23 13:36:00,2026-03-23 14:20:00,CANCELLED,466.8,COD
10048,1427,38,,2026-03-23 18:44:00,2026-03-23 19:27:00,CANCELLED,632.39,CARD
10049,1758,90,,2026-03-23 10:01:00,2026-03-23 10:45:00,COMPLETED,712.71,COD
10050,4637,17,,2026-03-23 11:48:00,2026-03-23 12:29:00,CANCELLED,375.9,COD
10051,3190,82,,2026-03-23 17:40:00,2026-03-23 18:20:00,CANCELLED,503.24,COD
10052,2651,53,,2026-03-23 10:18:00,2026-03-23 10:55:00,COMPLETED,400.27,CARD
10053,4572,21,,2026-03-23 22:24:00,2026-03-23 23:07:00,CANCELLED,715.04,CARD
10054,4325,82,,2026-03-23 08:27:00,2026-03-23 09:08:00,CANCELLED,602.42,UPI
10055,4769,116,,2026-03-23 14:03:00,2026-03-23 14:42:00,CANCELLED,752.11,CARD
10056,4440,77,,2026-03-23 15:14:00,2026-03-23 15:50:00,CANCELLED,437.51,UPI
10057,3008,56,,2026-03-23 18:14:00,2026-03-23 18:53:00,CANCELLED,289.06,CARD
10058,3076,3,,2026-03-23 21:31:00,2026-03-23 22:16:00,COMPLETED,736.59,UPI
10059,3148,18,,2026-03-23 08:34:00,2026-03-23 09:12:00,COMPLETED,576.18,COD
10060,1962,108,,2026-03-23 21:19:00,2026-03-23 21:59:00,COMPLETED,517.86,UPI
10061,3831,12,,2026-03-23 15:58:00,2026-03-23 16:32:00,COMPLETED,432.1,CARD
10062,4342,44,,2026-03-23 16:32:00,2026-03-23 17:09:00,CANCELLED,183.93,COD
10063,4705,48,,2026-03-23 19:00:00,2026-03-23 19:42:00,CANCELLED,696.07,COD
10064,1636,11,,2026-03-23 20:41:00,2026-03-23 21:17:00,CANCELLED,796.74,COD
10065,2018,28,,2026-03-23 10:18:00,2026-03-23 10:45:00,COMPLETED,564.82,CARD
10066,3787,72,,2026-03-23 21:37:00,2026-03-23 22:16:00,COMPLETED,669.3,CARD
10067,1673,92,,2026-03-23 16:57:00,2026-03-23 17:22:00,COMPLETED,532.47,UPI
10068,2631,80,,2026-03-23 13:41:00,2026-03-23 14:21:00,COMPLETED,185.85,CARD
10069,3040,105,,2026-03-23 17:10:00,2026-03-23 17:41:00,COMPLETED,435.11,CARD
10070,4410,89,,2026-03-23 17:56:00,2026-03-23 18:23:00,COMPLETED,421.33,COD
10071,1340,45,,2026-03-23 19:41:00,2026-03-23 20:26:00,CANCELLED,296.15,UPI
10072,1322,73,,2026-03-23 13:00:00,2026-03-23 13:44:00,CANCELLED,351.68,UPI
10073,3236,114,,2026-03-23 08:03:00,2026-03-23 08:48:00,CANCELLED,501.8,UPI
10074,1457,91,,2026-03-23 16:19:00,2026-03-23 16:47:00,CANCELLED,640.41,COD
10075,3164,81,,2026-03-23 13:00:00,2026-03-23 13:44:00,CANCELLED,688.67,UPI
10076,1827,55,,2026-03-23 12:05:00,2026-03-23 12:38:00,CANCELLED,689.74,CARD
10077,4972,79,,2026-03-23 22:38:00,2026-03-23 23:04:00,CANCELLED,217.84,COD
10078,4948,59,,2026-03-23 18:46:00,2026-03-23 19:23:00,COMPLETED,322.9,CARD
10079,1671,72,,2026-03-23 18:21:00,2026-03-23 18:58:00,CANCELLED,186.92,CARD
10080,4470,13,,2026-03-23 12:12:00,2026-03-23 12:41:00,CANCELLED,718.46,UPI
10081,1253,9,,2026-03-23 15:14:00,2026-03-23 15:53:00,COMPLETED,482.03,COD
10082,1029,35,,2026-03-23 15:55:00,2026-03-23 16:23:00,CANCELLED,615.28,CARD
10083,1650,92,,2026-03-23 21:41:00,2026-03-23 22:25:00,COMPLETED,459.61,COD
10084,3254,120,,2026-03-23 16:48:00,2026-03-23 17:32:00,COMPLETED,247.4,COD
10085,3274,75,,2026-03-23 12:08:00,2026-03-23 12:36:00,CANCELLED,171.03,COD
10086,2576,14,,2026-03-23 11:15:00,2026-03-23 11:49:00,COMPLETED,457.89,UPI
10087,4682,91,,2026-03-23 09:32:00,2026-03-23 10:12:00,CANCELLED,742.34,UPI
10088,2491,39,,2026-03-23 14:57:00,2026-03-23 15:33:00,CANCELLED,205.83,COD
10089,4824,44,,2026-03-23 12:13:00,2026-03-23 12:44:00,CANCELLED,531.55,UPI
10090,4055,80,,2026-03-23 21:32:00,2026-03-23 22:06:00,COMPLETED,376.81,UPI
10091,1096,89,,2026-03-23 14:55:00,2026-03-23 15:26:00,COMPLETED,398.2,COD
10092,3928,40,,2026-03-23 16:44:00,2026-03-23 17:22:00,CANCELLED,366.3,COD
10093,2072,27,,2026-03-23 15:37:00,2026-03-23 16:11:00,CANCELLED,266.58,UPI
10094,1005,9,,2026-03-23 22:27:00,2026-03-23 23:12:00,COMPLETED,418.59,COD
10095,2888,3,,2026-03-23 14:47:00,2026-03-23 15:20:00,CANCELLED,573.33,CARD
10096,4193,87,,2026-03-23 15:17:00,2026-03-23 16:02:00,CANCELLED,465.54,CARD
10097,2084,9,,2026-03-23 09:41:00,2026-03-23 10:12:00,CANCELLED,667.89,COD
10098,3242,120,,2026-03-23 12:40:00,2026-03-23 13:13:00,CANCELLED,328.56,CARD
10099,1885,45,,2026-03-23 09:06:00,2026-03-23 09:41:00,COMPLETED,520.98,CARD
10100,4946,45,,2026-03-23 12:31:00,2026-03-23 13:02:00,COMPLETED,691.76,UPI
10101,4842,27,,2026-03-23 08:40:00,2026-03-23 09:17:00,COMPLETED,540.68,UPI
10102,2490,13,,2026-03-23 18:52:00,2026-03-23 19:29:00,COMPLETED,244.11,UPI
10103,1141,39,,2026-03-23 09:27:00,2026-03-23 09:53:00,COMPLETED,712.66,UPI
10104,4083,31,,2026-03-23 21:04:00,2026-03-23 21:37:00,CANCELLED,641.62,CARD
10105,3297,13,,2026-03-23 08:26:00,2026-03-23 09:10:00,COMPLETED,570.62,UPI
10106,1389,50,,2026-03-23 08:49:00,2026-03-23 09:33:00,COMPLETED,305.44,CARD
10107,3698,32,,2026-03-23 20:32:00,2026-03-23 21:01:00,CANCELLED,232.6,CARD
10108,4568,71,,2026-03-23 11:45:00,2026-03-23 12:14:00,CANCELLED,384.85,CARD
10109,1455,89,,2026-03-23 21:24:00,2026-03-23 21:52:00,COMPLETED,610.39,CARD
10110,1573,66,,2026-03-23 20:41:00,2026-03-23 21:09:00,COMPLETED,151.69,COD
10111,4567,31,,2026-03-23 15:17:00,2026-03-23 15:47:00,COMPLETED,483.02,CARD
10112,2098,47,,2026-03-23 18:37:00,2026-03-23 19:07:00,COMPLETED,419.38,CARD
10113,2843,52,,2026-03-23 09:31:00,2026-03-23 10:11:00,COMPLETED,593.29,CARD
10114,3012,80,,2026-03-23 15:27:00,2026-03-23 15:52:00,COMPLETED,211.68,COD
10115,1971,30,,2026-03-23 18:27:00,2026-03-23 18:56:00,CANCELLED,517.25,COD
10116,2480,27,,2026-03-23 20:29:00,2026-03-23 21:00:00,COMPLETED,738.74,COD
10117,1686,92,,2026-03-23 14:00:00,2026-03-23 14:38:00,CANCELLED,617.7,CARD
10118,3859,107,,2026-03-23 13:18:00,2026-03-23 13:54:00,COMPLETED,651.42,CARD
10119,3353,33,,2026-03-23 19:48:00,2026-03-23 20:13:00,COMPLETED,323.2,UPI
10120,1368,97,,2026-03-23 19:21:00,2026-03-23 20:01:00,CANCELLED,507.9,CARD
10121,3204,23,,2026-03-23 19:22:00,2026-03-23 20:06:00,COMPLETED,498.51,COD
10122,2581,71,,2026-03-23 12:57:00,2026-03-23 13:31:00,COMPLETED,678.3,COD
10123,2537,17,,2026-03-23 14:49:00,2026-03-23 15:20:00,CANCELLED,152.54,CARD
10124,2166,83,,2026-03-23 15:21:00,2026-03-23 16:06:00,CANCELLED,720.8,COD
10125,1891,116,,2026-03-23 20:13:00,2026-03-23 20:43:00,COMPLETED,772.7,UPI
10126,1819,58,,2026-03-23 10:42:00,2026-03-23 11:20:00,COMPLETED,405.28,CARD
10127,2394,33,,2026-03-23 09:20:00,2026-03-23 09:50:00,COMPLETED,340.85,COD
10128,4855,105,,2026-03-23 16:53:00,2026-03-23 17:33:00,CANCELLED,459.93,CARD
10129,2057,60,,2026-03-23 08:07:00,2026-03-23 08:40:00,CANCELLED,602.79,UPI
10130,1879,35,,2026-03-23 15:14:00,2026-03-23 15:48:00,CANCELLED,200.67,UPI
10131,2226,86,,2026-03-23 15:49:00,2026-03-23 16:32:00,COMPLETED,401.36,UPI
10132,1888,23,,2026-03-23 11:06:00,2026-03-23 11:42:00,COMPLETED,560.84,UPI
10133,3714,69,,2026-03-23 13:06:00,2026-03-23 13:39:00,COMPLETED,330.54,UPI
10134,4893,76,,2026-03-23 10:01:00,2026-03-23 10:44:00,CANCELLED,357.52,COD
10135,3670,90,,2026-03-23 20:51:00,2026-03-23 21:33:00,CANCELLED,463.83,UPI
10136,3936,70,,2026-03-23 16:25:00,2026-03-23 16:54:00,COMPLETED,633.53,CARD
10137,4733,55,,2026-03-23 15:41:00,2026-03-23 16:06:00,CANCELLED,265.65,CARD
10138,3891,55,,2026-03-23 08:00:00,2026-03-23 08:28:00,COMPLETED,271.68,UPI
10139,2816,16,,2026-03-23 11:19:00,2026-03-23 11:58:00,CANCELLED,548.21,UPI
10140,1675,37,,2026-03-23 17:21:00,2026-03-23 18:01:00,CANCELLED,529.9,COD
10141,2427,23,,2026-03-23 15:19:00,2026-03-23 15:47:00,COMPLETED,153.77,UPI
10142,3982,7,,2026-03-23 17:22:00,2026-03-23 17:51:00,COMPLETED,480.66,COD
10143,3627,65,,2026-03-23 20:21:00,2026-03-23 21:01:00,COMPLETED,536.08,CARD
10144,1147,75,,2026-03-23 11:06:00,2026-03-23 11:36:00,COMPLETED,381.67,CARD
10145,3649,91,,2026-03-23 09:57:00,2026-03-23 10:22:00,CANCELLED,648.75,COD
10146,3780,34,,2026-03-23 18:50:00,2026-03-23 19:26:00,CANCELLED,517.19,COD
10147,3006,111,,2026-03-23 08:50:00,2026-03-23 09:20:00,COMPLETED,531.86,CARD
10148,2290,12,,2026-03-23 08:11:00,2026-03-23 08:41:00,COMPLETED,160.05,CARD
10149,2962,77,,2026-03-23 10:51:00,2026-03-23 11:21:00,COMPLETED,698.56,UPI
10150,4392,66,,2026-03-23 17:45:00,2026-03-23 18:28:00,COMPLETED,366.42,CARD
10151,4802,28,,2026-03-23 19:47:00,2026-03-23 20:20:00,COMPLETED,430.29,COD
10152,4443,22,,2026-03-23 11:57:00,2026-03-23 12:27:00,CANCELLED,181.96,COD
10153,2916,61,,2026-03-23 22:36:00,2026-03-23 23:21:00,COMPLETED,158.16,UPI
10154,1426,63,,2026-03-23 21:10:00,2026-03-23 21:52:00,COMPLETED,661.53,COD
10155,2342,19,,2026-03-23 14:28:00,2026-03-23 15:10:00,CANCELLED,397.8,CARD
10156,4261,75,,2026-03-23 16:42:00,2026-03-23 17:24:00,CANCELLED,684.2,COD
10157,3217,42,,2026-03-23 19:30:00,2026-03-23 19:56:00,COMPLETED,764.94,COD
10158,1574,83,,2026-03-23 21:19:00,2026-03-23 21:49:00,CANCELLED,745.65,COD
10159,3389,80,,2026-03-23 08:22:00,2026-03-23 09:05:00,CANCELLED,778.36,UPI
10160,4761,15,,2026-03-23 17:51:00,2026-03-23 18:24:00,COMPLETED,656.52,COD
10161,4678,8,,2026-03-23 14:22:00,2026-03-23 15:05:00,COMPLETED,413.74,CARD
10162,2016,61,,2026-03-23 20:17:00,2026-03-23 20:57:00,COMPLETED,602.98,CARD
10163,4091,14,,2026-03-23 19:29:00,2026-03-23 19:54:00,COMPLETED,355.46,CARD
10164,2143,67,,2026-03-23 15:16:00,2026-03-23 15:57:00,COMPLETED,324.9,COD
10165,3311,120,,2026-03-23 19:55:00,2026-03-23 20:24:00,CANCELLED,501.64,CARD
10166,3008,10,,2026-03-23 15:16:00,2026-03-23 16:01:00,CANCELLED,352.96,CARD
10167,4315,106,,2026-03-23 22:41:00,2026-03-23 23:11:00,CANCELLED,587.55,CARD
10168,4289,63,,2026-03-23 20:57:00,2026-03-23 21:32:00,COMPLETED,661.97,UPI
10169,3034,7,,2026-03-23 15:29:00,2026-03-23 16:14:00,COMPLETED,454.02,COD
10170,4038,83,,2026-03-23 18:14:00,2026-03-23 18:41:00,COMPLETED,300.92,COD
10171,4337,29,,2026-03-23 11:44:00,2026-03-23 12:21:00,CANCELLED,555.65,COD
10172,1735,26,,2026-03-23 18:40:00,2026-03-23 19:20:00,CANCELLED,157.15,UPI
10173,1354,48,,2026-03-23 20:51:00,2026-03-23 21:36:00,CANCELLED,496.5,CARD
10174,2777,54,,2026-03-23 17:16:00,2026-03-23 18:01:00,COMPLETED,681.72,COD
10175,2114,86,,2026-03-23 19:14:00,2026-03-23 19:59:00,COMPLETED,502.28,COD
10176,1263,44,,2026-03-23 14:24:00,2026-03-23 14:52:00,CANCELLED,244.75,COD
10177,4112,65,,2026-03-23 09:55:00,2026-03-23 10:36:00,CANCELLED,547.68,CARD
10178,3555,19,,2026-03-23 20:06:00,2026-03-23 20:34:00,CANCELLED,361.41,CARD
10179,2949,27,,2026-03-23 13:43:00,2026-03-23 14:11:00,COMPLETED,406.05,UPI
10180,3247,16,,2026-03-23 15:13:00,2026-03-23 15:47:00,CANCELLED,294.97,COD
10181,4691,34,,2026-03-23 21:27:00,2026-03-23 22:06:00,COMPLETED,794.29,CARD
10182,3321,70,,2026-03-23 08:00:00,2026-03-23 08:27:00,COMPLETED,728.88,COD
10183,2015,72,,2026-03-23 08:04:00,2026-03-23 08:42:00,COMPLETED,267.76,UPI
10184,2574,45,,2026-03-23 12:00:00,2026-03-23 12:30:00,CANCELLED,777.46,CARD
10185,1328,86,,2026-03-23 22:02:00,2026-03-23 22:37:00,COMPLETED,567.13,UPI
10186,3719,43,,2026-03-23 16:32:00,2026-03-23 17:17:00,CANCELLED,192.29,UPI
10187,2418,37,,2026-03-23 18:12:00,2026-03-23 18:40:00,COMPLETED,410.46,CARD
10188,4655,83,,2026-03-23 21:29:00,2026-03-23 21:55:00,COMPLETED,325.32,CARD
10189,3186,77,,2026-03-23 20:10:00,2026-03-23 20:43:00,COMPLETED,168.6,UPI
10190,1202,68,,2026-03-23 18:31:00,2026-03-23 19:04:00,COMPLETED,545.39,COD
10191,3402,42,,2026-03-24 08:05:00,2026-03-24 08:43:00,CANCELLED,548.6,COD
10192,3873,28,,2026-03-24 18:17:00,2026-03-24 18:59:00,COMPLETED,757.38,COD
10193,2927,76,,2026-03-24 09:27:00,2026-03-24 10:04:00,COMPLETED,403.08,UPI
10194,4122,118,,2026-03-24 12:54:00,2026-03-24 13:19:00,COMPLETED,609.95,UPI
10195,2379,73,,2026-03-24 13:55:00,2026-03-24 14:20:00,COMPLETED,576.06,UPI
10196,3113,15,,2026-03-24 12:44:00,2026-03-24 13:09:00,COMPLETED,394.08,COD
10197,1428,57,,2026-03-24 08:58:00,2026-03-24 09:41:00,CANCELLED,390.19,COD
10198,3479,21,,2026-03-24 21:43:00,2026-03-24 22:18:00,COMPLETED,501.2,UPI
10199,2184,75,,2026-03-24 11:40:00,2026-03-24 12:20:00,CANCELLED,380.01,UPI
10200,1801,77,,2026-03-24 20:09:00,2026-03-24 20:51:00,COMPLETED,205.31,UPI
10201,2577,94,,2026-03-24 22:48:00,2026-03-24 23:26:00,CANCELLED,316.46,CARD
10202,4762,60,,2026-03-24 12:11:00,2026-03-24 12:44:00,COMPLETED,665.48,UPI
10203,3105,94,,2026-03-24 16:49:00,2026-03-24 17:31:00,COMPLETED,154.7,CARD
10204,4037,72,,2026-03-24 21:36:00,2026-03-24 22:21:00,CANCELLED,795.62,CARD
10205,1720,8,,2026-03-24 18:42:00,2026-03-24 19:14:00,COMPLETED,538.84,COD
10206,1093,63,,2026-03-24 18:43:00,2026-03-24 19:14:00,COMPLETED,451.75,UPI
10207,4951,92,,2026-03-24 10:11:00,2026-03-24 10:43:00,COMPLETED,362.59,CARD
10208,1347,83,,2026-03-24 17:17:00,2026-03-24 17:45:00,COMPLETED,257.52,UPI
10209,1403,113,,2026-03-24 15:54:00,2026-03-24 16:32:00,CANCELLED,703.34,CARD
10210,3059,111,,2026-03-24 08:30:00,2026-03-24 09:09:00,CANCELLED,352.19,UPI
10211,2780,101,,2026-03-24 14:38:00,2026-03-24 15:17:00,COMPLETED,189.71,CARD
10212,3491,57,,2026-03-24 10:22:00,2026-03-24 10:58:00,CANCELLED,355.12,COD
10213,2051,39,,2026-03-24 11:08:00,2026-03-24 11:43:00,CANCELLED,504.29,UPI
10214,1359,77,,2026-03-24 17:41:00,2026-03-24 18:17:00,CANCELLED,191.45,CARD
10215,1073,109,,2026-03-24 22:34:00,2026-03-24 23:18:00,COMPLETED,791.13,CARD
10216,1114,89,,2026-03-24 20:00:00,2026-03-24 20:33:00,COMPLETED,367.57,CARD
10217,4506,74,,2026-03-24 13:07:00,2026-03-24 13:41:00,CANCELLED,260.48,CARD
10218,4392,15,,2026-03-24 14:23:00,2026-03-24 14:52:00,CANCELLED,377.09,CARD
10219,2870,105,,2026-03-24 22:04:00,2026-03-24 22:48:00,COMPLETED,666.2,CARD
10220,4689,52,,2026-03-24 08:49:00,2026-03-24 09:28:00,CANCELLED,632.97,UPI
10221,4468,33,,2026-03-24 14:05:00,2026-03-24 14:34:00,CANCELLED,268.13,COD
10222,2969,76,,2026-03-24 09:46:00,2026-03-24 10:21:00,CANCELLED,155.89,UPI
10223,1269,14,,2026-03-24 21:22:00,2026-03-24 22:04:00,COMPLETED,330.35,COD
10224,2792,71,,2026-03-24 21:34:00,2026-03-24 22:14:00,COMPLETED,433.11,UPI
10225,2726,95,,2026-03-24 08:43:00,2026-03-24 09:27:00,COMPLETED,718.36,CARD
10226,2882,16,,2026-03-24 10:22:00,2026-03-24 10:51:00,CANCELLED,419.83,COD
10227,3646,30,,2026-03-24 22:37:00,2026-03-24 23:21:00,CANCELLED,267.14,UPI
10228,2888,81,,2026-03-24 08:01:00,2026-03-24 08:28:00,CANCELLED,262.71,UPI
10229,3068,9,,2026-03-24 13:51:00,2026-03-24 14:26:00,COMPLETED,232.66,UPI
10230,2374,84,,2026-03-24 09:40:00,2026-03-24 10:11:00,CANCELLED,759.54,UPI
10231,1336,86,,2026-03-24 22:25:00,2026-03-24 22:50:00,COMPLETED,288.99,CARD
10232,3636,81,,2026-03-24 21:13:00,2026-03-24 21:42:00,COMPLETED,183.5,UPI
10233,1176,36,,2026-03-24 22:42:00,2026-03-24 23:14:00,CANCELLED,456.18,UPI
10234,1384,70,,2026-03-24 08:17:00,2026-03-24 08:56:00,CANCELLED,293.05,COD
10235,2393,52,,2026-03-24 20:58:00,2026-03-24 21:25:00,CANCELLED,603.1,COD
10236,1727,108,,2026-03-24 13:31:00,2026-03-24 14:09:00,CANCELLED,370.66,CARD
10237,2059,70,,2026-03-24 09:49:00,2026-03-24 10:30:00,COMPLETED,304.54,UPI
10238,1453,45,,2026-03-24 17:36:00,2026-03-24 18:05:00,COMPLETED,683.32,CARD
10239,2490,67,,2026-03-24 15:04:00,2026-03-24 15:37:00,CANCELLED,638.59,UPI
10240,3660,79,,2026-03-24 14:33:00,2026-03-24 15:04:00,COMPLETED,617.13,COD
10241,1393,56,,2026-03-24 10:15:00,2026-03-24 10:45:00,COMPLETED,453.13,COD
10242,4560,11,,2026-03-24 16:44:00,2026-03-24 17:13:00,CANCELLED,368.54,UPI
10243,4676,18,,2026-03-24 21:51:00,2026-03-24 22:18:00,CANCELLED,215.28,COD
10244,1780,114,,2026-03-24 17:17:00,2026-03-24 17:59:00,COMPLETED,338.74,CARD
10245,3355,92,,2026-03-24 09:19:00,2026-03-24 09:59:00,COMPLETED,535.38,UPI
10246,3578,47,,2026-03-24 12:32:00,2026-03-24 13:07:00,CANCELLED,732.08,CARD
10247,4093,92,,2026-03-24 14:37:00,2026-03-24 15:20:00,CANCELLED,247.85,COD
10248,4413,14,,2026-03-24 15:00:00,2026-03-24 15:39:00,COMPLETED,465.58,CARD
10249,1934,40,,2026-03-24 10:19:00,2026-03-24 10:45:00,CANCELLED,598.48,UPI
10250,1500,81,,2026-03-24 19:48:00,2026-03-24 20:21:00,CANCELLED,371.51,UPI
10251,3953,23,,2026-03-24 22:43:00,2026-03-24 23:27:00,COMPLETED,796.39,COD
10252,2198,23,,2026-03-24 10:13:00,2026-03-24 10:43:00,COMPLETED,300.13,UPI
10253,2577,40,,2026-03-24 09:33:00,2026-03-24 10:10:00,COMPLETED,792.23,CARD
10254,4014,103,,2026-03-24 20:27:00,2026-03-24 20:58:00,CANCELLED,745.47,CARD
10255,2849,81,,2026-03-24 18:37:00,2026-03-24 19:21:00,COMPLETED,746.6,COD
10256,1546,79,,2026-03-24 09:10:00,2026-03-24 09:45:00,COMPLETED,437.26,COD
10257,4813,88,,2026-03-24 22:18:00,2026-03-24 23:02:00,COMPLETED,621.53,UPI
10258,2757,81,,2026-03-24 21:51:00,2026-03-24 22:31:00,CANCELLED,231.69,CARD
10259,3980,99,,2026-03-24 20:11:00,2026-03-24 20:39:00,COMPLETED,474.13,CARD
10260,1307,6,,2026-03-24 22:43:00,2026-03-24 23:15:00,COMPLETED,176.08,COD
10261,2607,5,,2026-03-24 08:31:00,2026-03-24 09:04:00,COMPLETED,683.47,COD
10262,2275,75,,2026-03-24 19:03:00,2026-03-24 19:29:00,CANCELLED,688.23,UPI
10263,3908,45,,2026-03-24 17:07:00,2026-03-24 17:44:00,COMPLETED,163.56,CARD
10264,2467,27,,2026-03-24 22:22:00,2026-03-24 23:06:00,CANCELLED,595.67,COD
10265,4164,91,,2026-03-24 10:18:00,2026-03-24 10:57:00,COMPLETED,686.91,COD
10266,1033,22,,2026-03-24 20:35:00,2026-03-24 21:19:00,CANCELLED,663.0,COD
10267,3165,70,,2026-03-24 13:14:00,2026-03-24 13:47:00,COMPLETED,469.62,UPI
10268,2461,60,,2026-03-24 18:12:00,2026-03-24 18:50:00,CANCELLED,666.33,UPI
10269,3342,46,,2026-03-24 13:19:00,2026-03-24 13:50:00,COMPLETED,510.18,COD
10270,1966,98,,2026-03-24 12:22:00,2026-03-24 13:00:00,COMPLETED,258.02,CARD
10271,2402,88,,2026-03-24 21:09:00,2026-03-24 21:43:00,COMPLETED,318.46,UPI
10272,4887,10,,2026-03-24 17:55:00,2026-03-24 18:22:00,CANCELLED,172.14,CARD
10273,3228,88,,2026-03-24 12:31:00,2026-03-24 13:10:00,COMPLETED,512.71,COD
10274,3633,92,,2026-03-24 10:47:00,2026-03-24 11:18:00,CANCELLED,591.37,CARD
10275,2140,59,,2026-03-24 17:46:00,2026-03-24 18:20:00,CANCELLED,498.31,CARD
10276,4187,80,,2026-03-24 14:03:00,2026-03-24 14:40:00,CANCELLED,345.79,UPI
10277,1725,16,,2026-03-24 09:22:00,2026-03-24 09:55:00,CANCELLED,451.25,CARD
10278,1381,33,,2026-03-24 20:40:00,2026-03-24 21:23:00,COMPLETED,396.63,COD
10279,1898,26,,2026-03-24 16:11:00,2026-03-24 16:38:00,COMPLETED,325.38,CARD
10280,2651,101,,2026-03-24 10:12:00,2026-03-24 10:51:00,CANCELLED,581.03,COD
10281,1866,94,,2026-03-24 21:04:00,2026-03-24 21:33:00,CANCELLED,359.67,UPI
10282,4770,19,,2026-03-24 20:37:00,2026-03-24 21:22:00,CANCELLED,620.86,COD
10283,2808,23,,2026-03-24 22:16:00,2026-03-24 22:47:00,COMPLETED,685.67,UPI
10284,4525,86,,2026-03-24 15:31:00,2026-03-24 16:16:00,COMPLETED,189.18,CARD
10285,3300,4,,2026-03-24 19:32:00,2026-03-24 20:11:00,COMPLETED,704.41,CARD
10286,2045,52,,2026-03-24 20:22:00,2026-03-24 20:53:00,CANCELLED,254.58,CARD
10287,4967,28,,2026-03-24 16:10:00,2026-03-24 16:45:00,COMPLETED,680.88,COD
10288,3384,25,,2026-03-24 20:59:00,2026-03-24 21:44:00,COMPLETED,486.05,CARD
10289,3089,108,,2026-03-24 17:37:00,2026-03-24 18:04:00,COMPLETED,724.18,CARD
10290,2812,31,,2026-03-24 13:28:00,2026-03-24 13:53:00,CANCELLED,495.94,UPI
10291,2487,5,,2026-03-24 13:47:00,2026-03-24 14:12:00,CANCELLED,481.13,UPI
10292,2085,54,,2026-03-24 09:36:00,2026-03-24 10:03:00,COMPLETED,449.39,CARD
10293,4152,82,,2026-03-24 13:41:00,2026-03-24 14:18:00,CANCELLED,254.68,UPI
10294,4792,21,,2026-03-24 20:03:00,2026-03-24 20:40:00,CANCELLED,719.1,COD
10295,4350,65,,2026-03-24 13:17:00,2026-03-24 13:49:00,COMPLETED,772.94,UPI
10296,2677,112,,2026-03-24 12:35:00,2026-03-24 13:11:00,CANCELLED,204.13,UPI
10297,2852,44,,2026-03-24 18:06:00,2026-03-24 18:50:00,COMPLETED,572.63,COD
10298,2576,96,,2026-03-24 13:03:00,2026-03-24 13:36:00,COMPLETED,308.67,UPI
10299,2162,43,,2026-03-24 13:29:00,2026-03-24 14:04:00,COMPLETED,208.02,CARD
10300,1300,117,,2026-03-24 10:25:00,2026-03-24 10:54:00,CANCELLED,513.9,COD
10301,4980,7,,2026-03-24 09:20:00,2026-03-24 09:49:00,CANCELLED,719.4,COD
10302,3350,67,,2026-03-24 08:57:00,2026-03-24 09:39:00,COMPLETED,165.47,CARD
10303,3677,119,,2026-03-24 19:58:00,2026-03-24 20:27:00,COMPLETED,248.5,COD
10304,4592,9,,2026-03-24 10:48:00,2026-03-24 11:22:00,CANCELLED,427.37,CARD
10305,4359,103,,2026-03-24 15:29:00,2026-03-24 15:55:00,CANCELLED,716.02,COD
10306,1650,71,,2026-03-24 19:53:00,2026-03-24 20:35:00,COMPLETED,395.8,UPI
10307,1247,88,,2026-03-24 15:39:00,2026-03-24 16:13:00,COMPLETED,583.05,CARD
10308,2997,29,,2026-03-24 19:19:00,2026-03-24 19:59:00,CANCELLED,599.02,UPI
10309,1758,47,,2026-03-24 17:54:00,2026-03-24 18:32:00,CANCELLED,534.3,CARD
10310,1371,28,,2026-03-24 09:58:00,2026-03-24 10:27:00,CANCELLED,366.07,COD
10311,1662,44,,2026-03-24 08:53:00,2026-03-24 09:21:00,COMPLETED,314.11,COD
10312,2592,55,,2026-03-24 15:22:00,2026-03-24 15:55:00,COMPLETED,452.26,UPI
10313,2344,118,,2026-03-24 16:06:00,2026-03-24 16:51:00,CANCELLED,343.99,COD
10314,1353,35,,2026-03-24 11:35:00,2026-03-24 12:20:00,COMPLETED,269.26,COD
